date,adj close,close,high,low,open,volume,change
19970702,1199.06103515625,1199.06103515625,1261.571044921875,1147.3310546875,1255.9090576171875,0,0.0
19970703,1150.623046875,1150.623046875,1194.676025390625,1149.93994140625,1194.676025390625,0,-4.039659938990347
19970704,1159.342041015625,1159.342041015625,1163.2490234375,1124.7760009765625,1138.9210205078125,0,0.7577628628511413
19970707,1096.8189697265625,1096.8189697265625,1163.447021484375,1085.572021484375,1161.70703125,0,-5.39297886879786
19970708,1109.666015625,1109.666015625,1115.4329833984375,1066.0439453125,1092.7989501953125,0,1.1713004837653695
19970709,1120.8409423828125,1120.8409423828125,1122.6739501953125,1104.0860595703125,1113.6409912109375,0,1.0070531673909588
19970710,1120.154052734375,1120.154052734375,1137.8690185546875,1115.2120361328125,1121.259033203125,0,-0.06128341876745491
19970711,1154.7939453125,1154.7939453125,1155.0560302734375,1114.39697265625,1116.4150390625,0,3.092422197961664
19970714,1200.114013671875,1200.114013671875,1201.2139892578125,1180.1910400390625,1189.4739990234375,0,3.924515585082222
19970716,1190.8260498046875,1190.8260498046875,1204.85498046875,1184.4449462890625,1201.594970703125,0,-0.7739234573863496
19970717,1197.2259521484375,1197.2259521484375,1203.5040283203125,1180.9339599609375,1188.2669677734375,0,0.5374338548270519
19970718,1209.8570556640625,1209.8570556640625,1210.43994140625,1191.2889404296875,1199.3990478515625,0,1.0550308814270437
19970721,1193.5250244140625,1193.5250244140625,1218.48095703125,1188.875,1215.8389892578125,0,-1.3499141219650679
19970722,1208.248046875,1208.248046875,1208.261962890625,1163.468017578125,1189.1180419921875,0,1.2335746766738653
19970723,1198.8609619140625,1198.8609619140625,1223.822998046875,1194.7030029296875,1219.0550537109375,0,-0.7769170399419378
19970724,1174.217041015625,1174.217041015625,1200.3089599609375,1172.366943359375,1194.7049560546875,0,-2.0556112577968855
19970725,1170.862060546875,1170.862060546875,1177.6529541015625,1158.135986328125,1166.5660400390625,0,-0.2857206420584846
19970728,1141.7769775390625,1141.7769775390625,1167.8800048828125,1138.4749755859375,1167.81298828125,0,-2.48407425501751
19970729,1153.22900390625,1153.22900390625,1161.1949462890625,1133.175048828125,1137.3189697265625,0,1.0030002874878985
19970730,1179.4210205078125,1179.4210205078125,1179.47802734375,1157.0040283203125,1157.0899658203125,0,2.2711895480294064
19970731,1189.760009765625,1189.760009765625,1192.199951171875,1179.7149658203125,1184.93701171875,0,0.8766156510726653
19970801,1192.8280029296875,1192.8280029296875,1194.031005859375,1182.2230224609375,1191.6510009765625,0,0.2578665561861371
19970804,1200.3330078125,1200.3330078125,1201.9200439453125,1188.676025390625,1196.2540283203125,0,0.6291774559600949
19970805,1196.2740478515625,1196.2740478515625,1207.22802734375,1193.696044921875,1203.3580322265625,0,-0.33815282380134093
19970806,1171.9410400390625,1171.9410400390625,1197.4449462890625,1170.2669677734375,1196.0350341796875,0,-2.0340663459347486
19970807,1199.239990234375,1199.239990234375,1199.239990234375,1161.6319580078125,1167.927001953125,0,2.32937914644602
19970808,1206.052978515625,1206.052978515625,1216.56103515625,1201.3580322265625,1205.9520263671875,0,0.568108830319991
19970811,1184.0830078125,1184.0830078125,1206.759033203125,1182.447021484375,1206.4560546875,0,-1.8216422573878122
19970812,1146.8089599609375,1146.8089599609375,1183.43603515625,1145.748046875,1177.260986328125,0,-3.147925238824545
19970813,1120.126953125,1120.126953125,1153.4949951171875,1118.2020263671875,1139.2459716796875,0,-2.3266304822772144
19970814,1168.113037109375,1168.113037109375,1168.3349609375,1120.2449951171875,1120.470947265625,0,4.283986190181421
19970815,1143.06396484375,1143.06396484375,1174.8819580078125,1133.8900146484375,1174.1829833984375,0,-2.1444048195551124
19970818,1134.634033203125,1134.634033203125,1139.60595703125,1116.14794921875,1139.60595703125,0,-0.7374855563553107
19970819,1132.905029296875,1132.905029296875,1143.2010498046875,1128.1090087890625,1134.616943359375,0,-0.15238428036297158
19970820,1144.6390380859375,1144.6390380859375,1144.64599609375,1133.741943359375,1135.050048828125,0,1.0357451406447726
19970821,1164.5450439453125,1164.5450439453125,1165.218017578125,1147.8160400390625,1148.386962890625,0,1.7390640365247068
19970822,1171.8330078125,1171.8330078125,1174.4859619140625,1156.8260498046875,1159.385986328125,0,0.6258206932465926
19970825,1184.095947265625,1184.095947265625,1184.333984375,1175.384033203125,1175.4449462890625,0,1.0464749986874633
19970826,1194.04296875,1194.04296875,1194.1309814453125,1181.2430419921875,1186.0689697265625,0,0.8400519828942299
19970827,1198.512939453125,1198.512939453125,1199.4739990234375,1188.3310546875,1195.427978515625,0,0.3743559335895874
19970828,1213.8919677734375,1213.8919677734375,1216.0760498046875,1194.675048828125,1201.0589599609375,0,1.2831758268150084
19970829,1221.06396484375,1221.06396484375,1223.071044921875,1209.47900390625,1214.31005859375,0,0.5908266353774172
19970901,1229.864990234375,1229.864990234375,1230.0660400390625,1219.1009521484375,1224.177001953125,0,0.7207669412921502
19970902,1226.302978515625,1226.302978515625,1232.6910400390625,1215.9219970703125,1228.4749755859375,0,-0.2896262392241278
19970903,1240.8199462890625,1240.8199462890625,1243.3260498046875,1223.4610595703125,1223.6209716796875,0,1.1837994384560346
19970904,1251.2979736328125,1251.2979736328125,1253.1529541015625,1245.6400146484375,1245.7750244140625,0,0.8444438191928416
19970905,1251.550048828125,1251.550048828125,1253.3499755859375,1241.217041015625,1250.60400390625,0,0.020145097380819266
19970908,1255.22900390625,1255.22900390625,1257.5489501953125,1245.7440185546875,1253.14501953125,0,0.2939518944184316
19970909,1231.0269775390625,1231.0269775390625,1257.927001953125,1230.4420166015625,1255.1810302734375,0,-1.9280964901122633
19970910,1256.041015625,1256.041015625,1256.041015625,1227.6429443359375,1230.426025390625,0,2.031965061882146
19970911,1242.7130126953125,1242.7130126953125,1264.489013671875,1236.113037109375,1260.51904296875,0,-1.061112078657367
19970912,1208.697021484375,1208.697021484375,1247.907958984375,1207.8310546875,1240.4959716796875,0,-2.737236261585485
19970915,1179.2860107421875,1179.2860107421875,1211.6839599609375,1175.947998046875,1205.9010009765625,0,-2.4332823047804375
19970916,1187.219970703125,1187.219970703125,1193.8470458984375,1181.1689453125,1182.7569580078125,0,0.6727765689295451
19970917,1167.5570068359375,1167.5570068359375,1191.2950439453125,1162.2430419921875,1188.885009765625,0,-1.656219096073852
19970918,1172.365966796875,1172.365966796875,1181.748046875,1164.64501953125,1169.6700439453125,0,0.4118822406770306
19970919,1184.52099609375,1184.52099609375,1185.0899658203125,1168.8690185546875,1174.76904296875,0,1.036794792848239
19970922,1103.9739990234375,1103.9739990234375,1185.0999755859375,1102.616943359375,1184.4930419921875,0,-6.799963642344553
19970923,1041.9649658203125,1041.9649658203125,1105.281982421875,1025.1300048828125,1096.18701171875,0,-5.616892540764318
19970924,1110.011962890625,1110.011962890625,1110.1070556640625,1064.6610107421875,1064.6610107421875,0,6.530641557294659
19970925,1117.010009765625,1117.010009765625,1130.1259765625,1106.2459716796875,1118.3690185546875,0,0.6304478788477397
19970926,1109.634033203125,1109.634033203125,1118.9410400390625,1094.4239501953125,1118.68994140625,0,-0.6603321812709284
19970929,1084.072021484375,1084.072021484375,1106.342041015625,1079.3399658203125,1106.342041015625,0,-2.3036434494498548
19970930,1097.383056640625,1097.383056640625,1100.385986328125,1083.2320556640625,1083.4139404296875,0,1.227873692194703
19971006,1098.9029541015625,1098.9029541015625,1105.4110107421875,1091.1519775390625,1100.699951171875,0,0.13850199816189956
19971007,1102.572998046875,1102.572998046875,1102.7120361328125,1087.0179443359375,1098.2939453125,0,0.3339734351986534
19971008,1134.8680419921875,1134.8680419921875,1140.93701171875,1116.7130126953125,1122.968017578125,0,2.929061749427997
19971009,1122.4659423828125,1122.4659423828125,1138.656982421875,1120.0880126953125,1134.5909423828125,0,-1.092823055234149
19971010,1130.7850341796875,1130.7850341796875,1131.5699462890625,1120.512939453125,1121.3380126953125,0,0.7411442505965926
19971013,1119.8170166015625,1119.8170166015625,1138.4010009765625,1117.3890380859375,1136.428955078125,0,-0.9699471824086925
19971014,1117.927978515625,1117.927978515625,1118.02197265625,1105.7039794921875,1116.2989501953125,0,-0.16869167533016816
19971015,1125.781982421875,1125.781982421875,1129.654052734375,1116.428955078125,1119.1080322265625,0,0.702550079896791
19971016,1150.3070068359375,1150.3070068359375,1151.39404296875,1131.39404296875,1131.4000244140625,0,2.1784879130239965
19971017,1176.489013671875,1176.489013671875,1180.218017578125,1153.89599609375,1155.4219970703125,0,2.2760886163733174
19971020,1187.3680419921875,1187.3680419921875,1191.0400390625,1173.5570068359375,1183.7440185546875,0,0.9247029248797389
19971021,1191.8699951171875,1191.8699951171875,1192.3399658203125,1179.573974609375,1190.4949951171875,0,0.37915397465528855
19971022,1177.52001953125,1177.52001953125,1203.0179443359375,1168.48095703125,1193.7010498046875,0,-1.2039883246265148
19971023,1173.364013671875,1173.364013671875,1186.0670166015625,1170.2320556640625,1178.9830322265625,0,-0.3529456646545581
19971024,1178.3060302734375,1178.3060302734375,1179.8050537109375,1164.06396484375,1172.884033203125,0,0.42118358360907493
19971027,1235.8270263671875,1235.8270263671875,1235.9449462890625,1183.64697265625,1183.64697265625,0,4.881668651089033
19971028,1177.9239501953125,1177.9239501953125,1241.8330078125,1172.8919677734375,1239.5849609375,0,-4.685370600939653
19971029,1184.0860595703125,1184.0860595703125,1188.7969970703125,1162.98095703125,1168.2249755859375,0,0.5231330404631196
19971030,1174.845947265625,1174.845947265625,1207.969970703125,1173.6490478515625,1189.2650146484375,0,-0.7803581699155071
19971031,1180.3929443359375,1180.3929443359375,1181.5059814453125,1158.7359619140625,1164.9129638671875,0,0.47214675960050023
19971103,1180.85400390625,1180.85400390625,1185.0689697265625,1176.5469970703125,1181.1619873046875,0,0.0390598378722018
19971104,1184.699951171875,1184.699951171875,1190.470947265625,1180.864990234375,1180.864990234375,0,0.32569202059717917
19971105,1194.0379638671875,1194.0379638671875,1194.6729736328125,1179.3509521484375,1186.094970703125,0,0.7882175301919814
19971106,1181.123046875,1181.123046875,1203.0860595703125,1179.58203125,1198.657958984375,0,-1.0816169487910865
19971107,1195.1409912109375,1195.1409912109375,1195.739990234375,1177.6319580078125,1181.7760009765625,0,1.186831835432045
19971110,1185.7840576171875,1185.7840576171875,1202.5789794921875,1178.6309814453125,1199.3680419921875,0,-0.7829146236771112
19971111,1186.634033203125,1186.634033203125,1187.7440185546875,1168.4820556640625,1183.41796875,0,0.07168047002128475
19971112,1185.0240478515625,1185.0240478515625,1193.531005859375,1171.2939453125,1190.0140380859375,0,-0.13567665400735507
19971113,1185.0240478515625,1185.0240478515625,1185.281982421875,1157.2939453125,1169.7039794921875,0,0.0
19971114,1197.83203125,1197.83203125,1208.842041015625,1181.68701171875,1187.3509521484375,0,1.0808205471997123
19971117,1191.3330078125,1191.3330078125,1213.22802734375,1190.4310302734375,1210.677001953125,0,-0.542565507345627
19971118,1183.3489990234375,1183.3489990234375,1193.31103515625,1182.6070556640625,1190.260986328125,0,-0.6701743959669604
19971119,1181.626953125,1181.626953125,1191.9639892578125,1175.782958984375,1185.10302734375,0,-0.14552307897827133
19971120,1172.427001953125,1172.427001953125,1189.4949951171875,1169.0970458984375,1182.739013671875,0,-0.7785833885681326
19971121,1158.5550537109375,1158.5550537109375,1169.10498046875,1152.008056640625,1168.968017578125,0,-1.1831822551918725
19971124,1124.9410400390625,1124.9410400390625,1150.56298828125,1122.93505859375,1150.416015625,0,-2.9013738763822072
19971125,1125.5279541015625,1125.5279541015625,1131.126953125,1114.137939453125,1120.864013671875,0,0.05217287320939956
19971126,1143.8179931640625,1143.8179931640625,1143.8179931640625,1124.47705078125,1126.595947265625,0,1.625018640883047
19971127,1122.5159912109375,1122.5159912109375,1141.970947265625,1120.51904296875,1141.77001953125,0,-1.8623594033696511
19971128,1139.6280517578125,1139.6280517578125,1139.6409912109375,1114.4329833984375,1117.5689697265625,0,1.5244380196682172
19971201,1133.0870361328125,1133.0870361328125,1139.29296875,1130.448974609375,1137.5880126953125,0,-0.5739605667753445
19971202,1130.1669921875,1130.1669921875,1139.60400390625,1128.5,1133.5899658203125,0,-0.257706941496616
19971203,1122.5460205078125,1122.5460205078125,1130.3179931640625,1121.593017578125,1129.7769775390625,0,-0.6743226206718966
19971204,1135.873046875,1135.873046875,1137.012939453125,1119.2010498046875,1121.802978515625,0,1.1872142543571274
19971205,1136.2039794921875,1136.2039794921875,1144.2220458984375,1134.9320068359375,1139.47705078125,0,0.029134648286444076
19971208,1139.322021484375,1139.322021484375,1143.0799560546875,1136.5789794921875,1140.5469970703125,0,0.2744262516648721
19971209,1148.1710205078125,1148.1710205078125,1148.1710205078125,1137.3170166015625,1139.8060302734375,0,0.7766898959706392
19971210,1157.842041015625,1157.842041015625,1158.989013671875,1149.83203125,1150.4759521484375,0,0.8422979098998029
19971211,1159.1689453125,1159.1689453125,1159.7530517578125,1145.5460205078125,1159.053955078125,0,0.11460149570239331
19971212,1153.8399658203125,1153.8399658203125,1165.81298828125,1153.4320068359375,1160.220947265625,0,-0.4597241423467291
19971215,1168.0260009765625,1168.0260009765625,1168.0560302734375,1155.60400390625,1155.719970703125,0,1.2294629737638285
19971216,1174.802001953125,1174.802001953125,1174.8070068359375,1165.6009521484375,1170.4620361328125,0,0.5801241557034986
19971217,1146.52197265625,1146.52197265625,1169.737060546875,1145.8909912109375,1169.64404296875,0,-2.4072166416008067
19971218,1154.166015625,1154.166015625,1159.1109619140625,1138.39794921875,1142.0999755859375,0,0.6667157848741834
19971219,1160.7679443359375,1160.7679443359375,1161.8790283203125,1151.1409912109375,1154.7030029296875,0,0.5720085864218127
19971222,1169.0069580078125,1169.0069580078125,1169.029052734375,1153.43994140625,1162.6820068359375,0,0.709789903492597
19971223,1171.2540283203125,1171.2540283203125,1176.9219970703125,1165.0570068359375,1171.9019775390625,0,0.1922204395027105
19971224,1169.6639404296875,1169.6639404296875,1173.5400390625,1164.8580322265625,1171.7349853515625,0,-0.13575943836072746
19971225,1181.2779541015625,1181.2779541015625,1181.47900390625,1169.9930419921875,1170.56103515625,0,0.9929359425758122
19971226,1191.9189453125,1191.9189453125,1194.237060546875,1186.5269775390625,1187.751953125,0,0.9008033354038769
19971229,1186.60595703125,1186.60595703125,1198.9739990234375,1185.656005859375,1196.2969970703125,0,-0.44575080395731215
19971230,1181.1429443359375,1181.1429443359375,1193.6219482421875,1179.5560302734375,1186.1390380859375,0,-0.46038979182105866
19971231,1194.10205078125,1194.10205078125,1195.0469970703125,1182.2469482421875,1182.2530517578125,0,1.0971666475642738
19980105,1220.4730224609375,1220.4730224609375,1220.4949951171875,1200.2220458984375,1200.947998046875,0,2.208435339545245
19980106,1233.6199951171875,1233.6199951171875,1233.635009765625,1215.4090576171875,1223.72998046875,0,1.077203052775455
19980107,1244.0699462890625,1244.0699462890625,1244.0980224609375,1231.14599609375,1233.9560546875,0,0.8470964489256883
19980108,1237.1629638671875,1237.1629638671875,1250.0050048828125,1235.885009765625,1243.1209716796875,0,-0.5551924505915351
19980109,1239.9010009765625,1239.9010009765625,1244.9990234375,1221.2969970703125,1233.7010498046875,0,0.22131579988591277
19980112,1226.9659423828125,1226.9659423828125,1246.6510009765625,1226.39697265625,1242.2099609375,0,-1.0432331761618174
19980113,1167.64697265625,1167.64697265625,1211.883056640625,1110.0870361328125,1211.883056640625,0,-4.834606053641788
19980114,1202.2149658203125,1202.2149658203125,1203.2469482421875,1170.322021484375,1170.345947265625,0,2.9604832602293074
19980115,1215.4310302734375,1215.4310302734375,1217.864013671875,1196.14794921875,1210.4210205078125,0,1.0993095934475505
19980116,1213.9620361328125,1213.9620361328125,1220.9739990234375,1207.9189453125,1215.8199462890625,0,-0.12086199085229454
19980119,1213.1290283203125,1213.1290283203125,1216.987060546875,1205.47900390625,1215.407958984375,0,-0.06861893434111366
19980120,1203.7149658203125,1203.7149658203125,1215.5699462890625,1195.3819580078125,1211.2760009765625,0,-0.7760149398975846
19980121,1200.2030029296875,1200.2030029296875,1209.68896484375,1198.22802734375,1201.988037109375,0,-0.2917603411395353
19980122,1204.4300537109375,1204.4300537109375,1207.4510498046875,1194.383056640625,1200.52099609375,0,0.35219465131579586
19980123,1222.9129638671875,1222.9129638671875,1224.1219482421875,1206.4539794921875,1206.4949951171875,0,1.5345772964816762
19980209,1248.0400390625,1248.0400390625,1262.623046875,1244.426025390625,1257.9949951171875,0,2.0546903939797856
19980210,1236.512939453125,1236.512939453125,1248.595947265625,1233.697998046875,1248.595947265625,0,-0.923616170041619
19980211,1250.238037109375,1250.238037109375,1251.4530029296875,1233.530029296875,1234.1810302734375,0,1.1099841512633324
19980212,1246.2950439453125,1246.2950439453125,1254.4110107421875,1241.9959716796875,1253.385009765625,0,-0.3153793955252615
19980213,1245.9110107421875,1245.9110107421875,1251.9119873046875,1241.823974609375,1246.7330322265625,0,-0.030813987826616707
19980216,1236.2359619140625,1236.2359619140625,1247.9649658203125,1230.91796875,1246.7960205078125,0,-0.7765441307370446
19980217,1238.5,1238.5,1240.5789794921875,1228.1109619140625,1234.8370361328125,0,0.1831396396552165
19980218,1229.8310546875,1229.8310546875,1240.177978515625,1225.4969482421875,1239.633056640625,0,-0.6999552129592246
19980219,1232.583984375,1232.583984375,1235.4930419921875,1223.9320068359375,1229.8089599609375,0,0.2238461678949477
19980220,1226.02001953125,1226.02001953125,1237.9150390625,1224.583984375,1234.6009521484375,0,-0.5325369246200529
19980223,1208.60302734375,1208.60302734375,1217.8590087890625,1195.887939453125,1217.8590087890625,0,-1.4206123807145588
19980224,1208.218017578125,1208.218017578125,1216.35302734375,1206.0899658203125,1206.925048828125,0,-0.03185576710585947
19980225,1194.6729736328125,1194.6729736328125,1209.490966796875,1191.7509765625,1208.5240478515625,0,-1.121076142570987
19980226,1206.6739501953125,1206.6739501953125,1206.6739501953125,1189.512939453125,1193.0030517578125,0,1.00454072598688
19980227,1206.530029296875,1206.530029296875,1213.72900390625,1202.864990234375,1209.4420166015625,0,-0.01192707428665507
19980302,1188.3060302734375,1188.3060302734375,1205.7459716796875,1182.612060546875,1196.741943359375,0,-1.5104471982398837
19980303,1201.7889404296875,1201.7889404296875,1201.800048828125,1185.302978515625,1186.52001953125,0,1.134632814507186
19980304,1213.2530517578125,1213.2530517578125,1214.0030517578125,1201.2540283203125,1204.9449462890625,0,0.9539205215207014
19980305,1207.541015625,1207.541015625,1219.2840576171875,1206.3719482421875,1217.8509521484375,0,-0.47080335998632705
19980306,1206.4520263671875,1206.4520263671875,1208.97802734375,1202.1240234375,1208.7490234375,0,-0.09018238252129773
19980309,1200.833984375,1200.833984375,1208.615966796875,1197.5689697265625,1207.958984375,0,-0.46566642265124525
19980310,1199.83203125,1199.83203125,1205.83203125,1186.551025390625,1199.625,0,-0.08343810535321738
19980311,1190.0369873046875,1190.0369873046875,1210.5250244140625,1187.4420166015625,1201.261962890625,0,-0.816367932360329
19980312,1178.969970703125,1178.969970703125,1188.281982421875,1175.553955078125,1187.5379638671875,0,-0.929972489899511
19980313,1184.9610595703125,1184.9610595703125,1184.9610595703125,1176.0050048828125,1177.8170166015625,0,0.5081629741268578
19980316,1188.4820556640625,1188.4820556640625,1188.616943359375,1179.43994140625,1186.18603515625,0,0.2971402364080111
19980317,1202.8349609375,1202.8349609375,1202.8389892578125,1193.239013671875,1193.66796875,0,1.2076669736017065
19980318,1193.9090576171875,1193.9090576171875,1204.740966796875,1191.906005859375,1204.10302734375,0,-0.7420721553816123
19980319,1188.7149658203125,1188.7149658203125,1195.8289794921875,1184.8709716796875,1192.39697265625,0,-0.43504919941234066
19980320,1187.5009765625,1187.5009765625,1192.322998046875,1183.2469482421875,1188.594970703125,0,-0.10212618606805224
19980323,1179.8690185546875,1179.8690185546875,1186.8609619140625,1178.0439453125,1186.56103515625,0,-0.6426906721293868
19980324,1194.0169677734375,1194.0169677734375,1194.0560302734375,1179.9730224609375,1180.093017578125,0,1.1991118502358011
19980325,1191.552978515625,1191.552978515625,1209.7659912109375,1188.85302734375,1207.615966796875,0,-0.20636132687521513
19980326,1188.864990234375,1188.864990234375,1193.8160400390625,1186.2230224609375,1191.0009765625,0,-0.22558697176843223
19980327,1223.56494140625,1223.56494140625,1223.927978515625,1188.85498046875,1189.4090576171875,0,2.9187461534243786
19980330,1249.43505859375,1249.43505859375,1249.4429931640625,1228.2989501953125,1230.9439697265625,0,2.114323180735078
19980331,1243.0159912109375,1243.0159912109375,1252.241943359375,1238.64404296875,1251.343017578125,0,-0.5137575849710196
19980401,1254.9649658203125,1254.9649658203125,1255.010009765625,1240.0579833984375,1243.373046875,0,0.9612888887885029
19980402,1269.0150146484375,1269.0150146484375,1285.031982421875,1259.5830078125,1259.593017578125,0,1.1195570562355206
19980403,1286.083984375,1286.083984375,1286.1070556640625,1266.031982421875,1268.5689697265625,0,1.3450565619423482
19980406,1306.3780517578125,1306.3780517578125,1306.383056640625,1286.4300537109375,1291.614013671875,0,1.5779737271726324
19980407,1303.1400146484375,1303.1400146484375,1310.2879638671875,1296.5419921875,1308.5560302734375,0,-0.24786371028034937
19980408,1322.79296875,1322.79296875,1322.8280029296875,1302.4129638671875,1303.407958984375,0,1.5081229860679723
19980409,1297.2249755859375,1297.2249755859375,1328.7889404296875,1288.887939453125,1326.4439697265625,0,-1.9328794277023942
19980410,1311.5140380859375,1311.5140380859375,1311.5279541015625,1293.5880126953125,1294.616943359375,0,1.1015099746708001
19980413,1318.748046875,1318.748046875,1326.2950439453125,1311.83203125,1319.9449462890625,0,0.5515769239969437
19980414,1313.720947265625,1313.720947265625,1320.9090576171875,1304.375,1318.2740478515625,0,-0.38120243069080795
19980415,1324.70703125,1324.70703125,1324.70703125,1314.008056640625,1314.1650390625,0,0.8362570458544827
19980416,1316.2459716796875,1316.2459716796875,1326.4239501953125,1312.56494140625,1324.0369873046875,0,-0.6387117582012491
19980417,1298.1070556640625,1298.1070556640625,1311.72998046875,1291.0810546875,1311.5439453125,0,-1.3780795083822794
19980420,1296.0050048828125,1296.0050048828125,1302.9820556640625,1286.5849609375,1292.1619873046875,0,-0.1619320049203954
19980421,1305.2230224609375,1305.2230224609375,1307.85595703125,1295.0880126953125,1296.77197265625,0,0.7112640416815807
19980422,1322.1820068359375,1322.1820068359375,1333.0660400390625,1307.83203125,1307.83203125,0,1.299316981325127
19980423,1324.5589599609375,1324.5589599609375,1340.251953125,1321.0400390625,1337.489013671875,0,0.1797750319328717
19980424,1315.1669921875,1315.1669921875,1331.85498046875,1313.6090087890625,1324.4549560546875,0,-0.7090637757427132
19980427,1310.3780517578125,1310.3780517578125,1318.7969970703125,1303.4820556640625,1314.3499755859375,0,-0.36413173826101985
19980428,1332.989990234375,1332.989990234375,1333.0899658203125,1315.3280029296875,1315.345947265625,0,1.7256041831767321
19980429,1332.4990234375,1332.4990234375,1341.5810546875,1328.56298828125,1337.89404296875,0,-0.036831994273911484
19980430,1343.447998046875,1343.447998046875,1343.4599609375,1335.5489501953125,1336.010009765625,0,0.8216872520573792
19980504,1352.926025390625,1352.926025390625,1355.5159912109375,1345.3590087890625,1353.0560302734375,0,0.7055001278448714
19980505,1352.52001953125,1352.52001953125,1356.0560302734375,1346.592041015625,1355.0450439453125,0,-0.03000946480113953
19980506,1348.4119873046875,1348.4119873046875,1355.656982421875,1341.8060302734375,1352.7230224609375,0,-0.30373171319018066
19980507,1327.873046875,1327.873046875,1352.552001953125,1326.6500244140625,1348.887939453125,0,-1.5231947374438892
19980508,1357.594970703125,1357.594970703125,1357.60400390625,1324.7239990234375,1324.741943359375,0,2.2383106501086214
19980511,1354.60595703125,1354.60595703125,1368.0260009765625,1351.593017578125,1367.241943359375,0,-0.22016976612154737
19980512,1349.6490478515625,1349.6490478515625,1360.06396484375,1342.7330322265625,1358.9580078125,0,-0.3659299705540242
19980513,1369.261962890625,1369.261962890625,1369.303955078125,1351.0030517578125,1351.1800537109375,0,1.4531862983405475
19980514,1367.126953125,1367.126953125,1376.2979736328125,1360.8909912109375,1373.1710205078125,0,-0.15592412726618265
19980515,1368.0870361328125,1368.0870361328125,1379.126953125,1361.843017578125,1373.427001953125,0,0.07022632430864206
19980518,1368.1829833984375,1368.1829833984375,1376.384033203125,1360.468994140625,1373.6700439453125,0,0.0070132428048097495
19980519,1362.2919921875,1362.2919921875,1372.8709716796875,1355.5389404296875,1370.675048828125,0,-0.4305704194847437
19980520,1357.4310302734375,1357.4310302734375,1365.10205078125,1352.166015625,1362.6939697265625,0,-0.35682232164170324
19980521,1366.656005859375,1366.656005859375,1367.7159423828125,1350.260009765625,1356.958984375,0,0.679590740170366
19980522,1375.8170166015625,1375.8170166015625,1379.8909912109375,1370.719970703125,1371.364990234375,0,0.6703230881004885
19980525,1389.365966796875,1389.365966796875,1389.656005859375,1376.2010498046875,1380.1259765625,0,0.9847930380146197
19980526,1390.416015625,1390.416015625,1394.43896484375,1383.759033203125,1392.75,0,0.0755775550300708
19980527,1399.5419921875,1399.5419921875,1399.5419921875,1390.550048828125,1393.738037109375,0,0.6563486366630844
19980528,1397.89501953125,1397.89501953125,1405.58203125,1392.9000244140625,1402.85302734375,0,-0.1176794026505612
19980529,1411.208984375,1411.208984375,1411.3470458984375,1402.0179443359375,1402.675048828125,0,0.9524295213680922
19980601,1415.574951171875,1415.574951171875,1420.552978515625,1411.06103515625,1418.35400390625,0,0.3093777636916428
19980602,1413.0799560546875,1413.0799560546875,1419.5770263671875,1402.625,1419.220947265625,0,-0.1762531270507406
19980603,1420.0,1420.0,1421.1209716796875,1413.112060546875,1415.01904296875,0,0.4897135449173806
19980604,1406.302978515625,1406.302978515625,1422.97900390625,1402.7459716796875,1420.9859619140625,0,-0.9645789777728897
19980605,1408.614013671875,1408.614013671875,1414.362060546875,1390.6319580078125,1404.074951171875,0,0.16433408671929772
19980608,1403.72998046875,1403.72998046875,1415.1800537109375,1401.0550537109375,1411.9560546875,0,-0.34672615462583156
19980609,1369.6500244140625,1369.6500244140625,1400.3470458984375,1357.4649658203125,1400.3470458984375,0,-2.427814218465796
19980610,1368.2969970703125,1368.2969970703125,1377.833984375,1359.3919677734375,1367.740966796875,0,-0.09878635561144655
19980611,1347.677001953125,1347.677001953125,1371.1519775390625,1346.0689697265625,1367.5550537109375,0,-1.5069824140034882
19980612,1383.387939453125,1383.387939453125,1383.4659423828125,1365.0830078125,1373.1099853515625,0,2.64981426916433
19980615,1365.3409423828125,1365.3409423828125,1386.9849853515625,1359.8759765625,1385.3270263671875,0,-1.3045507016236413
19980616,1348.5880126953125,1348.5880126953125,1362.593017578125,1323.5279541015625,1362.5909423828125,0,-1.2270143791529908
19980617,1348.9420166015625,1348.9420166015625,1356.6619873046875,1344.4439697265625,1349.0030517578125,0,0.02624996684810199
19980618,1370.68505859375,1370.68505859375,1372.1199951171875,1352.2349853515625,1352.2349853515625,0,1.6118589030954533
19980619,1392.8780517578125,1392.8780517578125,1392.8780517578125,1376.1939697265625,1376.1939697265625,0,1.6191168806371392
19980622,1399.35595703125,1399.35595703125,1401.510986328125,1392.0560302734375,1400.468017578125,0,0.4650733971478971
19980623,1397.9560546875,1397.9560546875,1398.7060546875,1385.4520263671875,1398.238037109375,0,-0.10003904558493204
19980624,1401.741943359375,1401.741943359375,1402.137939453125,1390.85498046875,1399.7080078125,0,0.27081600020117946
19980625,1382.0360107421875,1382.0360107421875,1404.0489501953125,1377.177001953125,1402.9520263671875,0,-1.4058174338395624
19980626,1385.6180419921875,1385.6180419921875,1388.553955078125,1376.406005859375,1383.2900390625,0,0.259185087954128
19980629,1361.4320068359375,1361.4320068359375,1387.1920166015625,1356.2159423828125,1387.0240478515625,0,-1.74550521307274
19980630,1339.2020263671875,1339.2020263671875,1363.5899658203125,1335.2120361328125,1360.614990234375,0,-1.6328380967341904
19980701,1316.4410400390625,1316.4410400390625,1367.14697265625,1315.1839599609375,1363.2650146484375,0,-1.6995931816103926
19980702,1331.6500244140625,1331.6500244140625,1331.6519775390625,1296.9969482421875,1314.0999755859375,0,1.15531071369126
19980703,1335.125,1335.125,1341.72998046875,1327.7969970703125,1335.8360595703125,0,0.26095261684588866
19980706,1315.282958984375,1315.282958984375,1339.677978515625,1313.2760009765625,1339.260986328125,0,-1.4861560539743524
19980707,1324.4000244140625,1324.4000244140625,1324.405029296875,1307.906982421875,1313.6490478515625,0,0.6931638068760071
19980708,1338.9840087890625,1338.9840087890625,1339.1600341796875,1326.625,1326.8170166015625,0,1.1011766917969013
19980709,1343.2320556640625,1343.2320556640625,1344.4310302734375,1336.6600341796875,1341.35400390625,0,0.31725897001875225
19980710,1360.6190185546875,1360.6190185546875,1360.6419677734375,1344.634033203125,1344.7490234375,0,1.294412444767734
19980713,1358.81298828125,1358.81298828125,1362.9969482421875,1352.45703125,1362.68798828125,0,-0.13273592745719487
19980714,1336.5579833984375,1336.5579833984375,1361.18603515625,1334.70703125,1360.614013671875,0,-1.6378269176660298
19980715,1335.4659423828125,1335.4659423828125,1341.6419677734375,1326.323974609375,1332.4119873046875,0,-0.08170547250395677
19980716,1325.633056640625,1325.633056640625,1337.6409912109375,1317.885986328125,1335.2989501953125,0,-0.7362887685958608
19980717,1314.7149658203125,1314.7149658203125,1330.8160400390625,1311.7540283203125,1325.8800048828125,0,-0.8236133495328479
19980720,1287.072998046875,1287.072998046875,1311.1529541015625,1278.301025390625,1311.0589599609375,0,-2.102506512215019
19980721,1313.010009765625,1313.010009765625,1318.9339599609375,1284.7979736328125,1285.7850341796875,0,2.0151935250066755
19980722,1299.14794921875,1299.14794921875,1312.364990234375,1295.614013671875,1312.2259521484375,0,-1.055746753168274
19980723,1316.27099609375,1316.27099609375,1316.2850341796875,1299.154052734375,1299.217041015625,0,1.3180213143004327
19980724,1326.821044921875,1326.821044921875,1330.491943359375,1317.8480224609375,1317.8480224609375,0,0.8015103925737233
19980727,1321.8990478515625,1321.8990478515625,1328.72705078125,1314.7320556640625,1328.3360595703125,0,-0.370961637151479
19980728,1317.946044921875,1317.946044921875,1324.2740478515625,1313.2020263671875,1321.634033203125,0,-0.2990396986904731
19980729,1311.93994140625,1311.93994140625,1321.2640380859375,1308.261962890625,1317.928955078125,0,-0.4557169497770297
19980730,1315.302001953125,1315.302001953125,1318.02099609375,1309.7740478515625,1312.85498046875,0,0.25626634579563046
19980731,1316.9189453125,1316.9189453125,1319.3580322265625,1312.376953125,1316.3070068359375,0,0.12293323943657342
19980803,1302.10205078125,1302.10205078125,1315.469970703125,1299.927001953125,1315.135009765625,0,-1.1251181846832603
19980804,1293.45703125,1293.45703125,1299.72900390625,1283.198974609375,1299.72900390625,0,-0.663927956035637
19980805,1307.43994140625,1307.43994140625,1307.48095703125,1293.1240234375,1293.7039794921875,0,1.0810494526236392
19980806,1294.1619873046875,1294.1619873046875,1312.60400390625,1292.39404296875,1310.2960205078125,0,-1.0155689512805544
19980807,1271.0689697265625,1271.0689697265625,1292.31103515625,1267.9210205078125,1292.08203125,0,-1.7843993104928235
19980810,1234.5810546875,1234.5810546875,1262.031982421875,1227.4730224609375,1262.008056640625,0,-2.8706479276975783
19980811,1207.6719970703125,1207.6719970703125,1241.781005859375,1206.635009765625,1230.3790283203125,0,-2.179610444775437
19980812,1190.553955078125,1190.553955078125,1207.7249755859375,1158.7869873046875,1204.362060546875,0,-1.4174413279196774
19980813,1204.1800537109375,1204.1800537109375,1205.85498046875,1185.572998046875,1193.3690185546875,0,1.144517522678612
19980814,1168.0260009765625,1168.0260009765625,1202.3780517578125,1165.8680419921875,1202.3780517578125,0,-3.0023793055663495
19980817,1070.4100341796875,1070.4100341796875,1152.6729736328125,1068.656005859375,1152.6729736328125,0,-8.357345360057078
19980818,1071.300048828125,1071.300048828125,1094.3790283203125,1043.02197265625,1054.1820068359375,0,0.08314707635561636
19980819,1126.0810546875,1126.0810546875,1126.0810546875,1072.719970703125,1072.739990234375,0,5.113507268043049
19980820,1149.906982421875,1149.906982421875,1149.95703125,1113.85498046875,1128.7530517578125,0,2.11582706548481
19980821,1177.623046875,1177.623046875,1178.738037109375,1141.5069580078125,1149.6219482421875,0,2.4102875168868776
19980824,1178.553955078125,1178.553955078125,1190.8809814453125,1166.1429443359375,1178.551025390625,0,0.07904976092267813
19980825,1179.0660400390625,1179.0660400390625,1179.10498046875,1159.387939453125,1174.407958984375,0,0.04345027724279582
19980826,1160.2879638671875,1160.2879638671875,1182.333984375,1159.52001953125,1174.8470458984375,0,-1.592622934950516
19980827,1145.2159423828125,1145.2159423828125,1154.6929931640625,1142.16796875,1152.3580322265625,0,-1.298989729596145
19980828,1129.7220458984375,1129.7220458984375,1146.511962890625,1125.197021484375,1139.81494140625,0,-1.3529235763289682
19980831,1150.2230224609375,1150.2230224609375,1150.22900390625,1072.4219970703125,1117.969970703125,0,1.8146920861578986
19980901,1143.125,1143.125,1163.1710205078125,1123.635009765625,1142.5,0,-0.6170996687017372
19980902,1136.8900146484375,1136.8900146484375,1149.26904296875,1129.8050537109375,1137.3050537109375,0,-0.5454333823127433
19980903,1147.197021484375,1147.197021484375,1151.009033203125,1136.137939453125,1136.4420166015625,0,0.9065966543056359
19980904,1163.5269775390625,1163.5269775390625,1169.468994140625,1148.9429931640625,1148.9539794921875,0,1.4234656949821956
19980907,1178.375,1178.375,1178.376953125,1163.2049560546875,1168.364990234375,0,1.2761218903872829
19980908,1167.5970458984375,1167.5970458984375,1185.0970458984375,1166.6590576171875,1181.0670166015625,0,-0.9146455162034606
19980909,1190.6829833984375,1190.6829833984375,1190.737060546875,1162.468017578125,1165.656005859375,0,1.977217875044901
19980910,1213.6739501953125,1213.6739501953125,1219.7950439453125,1194.114990234375,1194.875,0,1.9309058009088442
19980911,1218.0050048828125,1218.0050048828125,1225.14404296875,1206.6109619140625,1214.83203125,0,0.35685487744077093
19980914,1239.60498046875,1239.60498046875,1239.76904296875,1214.4420166015625,1219.3179931640625,0,1.7733897233054297
19980915,1230.1259765625,1230.1259765625,1245.4239501953125,1228.8759765625,1240.9439697265625,0,-0.7646793983245859
19980916,1252.137939453125,1252.137939453125,1252.2020263671875,1225.2900390625,1226.904052734375,0,1.789407207880922
19980917,1233.7030029296875,1233.7030029296875,1264.39794921875,1226.7220458984375,1257.3790283203125,0,-1.4722768109309947
19980918,1207.0009765625,1207.0009765625,1233.4029541015625,1199.58203125,1227.56005859375,0,-2.1643804306042846
19980921,1222.3790283203125,1222.3790283203125,1222.3790283203125,1193.821044921875,1199.16796875,0,1.2740711943422633
19980922,1222.634033203125,1222.634033203125,1229.6180419921875,1214.0159912109375,1224.39501953125,0,0.020861359439616756
19980923,1229.862060546875,1229.862060546875,1233.7919921875,1222.3609619140625,1223.989990234375,0,0.5911848637824679
19980924,1199.06103515625,1199.06103515625,1232.2779541015625,1196.9229736328125,1231.0489501953125,0,-2.5044292672081414
19980925,1221.5780029296875,1221.5780029296875,1221.5780029296875,1192.0760498046875,1194.31298828125,0,1.8778833698405828
19980928,1230.2110595703125,1230.2110595703125,1239.801025390625,1217.6519775390625,1224.2659912109375,0,0.7067134984356738
19980929,1231.7469482421875,1231.7469482421875,1239.1080322265625,1226.842041015625,1231.8990478515625,0,0.12484757472521757
19980930,1242.89599609375,1242.89599609375,1242.9429931640625,1233.428955078125,1233.5889892578125,0,0.9051410979725283
19981005,1234.779052734375,1234.779052734375,1246.60302734375,1231.4000244140625,1245.737060546875,0,-0.6530669810575818
19981006,1217.45703125,1217.45703125,1237.843994140625,1214.8289794921875,1234.1419677734375,0,-1.402843808049381
19981007,1213.7850341796875,1213.7850341796875,1219.10302734375,1207.928955078125,1214.635986328125,0,-0.30161204675472897
19981008,1228.7099609375,1228.7099609375,1228.73095703125,1215.8699951171875,1215.9520263671875,0,1.229618617591477
19981009,1236.9320068359375,1236.9320068359375,1241.050048828125,1229.845947265625,1231.9420166015625,0,0.6691608402168425
19981012,1247.14599609375,1247.14599609375,1247.2440185546875,1227.8590087890625,1239.56494140625,0,0.8257518765271366
19981013,1244.0679931640625,1244.0679931640625,1257.3499755859375,1239.77001953125,1250.676025390625,0,-0.24680373743958262
19981014,1240.594970703125,1240.594970703125,1247.6610107421875,1234.0660400390625,1243.7139892578125,0,-0.27916661147310284
19981015,1241.81396484375,1241.81396484375,1254.8399658203125,1241.258056640625,1243.1949462890625,0,0.09825883301253224
19981016,1251.5250244140625,1251.5250244140625,1263.7130126953125,1249.9310302734375,1259.14404296875,0,0.7820059884359853
19981019,1246.2359619140625,1246.2359619140625,1256.7559814453125,1240.448974609375,1255.051025390625,0,-0.42260940826782667
19981020,1243.64501953125,1243.64501953125,1251.4329833984375,1238.303955078125,1248.2349853515625,0,-0.20790142974473902
19981021,1207.824951171875,1207.824951171875,1243.60205078125,1206.1180419921875,1243.5379638671875,0,-2.8802486076675016
19981022,1216.093994140625,1216.093994140625,1216.16796875,1191.5570068359375,1202.2080078125,0,0.6846226318413917
19981023,1217.428955078125,1217.428955078125,1230.8280029296875,1215.4730224609375,1217.1280517578125,0,0.1097744865061534
19981026,1208.2659912109375,1208.2659912109375,1215.5589599609375,1195.2440185546875,1215.5589599609375,0,-0.7526487544892935
19981027,1216.7879638671875,1216.7879638671875,1218.446044921875,1204.7349853515625,1207.2020263671875,0,0.7053060102858
19981028,1225.928955078125,1225.928955078125,1226.113037109375,1217.2320556640625,1218.4959716796875,0,0.7512394502889208
19981029,1216.760009765625,1216.760009765625,1229.7430419921875,1214.9200439453125,1226.9239501953125,0,-0.7479181623469944
19981030,1217.3160400390625,1217.3160400390625,1225.6419677734375,1215.4549560546875,1216.0140380859375,0,0.045697612427653134
19981102,1223.47802734375,1223.47802734375,1223.531005859375,1210.845947265625,1217.3380126953125,0,0.50619453798455
19981103,1236.8719482421875,1236.8719482421875,1236.9649658203125,1225.217041015625,1225.262939453125,0,1.0947414337727501
19981104,1235.803955078125,1235.803955078125,1240.7010498046875,1232.780029296875,1239.498046875,0,-0.08634630008226285
19981105,1253.2750244140625,1253.2750244140625,1253.31005859375,1237.508056640625,1237.5439453125,0,1.413741173439842
19981106,1259.7650146484375,1259.7650146484375,1267.39404296875,1257.1710205078125,1258.6949462890625,0,0.5178424613870636
19981109,1283.1209716796875,1283.1209716796875,1283.1240234375,1263.9580078125,1263.9630126953125,0,1.8539931463145143
19981110,1286.5589599609375,1286.5589599609375,1288.738037109375,1275.1929931640625,1283.91796875,0,0.2679395284724828
19981111,1286.198974609375,1286.198974609375,1288.35302734375,1278.4730224609375,1287.4219970703125,0,-0.027980478374145523
19981112,1282.988037109375,1282.988037109375,1295.06396484375,1278.93994140625,1286.5570068359375,0,-0.2496454719204788
19981113,1282.508056640625,1282.508056640625,1285.9229736328125,1271.322998046875,1281.989990234375,0,-0.03741114140326518
19981116,1293.7430419921875,1293.7430419921875,1293.761962890625,1281.6009521484375,1284.3349609375,0,0.8760167465139412
19981117,1290.594970703125,1290.594970703125,1300.1519775390625,1285.02099609375,1296.6259765625,0,-0.2433304904361
19981118,1285.5030517578125,1285.5030517578125,1292.927978515625,1281.594970703125,1291.001953125,0,-0.39454042987153715
19981119,1275.6070556640625,1275.6070556640625,1284.1390380859375,1274.0870361328125,1283.9620361328125,0,-0.7698150603546283
19981120,1275.3740234375,1275.3740234375,1279.375,1271.655029296875,1272.656005859375,0,-0.018268339417515378
19981123,1273.7850341796875,1273.7850341796875,1278.0849609375,1269.0989990234375,1275.9029541015625,0,-0.12459005974809756
19981124,1278.916015625,1278.916015625,1282.927001953125,1274.4139404296875,1274.446044921875,0,0.4028137643034002
19981125,1263.8499755859375,1263.8499755859375,1283.9610595703125,1262.22705078125,1280.2650146484375,0,-1.1780320095295505
19981126,1252.8179931640625,1252.8179931640625,1262.781982421875,1247.843994140625,1260.074951171875,0,-0.8728870225882979
19981127,1245.0810546875,1245.0810546875,1259.041015625,1242.5670166015625,1252.373046875,0,-0.617562847818176
19981130,1247.4169921875,1247.4169921875,1247.4169921875,1238.135009765625,1244.9219970703125,0,0.18761328760128482
19981201,1234.3580322265625,1234.3580322265625,1251.8680419921875,1231.9959716796875,1249.0069580078125,0,-1.0468800764078856
19981202,1236.968994140625,1236.968994140625,1236.968994140625,1222.64501953125,1233.1619873046875,0,0.21152387280640728
19981203,1232.5059814453125,1232.5059814453125,1239.262939453125,1229.85302734375,1238.2919921875,0,-0.3608023092295132
19981204,1219.196044921875,1219.196044921875,1234.6319580078125,1213.5550537109375,1232.4329833984375,0,-1.0799084729657404
19981207,1209.541015625,1209.541015625,1237.6910400390625,1207.758056640625,1234.759033203125,0,-0.7919177015943912
19981208,1223.258056640625,1223.258056640625,1223.3380126953125,1209.81103515625,1209.8349609375,0,1.134069935490123
19981209,1224.0870361328125,1224.0870361328125,1225.989013671875,1219.012939453125,1224.3570556640625,0,0.06776816123852392
19981210,1204.635009765625,1204.635009765625,1224.925048828125,1203.06494140625,1224.1490478515625,0,-1.5891048424662046
19981211,1214.2099609375,1214.2099609375,1214.2430419921875,1194.0670166015625,1201.845947265625,0,0.794842511985272
19981214,1196.2960205078125,1196.2960205078125,1214.6710205078125,1194.656005859375,1214.60302734375,0,-1.4753577227991088
19981215,1194.843994140625,1194.843994140625,1194.8900146484375,1173.9210205078125,1193.637939453125,0,-0.12137684505304502
19981216,1183.06201171875,1183.06201171875,1195.5489501953125,1180.864013671875,1194.9420166015625,0,-0.9860686817402486
19981217,1160.0899658203125,1160.0899658203125,1180.166015625,1158.5069580078125,1180.166015625,0,-1.9417448680533411
19981218,1155.0899658203125,1155.0899658203125,1167.635986328125,1150.720947265625,1155.7509765625,0,-0.43100105572109193
19981221,1154.427978515625,1154.427978515625,1163.239013671875,1150.385986328125,1153.6629638671875,0,-0.057310454101067165
19981222,1185.9659423828125,1185.9659423828125,1185.97900390625,1155.6219482421875,1155.6300048828125,0,2.731912640209866
19981223,1172.511962890625,1172.511962890625,1187.9139404296875,1170.156982421875,1186.97900390625,0,-1.1344321966915927
19981224,1168.98095703125,1168.98095703125,1171.7080078125,1161.8489990234375,1171.7080078125,0,-0.3011488130722273
19981225,1173.9129638671875,1173.9129638671875,1178.9169921875,1169.5400390625,1169.60205078125,0,0.42190651663502887
19981228,1159.93701171875,1159.93701171875,1179.0030517578125,1157.697998046875,1175.6300048828125,0,-1.1905441526428806
19981229,1142.72900390625,1142.72900390625,1157.5670166015625,1139.9859619140625,1157.47705078125,0,-1.4835295053652775
19981230,1142.72900390625,1142.72900390625,1151.718994140625,1125.5589599609375,1141.885009765625,0,0.0
19981231,1146.699951171875,1146.699951171875,1153.1500244140625,1140.35595703125,1149.83203125,0,0.3474968476385065
19990104,1125.8189697265625,1125.8189697265625,1144.8890380859375,1124.2130126953125,1144.887939453125,0,-1.820962966290618
19990105,1119.9649658203125,1119.9649658203125,1123.696044921875,1104.5009765625,1123.696044921875,0,-0.5199773732425084
19990106,1132.5899658203125,1132.5899658203125,1137.2080078125,1120.4019775390625,1120.66796875,0,1.1272674043649955
19990107,1137.72900390625,1137.72900390625,1140.4820556640625,1125.6689453125,1133.1650390625,0,0.45374215214906144
19990108,1168.81396484375,1168.81396484375,1168.8380126953125,1138.7679443359375,1138.7679443359375,0,2.732193767652369
19990111,1172.81298828125,1172.81298828125,1174.427001953125,1158.5439453125,1169.9129638671875,0,0.3421437078769518
19990112,1158.8680419921875,1158.8680419921875,1171.864990234375,1158.2960205078125,1171.7430419921875,0,-1.1890170409434742
19990113,1148.154052734375,1148.154052734375,1159.93994140625,1144.447998046875,1153.2939453125,0,-0.9245219360259793
19990114,1148.655029296875,1148.655029296875,1153.0980224609375,1142.35205078125,1145.89794921875,0,0.04363321814759846
19990115,1137.3089599609375,1137.3089599609375,1150.675048828125,1136.303955078125,1149.781982421875,0,-0.9877699610894242
19990118,1153.1190185546875,1153.1190185546875,1153.41796875,1123.7060546875,1135.0849609375,0,1.390128729337814
19990119,1158.551025390625,1158.551025390625,1160.2640380859375,1149.3699951171875,1154.1600341796875,0,0.4710707870160702
19990120,1151.3740234375,1151.3740234375,1162.9749755859375,1148.8060302734375,1159.0250244140625,0,-0.6194808684153674
19990121,1158.4990234375,1158.4990234375,1158.510009765625,1145.2969970703125,1150.302001953125,0,0.6188258424250304
19990122,1162.3499755859375,1162.3499755859375,1168.1820068359375,1157.14794921875,1159.9169921875,0,0.3324087522327712
19990125,1148.123046875,1148.123046875,1162.43798828125,1146.9730224609375,1161.97998046875,0,-1.2239797831772425
19990126,1138.2099609375,1138.2099609375,1146.123046875,1132.9549560546875,1145.0670166015625,0,-0.8634166838198842
19990127,1146.4930419921875,1146.4930419921875,1146.5,1134.1319580078125,1137.6920166015625,0,0.7277287441646463
19990128,1140.9749755859375,1140.9749755859375,1150.5789794921875,1137.1209716796875,1147.865966796875,0,-0.4812995983526913
19990129,1134.6729736328125,1134.6729736328125,1140.125,1130.33203125,1139.8349609375,0,-0.5523348090862967
19990201,1120.531005859375,1120.531005859375,1131.6600341796875,1118.5479736328125,1131.6510009765625,0,-1.2463474588770729
19990202,1126.404052734375,1126.404052734375,1126.407958984375,1114.7900390625,1119.779052734375,0,0.5241306884226526
19990203,1116.864990234375,1116.864990234375,1127.27294921875,1115.1309814453125,1126.842041015625,0,-0.8468597460071003
19990204,1103.4969482421875,1103.4969482421875,1114.68896484375,1102.489990234375,1114.64697265625,0,-1.1969255110577115
19990205,1081.4420166015625,1081.4420166015625,1101.47802734375,1079.218017578125,1101.47802734375,0,-1.9986400212304467
19990208,1065.8160400390625,1065.8160400390625,1082.4560546875,1064.1739501953125,1076.8160400390625,0,-1.444920423159135
19990209,1090.0870361328125,1090.0870361328125,1090.1689453125,1065.906982421875,1065.906982421875,0,2.27722188276136
19990301,1097.9749755859375,1097.9749755859375,1098.3599853515625,1084.156005859375,1092.14501953125,0,0.7236063902849699
19990302,1100.9189453125,1100.9189453125,1103.25,1090.0439453125,1098.2939453125,0,0.2681272152847969
19990303,1128.7359619140625,1128.7359619140625,1128.779052734375,1101.0660400390625,1101.1319580078125,0,2.526708866261407
19990304,1128.9539794921875,1128.9539794921875,1133.72802734375,1120.7060546875,1130.343017578125,0,0.01931519730755671
19990305,1132.3570556640625,1132.3570556640625,1137.958984375,1124.0860595703125,1128.6180419921875,0,0.3014362173917595
19990308,1142.1070556640625,1142.1070556640625,1142.14794921875,1128.385986328125,1133.508056640625,0,0.861035832402024
19990309,1136.9410400390625,1136.9410400390625,1145.7080078125,1135.3740234375,1143.10205078125,0,-0.45232323882250514
19990310,1132.7359619140625,1132.7359619140625,1136.0799560546875,1127.1700439453125,1136.02197265625,0,-0.3698589440359612
19990311,1149.925048828125,1149.925048828125,1153.843017578125,1133.1529541015625,1133.2869873046875,0,1.5174839938000062
19990312,1158.7020263671875,1158.7020263671875,1158.7120361328125,1148.6650390625,1151.989990234375,0,0.7632651839358573
19990315,1164.6390380859375,1164.6390380859375,1169.698974609375,1159.14501953125,1161.4940185546875,0,0.5123846842111757
19990316,1166.9300537109375,1166.9300537109375,1166.9649658203125,1155.93505859375,1164.791015625,0,0.19671465149968537
19990317,1159.095947265625,1159.095947265625,1173.041015625,1158.5880126953125,1167.718994140625,0,-0.6713432754944848
19990318,1151.990966796875,1151.990966796875,1160.678955078125,1147.5689697265625,1155.27099609375,0,-0.612976042709068
19990319,1172.9210205078125,1172.9210205078125,1172.9210205078125,1150.3399658203125,1150.6090087890625,0,1.816859186763753
19990322,1172.7430419921875,1172.7430419921875,1176.6500244140625,1168.3360595703125,1175.675048828125,0,-0.015173955663949634
19990323,1170.948974609375,1170.948974609375,1174.4759521484375,1163.280029296875,1172.97705078125,0,-0.1529804329313933
19990324,1169.0340576171875,1169.0340576171875,1177.3409423828125,1167.10400390625,1171.302001953125,0,-0.16353547709679894
19990325,1156.85400390625,1156.85400390625,1167.875,1155.012939453125,1167.864013671875,0,-1.041890407860635
19990326,1161.1199951171875,1161.1199951171875,1162.416015625,1154.93603515625,1155.3480224609375,0,0.36875795878588136
19990329,1169.489013671875,1169.489013671875,1169.5030517578125,1158.0870361328125,1160.5760498046875,0,0.7207712027939683
19990330,1157.5069580078125,1157.5069580078125,1173.6600341796875,1156.0450439453125,1171.126953125,0,-1.024554786234555
19990331,1158.053955078125,1158.053955078125,1159.532958984375,1150.8199462890625,1156.3699951171875,0,0.04725648226373558
19990401,1168.5040283203125,1168.5040283203125,1168.5279541015625,1158.4420166015625,1158.6810302734375,0,0.9023822418949834
19990402,1184.4019775390625,1184.4019775390625,1184.4329833984375,1170.3070068359375,1170.760009765625,0,1.3605386745309644
19990405,1194.468994140625,1194.468994140625,1194.5140380859375,1187.0589599609375,1188.9310302734375,0,0.8499662101611571
19990406,1199.5999755859375,1199.5999755859375,1199.842041015625,1191.58203125,1195.947998046875,0,0.42956171072519034
19990407,1201.634033203125,1201.634033203125,1202.3199462890625,1193.72705078125,1200.2239990234375,0,0.16956132532379709
19990408,1202.468994140625,1202.468994140625,1205.4110107421875,1192.4620361328125,1203.02001953125,0,0.06948546016745105
19990409,1205.1390380859375,1205.1390380859375,1210.0999755859375,1196.7440185546875,1203.4410400390625,0,0.22204680189867876
19990412,1195.3370361328125,1195.3370361328125,1205.677001953125,1193.656982421875,1205.3189697265625,0,-0.8133502976298113
19990413,1178.1920166015625,1178.1920166015625,1193.324951171875,1174.135009765625,1192.1490478515625,0,-1.4343251328276407
19990414,1181.5169677734375,1181.5169677734375,1184.176025390625,1174.2679443359375,1176.77099609375,0,0.2822079189999549
19990416,1166.237060546875,1166.237060546875,1175.0340576171875,1162.31005859375,1168.907958984375,0,-1.293244840601604
19990419,1159.4730224609375,1159.4730224609375,1166.0400390625,1156.6070556640625,1164.615966796875,0,-0.5799882643727439
19990420,1171.60302734375,1171.60302734375,1171.60302734375,1159.56396484375,1160.052001953125,0,1.0461653395839265
19990421,1144.06494140625,1144.06494140625,1173.5250244140625,1143.0450439453125,1171.947998046875,0,-2.350462169761902
19990422,1137.1619873046875,1137.1619873046875,1140.8990478515625,1110.64599609375,1137.9100341796875,0,-0.6033708272781824
19990423,1139.9969482421875,1139.9969482421875,1144.7779541015625,1135.6070556640625,1137.6080322265625,0,0.2493014160822815
19990426,1112.791015625,1112.791015625,1140.1700439453125,1111.9549560546875,1139.64697265625,0,-2.3864917058889934
19990427,1091.6949462890625,1091.6949462890625,1108.9110107421875,1089.759033203125,1108.9110107421875,0,-1.895779983817436
19990428,1091.0889892578125,1091.0889892578125,1112.2900390625,1087.7939453125,1090.873046875,0,-0.05550607642820227
19990429,1116.405029296875,1116.405029296875,1116.41796875,1090.56396484375,1091.0570068359375,0,2.320254377810471
19990430,1120.927001953125,1120.927001953125,1122.2220458984375,1114.177978515625,1116.1070556640625,0,0.4050476787172741
19990504,1111.927001953125,1111.927001953125,1121.9100341796875,1108.8929443359375,1120.907958984375,0,-0.8029068783532045
19990505,1116.9320068359375,1116.9320068359375,1116.9639892578125,1105.345947265625,1110.93701171875,0,0.4501199156078606
19990506,1128.2239990234375,1128.2239990234375,1128.9010009765625,1116.6390380859375,1116.85498046875,0,1.0109829531600667
19990507,1120.738037109375,1120.738037109375,1131.4930419921875,1117.93603515625,1129.531982421875,0,-0.6635173441215669
19990510,1071.927001953125,1071.927001953125,1107.364990234375,1065.1800537109375,1107.364990234375,0,-4.355258190588785
19990511,1095.4019775390625,1095.4019775390625,1095.406005859375,1072.0439453125,1072.0439453125,0,2.1899789391595315
19990512,1099.9959716796875,1099.9959716796875,1104.8089599609375,1092.7850341796875,1096.737060546875,0,0.4193888850690053
19990513,1088.863037109375,1088.863037109375,1101.35595703125,1086.4580078125,1100.8570556640625,0,-1.0120886673169016
19990514,1063.2769775390625,1063.2769775390625,1088.001953125,1060.501953125,1087.9420166015625,0,-2.349795952137035
19990517,1065.5570068359375,1065.5570068359375,1072.166015625,1047.8330078125,1057.4849853515625,0,0.21443418272368842
19990518,1059.8740234375,1059.8740234375,1075.6519775390625,1058.385986328125,1066.51904296875,0,-0.5333345247583221
19990519,1109.0889892578125,1109.0889892578125,1109.115966796875,1057.719970703125,1058.699951171875,0,4.643473161149192
19990520,1147.70703125,1147.70703125,1147.72705078125,1113.3179931640625,1114.6590576171875,0,3.4819606331165653
19990521,1168.719970703125,1168.719970703125,1170.1409912109375,1152.260986328125,1154.8060302734375,0,1.8308626575406883
19990524,1213.654052734375,1213.654052734375,1215.2159423828125,1164.89501953125,1173.1319580078125,0,3.844726124104536
19990525,1202.885009765625,1202.885009765625,1244.8399658203125,1198.0670166015625,1223.1290283203125,0,-0.8873239408287104
19990526,1236.0460205078125,1236.0460205078125,1236.14794921875,1195.843017578125,1199.2249755859375,0,2.7567897573724576
19990527,1283.02001953125,1283.02001953125,1283.0269775390625,1247.322021484375,1247.322021484375,0,3.8003438580821447
19990528,1277.1500244140625,1277.1500244140625,1294.6409912109375,1260.7120361328125,1291.9599609375,0,-0.4575139146567708
19990531,1279.3260498046875,1279.3260498046875,1303.47998046875,1253.2509765625,1287.074951171875,0,0.17038134510651837
19990601,1311.593994140625,1311.593994140625,1311.6009521484375,1276.115966796875,1283.300048828125,0,2.5222611812574014
19990602,1287.9310302734375,1287.9310302734375,1330.2779541015625,1287.010986328125,1319.83203125,0,-1.8041378637671968
19990603,1268.323974609375,1268.323974609375,1286.9129638671875,1259.008056640625,1280.47705078125,0,-1.5223684501102341
19990604,1285.5789794921875,1285.5789794921875,1288.0030517578125,1271.1629638671875,1271.16796875,0,1.3604572040142093
19990607,1326.5179443359375,1326.5179443359375,1326.6109619140625,1285.1500244140625,1287.4620361328125,0,3.1844768385930866
19990608,1333.64404296875,1333.64404296875,1341.6429443359375,1319.4969482421875,1336.030029296875,0,0.5372033347336158
19990609,1348.60595703125,1348.60595703125,1350.136962890625,1323.9859619140625,1334.8489990234375,0,1.1218821199991291
19990610,1364.344970703125,1364.344970703125,1382.073974609375,1353.56396484375,1371.0030517578125,0,1.1670579971722717
19990611,1364.3480224609375,1364.3480224609375,1371.376953125,1363.657958984375,1364.9169921875,0,0.00022367933902867065
19990614,1427.70703125,1427.70703125,1427.7679443359375,1382.531982421875,1382.531982421875,0,4.643903736143429
19990615,1387.592041015625,1387.592041015625,1477.1419677734375,1366.654052734375,1453.3299560546875,0,-2.8097494343256924
19990616,1460.16796875,1460.16796875,1460.16796875,1402.303955078125,1402.344970703125,0,5.230350534531336
19990617,1501.0069580078125,1501.0069580078125,1501.0159912109375,1450.2039794921875,1483.06396484375,0,2.7968692733873146
19990618,1498.9150390625,1498.9150390625,1516.126953125,1480.98095703125,1511.8809814453125,0,-0.13936770473662596
19990621,1546.407958984375,1546.407958984375,1546.6109619140625,1503.4010009765625,1506.8260498046875,0,3.1684864508117583
19990622,1564.4439697265625,1564.4439697265625,1564.447998046875,1524.4949951171875,1551.875,0,1.1663164714977858
19990623,1606.5,1606.5,1606.5,1566.6290283203125,1571.27001953125,0,2.688241387180401
19990624,1654.1099853515625,1654.1099853515625,1654.550048828125,1611.9849853515625,1615.6300048828125,0,2.963584522350615
19990625,1593.8590087890625,1593.8590087890625,1705.2099609375,1591.0789794921875,1665.9849853515625,0,-3.6425012300312254
19990628,1693.1600341796875,1693.1600341796875,1693.1610107421875,1606.281982421875,1606.282958984375,0,6.230226440547537
19990629,1739.2049560546875,1739.2049560546875,1742.14697265625,1691.342041015625,1722.739013671875,0,2.7194666154111147
19990630,1689.427978515625,1689.427978515625,1756.1839599609375,1666.010009765625,1755.56103515625,0,-2.8620535702692296
19990701,1560.7869873046875,1560.7869873046875,1678.8380126953125,1540.0340576171875,1678.8380126953125,0,-7.614470273184704
19990702,1561.3890380859375,1561.3890380859375,1561.4169921875,1560.447021484375,1560.7869873046875,0,0.03857353925595941
19990705,1581.8189697265625,1581.8189697265625,1630.3819580078125,1573.7340087890625,1627.2459716796875,0,1.3084459505152912
19990706,1517.2530517578125,1517.2530517578125,1580.2320556640625,1504.365966796875,1568.8299560546875,0,-4.081751401673417
19990707,1568.6519775390625,1568.6519775390625,1568.6729736328125,1507.5460205078125,1515.1610107421875,0,3.3876304102141486
19990708,1577.987060546875,1577.987060546875,1591.1309814453125,1560.4310302734375,1579.1429443359375,0,0.5951022369192094
19990709,1584.75,1584.75,1594.5780029296875,1563.1629638671875,1577.791015625,0,0.4285801590021343
19990712,1559.7320556640625,1559.7320556640625,1589.9019775390625,1545.56298828125,1588.3800048828125,0,-1.5786682022992604
19990713,1524.821044921875,1524.821044921875,1547.343994140625,1511.4310302734375,1547.343994140625,0,-2.2382697473845248
19990714,1559.52001953125,1559.52001953125,1559.6629638671875,1526.219970703125,1526.97705078125,0,2.275609634647502
19990715,1549.3360595703125,1549.3360595703125,1567.8289794921875,1545.0699462890625,1565.0400390625,0,-0.6530188669202519
19990716,1519.740966796875,1519.740966796875,1547.60595703125,1512.7840576171875,1547.4599609375,0,-1.9101790467360158
19990719,1479.0760498046875,1479.0760498046875,1509.9940185546875,1473.2340087890625,1500.448974609375,0,-2.675779483519225
19990720,1574.60302734375,1574.60302734375,1574.7490234375,1471.509033203125,1476.0269775390625,0,6.458557526617836
19990721,1609.81103515625,1609.81103515625,1626.9520263671875,1573.699951171875,1586.885009765625,0,2.2359926407542474
19990722,1550.72998046875,1550.72998046875,1606.85595703125,1548.4949951171875,1606.85595703125,0,-3.670061479095621
19990723,1585.97998046875,1585.97998046875,1597.1839599609375,1552.237060546875,1552.2449951171875,0,2.2731230094193977
19990726,1602.031005859375,1602.031005859375,1607.072021484375,1587.376953125,1592.4139404296875,0,1.0120572509295434
19990727,1590.7130126953125,1590.7130126953125,1607.0469970703125,1580.8170166015625,1605.3719482421875,0,-0.7064777849284609
19990728,1597.198974609375,1597.198974609375,1609.7939453125,1584.2459716796875,1592.4520263671875,0,0.407739288124187
19990729,1595.8599853515625,1595.8599853515625,1615.7490234375,1585.8389892578125,1610.115966796875,0,-0.08383359112410504
19990730,1601.458984375,1601.458984375,1605.27294921875,1587.3380126953125,1599.93798828125,0,0.35084525427235835
19990802,1616.2760009765625,1616.2760009765625,1622.383056640625,1603.3690185546875,1607.06201171875,0,0.9252198617715646
19990803,1626.8409423828125,1626.8409423828125,1626.9100341796875,1609.1240234375,1622.301025390625,0,0.6536594863665979
19990804,1649.1280517578125,1649.1280517578125,1649.258056640625,1630.989990234375,1630.989990234375,0,1.3699624096229268
19990805,1653.5369873046875,1653.5369873046875,1658.68994140625,1641.862060546875,1654.5260009765625,0,0.2673494967340817
19990806,1646.593017578125,1646.593017578125,1656.5849609375,1601.843017578125,1655.3060302734375,0,-0.4199464408644049
19990809,1628.8360595703125,1628.8360595703125,1651.635009765625,1624.720947265625,1650.2769775390625,0,-1.0784060067210888
19990810,1602.14697265625,1602.14697265625,1623.0260009765625,1597.219970703125,1622.967041015625,0,-1.6385373320567997
19990811,1583.4010009765625,1583.4010009765625,1607.677001953125,1574.7139892578125,1598.0150146484375,0,-1.1700531848590656
19990812,1575.6419677734375,1575.6419677734375,1594.8890380859375,1566.7139892578125,1583.511962890625,0,-0.4900232599537091
19990813,1571.9010009765625,1571.9010009765625,1591.4930419921875,1569.302001953125,1581.22998046875,0,-0.2374249273241591
19990816,1560.0679931640625,1560.0679931640625,1570.2110595703125,1546.8370361328125,1568.8990478515625,0,-0.7527832735743867
19990817,1576.405029296875,1576.405029296875,1596.1510009765625,1562.56005859375,1562.56005859375,0,1.047200263347392
19990818,1581.928955078125,1581.928955078125,1582.0159912109375,1555.9759521484375,1578.262939453125,0,0.3504128494003833
19990819,1637.7430419921875,1637.7430419921875,1645.842041015625,1587.8699951171875,1587.89794921875,0,3.5282296802833457
19990820,1628.9339599609375,1628.9339599609375,1651.1739501953125,1627.0389404296875,1645.54296875,0,-0.5378793745650423
19990823,1644.9990234375,1644.9990234375,1645.0040283203125,1626.9539794921875,1631.43505859375,0,0.9862317240256768
19990824,1648.468994140625,1648.468994140625,1655.1419677734375,1638.9630126953125,1650.5369873046875,0,0.2109405935010189
19990825,1625.7650146484375,1625.7650146484375,1651.092041015625,1618.5400390625,1649.6090087890625,0,-1.3772767078354065
19990826,1638.2330322265625,1638.2330322265625,1638.2330322265625,1615.85498046875,1622.166015625,0,0.7669015796124334
19990827,1633.9000244140625,1633.9000244140625,1644.470947265625,1627.2550048828125,1642.06103515625,0,-0.2644927630723548
19990830,1619.0389404296875,1619.0389404296875,1637.31005859375,1614.447998046875,1635.552978515625,0,-0.9095467141390312
19990831,1627.115966796875,1627.115966796875,1630.0140380859375,1609.7960205078125,1622.876953125,0,0.498877832119593
19990901,1599.552001953125,1599.552001953125,1629.0760498046875,1595.9630126953125,1627.821044921875,0,-1.6940381267361193
19990902,1611.9580078125,1611.9580078125,1614.10595703125,1572.4169921875,1591.5830078125,0,0.7755925311728973
19990903,1587.886962890625,1587.886962890625,1614.4119873046875,1583.449951171875,1613.303955078125,0,-1.4932798996755814
19990906,1560.677978515625,1560.677978515625,1577.56201171875,1556.833984375,1577.5050048828125,0,-1.7135340871788585
19990907,1562.779052734375,1562.779052734375,1574.64794921875,1556.740966796875,1558.8609619140625,0,0.13462573622959884
19990908,1571.5980224609375,1571.5980224609375,1581.9320068359375,1563.60498046875,1563.6209716796875,0,0.5643132796752104
19990909,1675.1219482421875,1675.1219482421875,1675.260986328125,1590.7010498046875,1590.7110595703125,0,6.587175874600781
19990910,1659.928955078125,1659.928955078125,1695.64404296875,1656.7230224609375,1690.0250244140625,0,-0.9069783355179273
19990913,1670.1429443359375,1670.1429443359375,1671.6400146484375,1656.16796875,1664.5140380859375,0,0.6153268925495503
19990914,1672.8919677734375,1672.8919677734375,1681.8470458984375,1668.1280517578125,1675.7060546875,0,0.1645980930448543
19990915,1662.802978515625,1662.802978515625,1679.135009765625,1657.7860107421875,1675.1910400390625,0,-0.6030867176223365
19990916,1645.510986328125,1645.510986328125,1664.9610595703125,1643.97998046875,1662.4630126953125,0,-1.0399303111025548
19990917,1648.5579833984375,1648.5579833984375,1662.1650390625,1636.47705078125,1644.802978515625,0,0.18517026599207398
19990920,1633.8349609375,1633.8349609375,1651.5350341796875,1628.89404296875,1649.1209716796875,0,-0.8930849026363319
19990921,1625.5880126953125,1625.5880126953125,1630.26904296875,1617.81201171875,1630.02099609375,0,-0.5047601770900689
19990922,1617.0570068359375,1617.0570068359375,1632.4110107421875,1613.58203125,1625.1650390625,0,-0.5247950767814813
19990923,1604.2030029296875,1604.2030029296875,1622.6669921875,1597.114990234375,1618.7679443359375,0,-0.7949010982241878
19990924,1619.3260498046875,1619.3260498046875,1631.3990478515625,1609.8270263671875,1609.8270263671875,0,0.9427140360279473
19990927,1602.157958984375,1602.157958984375,1629.1910400390625,1598.7049560546875,1624.458984375,0,-1.0601997554713138
19990928,1591.4320068359375,1591.4320068359375,1606.02294921875,1586.5489501953125,1602.7939453125,0,-0.6694690800173486
19990929,1584.9539794921875,1584.9539794921875,1608.60302734375,1580.9990234375,1593.718994140625,0,-0.40705649477476014
19990930,1570.7020263671875,1570.7020263671875,1595.0059814453125,1567.7239990234375,1588.9859619140625,0,-0.8992029616889052
19991008,1534.5150146484375,1534.5150146484375,1568.375,1531.7989501953125,1568.238037109375,0,-2.3038750260254925
19991011,1522.47998046875,1522.47998046875,1538.343017578125,1516.6219482421875,1529.219970703125,0,-0.7842891118562845
19991012,1537.7960205078125,1537.7960205078125,1538.279052734375,1526.448974609375,1526.448974609375,0,1.005992869236083
19991013,1507.4219970703125,1507.4219970703125,1544.448974609375,1504.387939453125,1540.5989990234375,0,-1.9751659539000377
19991014,1508.7259521484375,1508.7259521484375,1535.2440185546875,1494.93994140625,1504.4969482421875,0,0.08650232520550638
19991015,1543.7979736328125,1543.7979736328125,1550.708984375,1515.907958984375,1515.907958984375,0,2.3246117980824987
19991018,1501.6650390625,1501.6650390625,1549.3680419921875,1499.4639892578125,1547.2669677734375,0,-2.729174107617638
19991019,1470.9000244140625,1470.9000244140625,1493.4859619140625,1468.0980224609375,1493.469970703125,0,-2.0487268364218103
19991020,1485.8270263671875,1485.8270263671875,1490.758056640625,1463.426025390625,1469.2840576171875,0,1.0148209739184066
19991021,1458.530029296875,1458.530029296875,1488.0050048828125,1452.708984375,1486.925048828125,0,-1.8371584703942956
19991022,1497.4620361328125,1497.4620361328125,1512.9300537109375,1457.498046875,1457.635009765625,0,2.6692633030466872
19991025,1468.2659912109375,1468.2659912109375,1499.385009765625,1465.136962890625,1499.137939453125,0,-1.9497018433451307
19991026,1482.6669921875,1482.6669921875,1496.4520263671875,1467.5050048828125,1467.52197265625,0,0.9808168998510558
19991027,1536.821044921875,1536.821044921875,1537.300048828125,1504.9940185546875,1509.6400146484375,0,3.652475776403241
19991028,1514.5250244140625,1514.5250244140625,1542.0450439453125,1507.791015625,1541.2869873046875,0,-1.450788338790998
19991029,1504.56298828125,1504.56298828125,1520.4720458984375,1494.7060546875,1515.1839599609375,0,-0.6577663605569439
19991101,1493.095947265625,1493.095947265625,1506.9940185546875,1488.2340087890625,1501.7349853515625,0,-0.7621509438248575
19991102,1487.468994140625,1487.468994140625,1499.8719482421875,1481.5670166015625,1491.758056640625,0,-0.376864804656718
19991103,1475.6839599609375,1475.6839599609375,1492.3060302734375,1472.72998046875,1488.365966796875,0,-0.7922877200204237
19991104,1464.8280029296875,1464.8280029296875,1474.135009765625,1457.1400146484375,1474.135009765625,0,-0.7356559619674519
19991105,1465.2320556640625,1465.2320556640625,1478.8289794921875,1460.675048828125,1464.60302734375,0,0.027583629857352854
19991108,1471.375,1471.375,1477.135009765625,1458.6529541015625,1464.4930419921875,0,0.419247197888617
19991109,1464.030029296875,1464.030029296875,1479.833984375,1461.4830322265625,1474.001953125,0,-0.4991909406592443
19991110,1450.1519775390625,1450.1519775390625,1463.72998046875,1436.741943359375,1463.68798828125,0,-0.9479349111764956
19991111,1443.905029296875,1443.905029296875,1459.447021484375,1440.9830322265625,1449.6219482421875,0,-0.4307788658667877
19991112,1450.3270263671875,1450.3270263671875,1452.9329833984375,1444.126953125,1446.260009765625,0,0.4447658911084895
19991115,1451.5360107421875,1451.5360107421875,1454.0880126953125,1436.6810302734375,1451.5489501953125,0,0.08335943225359355
19991116,1431.3189697265625,1431.3189697265625,1469.595947265625,1428.748046875,1463.3370361328125,0,-1.3928032695026182
19991117,1462.7900390625,1462.7900390625,1462.8480224609375,1427.3580322265625,1429.7120361328125,0,2.1987460518286595
19991118,1482.4520263671875,1482.4520263671875,1498.0810546875,1454.468017578125,1466.488037109375,0,1.344142821569183
19991119,1468.4720458984375,1468.4720458984375,1489.89794921875,1466.345947265625,1485.052978515625,0,-0.9430308853237257
19991122,1464.5880126953125,1464.5880126953125,1468.9439697265625,1457.6080322265625,1468.218017578125,0,-0.26449486825257384
19991123,1466.4339599609375,1466.4339599609375,1471.9110107421875,1461.383056640625,1464.9339599609375,0,0.12603867091796062
19991124,1454.5780029296875,1454.5780029296875,1467.842041015625,1451.032958984375,1466.0909423828125,0,-0.808488984499911
19991125,1444.240966796875,1444.240966796875,1451.8900146484375,1439.9439697265625,1451.876953125,0,-0.7106553317864361
19991126,1444.512939453125,1444.512939453125,1449.030029296875,1441.5169677734375,1443.4420166015625,0,0.018831528983231927
19991129,1435.468017578125,1435.468017578125,1444.5849609375,1432.9580078125,1444.010986328125,0,-0.6261572069007793
19991130,1434.9730224609375,1434.9730224609375,1439.60498046875,1429.553955078125,1433.89599609375,0,-0.03448318674648121
19991201,1447.115966796875,1447.115966796875,1447.6820068359375,1432.946044921875,1434.97802734375,0,0.846214120117228
19991202,1435.8370361328125,1435.8370361328125,1447.8089599609375,1433.5389404296875,1446.68603515625,0,-0.7794075197047223
19991203,1437.2330322265625,1437.2330322265625,1440.5419921875,1430.6639404296875,1436.02001953125,0,0.09722524622362005
19991206,1426.9949951171875,1426.9949951171875,1437.1800537109375,1422.72705078125,1436.802001953125,0,-0.7123435712797499
19991207,1428.260986328125,1428.260986328125,1438.0360107421875,1424.760986328125,1426.68603515625,0,0.08871728459241002
19991208,1424.8480224609375,1424.8480224609375,1430.97705078125,1422.0469970703125,1428.77294921875,0,-0.23895939886741102
19991209,1416.7259521484375,1416.7259521484375,1424.9119873046875,1413.625,1424.9119873046875,0,-0.5700306407747213
19991210,1428.93896484375,1428.93896484375,1429.010986328125,1413.4530029296875,1416.3699951171875,0,0.8620589378483423
19991213,1417.1070556640625,1417.1070556640625,1430.406005859375,1415.2850341796875,1429.1939697265625,0,-0.8280206132514012
19991214,1422.262939453125,1422.262939453125,1422.3570556640625,1411.0670166015625,1415.7120361328125,0,0.363831636322387
19991215,1451.0570068359375,1451.0570068359375,1461.8990478515625,1423.741943359375,1423.761962890625,0,2.0245249021171974
19991216,1434.866943359375,1434.866943359375,1451.9429931640625,1432.8299560546875,1451.7249755859375,0,-1.1157427585746782
19991217,1419.551025390625,1419.551025390625,1438.2249755859375,1416.7430419921875,1434.6319580078125,0,-1.067410329552343
19991221,1395.4969482421875,1395.4969482421875,1416.501953125,1388.0589599609375,1416.5,0,-1.6944848560000447
19991222,1387.510009765625,1387.510009765625,1397.1689453125,1383.56494140625,1393.8270263671875,0,-0.5723365061187091
19991223,1369.4610595703125,1369.4610595703125,1387.1949462890625,1364.9200439453125,1386.7900390625,0,-1.3008158548968751
19991224,1355.366943359375,1355.366943359375,1375.9219970703125,1352.0999755859375,1367.68701171875,0,-1.0291724698882398
19991227,1345.35205078125,1345.35205078125,1359.0789794921875,1341.052001953125,1353.5269775390625,0,-0.7389063623834846
19991228,1348.821044921875,1348.821044921875,1368.2459716796875,1342.9410400390625,1346.4520263671875,0,0.2578502882283118
19991229,1356.926025390625,1356.926025390625,1358.1419677734375,1341.9329833984375,1350.2669677734375,0,0.6008936841002122
19991230,1366.5799560546875,1366.5799560546875,1366.677978515625,1357.81494140625,1357.81494140625,0,0.7114559293151856
20000104,1406.3709716796875,1406.3709716796875,1407.5179443359375,1361.2139892578125,1368.6929931640625,0,2.9117224681003417
20000105,1409.6820068359375,1409.6820068359375,1433.780029296875,1398.322998046875,1407.8289794921875,0,0.23543113608890387
20000106,1463.9420166015625,1463.9420166015625,1463.9549560546875,1400.2530517578125,1406.0360107421875,0,3.8490957182189423
20000107,1516.60400390625,1516.60400390625,1522.824951171875,1477.154052734375,1477.154052734375,0,3.597272754486447
20000110,1545.112060546875,1545.112060546875,1546.7230224609375,1506.404052734375,1531.7120361328125,0,1.87972974930819
20000111,1479.781005859375,1479.781005859375,1547.7080078125,1468.7569580078125,1547.677978515625,0,-4.228240550033425
20000112,1438.02001953125,1438.02001953125,1489.280029296875,1434.9959716796875,1473.760986328125,0,-2.8221058496336493
20000113,1424.4420166015625,1424.4420166015625,1444.0660400390625,1418.81396484375,1437.4530029296875,0,-0.9442151531460219
20000114,1408.8480224609375,1408.8480224609375,1433.4739990234375,1401.7060546875,1426.2239990234375,0,-1.0947440442559575
20000117,1433.3299560546875,1433.3299560546875,1433.383056640625,1402.6629638671875,1408.988037109375,0,1.737727079389706
20000118,1426.623046875,1426.623046875,1443.592041015625,1421.6419677734375,1436.887939453125,0,-0.46792499880129457
20000119,1440.7239990234375,1440.7239990234375,1443.6719970703125,1425.1429443359375,1425.8740234375,0,0.9884147167904977
20000120,1466.863037109375,1466.863037109375,1466.9010009765625,1443.093994140625,1443.093994140625,0,1.814298790306479
20000121,1465.0849609375,1465.0849609375,1476.4560546875,1458.925048828125,1471.905029296875,0,-0.12121623675097615
20000124,1477.343994140625,1477.343994140625,1477.4119873046875,1449.4720458984375,1465.8580322265625,0,0.8367455492328979
20000125,1476.5059814453125,1476.5059814453125,1490.4639892578125,1467.43798828125,1483.032958984375,0,-0.056724276717956545
20000126,1481.116943359375,1481.116943359375,1482.4639892578125,1469.97998046875,1477.2950439453125,0,0.3122887392267071
20000127,1506.7669677734375,1506.7669677734375,1506.9219970703125,1485.2340087890625,1490.447021484375,0,1.7318027809394065
20000128,1534.9969482421875,1534.9969482421875,1536.345947265625,1510.7449951171875,1514.5579833984375,0,1.8735465451877875
20000214,1673.9429931640625,1673.9429931640625,1674.1319580078125,1587.8179931640625,1591.4449462890625,0,9.051877600212176
20000215,1670.6700439453125,1670.6700439453125,1746.4429931640625,1663.0050048828125,1709.2239990234375,0,-0.1955233381373156
20000216,1693.1090087890625,1693.1090087890625,1695.8809814453125,1649.698974609375,1674.93603515625,0,1.3431117009053528
20000217,1640.6490478515625,1640.6490478515625,1770.8800048828125,1615.6290283203125,1734.2679443359375,0,-3.0984396554017635
20000218,1668.0909423828125,1668.0909423828125,1668.1639404296875,1583.58203125,1623.9610595703125,0,1.6726242926349943
20000221,1677.135986328125,1677.135986328125,1697.010009765625,1652.4759521484375,1681.3609619140625,0,0.5422392577944191
20000222,1632.2939453125,1632.2939453125,1687.510986328125,1627.467041015625,1681.2989501953125,0,-2.6737271981028154
20000223,1594.9300537109375,1594.9300537109375,1630.5460205078125,1586.634033203125,1618.008056640625,0,-2.2890418547995783
20000224,1634.3089599609375,1634.3089599609375,1634.322998046875,1593.928955078125,1593.947998046875,0,2.469005218026754
20000225,1631.5760498046875,1631.5760498046875,1650.364990234375,1618.177001953125,1639.9189453125,0,-0.16722114503461283
20000228,1704.85498046875,1704.85498046875,1704.884033203125,1639.696044921875,1639.7989501953125,0,4.491297274977435
20000229,1714.5780029296875,1714.5780029296875,1733.1409912109375,1678.3499755859375,1728.135986328125,0,0.5703137552652171
20000301,1704.85498046875,1704.85498046875,1721.1400146484375,1692.509033203125,1720.5970458984375,0,-0.5670796221766472
20000302,1713.0140380859375,1713.0140380859375,1721.5980224609375,1682.5350341796875,1697.56201171875,0,0.4785778092952109
20000303,1738.02099609375,1738.02099609375,1750.64501953125,1721.7049560546875,1728.35498046875,0,1.459822129406163
20000306,1681.0849609375,1681.0849609375,1762.8289794921875,1678.7440185546875,1756.31298828125,0,-3.2759118148868893
20000307,1694.7979736328125,1694.7979736328125,1694.886962890625,1654.4439697265625,1661.947998046875,0,0.8157239529205551
20000308,1726.032958984375,1726.032958984375,1726.04296875,1690.116943359375,1699.4620361328125,0,1.8429916625761544
20000309,1732.345947265625,1732.345947265625,1741.2239990234375,1714.9210205078125,1734.7669677734375,0,0.3657513171106963
20000310,1705.0489501953125,1705.0489501953125,1743.1390380859375,1701.79296875,1731.93994140625,0,-1.5757243588325198
20000313,1728.886962890625,1728.886962890625,1729.0069580078125,1706.3489990234375,1706.76904296875,0,1.3980837730542595
20000314,1685.3470458984375,1685.3470458984375,1700.373046875,1636.8929443359375,1690.6529541015625,0,-2.5183784669988274
20000315,1681.470947265625,1681.470947265625,1695.1619873046875,1676.5439453125,1680.2960205078125,0,-0.2299881583585739
20000316,1607.5269775390625,1607.5269775390625,1671.177978515625,1596.072021484375,1671.0970458984375,0,-4.397576410511805
20000317,1658.6009521484375,1658.6009521484375,1661.9759521484375,1602.3349609375,1602.363037109375,0,3.177176826454464
20000320,1699.248046875,1699.248046875,1699.281005859375,1641.7650146484375,1646.31005859375,0,2.4506856018568612
20000321,1710.323974609375,1710.323974609375,1713.2049560546875,1692.6839599609375,1704.0849609375,0,0.6518134744803339
20000322,1720.446044921875,1720.446044921875,1726.5899658203125,1711.157958984375,1713.240966796875,0,0.5918218105322337
20000323,1747.240966796875,1747.240966796875,1747.282958984375,1711.405029296875,1724.18798828125,0,1.5574404064625513
20000324,1730.4990234375,1730.4990234375,1770.262939453125,1729.4830322265625,1761.4439697265625,0,-0.9581931558110823
20000327,1775.9139404296875,1775.9139404296875,1776.02099609375,1736.696044921875,1736.696044921875,0,2.624382699851191
20000328,1791.4410400390625,1791.4410400390625,1799.9520263671875,1774.4820556640625,1788.8270263671875,0,0.8743159933537248
20000329,1788.8070068359375,1788.8070068359375,1803.8270263671875,1763.6199951171875,1797.8809814453125,0,-0.14703432288609708
20000330,1810.9840087890625,1810.9840087890625,1811.06298828125,1790.8489990234375,1793.676025390625,0,1.239764930949816
20000331,1800.2249755859375,1800.2249755859375,1810.89697265625,1780.4110107421875,1810.552978515625,0,-0.594098741397453
20000403,1801.0030517578125,1801.0030517578125,1816.8599853515625,1798.2540283203125,1799.574951171875,0,0.043221051947783806
20000404,1760.6920166015625,1760.6920166015625,1795.1610107421875,1755.97998046875,1795.1610107421875,0,-2.238254683516816
20000405,1771.198974609375,1771.198974609375,1776.7149658203125,1746.302001953125,1756.300048828125,0,0.5967516129307349
20000406,1809.1409912109375,1809.1409912109375,1809.1689453125,1775.676025390625,1775.7840576171875,0,2.142165682425956
20000407,1819.89599609375,1819.89599609375,1822.614990234375,1807.54296875,1816.7860107421875,0,0.594481299968419
20000410,1826.06103515625,1826.06103515625,1831.85302734375,1815.990966796875,1826.6109619140625,0,0.33875776834131344
20000411,1821.1739501953125,1821.1739501953125,1828.0570068359375,1812.008056640625,1826.4029541015625,0,-0.267629880209308
20000412,1807.3280029296875,1807.3280029296875,1823.83203125,1785.3270263671875,1822.39794921875,0,-0.7602759343301679
20000413,1831.5479736328125,1831.5479736328125,1832.0830078125,1807.7120361328125,1807.8370361328125,0,1.3400982369478287
20000414,1833.6650390625,1833.6650390625,1840.18896484375,1820.6719970703125,1835.8609619140625,0,0.11558886036102667
20000417,1795.0579833984375,1795.0579833984375,1829.928955078125,1778.8780517578125,1829.614990234375,0,-2.105458458421672
20000418,1813.4949951171875,1813.4949951171875,1813.571044921875,1779.2939453125,1794.3389892578125,0,1.027098393994197
20000419,1828.7099609375,1828.7099609375,1831.5699462890625,1817.2110595703125,1819.0810546875,0,0.8389858180628318
20000420,1847.0269775390625,1847.0269775390625,1847.510009765625,1831.4849853515625,1831.656982421875,0,1.001635961569991
20000421,1841.06396484375,1841.06396484375,1858.2650146484375,1834.8470458984375,1851.3070068359375,0,-0.32284383324262533
20000424,1837.39794921875,1837.39794921875,1848.9730224609375,1827.1669921875,1844.6949462890625,0,-0.19912483732259512
20000425,1833.468994140625,1833.468994140625,1841.8599853515625,1815.6319580078125,1838.050048828125,0,-0.21383256032235787
20000426,1832.779052734375,1832.779052734375,1842.886962890625,1826.3919677734375,1835.666015625,0,-0.03763038308555178
20000427,1806.8299560546875,1806.8299560546875,1840.572021484375,1803.5770263671875,1835.6009521484375,0,-1.4158333292260905
20000428,1836.321044921875,1836.321044921875,1836.3289794921875,1797.7130126953125,1805.5030517578125,0,1.6322005714130894
20000508,1836.636962890625,1836.636962890625,1852.9029541015625,1828.0970458984375,1848.1729736328125,0,0.017203852758962412
20000509,1806.637939453125,1806.637939453125,1839.2879638671875,1799.822021484375,1838.9959716796875,0,-1.633367074910952
20000510,1752.68896484375,1752.68896484375,1801.6400146484375,1750.011962890625,1801.426025390625,0,-2.9861530875248565
20000511,1724.0479736328125,1724.0479736328125,1762.125,1718.8919677734375,1750.8590087890625,0,-1.634117164279103
20000512,1720.6080322265625,1720.6080322265625,1740.9539794921875,1715.0579833984375,1725.8680419921875,0,-0.19952701194280165
20000515,1704.5870361328125,1704.5870361328125,1726.7239990234375,1695.531005859375,1722.635009765625,0,-0.9311241022755157
20000516,1724.5379638671875,1724.5379638671875,1725.9029541015625,1706.72802734375,1706.72802734375,0,1.170425875092751
20000517,1725.39794921875,1725.39794921875,1736.2740478515625,1722.7120361328125,1727.426025390625,0,0.04986758016241044
20000518,1758.5369873046875,1758.5369873046875,1758.5400390625,1719.843994140625,1725.60400390625,0,1.9206605699828572
20000519,1777.8280029296875,1777.8280029296875,1777.9830322265625,1754.884033203125,1761.791015625,0,1.0969923160141892
20000522,1824.7359619140625,1824.7359619140625,1830.927001953125,1783.303955078125,1785.89404296875,0,2.638498150950208
20000523,1832.074951171875,1832.074951171875,1836.991943359375,1811.5770263671875,1834.43603515625,0,0.402194586558946
20000524,1855.4930419921875,1855.4930419921875,1861.4840087890625,1831.842041015625,1835.56298828125,0,1.2782277714857182
20000525,1880.7039794921875,1880.7039794921875,1880.718994140625,1860.779052734375,1866.56298828125,0,1.3587190536124005
20000526,1879.616943359375,1879.616943359375,1890.68603515625,1860.9189453125,1885.751953125,0,-0.05779942748385114
20000529,1898.748046875,1898.748046875,1900.6739501953125,1882.741943359375,1885.5460205078125,0,1.0178192734011438
20000530,1877.470947265625,1877.470947265625,1908.3060302734375,1868.6099853515625,1903.530029296875,0,-1.1205857272318598
20000531,1894.553955078125,1894.553955078125,1894.5830078125,1869.3380126953125,1875.4630126953125,0,0.9098946557537957
20000601,1903.488037109375,1903.488037109375,1906.8170166015625,1889.9949951171875,1900.532958984375,0,0.4715665134425562
20000602,1916.25,1916.25,1916.25,1897.7130126953125,1906.1619873046875,0,0.6704514366166148
20000605,1899.092041015625,1899.092041015625,1930.3349609375,1889.81494140625,1921.968994140625,0,-0.8953925106001348
20000606,1925.5439453125,1925.5439453125,1925.552001953125,1891.6650390625,1898.5909423828125,0,1.3928711050112508
20000607,1935.031005859375,1935.031005859375,1940.219970703125,1921.383056640625,1934.3759765625,0,0.49269509376661524
20000608,1925.2060546875,1925.2060546875,1938.553955078125,1913.364990234375,1937.1949462890625,0,-0.5077412786732904
20000609,1900.7869873046875,1900.7869873046875,1929.946044921875,1896.06103515625,1926.1500244140625,0,-1.268387210987465
20000612,1912.5570068359375,1912.5570068359375,1912.5889892578125,1884.615966796875,1896.427978515625,0,0.6192182295997162
20000613,1938.6739501953125,1938.6739501953125,1938.6739501953125,1917.18994140625,1918.1920166015625,0,1.3655511059815106
20000614,1932.2900390625,1932.2900390625,1949.1710205078125,1929.7060546875,1944.43994140625,0,-0.3292926658538642
20000615,1942.2850341796875,1942.2850341796875,1942.3260498046875,1925.9139404296875,1933.0589599609375,0,0.5172616385290096
20000616,1926.9439697265625,1926.9439697265625,1947.4630126953125,1919.4029541015625,1945.697998046875,0,-0.7898461957518088
20000619,1915.2049560546875,1915.2049560546875,1926.98095703125,1910.468994140625,1924.6929931640625,0,-0.6092036850215643
20000620,1895.3480224609375,1895.3480224609375,1913.073974609375,1888.08203125,1913.073974609375,0,-1.036804626626242
20000621,1913.1309814453125,1913.1309814453125,1913.14697265625,1894.634033203125,1894.779052734375,0,0.9382424110842447
20000622,1913.9010009765625,1913.9010009765625,1921.14794921875,1906.303955078125,1918.1639404296875,0,0.04024917994209787
20000623,1939.626953125,1939.626953125,1939.634033203125,1913.6500244140625,1915.3070068359375,0,1.3441631586644798
20000626,1948.6390380859375,1948.6390380859375,1953.3389892578125,1943.248046875,1946.697998046875,0,0.46462980659336406
20000627,1942.89794921875,1942.89794921875,1952.4549560546875,1938.135009765625,1949.7779541015625,0,-0.29462043790453585
20000628,1947.781005859375,1947.781005859375,1953.06396484375,1940.053955078125,1943.9840087890625,0,0.2513285189573944
20000629,1937.260986328125,1937.260986328125,1951.1259765625,1924.4730224609375,1949.8470458984375,0,-0.5401027887428467
20000630,1928.10595703125,1928.10595703125,1941.4019775390625,1924.968994140625,1937.843017578125,0,-0.47257593899246997
20000703,1895.636962890625,1895.636962890625,1917.447021484375,1890.5279541015625,1917.4420166015625,0,-1.6839839129286327
20000704,1907.9310302734375,1907.9310302734375,1907.9439697265625,1888.2490234375,1891.2049560546875,0,0.6485454558802006
20000705,1909.18701171875,1909.18701171875,1918.9090576171875,1904.468017578125,1910.4200439453125,0,0.0658294993573394
20000706,1902.552001953125,1902.552001953125,1910.053955078125,1896.6590576171875,1909.237060546875,0,-0.3475306360717245
20000707,1932.7919921875,1932.7919921875,1932.8289794921875,1904.0849609375,1904.0849609375,0,1.589443558090986
20000710,1948.02099609375,1948.02099609375,1948.06298828125,1932.9549560546875,1938.843017578125,0,0.7879277215451452
20000711,1960.541015625,1960.541015625,1960.594970703125,1947.666015625,1952.259033203125,0,0.6427045476591786
20000712,1973.3740234375,1973.3740234375,1974.4139404296875,1960.3489990234375,1965.23095703125,0,0.6545646181449039
20000713,1979.2010498046875,1979.2010498046875,1984.0660400390625,1963.552978515625,1978.552001953125,0,0.29528240961829155
20000714,1987.1920166015625,1987.1920166015625,1987.2230224609375,1972.6219482421875,1981.7760009765625,0,0.4037470977323654
20000717,1982.47900390625,1982.47900390625,1997.93798828125,1980.2230224609375,1992.89404296875,0,-0.23716946605756295
20000718,1993.9859619140625,1993.9859619140625,1993.9940185546875,1981.7359619140625,1982.4969482421875,0,0.58043278063169
20000719,1998.426025390625,1998.426025390625,2004.4610595703125,1987.4200439453125,2000.3299560546875,0,0.2226727550428853
20000720,1991.56005859375,1991.56005859375,2003.802001953125,1979.875,1999.0889892578125,0,-0.34356872406787753
20000721,1996.3360595703125,1996.3360595703125,1998.3470458984375,1991.8380126953125,1994.4229736328125,0,0.23981204864766958
20000724,1989.239013671875,1989.239013671875,1999.9029541015625,1982.8809814453125,1998.2449951171875,0,-0.3555035668676432
20000725,1996.5770263671875,1996.5770263671875,1997.8489990234375,1989.0860595703125,1990.1490478515625,0,0.36888542024759996
20000726,2012.3189697265625,2012.3189697265625,2012.39501953125,1999.4029541015625,1999.4420166015625,0,0.7884465839025356
20000727,2012.3499755859375,2012.3499755859375,2024.998046875,2004.5489501953125,2017.45703125,0,0.0015408024195640024
20000728,2012.79296875,2012.79296875,2016.93994140625,2006.1719970703125,2014.113037109375,0,0.022013723727831724
20000731,2023.5389404296875,2023.5389404296875,2023.5679931640625,2008.636962890625,2016.14404296875,0,0.5338836058415453
20000801,2028.1510009765625,2028.1510009765625,2031.925048828125,2023.4530029296875,2027.012939453125,0,0.22792052353071135
20000802,2030.6829833984375,2030.6829833984375,2033.1910400390625,2018.48095703125,2030.7889404296875,0,0.12484190874624268
20000803,2036.301025390625,2036.301025390625,2038.654052734375,2030.1009521484375,2032.93701171875,0,0.2766577569279338
20000804,2026.3609619140625,2026.3609619140625,2041.282958984375,2013.449951171875,2037.468017578125,0,-0.48814312582569075
20000807,2039.4189453125,2039.4189453125,2039.4189453125,2017.9029541015625,2025.1820068359375,0,0.6444055942581572
20000808,2049.916015625,2049.916015625,2050.072998046875,2040.782958984375,2042.7449951171875,0,0.5147088751247919
20000809,2061.179931640625,2061.179931640625,2061.283935546875,2048.493896484375,2051.654052734375,0,0.5494818290002312
20000810,2065.943115234375,2065.943115234375,2067.7451171875,2053.861083984375,2065.304931640625,0,0.231090140197443
20000811,2062.666015625,2062.666015625,2070.298095703125,2055.199951171875,2067.783935546875,0,-0.15862487138244008
20000814,2076.305908203125,2076.305908203125,2076.327880859375,2065.93505859375,2065.93505859375,0,0.661274897380415
20000815,2076.822998046875,2076.822998046875,2082.736083984375,2066.159912109375,2079.069091796875,0,0.0249043188533582
20000816,2083.467041015625,2083.467041015625,2083.467041015625,2072.98388671875,2078.485107421875,0,0.31991378056763775
20000817,2091.5859375,2091.5859375,2092.3291015625,2086.55908203125,2086.80908203125,0,0.3896820215796293
20000818,2090.18310546875,2090.18310546875,2097.31494140625,2086.75390625,2093.632080078125,0,-0.06707025545059642
20000821,2108.68994140625,2108.68994140625,2108.87890625,2093.41796875,2095.3779296875,0,0.8854169708423454
20000822,2074.702880859375,2074.702880859375,2114.52197265625,2074.52001953125,2112.01708984375,0,-1.611761875442419
20000823,2057.9189453125,2057.9189453125,2080.14404296875,1980.344970703125,2064.044921875,0,-0.8089802015372349
20000824,2071.160888671875,2071.160888671875,2073.947021484375,2043.2060546875,2058.529052734375,0,0.6434628239142981
20000825,2086.702880859375,2086.702880859375,2086.720947265625,2066.3291015625,2073.715087890625,0,0.7504000424354507
20000828,2100.5849609375,2100.5849609375,2100.699951171875,2085.60107421875,2092.1220703125,0,0.6652638574212277
20000829,2105.47607421875,2105.47607421875,2105.634033203125,2094.60888671875,2103.032958984375,0,0.23284529653431196
20000830,2076.14306640625,2076.14306640625,2108.096923828125,2075.159912109375,2107.01904296875,0,-1.393176971786969
20000831,2021.198974609375,2021.198974609375,2064.760009765625,2019.447021484375,2062.8349609375,0,-2.646450174167514
20000901,1999.8590087890625,1999.8590087890625,2026.3509521484375,1997.717041015625,2009.1510009765625,0,-1.055807275205889
20000904,2010.60205078125,2010.60205078125,2010.60205078125,1981.22900390625,1994.885009765625,0,0.5371899691414939
20000905,1963.7919921875,1963.7919921875,2020.8470458984375,1959.592041015625,2015.06201171875,0,-2.328161287588526
20000906,1925.906982421875,1925.906982421875,1964.2650146484375,1923.5980224609375,1955.4990234375,0,-1.9291763036177967
20000907,1950.6629638671875,1950.6629638671875,1963.22802734375,1929.2960205078125,1929.2960205078125,0,1.2854193723406793
20000908,1959.31201171875,1959.31201171875,1963.8909912109375,1945.91796875,1955.1529541015625,0,0.4433901710224619
20000911,1972.04296875,1972.04296875,1972.0760498046875,1956.0780029296875,1963.27099609375,0,0.6497667015312292
20000912,1979.094970703125,1979.094970703125,1979.322021484375,1965.4010009765625,1975.4119873046875,0,0.357598798042158
20000913,1988.93603515625,1988.93603515625,1995.3170166015625,1975.1259765625,1980.5279541015625,0,0.4972507433349094
20000914,1979.5050048828125,1979.5050048828125,1992.365966796875,1973.02099609375,1989.9739990234375,0,-0.47417463944217086
20000915,1978.4339599609375,1978.4339599609375,1978.468994140625,1966.8790283203125,1978.0369873046875,0,-0.054106704415146645
20000918,1946.7530517578125,1946.7530517578125,1981.1290283203125,1946.176025390625,1979.530029296875,0,-1.6013123937556384
20000919,1903.154052734375,1903.154052734375,1937.366943359375,1895.489990234375,1937.3189697265625,0,-2.239575224195489
20000920,1922.2889404296875,1922.2889404296875,1922.2950439453125,1892.2760009765625,1902.9119873046875,0,1.0054303101643347
20000921,1907.3060302734375,1907.3060302734375,1927.5150146484375,1905.6529541015625,1924.8299560546875,0,-0.7794307006157353
20000922,1891.9840087890625,1891.9840087890625,1904.572998046875,1888.0909423828125,1904.572998046875,0,-0.8033331432490853
20000925,1875.9110107421875,1875.9110107421875,1896.7159423828125,1874.2099609375,1889.904052734375,0,-0.849531389917102
20000926,1887.8289794921875,1887.8289794921875,1890.6719970703125,1878.051025390625,1878.31103515625,0,0.6353163173387744
20000927,1914.0860595703125,1914.0860595703125,1914.10595703125,1889.873046875,1889.875,0,1.3908611618616007
20000928,1889.2889404296875,1889.2889404296875,1917.06103515625,1886.9410400390625,1915.4969482421875,0,-1.2955070132108726
20000929,1910.1610107421875,1910.1610107421875,1910.4859619140625,1888.0699462890625,1888.2010498046875,0,1.1047579788273643
20001009,1915.3499755859375,1915.3499755859375,1915.4949951171875,1897.238037109375,1912.0760498046875,0,0.27165065219993956
20001010,1942.1490478515625,1942.1490478515625,1942.1700439453125,1917.6829833984375,1917.89599609375,0,1.3991736553225387
20001011,1933.7259521484375,1933.7259521484375,1948.0140380859375,1931.4620361328125,1944.248046875,0,-0.43369975710374487
20001012,1926.323974609375,1926.323974609375,1933.3289794921875,1918.4659423828125,1933.1429443359375,0,-0.38278317208488843
20001013,1918.156982421875,1918.156982421875,1932.3179931640625,1911.3570556640625,1927.35400390625,0,-0.42396773830093437
20001016,1902.8089599609375,1902.8089599609375,1917.5550537109375,1897.906005859375,1917.446044921875,0,-0.800144232280664
20001017,1909.489990234375,1909.489990234375,1909.489990234375,1896.9449462890625,1902.072998046875,0,0.3511140852298089
20001018,1922.844970703125,1922.844970703125,1922.85205078125,1911.7049560546875,1911.7049560546875,0,0.6994003915731906
20001019,1913.4200439453125,1913.4200439453125,1927.365966796875,1911.1820068359375,1925.2139892578125,0,-0.4901553116040347
20001020,1947.4549560546875,1947.4549560546875,1947.468994140625,1912.3780517578125,1913.1619873046875,0,1.7787475477260006
20001023,1958.93798828125,1958.93798828125,1960.8599853515625,1945.6739501953125,1952.9560546875,0,0.5896430205413195
20001024,1956.343994140625,1956.343994140625,1962.1300048828125,1945.5269775390625,1960.365966796875,0,-0.13241838976745246
20001025,1977.2540283203125,1977.2540283203125,1978.991943359375,1957.31298828125,1957.3780517578125,0,1.068832180961743
20001026,1967.6729736328125,1967.6729736328125,1980.6259765625,1962.199951171875,1979.2960205078125,0,-0.48456367013393065
20001027,1967.405029296875,1967.405029296875,1971.7850341796875,1957.7440185546875,1968.1710205078125,0,-0.013617320536896127
20001030,1973.5780029296875,1973.5780029296875,1974.240966796875,1962.81201171875,1967.6529541015625,0,0.31376221677235083
20001031,1961.2869873046875,1961.2869873046875,1979.9940185546875,1956.4169921875,1974.5269775390625,0,-0.622778304518723
20001101,1977.363037109375,1977.363037109375,1977.373046875,1959.720947265625,1961.0810546875,0,0.8196684069565974
20001102,1984.260009765625,1984.260009765625,1992.8570556640625,1980.886962890625,1981.7650146484375,0,0.34879647929155766
20001103,1981.6309814453125,1981.6309814453125,1989.10595703125,1977.2099609375,1984.9859619140625,0,-0.13249414428420092
20001106,1991.1729736328125,1991.1729736328125,1992.8790283203125,1982.7509765625,1983.072998046875,0,0.48152215406627175
20001107,1997.0770263671875,1997.0770263671875,1997.0770263671875,1990.0589599609375,1993.4539794921875,0,0.2965112932204583
20001108,2012.907958984375,2012.907958984375,2012.988037109375,1998.344970703125,1999.1529541015625,0,0.7927051589985412
20001109,2032.4820556640625,2032.4820556640625,2032.5179443359375,2014.8380126953125,2016.219970703125,0,0.9724287984614888
20001110,2047.4580078125,2047.4580078125,2051.341064453125,2033.626953125,2037.083984375,0,0.7368307192037848
20001113,2070.7880859375,2070.7880859375,2071.68896484375,2053.43994140625,2054.47900390625,0,1.1394655243711638
20001114,2085.117919921875,2085.117919921875,2085.117919921875,2055.2119140625,2072.79296875,0,0.6919990549340893
20001115,2081.905029296875,2081.905029296875,2092.64990234375,2074.376953125,2087.277099609375,0,-0.15408675904144964
20001116,2095.98388671875,2095.98388671875,2096.048095703125,2080.60791015625,2081.138916015625,0,0.6762487829058195
20001117,2093.235107421875,2093.235107421875,2104.698974609375,2084.89892578125,2098.887939453125,0,-0.13114505861866466
20001120,2101.388916015625,2101.388916015625,2101.39794921875,2078.277099609375,2092.591064453125,0,0.3895314274464212
20001121,2097.98193359375,2097.98193359375,2112.912109375,2095.58203125,2104.068115234375,0,-0.16213002723621806
20001122,2113.302978515625,2113.302978515625,2113.347900390625,2091.6240234375,2097.281005859375,0,0.7302753506380544
20001123,2119.43896484375,2119.43896484375,2125.72412109375,2109.218994140625,2119.156005859375,0,0.29035052666395167
20001124,2053.3701171875,2053.3701171875,2125.406005859375,2045.5140380859375,2119.010009765625,0,-3.117280032695857
20001127,2049.6708984375,2049.6708984375,2062.805908203125,2031.9310302734375,2041.155029296875,0,-0.1801535299961854
20001128,2079.39599609375,2079.39599609375,2079.47900390625,2052.77587890625,2052.77587890625,0,1.4502375810141022
20001129,2064.794921875,2064.794921875,2082.90087890625,2055.93896484375,2081.49609375,0,-0.7021786252440099
20001130,2070.613037109375,2070.613037109375,2072.291015625,2057.041015625,2067.070068359375,0,0.2817769054319186
20001201,2081.843017578125,2081.843017578125,2082.028076171875,2071.4951171875,2073.089111328125,0,0.5423505149193542
20001204,2092.138916015625,2092.138916015625,2092.322998046875,2077.80908203125,2084.48388671875,0,0.49455690705619837
20001205,2091.669921875,2091.669921875,2097.2890625,2085.800048828125,2094.993896484375,0,-0.022416969400773645
20001206,2075.626953125,2075.626953125,2095.43603515625,2070.34912109375,2092.99609375,0,-0.7669933282598795
20001207,2075.0439453125,2075.0439453125,2078.14208984375,2060.72900390625,2072.531005859375,0,-0.028088275285798048
20001208,2073.1630859375,2073.1630859375,2083.27099609375,2069.659912109375,2074.56591796875,0,-0.09064190564488372
20001211,2046.0760498046875,2046.0760498046875,2072.47607421875,2039.0030517578125,2072.282958984375,0,-1.306555973167134
20001212,2059.052978515625,2059.052978515625,2059.052978515625,2037.9010009765625,2045.1700439453125,0,0.6342349157635763
20001213,2056.1201171875,2056.1201171875,2059.60107421875,2050.177978515625,2057.383056640625,0,-0.14243739033074077
20001214,2051.0791015625,2051.0791015625,2059.27294921875,2046.93798828125,2056.998046875,0,-0.24517126129262046
20001215,2039.364013671875,2039.364013671875,2055.60888671875,2036.8809814453125,2052.79296875,0,-0.5711670447863471
20001218,2044.5450439453125,2044.5450439453125,2044.56005859375,2024.2860107421875,2038.447998046875,0,0.25405127474564804
20001219,2049.031982421875,2049.031982421875,2056.757080078125,2046.029052734375,2047.3480224609375,0,0.21945901802702394
20001220,2071.26806640625,2071.26806640625,2071.30908203125,2048.64208984375,2050.068115234375,0,1.0851994588241043
20001221,2076.885986328125,2076.885986328125,2086.93896484375,2074.3359375,2075.56201171875,0,0.2712309436422755
20001222,2069.76806640625,2069.76806640625,2079.967041015625,2066.222900390625,2078.426025390625,0,-0.342720783361794
20001226,2076.26611328125,2076.26611328125,2076.407958984375,2068.81298828125,2070.376953125,0,0.31395048462037334
20001227,2058.243896484375,2058.243896484375,2079.761962890625,2055.998046875,2077.718017578125,0,-0.8680109298895844
20001228,2053.7041015625,2053.7041015625,2061.051025390625,2047.741943359375,2054.51708984375,0,-0.22056642216353728
20001229,2073.47705078125,2073.47705078125,2073.8779296875,2055.5048828125,2055.827880859375,0,0.9627944553310508
20010102,2103.468994140625,2103.468994140625,2103.5380859375,2074.882080078125,2077.075927734375,0,1.4464564895027232
20010103,2123.89892578125,2123.89892578125,2123.89990234375,2105.4970703125,2108.25390625,0,0.9712494787198711
20010104,2117.405029296875,2117.405029296875,2127.4189453125,2113.178955078125,2125.485107421875,0,-0.30575355566820894
20010105,2125.300048828125,2125.300048828125,2125.381103515625,2114.055908203125,2117.6640625,0,0.37286298190533085
20010108,2102.06396484375,2102.06396484375,2131.97998046875,2092.096923828125,2128.60205078125,0,-1.0933084011919725
20010109,2101.135009765625,2101.135009765625,2111.10009765625,2082.841064453125,2099.322998046875,0,-0.044192521905206394
20010110,2125.614990234375,2125.614990234375,2125.669921875,2102.06591796875,2102.0849609375,0,1.1650836502638873
20010111,2119.14111328125,2119.14111328125,2131.367919921875,2117.029052734375,2129.610107421875,0,-0.30456488982565366
20010112,2104.7470703125,2104.7470703125,2117.72705078125,2100.27294921875,2116.845947265625,0,-0.6792394748296182
20010115,2032.4429931640625,2032.4429931640625,2097.092041015625,2030.2879638671875,2097.091064453125,0,-3.4352857960126437
20010116,2045.886962890625,2045.886962890625,2045.946044921875,2007.7060546875,2018.2979736328125,0,0.6614684776783397
20010117,2034.583984375,2034.583984375,2048.695068359375,2031.7559814453125,2046.376953125,0,-0.5524732656615128
20010118,2043.1099853515625,2043.1099853515625,2049.35498046875,2033.5760498046875,2033.68603515625,0,0.41905377423785417
20010119,2065.60595703125,2065.60595703125,2067.876953125,2046.541015625,2046.5810546875,0,1.1010651331047505
20010205,2008.031982421875,2008.031982421875,2072.547119140625,2005.6829833984375,2069.85595703125,0,-2.7872680369358527
20010206,1995.31494140625,1995.31494140625,1999.7249755859375,1956.177978515625,1999.7230224609375,0,-0.6333086886538108
20010207,1979.93896484375,1979.93896484375,1998.25,1978.5989990234375,1995.60302734375,0,-0.7706039905491457
20010208,1930.137939453125,1930.137939453125,1986.89794921875,1926.4000244140625,1977.5589599609375,0,-2.5152808381926572
20010209,1956.969970703125,1956.969970703125,1963.3289794921875,1935.18798828125,1935.18798828125,0,1.3901613300033144
20010212,1961.220947265625,1961.220947265625,1961.81005859375,1935.5870361328125,1958.655029296875,0,0.21722237061065908
20010213,1963.5279541015625,1963.5279541015625,1973.9990234375,1958.990966796875,1962.5269775390625,0,0.11763115416210113
20010214,1963.199951171875,1963.199951171875,1966.8399658203125,1956.4229736328125,1962.738037109375,0,-0.016704775147324824
20010215,1946.47900390625,1946.47900390625,1966.9229736328125,1944.56005859375,1963.448974609375,0,-0.8517190139315067
20010216,1941.9639892578125,1941.9639892578125,1942.123046875,1911.8709716796875,1942.0489501953125,0,-0.231958045238434
20010219,1967.550048828125,1967.550048828125,1969.3470458984375,1935.6510009765625,1942.5789794921875,0,1.3175352226840742
20010220,1953.218017578125,1953.218017578125,1980.385986328125,1947.2550048828125,1969.7769775390625,0,-0.7284201618421915
20010221,1909.3260498046875,1909.3260498046875,1948.4169921875,1901.2049560546875,1948.4169921875,0,-2.247161728922664
20010222,1907.260009765625,1907.260009765625,1922.45703125,1893.782958984375,1901.9930419921875,0,-0.10820781706056826
20010223,1936.345947265625,1936.345947265625,1936.634033203125,1906.551025390625,1906.9139404296875,0,1.5250116581416728
20010226,1954.6929931640625,1954.6929931640625,1954.779052734375,1935.5469970703125,1940.77001953125,0,0.9475086786194353
20010227,1962.0419921875,1962.0419921875,1962.2840576171875,1946.97998046875,1956.27197265625,0,0.3759669190577908
20010228,1959.1800537109375,1959.1800537109375,1965.02099609375,1950.9310302734375,1964.35595703125,0,-0.1458653019638878
20010301,1965.1209716796875,1965.1209716796875,1968.3570556640625,1953.720947265625,1959.009033203125,0,0.30323491490724663
20010302,1985.1109619140625,1985.1109619140625,1987.3890380859375,1968.9610595703125,1969.0560302734375,0,1.0172396774783987
20010305,1984.199951171875,1984.199951171875,1993.8050537109375,1979.654052734375,1991.280029296875,0,-0.04589218233468362
20010306,1990.06005859375,1990.06005859375,1990.06005859375,1977.1109619140625,1986.7320556640625,0,0.29533855287184885
20010307,1991.177001953125,1991.177001953125,1996.85302734375,1986.0439453125,1991.2760009765625,0,0.05612611310656934
20010308,2000.9000244140625,2000.9000244140625,2002.251953125,1989.8690185546875,1990.636962890625,0,0.4883052813185573
20010309,2011.6600341796875,2011.6600341796875,2015.5030517578125,1999.47802734375,2003.2049560546875,0,0.5377584903961452
20010312,2012.552001953125,2012.552001953125,2015.5970458984375,2004.9639892578125,2013.31201171875,0,0.04433988637653208
20010313,1998.698974609375,1998.698974609375,2012.77197265625,1992.1710205078125,2012.155029296875,0,-0.688331398657327
20010314,2018.615966796875,2018.615966796875,2018.6190185546875,1994.9439697265625,1996.1519775390625,0,0.9964978438733008
20010315,2022.6009521484375,2022.6009521484375,2027.3330078125,2017.5880126953125,2019.7249755859375,0,0.1974117621731608
20010316,2020.2359619140625,2020.2359619140625,2024.280029296875,2011.991943359375,2023.029052734375,0,-0.11692816775661363
20010319,2036.616943359375,2036.616943359375,2036.6300048828125,2017.490966796875,2019.8509521484375,0,0.8108449584172561
20010320,2045.79296875,2045.79296875,2045.9410400390625,2037.1739501953125,2039.553955078125,0,0.4505523446883153
20010321,2066.389892578125,2066.389892578125,2066.39111328125,2046.4339599609375,2047.633056640625,0,1.0067941449964923
20010322,2087.531982421875,2087.531982421875,2087.531982421875,2068.14208984375,2071.201904296875,0,1.0231413693846614
20010323,2053.5390625,2053.5390625,2093.948974609375,2052.554931640625,2091.176025390625,0,-1.6283784012946056
20010326,2089.881103515625,2089.881103515625,2089.987060546875,2052.054931640625,2052.054931640625,0,1.7697272810277997
20010327,2107.258056640625,2107.258056640625,2107.302001953125,2090.902099609375,2096.501953125,0,0.8314804653608343
20010328,2106.8740234375,2106.8740234375,2112.87890625,2096.9169921875,2109.7548828125,0,-0.01822430821487586
20010329,2101.657958984375,2101.657958984375,2111.73388671875,2096.93408203125,2107.22412109375,0,-0.2475736278059304
20010330,2112.77490234375,2112.77490234375,2112.8330078125,2096.283935546875,2101.10009765625,0,0.528960638521192
20010402,2125.083984375,2125.083984375,2126.967041015625,2114.778076171875,2117.449951171875,0,0.5826026245197902
20010403,2123.052001953125,2123.052001953125,2129.8291015625,2109.2509765625,2127.781005859375,0,-0.09561892314917664
20010404,2090.718994140625,2090.718994140625,2128.156982421875,2084.929931640625,2123.885009765625,0,-1.522949404101026
20010405,2112.60009765625,2112.60009765625,2112.618896484375,2081.64404296875,2084.806884765625,0,1.0465827103952385
20010406,2108.60595703125,2108.60595703125,2122.219970703125,2103.263916015625,2116.376953125,0,-0.18906278710444369
20010409,2117.366943359375,2117.366943359375,2117.410888671875,2100.971923828125,2108.968994140625,0,0.41548712783017194
20010410,2128.47900390625,2128.47900390625,2128.547119140625,2119.35888671875,2119.5380859375,0,0.5248056120704669
20010411,2131.39697265625,2131.39697265625,2134.507080078125,2121.156005859375,2130.89501953125,0,0.13709173285922915
20010412,2134.798095703125,2134.798095703125,2141.9169921875,2124.81494140625,2132.80810546875,0,0.15957248182802974
20010413,2145.39990234375,2145.39990234375,2145.43701171875,2130.593994140625,2135.6689453125,0,0.49661870422144094
20010416,2168.05908203125,2168.05908203125,2168.077880859375,2150.285888671875,2150.2919921875,0,1.0561751057574842
20010417,2176.678955078125,2176.678955078125,2177.157958984375,2163.19091796875,2173.303955078125,0,0.3975847853186387
20010418,2172.56396484375,2172.56396484375,2179.740966796875,2167.593017578125,2177.987060546875,0,-0.18904902005758562
20010419,2172.8701171875,2172.8701171875,2175.574951171875,2148.30810546875,2172.430908203125,0,0.014091752818523595
20010420,2152.3349609375,2152.3349609375,2179.570068359375,2152.006103515625,2173.9560546875,0,-0.9450705814197491
20010423,2150.426025390625,2150.426025390625,2157.511962890625,2132.550048828125,2150.341064453125,0,-0.08869137850381348
20010424,2166.174072265625,2166.174072265625,2166.18994140625,2151.339111328125,2151.341064453125,0,0.732322185885903
20010425,2119.179931640625,2119.179931640625,2170.386962890625,2115.263916015625,2168.051025390625,0,-2.1694535645442548
20010426,2105.055908203125,2105.055908203125,2125.7880859375,2102.824951171875,2113.39111328125,0,-0.6664853336245669
20010427,2115.10888671875,2115.10888671875,2120.843994140625,2104.033935546875,2104.033935546875,0,0.4775634925632932
20010430,2119.18408203125,2119.18408203125,2122.5029296875,2111.951904296875,2117.16796875,0,0.19267071015063308
20010508,2137.993896484375,2137.993896484375,2138.0380859375,2119.89404296875,2119.89794921875,0,0.8875970054991855
20010509,2132.889892578125,2132.889892578125,2142.376953125,2127.319091796875,2140.553955078125,0,-0.23872864719786113
20010510,2147.282958984375,2147.282958984375,2147.339111328125,2134.19091796875,2134.19091796875,0,0.6748152568181842
20010511,2155.405029296875,2155.405029296875,2155.422119140625,2144.759033203125,2150.322021484375,0,0.3782487202497853
20010514,2178.466064453125,2178.466064453125,2178.699951171875,2160.123046875,2161.614013671875,0,1.0699165513116116
20010515,2191.06396484375,2191.06396484375,2191.068115234375,2176.785888671875,2184.787109375,0,0.5782922486693653
20010516,2199.5048828125,2199.5048828125,2199.535888671875,2187.4140625,2195.364990234375,0,0.3852428821881526
20010517,2194.64697265625,2194.64697265625,2205.012939453125,2187.841064453125,2201.98291015625,0,-0.2208638041320543
20010518,2203.3720703125,2203.3720703125,2203.3740234375,2186.64697265625,2194.6201171875,0,0.39756269527440047
20010521,2213.594970703125,2213.594970703125,2213.751953125,2202.739013671875,2207.781005859375,0,0.46396614209487375
20010522,2210.3369140625,2210.3369140625,2218.445068359375,2205.2529296875,2215.77490234375,0,-0.14718395568047438
20010523,2197.594970703125,2197.594970703125,2213.39990234375,2175.277099609375,2210.85107421875,0,-0.5764706402136666
20010524,2198.297119140625,2198.297119140625,2202.842041015625,2192.1689453125,2198.008056640625,0,0.03195076649067374
20010525,2193.575927734375,2193.575927734375,2204.239013671875,2181.2490234375,2199.660888671875,0,-0.21476584603339344
20010528,2179.698974609375,2179.698974609375,2194.8291015625,2171.681884765625,2194.452880859375,0,-0.6326178615268074
20010529,2180.27587890625,2180.27587890625,2188.763916015625,2176.55810546875,2177.64697265625,0,0.026467154574794094
20010530,2211.200927734375,2211.200927734375,2211.205078125,2180.529052734375,2180.6201171875,0,1.418400722923141
20010531,2214.257080078125,2214.257080078125,2222.65087890625,2208.884033203125,2217.873046875,0,0.13821233092921048
20010601,2219.591064453125,2219.591064453125,2223.263916015625,2212.159912109375,2216.56005859375,0,0.24089273205853967
20010604,2226.779052734375,2226.779052734375,2229.054931640625,2222.22802734375,2223.910888671875,0,0.3238429094604811
20010605,2234.987060546875,2234.987060546875,2235.50390625,2226.818115234375,2229.2470703125,0,0.36860450085611784
20010606,2238.5009765625,2238.5009765625,2241.0869140625,2224.303955078125,2237.989013671875,0,0.15722310333041722
20010607,2229.81201171875,2229.81201171875,2242.69091796875,2223.4140625,2241.013916015625,0,-0.3881599755695908
20010608,2223.068115234375,2223.068115234375,2229.4140625,2211.75,2229.205078125,0,-0.30244237850243216
20010611,2214.623046875,2214.623046875,2226.610107421875,2206.635986328125,2223.794921875,0,-0.37988347282308377
20010612,2222.958984375,2222.958984375,2223.297119140625,2211.862060546875,2213.544921875,0,0.37640435069807854
20010613,2242.423095703125,2242.423095703125,2242.423095703125,2226.8779296875,2227.071044921875,0,0.8755947124952312
20010614,2202.39794921875,2202.39794921875,2245.43505859375,2201.008056640625,2243.299072265625,0,-1.784906093817451
20010615,2210.969970703125,2210.969970703125,2212.093994140625,2188.25,2196.68505859375,0,0.3892131068963245
20010618,2167.64697265625,2167.64697265625,2214.10498046875,2157.1220703125,2211.89208984375,0,-1.959456646672486
20010619,2170.4541015625,2170.4541015625,2174.2109375,2158.759033203125,2163.319091796875,0,0.1295012029938647
20010620,2163.123046875,2163.123046875,2180.73095703125,2157.39599609375,2171.010986328125,0,-0.33776593949729206
20010621,2189.14501953125,2189.14501953125,2189.22509765625,2164.090087890625,2164.123046875,0,1.202981619276966
20010622,2206.06689453125,2206.06689453125,2206.510986328125,2188.93798828125,2191.35595703125,0,0.772990133089646
20010625,2230.197021484375,2230.197021484375,2230.220947265625,2210.041015625,2210.069091796875,0,1.0938075818526904
20010626,2233.591064453125,2233.591064453125,2236.778076171875,2223.498046875,2234.071044921875,0,0.15218579058504655
20010627,2229.827880859375,2229.827880859375,2237.52294921875,2223.81201171875,2234.7080078125,0,-0.16848131484943352
20010628,2219.25,2219.25,2237.491943359375,2213.576904296875,2231.367919921875,0,-0.4743810475317134
20010629,2218.029052734375,2218.029052734375,2225.35302734375,2214.156982421875,2218.572998046875,0,-0.0550162111355168
20010702,2205.985107421875,2205.985107421875,2223.20703125,2201.5859375,2220.4189453125,0,-0.5430021440725574
20010703,2211.830078125,2211.830078125,2211.860107421875,2191.679931640625,2206.847900390625,0,0.26495966284902916
20010704,2202.05810546875,2202.05810546875,2216.222900390625,2199.62890625,2212.970947265625,0,-0.4418048544006514
20010705,2181.6630859375,2181.6630859375,2204.262939453125,2176.7529296875,2202.302978515625,0,-0.9261798987319825
20010706,2170.52099609375,2170.52099609375,2187.237060546875,2168.780029296875,2179.81005859375,0,-0.5107154223568888
20010709,2169.655029296875,2169.655029296875,2175.1650390625,2164.009033203125,2169.467041015625,0,-0.039896725184118687
20010710,2189.784912109375,2189.784912109375,2189.794921875,2172.593017578125,2172.60791015625,0,0.9277918627932147
20010711,2168.739990234375,2168.739990234375,2192.52294921875,2167.6708984375,2190.97705078125,0,-0.9610497249580519
20010712,2165.490966796875,2165.490966796875,2168.39501953125,2153.679931640625,2164.9150390625,0,-0.1498115704109293
20010713,2161.340087890625,2161.340087890625,2178.01708984375,2158.85205078125,2167.699951171875,0,-0.19168303954598676
20010716,2146.236083984375,2146.236083984375,2183.51708984375,2142.0830078125,2176.3369140625,0,-0.6988258807983705
20010717,2140.98095703125,2140.98095703125,2146.032958984375,2121.283935546875,2145.485107421875,0,-0.24485316374744936
20010718,2146.541015625,2146.541015625,2147.837890625,2137.405029296875,2142.010986328125,0,0.2596967794360916
20010719,2150.264892578125,2150.264892578125,2150.26708984375,2135.241943359375,2146.514892578125,0,0.17348268335048989
20010720,2179.6240234375,2179.6240234375,2179.77001953125,2153.14404296875,2153.237060546875,0,1.36537274829307
20010723,2169.007080078125,2169.007080078125,2185.85498046875,2166.33203125,2183.742919921875,0,-0.4870997587295367
20010724,2136.4541015625,2136.4541015625,2162.7509765625,2129.180908203125,2162.7509765625,0,-1.5008239859895967
20010725,2112.256103515625,2112.256103515625,2140.4970703125,2108.763916015625,2130.449951171875,0,-1.132624287560302
20010726,2094.009033203125,2094.009033203125,2116.55908203125,2086.075927734375,2109.919921875,0,-0.8638663788036682
20010727,2065.72802734375,2065.72802734375,2101.14990234375,2063.889892578125,2093.868896484375,0,-1.3505675195734312
20010730,1956.822998046875,1956.822998046875,2056.77294921875,1955.9739990234375,2056.762939453125,0,-5.271992627069711
20010731,1920.3179931640625,1920.3179931640625,1978.0999755859375,1909.2969970703125,1939.261962890625,0,-1.8655241132820133
20010801,1986.927978515625,1986.927978515625,1986.9410400390625,1925.239013671875,1925.239013671875,0,3.468695580038328
20010802,1957.02294921875,1957.02294921875,1990.698974609375,1912.7259521484375,1989.6400146484375,0,-1.5050887410230196
20010803,1958.6920166015625,1958.6920166015625,1965.322021484375,1948.9019775390625,1956.54296875,0,0.08528604038489096
20010806,1882.1259765625,1882.1259765625,1953.448974609375,1867.8599853515625,1953.4119873046875,0,-3.909039266515657
20010807,1903.9320068359375,1903.9320068359375,1911.2099609375,1861.779052734375,1872.6669921875,0,1.1585850546127485
20010808,1895.1689453125,1895.1689453125,1907.947998046875,1885.41796875,1902.8719482421875,0,-0.4602612641614434
20010809,1924.5899658203125,1924.5899658203125,1924.64794921875,1894.0479736328125,1894.6920166015625,0,1.5524220455692017
20010810,1955.0360107421875,1955.0360107421875,1956.39697265625,1929.68896484375,1929.9620361328125,0,1.5819496860412174
20010813,1955.0999755859375,1955.0999755859375,1963.137939453125,1942.072021484375,1956.925048828125,0,0.003271798749415744
20010814,1939.5419921875,1939.5419921875,1960.947021484375,1924.26904296875,1955.5069580078125,0,-0.7957640833060164
20010815,1947.3590087890625,1947.3590087890625,1949.1639404296875,1935.3890380859375,1938.5439453125,0,0.40303415100315654
20010816,1919.64501953125,1919.64501953125,1950.4639892578125,1918.490966796875,1948.2669677734375,0,-1.4231576783084288
20010817,1924.0030517578125,1924.0030517578125,1928.1409912109375,1909.6729736328125,1916.843017578125,0,0.22702281839726002
20010820,1934.489013671875,1934.489013671875,1937.155029296875,1917.094970703125,1923.0989990234375,0,0.5450075510265995
20010821,1938.8709716796875,1938.8709716796875,1947.4029541015625,1935.77001953125,1936.0560302734375,0,0.22651759595651022
20010822,1903.446044921875,1903.446044921875,1935.5570068359375,1891.35205078125,1935.5350341796875,0,-1.8270904704464686
20010823,1902.989990234375,1902.989990234375,1903.467041015625,1869.491943359375,1892.3699951171875,0,-0.023959422896002724
20010824,1886.800048828125,1886.800048828125,1912.18603515625,1883.2349853515625,1903.385009765625,0,-0.8507633507970236
20010827,1827.25,1827.25,1881.3089599609375,1824.875,1881.3089599609375,0,-3.1561398816536523
20010828,1843.385009765625,1843.385009765625,1843.43994140625,1795.5670166015625,1816.6590576171875,0,0.8830214675400239
20010829,1847.5360107421875,1847.5360107421875,1865.4820556640625,1837.9420166015625,1846.8170166015625,0,0.22518361354637584
20010830,1839.6309814453125,1839.6309814453125,1846.5419921875,1831.02099609375,1846.18701171875,0,-0.42786875335109054
20010831,1834.137939453125,1834.137939453125,1846.9439697265625,1831.5169677734375,1838.2139892578125,0,-0.2985947751256046
20010903,1817.18994140625,1817.18994140625,1831.7960205078125,1813.366943359375,1831.7030029296875,0,-0.9240307221346833
20010904,1862.3599853515625,1862.3599853515625,1862.3990478515625,1814.9169921875,1815.27001953125,0,2.4857084510580885
20010905,1868.27001953125,1868.27001953125,1888.9010009765625,1863.8330078125,1868.3609619140625,0,0.3173411277182181
20010906,1861.56103515625,1861.56103515625,1876.470947265625,1853.2889404296875,1867.633056640625,0,-0.3591014309956786
20010907,1808.843994140625,1808.843994140625,1858.241943359375,1807.1409912109375,1858.241943359375,0,-2.831872821790138
20010910,1856.529052734375,1856.529052734375,1858.2039794921875,1774.83203125,1790.2099609375,0,2.6362173160435987
20010911,1863.780029296875,1863.780029296875,1871.1300048828125,1849.612060546875,1859.9659423828125,0,0.39056628560809603
20010912,1852.60400390625,1852.60400390625,1858.68896484375,1815.593017578125,1822.1290283203125,0,-0.5996429414924731
20010913,1839.9090576171875,1839.9090576171875,1857.85498046875,1837.8160400390625,1851.614990234375,0,-0.685248777520453
20010914,1818.3819580078125,1818.3819580078125,1846.0150146484375,1814.7440185546875,1838.6739501953125,0,-1.1700088936598907
20010917,1784.6080322265625,1784.6080322265625,1816.259033203125,1782.5030517578125,1811.904052734375,0,-1.857361465368479
20010918,1798.6219482421875,1798.6219482421875,1817.5589599609375,1780.0460205078125,1784.5909423828125,0,0.7852657705535782
20010919,1822.6949462890625,1822.6949462890625,1822.9720458984375,1784.9110107421875,1800.239013671875,0,1.338413448718434
20010920,1818.4189453125,1818.4189453125,1836.7860107421875,1814.458984375,1826.4169921875,0,-0.23459773042484589
20010921,1807.01904296875,1807.01904296875,1821.3409423828125,1803.802001953125,1815.56201171875,0,-0.6269128669791124
20010924,1794.9610595703125,1794.9610595703125,1808.7030029296875,1791.6209716796875,1804.886962890625,0,-0.6672859063304282
20010925,1793.884033203125,1793.884033203125,1813.3070068359375,1788.4019775390625,1799.97900390625,0,-0.06000277061416481
20010926,1767.81396484375,1767.81396484375,1793.6700439453125,1765.1689453125,1793.6510009765625,0,-1.453275009802324
20010927,1764.9320068359375,1764.9320068359375,1779.133056640625,1750.7640380859375,1765.6219482421875,0,-0.16302382858861542
20010928,1764.866943359375,1764.866943359375,1774.2969970703125,1751.720947265625,1766.1300048828125,0,-0.003686457966112222
20011008,1726.532958984375,1726.532958984375,1773.7979736328125,1723.0400390625,1766.133056640625,0,-2.172060875140669
20011009,1744.6400146484375,1744.6400146484375,1751.0660400390625,1722.2230224609375,1724.1729736328125,0,1.0487523895700068
20011010,1686.612060546875,1686.612060546875,1744.636962890625,1683.70703125,1744.0419921875,0,-3.3260703419814464
20011011,1638.3260498046875,1638.3260498046875,1693.2149658203125,1634.2080078125,1682.3170166015625,0,-2.862899647861583
20011012,1691.3260498046875,1691.3260498046875,1700.7080078125,1598.79296875,1637.7490234375,0,3.235009295391378
20011015,1687.280029296875,1687.280029296875,1703.5880126953125,1670.2650146484375,1692.1729736328125,0,-0.23922179335437166
20011016,1655.9019775390625,1655.9019775390625,1691.6510009765625,1649.2010498046875,1689.18701171875,0,-1.8596825193793354
20011017,1643.0660400390625,1643.0660400390625,1661.8819580078125,1635.916015625,1654.928955078125,0,-0.775162882471836
20011018,1615.5789794921875,1615.5789794921875,1651.1099853515625,1609.3819580078125,1642.011962890625,0,-1.6729127057012017
20011019,1572.4530029296875,1572.4530029296875,1610.4449462890625,1550.9119873046875,1610.4449462890625,0,-2.6693821292509967
20011022,1520.6689453125,1520.6689453125,1563.39794921875,1514.862060546875,1558.468017578125,0,-3.293202246471405
20011023,1670.56201171875,1670.56201171875,1670.738037109375,1625.1490478515625,1642.219970703125,0,9.857047904364657
20011024,1718.06005859375,1718.06005859375,1744.9229736328125,1685.7159423828125,1733.636962890625,0,2.8432375776420216
20011025,1676.4990234375,1676.4990234375,1708.0279541015625,1673.052978515625,1708.0279541015625,0,-2.4190676541463896
20011026,1677.8780517578125,1677.8780517578125,1681.904052734375,1651.5240478515625,1669.156982421875,0,0.08225643445261
20011029,1700.47705078125,1700.47705078125,1701.1240234375,1678.7249755859375,1678.7249755859375,0,1.3468797091517937
20011030,1682.76904296875,1682.76904296875,1704.4830322265625,1680.43701171875,1702.862060546875,0,-1.0413552952310834
20011031,1689.1700439453125,1689.1700439453125,1689.1700439453125,1655.885986328125,1678.926025390625,0,0.38038499717523155
20011101,1707.7540283203125,1707.7540283203125,1717.7359619140625,1688.094970703125,1692.3509521484375,0,1.100184344472166
20011102,1691.3509521484375,1691.3509521484375,1711.741943359375,1688.572021484375,1703.9239501953125,0,-0.9605057812692386
20011105,1679.572021484375,1679.572021484375,1688.3089599609375,1671.23095703125,1687.8399658203125,0,-0.6964214404526992
20011106,1671.2779541015625,1671.2779541015625,1685.51904296875,1668.657958984375,1678.1729736328125,0,-0.49382028735406314
20011107,1594.050048828125,1594.050048828125,1669.4599609375,1591.7679443359375,1669.427001953125,0,-4.620889366960701
20011108,1605.8709716796875,1605.8709716796875,1605.8990478515625,1550.4649658203125,1566.52099609375,0,0.7415653517436782
20011109,1630.3590087890625,1630.3590087890625,1637.9029541015625,1582.8509521484375,1605.0760498046875,0,1.524906891103539
20011112,1621.1949462890625,1621.1949462890625,1637.324951171875,1619.1099853515625,1631.7989501953125,0,-0.5620886228491773
20011113,1615.9310302734375,1615.9310302734375,1623.4520263671875,1598.112060546875,1609.9530029296875,0,-0.32469358652235103
20011114,1617.10205078125,1617.10205078125,1627.9720458984375,1614.593017578125,1615.751953125,0,0.07246723318472537
20011115,1621.343994140625,1621.343994140625,1624.81298828125,1612.905029296875,1619.262939453125,0,0.26231760434201057
20011116,1646.762939453125,1646.762939453125,1734.6729736328125,1644.6070556640625,1725.447998046875,0,1.5677700354990387
20011119,1669.89404296875,1669.89404296875,1669.987060546875,1644.8160400390625,1645.092041015625,0,1.4046407628839797
20011120,1699.7320556640625,1699.7320556640625,1703.739990234375,1670.7969970703125,1672.2120361328125,0,1.7868207160177896
20011121,1705.6639404296875,1705.6639404296875,1707.927001953125,1690.2340087890625,1700.6610107421875,0,0.3489894037038477
20011122,1715.81298828125,1715.81298828125,1715.926025390625,1700.510009765625,1705.9239501953125,0,0.5950203677874466
20011123,1712.56396484375,1712.56396484375,1721.968017578125,1704.1390380859375,1715.64599609375,0,-0.18935766658081388
20011126,1705.885009765625,1705.885009765625,1710.1319580078125,1695.9959716796875,1710.1319580078125,0,-0.3899974082856694
20011127,1722.5889892578125,1722.5889892578125,1722.6199951171875,1704.8509521484375,1705.509033203125,0,0.9791972727682507
20011128,1735.0,1735.0,1741.6650390625,1725.156005859375,1725.5350341796875,0,0.7204858976565864
20011129,1732.2960205078125,1732.2960205078125,1741.737060546875,1728.885986328125,1735.383056640625,0,-0.15584896208573618
20011130,1747.9930419921875,1747.9930419921875,1748.0,1731.9639892578125,1732.134033203125,0,0.9061396723507809
20011203,1762.56201171875,1762.56201171875,1767.43798828125,1750.916015625,1751.051025390625,0,0.8334684049976726
20011204,1769.6810302734375,1769.6810302734375,1770.3570556640625,1754.865966796875,1763.7889404296875,0,0.4039017355051966
20011205,1745.22705078125,1745.22705078125,1776.01904296875,1745.10498046875,1765.56298828125,0,-1.381829780274535
20011206,1751.1820068359375,1751.1820068359375,1754.7679443359375,1737.06298828125,1740.0770263671875,0,0.34121382957144064
20011207,1745.406982421875,1745.406982421875,1756.4739990234375,1743.3299560546875,1752.0150146484375,0,-0.329778651877366
20011210,1748.6820068359375,1748.6820068359375,1748.968017578125,1730.8060302734375,1743.625,0,0.18763672009138865
20011211,1728.8780517578125,1728.8780517578125,1748.9749755859375,1726.6920166015625,1748.02099609375,0,-1.1325075114118843
20011212,1715.1719970703125,1715.1719970703125,1728.833984375,1714.175048828125,1724.875,0,-0.7927716286041386
20011213,1688.012939453125,1688.012939453125,1720.550048828125,1687.0870361328125,1713.780029296875,0,-1.5834597150360397
20011214,1675.5140380859375,1675.5140380859375,1692.905029296875,1673.323974609375,1683.72802734375,0,-0.7404505661690486
20011217,1665.93798828125,1665.93798828125,1680.8380126953125,1662.675048828125,1673.241943359375,0,-0.5715290703041109
20011218,1687.2900390625,1687.2900390625,1687.76904296875,1660.4969482421875,1666.5140380859375,0,1.281683407872758
20011219,1672.697998046875,1672.697998046875,1693.1810302734375,1671.93603515625,1688.9169921875,0,-0.8648211438344489
20011220,1631.5369873046875,1631.5369873046875,1669.47998046875,1628.469970703125,1669.4749755859375,0,-2.4607556648151174
20011221,1640.1419677734375,1640.1419677734375,1640.79296875,1624.4959716796875,1627.43896484375,0,0.5274155925184099
20011224,1606.10400390625,1606.10400390625,1640.1429443359375,1601.237060546875,1639.52197265625,0,-2.0753059513132
20011225,1611.1700439453125,1611.1700439453125,1613.60205078125,1593.0260009765625,1604.6669921875,0,0.3154241585066275
20011226,1633.6429443359375,1633.6429443359375,1634.3299560546875,1605.14599609375,1610.64794921875,0,1.3948186583456534
20011227,1627.9229736328125,1627.9229736328125,1644.4090576171875,1625.4549560546875,1635.4610595703125,0,-0.3501359169674645
20011228,1639.4840087890625,1639.4840087890625,1639.8480224609375,1619.531005859375,1626.9549560546875,0,0.7101708952758967
20011231,1645.970947265625,1645.970947265625,1649.800048828125,1638.3160400390625,1641.427978515625,0,0.39566951807927797
20020104,1611.3929443359375,1611.3929443359375,1643.5,1608.8289794921875,1643.4849853515625,0,-2.1007662976755603
20020107,1596.760009765625,1596.760009765625,1605.740966796875,1584.656005859375,1605.740966796875,0,-0.9080922578038719
20020108,1583.4610595703125,1583.4610595703125,1607.7220458984375,1582.447998046875,1594.866943359375,0,-0.8328709457888106
20020109,1561.3489990234375,1561.3489990234375,1580.719970703125,1552.5579833984375,1580.7110595703125,0,-1.3964385428508974
20020110,1576.43701171875,1576.43701171875,1580.0069580078125,1523.6629638671875,1556.737060546875,0,0.9663446612352189
20020111,1535.593017578125,1535.593017578125,1574.2679443359375,1535.2840576171875,1574.260986328125,0,-2.590905557088752
20020114,1485.1080322265625,1485.1080322265625,1519.9320068359375,1484.4639892578125,1519.9320068359375,0,-3.2876540055636227
20020115,1459.6529541015625,1459.6529541015625,1491.7030029296875,1458.02001953125,1475.3380126953125,0,-1.7140219817433855
20020116,1479.6190185546875,1479.6190185546875,1482.177978515625,1439.4000244140625,1458.843017578125,0,1.367863806052072
20020117,1419.51904296875,1419.51904296875,1476.3780517578125,1416.302001953125,1476.3580322265625,0,-4.061854763440664
20020118,1415.43798828125,1415.43798828125,1434.9659423828125,1376.887939453125,1405.550048828125,0,-0.28749559280056847
20020121,1366.968017578125,1366.968017578125,1412.2120361328125,1362.6180419921875,1406.9969482421875,0,-3.424379669361677
20020122,1358.6910400390625,1358.6910400390625,1400.760009765625,1348.7889404296875,1360.2939453125,0,-0.6054989899271335
20020123,1444.9649658203125,1444.9649658203125,1445.696044921875,1346.1729736328125,1355.863037109375,0,6.349782492035105
20020124,1456.404052734375,1456.404052734375,1478.5400390625,1400.35400390625,1435.3189697265625,0,0.7916515060673701
20020125,1451.4840087890625,1451.4840087890625,1464.9019775390625,1442.93896484375,1449.8819580078125,0,-0.33782135775268785
20020128,1359.5489501953125,1359.5489501953125,1448.60302734375,1357.550048828125,1444.5009765625,0,-6.33386644544911
20020129,1392.7750244140625,1392.7750244140625,1396.1080322265625,1339.199951171875,1343.3580322265625,0,2.4439042238219244
20020130,1396.60498046875,1396.60498046875,1408.050048828125,1381.0069580078125,1392.949951171875,0,0.2749874163128885
20020131,1491.6650390625,1491.6650390625,1501.3299560546875,1413.2220458984375,1413.2239990234375,0,6.80651006713755
20020201,1485.77001953125,1485.77001953125,1507.6390380859375,1480.77001953125,1494.5770263671875,0,-0.39519727129591065
20020204,1511.3270263671875,1511.3270263671875,1513.6710205078125,1476.133056640625,1485.676025390625,0,1.7201186253576806
20020205,1518.280029296875,1518.280029296875,1522.323974609375,1502.0860595703125,1510.5670166015625,0,0.46005945823655026
20020206,1485.802001953125,1485.802001953125,1521.5579833984375,1484.2469482421875,1517.81298828125,0,-2.1391328817511157
20020207,1515.39404296875,1515.39404296875,1521.0269775390625,1481.0679931640625,1482.3570556640625,0,1.9916544046060913
20020208,1506.614990234375,1506.614990234375,1530.1259765625,1506.0689697265625,1520.717041015625,0,-0.5793247489066511
20020225,1530.2840576171875,1530.2840576171875,1544.573974609375,1521.6600341796875,1540.4930419921875,0,1.5710096830465314
20020226,1531.4300537109375,1531.4300537109375,1531.717041015625,1507.574951171875,1529.3759765625,0,0.074887801911383
20020227,1538.3189697265625,1538.3189697265625,1544.9210205078125,1524.68505859375,1531.3170166015625,0,0.44983549845660775
20020228,1524.7010498046875,1524.7010498046875,1544.39404296875,1521.0830078125,1537.926025390625,0,-0.8852468304603733
20020301,1502.5400390625,1502.5400390625,1521.5670166015625,1501.5560302734375,1521.5279541015625,0,-1.4534659594434118
20020304,1526.803955078125,1526.803955078125,1527.4000244140625,1494.833984375,1497.8270263671875,0,1.6148598629534217
20020305,1560.0789794921875,1560.0789794921875,1566.0660400390625,1529.2979736328125,1529.2979736328125,0,2.179390766141931
20020306,1569.2080078125,1569.2080078125,1594.6669921875,1563.9229736328125,1564.6939697265625,0,0.5851644974592229
20020307,1613.0009765625,1613.0009765625,1613.2559814453125,1569.072998046875,1569.1719970703125,0,2.790768880350547
20020308,1640.2559814453125,1640.2559814453125,1645.2919921875,1611.22802734375,1622.8690185546875,0,1.689707897195225
20020311,1664.093994140625,1664.093994140625,1664.51904296875,1632.614990234375,1643.5899658203125,0,1.4533105176856465
20020312,1643.6920166015625,1643.6920166015625,1672.0389404296875,1641.5830078125,1665.237060546875,0,-1.2260111274302488
20020313,1623.4320068359375,1623.4320068359375,1655.634033203125,1621.7969970703125,1636.9449462890625,0,-1.2325916023802175
20020314,1665.1510009765625,1665.1510009765625,1665.7850341796875,1621.0789794921875,1621.0789794921875,0,2.5698023671428816
20020315,1620.9759521484375,1620.9759521484375,1676.5059814453125,1620.56201171875,1671.824951171875,0,-2.6529154894791906
20020318,1623.884033203125,1623.884033203125,1657.677978515625,1610.9930419921875,1641.428955078125,0,0.17940309668587062
20020319,1665.3570556640625,1665.3570556640625,1665.6219482421875,1624.2900390625,1624.3189697265625,0,2.5539399127616047
20020320,1682.510009765625,1682.510009765625,1686.10498046875,1664.3680419921875,1673.2650146484375,0,1.029986575144548
20020321,1685.0169677734375,1685.0169677734375,1693.873046875,1675.2449951171875,1686.946044921875,0,0.14900107537318963
20020322,1669.6939697265625,1669.6939697265625,1684.4610595703125,1659.5159912109375,1684.071044921875,0,-0.9093675814506819
20020325,1675.2889404296875,1675.2889404296875,1677.0450439453125,1663.39501953125,1667.85302734375,0,0.3350895915400054
20020326,1649.4840087890625,1649.4840087890625,1675.2099609375,1641.9139404296875,1674.7039794921875,0,-1.5403272246282684
20020327,1654.23095703125,1654.23095703125,1655.176025390625,1635.8160400390625,1646.678955078125,0,0.28778382917893364
20020328,1650.6729736328125,1650.6729736328125,1666.5150146484375,1645.3399658203125,1653.9830322265625,0,-0.21508383598519698
20020329,1603.905029296875,1603.905029296875,1648.0870361328125,1596.2540283203125,1648.0870361328125,0,-2.8332652853102824
20020401,1608.5059814453125,1608.5059814453125,1609.9169921875,1589.406982421875,1598.0260009765625,0,0.286859387831373
20020402,1582.883056640625,1582.883056640625,1610.72705078125,1575.9720458984375,1608.51904296875,0,-1.5929642227170415
20020403,1594.508056640625,1594.508056640625,1603.7979736328125,1582.6719970703125,1582.7440185546875,0,0.7344193843777713
20020404,1641.698974609375,1641.698974609375,1643.5400390625,1583.634033203125,1595.0179443359375,0,2.95959106460546
20020405,1634.6429443359375,1634.6429443359375,1657.093994140625,1628.5460205078125,1650.5040283203125,0,-0.4298004922075549
20020408,1640.6500244140625,1640.6500244140625,1643.676025390625,1631.0670166015625,1633.8310546875,0,0.36748576188700977
20020409,1667.52197265625,1667.52197265625,1671.863037109375,1640.6920166015625,1641.8470458984375,0,1.6378842435811114
20020410,1677.657958984375,1677.657958984375,1677.93798828125,1663.4730224609375,1670.802001953125,0,0.6078472424551729
20020411,1649.530029296875,1649.530029296875,1680.2979736328125,1649.26904296875,1679.3409423828125,0,-1.6766188564758533
20020412,1658.97900390625,1658.97900390625,1664.4150390625,1648.4539794921875,1648.4539794921875,0,0.572828286939564
20020415,1649.5,1649.5,1664.5240478515625,1638.637939453125,1660.572021484375,0,-0.5713757608704295
20020416,1640.2850341796875,1640.2850341796875,1654.7440185546875,1635.7509765625,1647.508056640625,0,-0.5586520654933258
20020417,1644.39501953125,1644.39501953125,1649.4329833984375,1630.22802734375,1641.7239990234375,0,0.25056531431550955
20020418,1628.136962890625,1628.136962890625,1646.251953125,1626.0340576171875,1644.14697265625,0,-0.9886953224450545
20020419,1635.1719970703125,1635.1719970703125,1635.529052734375,1603.9560546875,1625.2490234375,0,0.4320910549931556
20020422,1627.47998046875,1627.47998046875,1637.18505859375,1619.157958984375,1633.6419677734375,0,-0.47041024524294706
20020423,1624.5460205078125,1624.5460205078125,1634.863037109375,1621.865966796875,1626.6300048828125,0,-0.18027625507825995
20020424,1611.051025390625,1611.051025390625,1626.385009765625,1609.2049560546875,1623.468017578125,0,-0.8306933104282987
20020425,1615.9189453125,1615.9189453125,1616.762939453125,1603.636962890625,1609.93603515625,0,0.3021580226296505
20020426,1640.5889892578125,1640.5889892578125,1643.1529541015625,1615.51904296875,1615.51904296875,0,1.52668820530113
20020429,1665.81201171875,1665.81201171875,1667.1590576171875,1640.5589599609375,1643.5489501953125,0,1.5374370196369558
20020430,1667.7490234375,1667.7490234375,1673.75,1657.8170166015625,1668.31298828125,0,0.11628033086106271
20020508,1652.3680419921875,1652.3680419921875,1670.9169921875,1651.6910400390625,1669.8709716796875,0,-0.922259958132654
20020509,1650.5780029296875,1650.5780029296875,1659.251953125,1646.8160400390625,1648.4599609375,0,-0.10833174069028173
20020510,1638.197998046875,1638.197998046875,1652.2879638671875,1636.8599853515625,1650.9129638671875,0,-0.7500405834100943
20020513,1623.93994140625,1623.93994140625,1634.916015625,1618.4639892578125,1634.9010009765625,0,-0.8703500222576266
20020514,1616.23095703125,1616.23095703125,1629.8809814453125,1613.553955078125,1622.3310546875,0,-0.47470871172270446
20020515,1598.35400390625,1598.35400390625,1618.1400146484375,1597.916015625,1614.9000244140625,0,-1.1060890182327032
20020516,1549.5009765625,1549.5009765625,1592.237060546875,1546.9410400390625,1592.2359619140625,0,-3.056458533238382
20020517,1567.4969482421875,1567.4969482421875,1570.1490478515625,1540.5760498046875,1549.0830078125,0,1.16140434577916
20020520,1541.530029296875,1541.530029296875,1564.9820556640625,1529.3480224609375,1564.968017578125,0,-1.6565849760940332
20020521,1588.1080322265625,1588.1080322265625,1599.113037109375,1564.5460205078125,1575.02197265625,0,3.021543664052584
20020522,1564.489013671875,1564.489013671875,1591.0340576171875,1563.1639404296875,1590.7939453125,0,-1.487242560040014
20020523,1571.6109619140625,1571.6109619140625,1585.741943359375,1568.10400390625,1571.074951171875,0,0.45522520004612765
20020524,1549.4659423828125,1549.4659423828125,1574.134033203125,1544.4229736328125,1572.93798828125,0,-1.4090649701424596
20020527,1555.0479736328125,1555.0479736328125,1562.633056640625,1545.6219482421875,1555.0419921875,0,0.36025517549715946
20020528,1558.5240478515625,1558.5240478515625,1569.4110107421875,1557.2320556640625,1557.6240234375,0,0.22353485408102003
20020529,1524.8060302734375,1524.8060302734375,1558.14501953125,1520.125,1558.1309814453125,0,-2.163458281224828
20020530,1523.52197265625,1523.52197265625,1530.77294921875,1506.5419921875,1524.218017578125,0,-0.08421121058638237
20020531,1515.7330322265625,1515.7330322265625,1532.0340576171875,1513.2569580078125,1523.0140380859375,0,-0.5112456905434382
20020603,1483.3480224609375,1483.3480224609375,1510.259033203125,1480.0849609375,1510.2469482421875,0,-2.1365906183394623
20020604,1490.5140380859375,1490.5140380859375,1498.051025390625,1474.363037109375,1484.008056640625,0,0.48309739295779863
20020605,1462.0,1462.0,1491.073974609375,1460.48095703125,1491.073974609375,0,-1.9130338498894117
20020606,1521.262939453125,1521.262939453125,1532.7349853515625,1455.3050537109375,1458.6109619140625,0,4.053552630172708
20020607,1529.5069580078125,1529.5069580078125,1540.824951171875,1508.4300537109375,1522.8790283203125,0,0.5419193711279968
20020610,1517.22998046875,1517.22998046875,1529.3780517578125,1511.2569580078125,1529.3360595703125,0,-0.8026754945301695
20020611,1530.9630126953125,1530.9630126953125,1534.376953125,1515.7459716796875,1515.9930419921875,0,0.905138469668243
20020612,1524.842041015625,1524.842041015625,1531.75,1513.9189453125,1531.75,0,-0.39981185887119075
20020613,1511.7110595703125,1511.7110595703125,1529.43603515625,1511.218994140625,1524.77197265625,0,-0.861137159922909
20020614,1494.2459716796875,1494.2459716796875,1508.64697265625,1493.2440185546875,1508.6419677734375,0,-1.1553191848440392
20020617,1496.241943359375,1496.241943359375,1496.8389892578125,1481.2459716796875,1489.135009765625,0,0.13357718324271683
20020618,1524.0679931640625,1524.0679931640625,1527.7650146484375,1496.8050537109375,1496.8310546875,0,1.8597292990071068
20020619,1507.66796875,1507.66796875,1524.010986328125,1506.4320068359375,1523.9530029296875,0,-1.0760690787827043
20020620,1516.1510009765625,1516.1510009765625,1528.3580322265625,1510.5279541015625,1511.114990234375,0,0.5626591797659453
20020621,1562.7220458984375,1562.7220458984375,1564.9219970703125,1517.2550048828125,1517.2750244140625,0,3.0716627098407834
20020624,1707.31298828125,1707.31298828125,1709.0660400390625,1647.498046875,1704.697998046875,0,9.25250544473406
20020625,1706.5909423828125,1706.5909423828125,1748.8900146484375,1690.613037109375,1718.2340087890625,0,-0.04229136095100783
20020626,1712.9100341796875,1712.9100341796875,1719.083984375,1684.9129638671875,1698.1099853515625,0,0.37027571399459447
20020627,1723.5450439453125,1723.5450439453125,1730.6729736328125,1706.1400146484375,1714.7440185546875,0,0.6208738085137222
20020628,1732.7550048828125,1732.7550048828125,1747.2330322265625,1710.9990234375,1724.72705078125,0,0.5343614876706537
20020701,1713.7049560546875,1713.7049560546875,1740.3809814453125,1712.77197265625,1736.29296875,0,-1.0994080971887477
20020702,1724.948974609375,1724.948974609375,1725.89404296875,1698.83203125,1707.447021484375,0,0.6561233609648554
20020703,1730.9189453125,1730.9189453125,1736.0780029296875,1719.6219482421875,1727.0899658203125,0,0.3460954956349793
20020704,1713.135009765625,1713.135009765625,1735.8289794921875,1710.2879638671875,1731.8990478515625,0,-1.0274274017876839
20020705,1722.18798828125,1722.18798828125,1722.47998046875,1704.18701171875,1709.842041015625,0,0.5284451291940773
20020708,1732.9339599609375,1732.9339599609375,1737.8590087890625,1721.1240234375,1723.5789794921875,0,0.6239720490915701
20020709,1729.9859619140625,1729.9859619140625,1741.91796875,1724.3909912109375,1733.833984375,0,-0.1701160064369378
20020710,1701.823974609375,1701.823974609375,1729.7340087890625,1698.8289794921875,1728.5169677734375,0,-1.6278737472256166
20020711,1696.93994140625,1696.93994140625,1712.198974609375,1689.2230224609375,1698.2130126953125,0,-0.286988153651202
20020712,1698.2979736328125,1698.2979736328125,1706.43701171875,1693.2110595703125,1696.64404296875,0,0.08002830232383129
20020715,1687.9449462890625,1687.9449462890625,1697.3790283203125,1685.5379638671875,1696.8079833984375,0,-0.609611947048605
20020716,1691.623046875,1691.623046875,1704.76904296875,1686.81005859375,1687.666015625,0,0.21790406103137094
20020717,1701.718017578125,1701.718017578125,1702.2359619140625,1680.198974609375,1692.447021484375,0,0.5967624242158243
20020718,1704.9119873046875,1704.9119873046875,1711.68603515625,1695.39599609375,1703.8079833984375,0,0.18769089200267874
20020719,1713.8609619140625,1713.8609619140625,1714.0899658203125,1703.3809814453125,1706.3590087890625,0,0.5248936411974325
20020722,1681.009033203125,1681.009033203125,1712.3260498046875,1678.4990234375,1712.0179443359375,0,-1.9168374472015581
20020723,1673.8609619140625,1673.8609619140625,1684.655029296875,1670.3790283203125,1676.904052734375,0,-0.42522503733617434
20020724,1672.4000244140625,1672.4000244140625,1679.6629638671875,1667.43994140625,1673.6820068359375,0,-0.08727950129916451
20020725,1665.1090087890625,1665.1090087890625,1682.885986328125,1662.3800048828125,1675.4730224609375,0,-0.4359612245015687
20020726,1657.4990234375,1657.4990234375,1670.23095703125,1656.822998046875,1665.0889892578125,0,-0.4570262554219662
20020729,1665.6739501953125,1665.6739501953125,1665.9549560546875,1647.2650146484375,1654.925048828125,0,0.4932085414360188
20020730,1669.001953125,1669.001953125,1672.1199951171875,1656.85205078125,1666.5789794921875,0,0.19979918214469983
20020731,1651.593994140625,1651.593994140625,1671.47998046875,1649.0069580078125,1667.623046875,0,-1.0430160942460742
20020801,1653.008056640625,1653.008056640625,1659.9659423828125,1639.2249755859375,1650.053955078125,0,0.08561804565871967
20020802,1661.4310302734375,1661.4310302734375,1662.7149658203125,1653.1669921875,1653.637939453125,0,0.50955430005164
20020805,1653.95703125,1653.95703125,1661.5810546875,1652.4000244140625,1661.404052734375,0,-0.4498531017689822
20020806,1670.6190185546875,1670.6190185546875,1679.81103515625,1649.8929443359375,1652.9420166015625,0,1.007401461457258
20020807,1668.06494140625,1668.06494140625,1670.8079833984375,1663.927001953125,1670.1729736328125,0,-0.15288208263348757
20020808,1659.802001953125,1659.802001953125,1675.302001953125,1657.468017578125,1668.512939453125,0,-0.4953607769107027
20020809,1647.0460205078125,1647.0460205078125,1658.77197265625,1642.77099609375,1658.4429931640625,0,-0.7685242836375838
20020812,1634.5660400390625,1634.5660400390625,1642.593017578125,1633.093994140625,1642.47705078125,0,-0.7577189898374637
20020813,1636.6319580078125,1636.6319580078125,1642.4110107421875,1633.5469970703125,1633.677001953125,0,0.12638938520346255
20020814,1646.7220458984375,1646.7220458984375,1647.0860595703125,1635.2869873046875,1636.8890380859375,0,0.6165153895019371
20020815,1634.365966796875,1634.365966796875,1647.0699462890625,1632.133056640625,1646.615966796875,0,-0.750343941306808
20020816,1646.7919921875,1646.7919921875,1652.97998046875,1624.0489501953125,1632.9610595703125,0,0.7602963866763623
20020819,1644.301025390625,1644.301025390625,1650.0860595703125,1641.4029541015625,1645.9310302734375,0,-0.15126177493528514
20020820,1671.3509521484375,1671.3509521484375,1673.9150390625,1644.248046875,1644.615966796875,0,1.645071452253477
20020821,1673.5489501953125,1673.5489501953125,1677.9539794921875,1668.364013671875,1671.990966796875,0,0.1315102638407284
20020822,1686.1109619140625,1686.1109619140625,1696.2769775390625,1672.427001953125,1672.696044921875,0,0.7506211107409788
20020823,1683.20703125,1683.20703125,1688.1240234375,1679.114990234375,1686.2960205078125,0,-0.17222654556292571
20020826,1670.68505859375,1670.68505859375,1682.3160400390625,1668.822998046875,1682.135986328125,0,-0.7439353819090666
20020827,1679.6910400390625,1679.6910400390625,1680.06298828125,1670.112060546875,1670.626953125,0,0.5390591960457769
20020828,1676.77001953125,1676.77001953125,1683.5050048828125,1675.5250244140625,1680.7540283203125,0,-0.17390224976996382
20020829,1667.3179931640625,1667.3179931640625,1680.1729736328125,1665.7239990234375,1676.8580322265625,0,-0.563704399356435
20020830,1666.6180419921875,1666.6180419921875,1669.1400146484375,1664.822021484375,1666.97900390625,0,-0.04198066444102144
20020902,1668.7740478515625,1668.7740478515625,1669.905029296875,1663.1719970703125,1666.3409423828125,0,0.1293641257356093
20020903,1674.0699462890625,1674.0699462890625,1680.279052734375,1669.5770263671875,1669.5849609375,0,0.3173526364649515
20020904,1663.9720458984375,1663.9720458984375,1675.9649658203125,1662.489013671875,1674.4530029296875,0,-0.603194652231176
20020905,1641.8070068359375,1641.8070068359375,1662.8990478515625,1639.821044921875,1662.8919677734375,0,-1.332055975167079
20020906,1631.384033203125,1631.384033203125,1644.7950439453125,1629.927978515625,1639.887939453125,0,-0.6348476763355704
20020909,1621.58203125,1621.58203125,1628.4520263671875,1617.009033203125,1628.4520263671875,0,-0.6008396400619009
20020910,1625.1109619140625,1625.1109619140625,1627.3499755859375,1619.3299560546875,1620.281982421875,0,0.2176227040048273
20020911,1620.35498046875,1620.35498046875,1626.842041015625,1605.97705078125,1625.3260498046875,0,-0.29265579746695636
20020912,1624.5579833984375,1624.5579833984375,1631.6650390625,1614.5989990234375,1619.93994140625,0,0.259387787265708
20020913,1625.759033203125,1625.759033203125,1626.0689697265625,1621.4239501953125,1624.501953125,0,0.07393086716271924
20020916,1604.0830078125,1604.0830078125,1624.136962890625,1598.739990234375,1624.133056640625,0,-1.3332864802182987
20020917,1604.8809814453125,1604.8809814453125,1612.0150146484375,1593.98095703125,1603.45703125,0,0.04974640520010176
20020918,1594.583984375,1594.583984375,1605.2159423828125,1593.5260009765625,1603.613037109375,0,-0.6416050279964836
20020919,1619.35400390625,1619.35400390625,1623.6529541015625,1585.0679931640625,1593.572998046875,0,1.553384442209782
20020920,1604.9129638671875,1604.9129638671875,1618.199951171875,1602.885009765625,1618.199951171875,0,-0.8917778326559489
20020923,1602.5909423828125,1602.5909423828125,1604.2950439453125,1597.2869873046875,1602.2760009765625,0,-0.1446820816239036
20020924,1596.7320556640625,1596.7320556640625,1602.2850341796875,1594.281982421875,1602.2030029296875,0,-0.3655884083581973
20020925,1597.8370361328125,1597.8370361328125,1602.35400390625,1590.4940185546875,1595.8060302734375,0,0.06920262324729975
20020926,1587.6490478515625,1587.6490478515625,1599.9830322265625,1586.530029296875,1597.85400390625,0,-0.6376112238521858
20020927,1581.6180419921875,1581.6180419921875,1591.8370361328125,1577.530029296875,1587.2430419921875,0,-0.37987021549480415
20021008,1562.9930419921875,1562.9930419921875,1577.052001953125,1558.4759521484375,1577.052001953125,0,-1.1775915237120183
20021009,1535.365966796875,1535.365966796875,1571.52294921875,1534.9110107421875,1570.6490478515625,0,-1.7675750597135775
20021010,1530.406982421875,1530.406982421875,1542.56396484375,1528.35205078125,1532.1810302734375,0,-0.32298386718481176
20021011,1524.051025390625,1524.051025390625,1536.873046875,1521.9110107421875,1532.135986328125,0,-0.41531155465532876
20021014,1531.676025390625,1531.676025390625,1532.6300048828125,1509.135986328125,1522.8719482421875,0,0.5003113329519637
20021015,1524.72802734375,1524.72802734375,1534.5799560546875,1522.1009521484375,1531.5810546875,0,-0.4536206045990032
20021016,1537.387939453125,1537.387939453125,1548.5250244140625,1524.907958984375,1524.907958984375,0,0.8303062501861413
20021017,1513.0970458984375,1513.0970458984375,1538.7939453125,1511.39794921875,1537.9649658203125,0,-1.5800106746855391
20021018,1519.5389404296875,1519.5389404296875,1523.8310546875,1500.54296875,1511.177001953125,0,0.4257423242423286
20021021,1524.925048828125,1524.925048828125,1525.2559814453125,1512.3270263671875,1519.2049560546875,0,0.35445675363308116
20021022,1548.10400390625,1548.10400390625,1553.864990234375,1525.06494140625,1525.0799560546875,0,1.5200061862671532
20021023,1548.9649658203125,1548.9649658203125,1550.0880126953125,1539.4759521484375,1549.7659912109375,0,0.055613958228262206
20021024,1536.52001953125,1536.52001953125,1550.4310302734375,1535.9000244140625,1549.7850341796875,0,-0.8034362663891348
20021025,1520.31298828125,1520.31298828125,1542.592041015625,1517.4150390625,1535.7960205078125,0,-1.0547881605177056
20021028,1502.7159423828125,1502.7159423828125,1518.6009521484375,1500.0069580078125,1518.0860595703125,0,-1.157462051174829
20021029,1510.8819580078125,1510.8819580078125,1511.7650146484375,1488.678955078125,1501.3809814453125,0,0.5434171152833622
20021030,1509.70703125,1509.70703125,1513.4610595703125,1498.447998046875,1511.112060546875,0,-0.07776429863267653
20021031,1507.4959716796875,1507.4959716796875,1521.8709716796875,1505.9990234375,1510.030029296875,0,-0.1464562014049653
20021101,1510.760009765625,1510.760009765625,1511.094970703125,1498.2130126953125,1507.383056640625,0,0.21652051794875948
20021104,1531.842041015625,1531.842041015625,1532.2259521484375,1515.072021484375,1516.219970703125,0,1.3954586508594824
20021105,1558.239013671875,1558.239013671875,1565.22705078125,1532.2879638671875,1533.81005859375,0,1.7232176653637632
20021106,1552.56103515625,1552.56103515625,1559.2249755859375,1548.72802734375,1558.9139404296875,0,-0.36438431240694014
20021107,1554.237060546875,1554.237060546875,1559.821044921875,1546.2650146484375,1554.04296875,0,0.10795230285141066
20021108,1522.18701171875,1522.18701171875,1573.10400390625,1517.3909912109375,1569.9990234375,0,-2.062108132774021
20021111,1504.4029541015625,1504.4029541015625,1526.1319580078125,1501.989013671875,1519.60302734375,0,-1.168322780333475
20021112,1485.9129638671875,1485.9129638671875,1517.717041015625,1481.1610107421875,1504.5760498046875,0,-1.229058357268209
20021113,1490.4639892578125,1490.4639892578125,1491.2359619140625,1461.260009765625,1483.7120361328125,0,0.3062780594349723
20021114,1460.7950439453125,1460.7950439453125,1489.1400146484375,1459.708984375,1488.9139404296875,0,-1.9905845110202103
20021115,1463.6910400390625,1463.6910400390625,1481.219970703125,1451.3919677734375,1455.97998046875,0,0.19824794078766583
20021118,1451.2900390625,1451.2900390625,1468.324951171875,1447.490966796875,1463.7239990234375,0,-0.8472417086212047
20021119,1462.1739501953125,1462.1739501953125,1464.762939453125,1441.73095703125,1450.7030029296875,0,0.7499473461447526
20021120,1425.843017578125,1425.843017578125,1459.2120361328125,1423.802978515625,1459.2120361328125,0,-2.4847202764304854
20021121,1390.6290283203125,1390.6290283203125,1421.2330322265625,1389.2889404296875,1421.2330322265625,0,-2.469696090220752
20021122,1395.4969482421875,1395.4969482421875,1408.9990234375,1375.5389404296875,1392.573974609375,0,0.3500516545203114
20021125,1398.43798828125,1398.43798828125,1403.512939453125,1383.0899658203125,1393.3409423828125,0,0.21075216558281706
20021126,1371.1669921875,1371.1669921875,1408.79296875,1371.0069580078125,1398.43798828125,0,-1.9501040677010972
20021127,1378.751953125,1378.751953125,1383.9969482421875,1353.1390380859375,1365.823974609375,0,0.5531755782276493
20021128,1417.5250244140625,1417.5250244140625,1417.8480224609375,1372.3809814453125,1378.1419677734375,0,2.8121861369756695
20021129,1434.1820068359375,1434.1820068359375,1450.18701171875,1409.199951171875,1420.428955078125,0,1.175075017018501
20021202,1395.675048828125,1395.675048828125,1432.029052734375,1394.9110107421875,1432.029052734375,0,-2.6849422056804184
20021203,1408.843017578125,1408.843017578125,1409.8890380859375,1388.512939453125,1391.718017578125,0,0.9434838547164981
20021204,1414.4539794921875,1414.4539794921875,1432.89794921875,1406.613037109375,1414.886962890625,0,0.39826736151966635
20021205,1404.8800048828125,1404.8800048828125,1411.8900146484375,1395.0789794921875,1411.8900146484375,0,-0.6768671691115946
20021206,1405.5250244140625,1405.5250244140625,1416.9969482421875,1396.2049560546875,1404.925048828125,0,0.04591278465122528
20021209,1400.866943359375,1400.866943359375,1410.7939453125,1395.926025390625,1404.512939453125,0,-0.3314121750788046
20021210,1383.8399658203125,1383.8399658203125,1406.89501953125,1383.5689697265625,1400.5579833984375,0,-1.2154600135135363
20021211,1379.1949462890625,1379.1949462890625,1383.1519775390625,1367.31201171875,1381.3990478515625,0,-0.33566161160091257
20021212,1383.9100341796875,1383.9100341796875,1399.7659912109375,1378.81298828125,1378.8170166015625,0,0.3418724744686408
20021213,1396.89794921875,1396.89794921875,1401.60205078125,1367.9339599609375,1375.779052734375,0,0.9384941736303665
20021216,1408.5150146484375,1408.5150146484375,1409.9429931640625,1392.887939453125,1397.720947265625,0,0.8316330792943472
20021217,1416.095947265625,1416.095947265625,1418.2049560546875,1403.583984375,1409.1729736328125,0,0.5382216404047124
20021218,1411.718994140625,1411.718994140625,1424.47802734375,1409.8349609375,1416.6710205078125,0,-0.30908591564374754
20021219,1413.5970458984375,1413.5970458984375,1414.2879638671875,1402.6419677734375,1411.2760009765625,0,0.1330329736730418
20021220,1427.93603515625,1427.93603515625,1431.364013671875,1410.4599609375,1414.344970703125,0,1.0143618578871028
20021223,1430.198974609375,1430.198974609375,1439.8499755859375,1429.29296875,1429.9510498046875,0,0.15847624805387373
20021224,1430.8270263671875,1430.8270263671875,1431.1240234375,1420.3800048828125,1429.531005859375,0,0.043913593070787904
20021225,1421.5150146484375,1421.5150146484375,1433.7869873046875,1420.9300537109375,1431.5880126953125,0,-0.6508132392769261
20021226,1384.1519775390625,1384.1519775390625,1420.0030517578125,1382.3580322265625,1419.9649658203125,0,-2.628395530427474
20021227,1382.970947265625,1382.970947265625,1389.3280029296875,1367.85205078125,1379.3280029296875,0,-0.08532518773967102
20021230,1366.362060546875,1366.362060546875,1379.7530517578125,1358.4329833984375,1379.737060546875,0,-1.2009570231094613
20021231,1357.654052734375,1357.654052734375,1370.5260009765625,1348.7139892578125,1364.968017578125,0,-0.6373133493632444
20030102,1320.6300048828125,1320.6300048828125,1351.343994140625,1317.468017578125,1347.4329833984375,0,-2.727060533351222
20030103,1319.8680419921875,1319.8680419921875,1323.6280517578125,1312.7960205078125,1317.5830078125,0,-0.05769692402927129
20030106,1334.678955078125,1334.678955078125,1334.886962890625,1311.6839599609375,1319.68798828125,0,1.122151049553577
20030107,1332.06103515625,1332.06103515625,1346.8189697265625,1326.1910400390625,1335.6319580078125,0,-0.19614604035782524
20030108,1372.0670166015625,1372.0670166015625,1373.115966796875,1330.4510498046875,1331.4410400390625,0,3.003314442015781
20030109,1397.384033203125,1397.384033203125,1402.2860107421875,1365.3699951171875,1374.6180419921875,0,1.845173471502104
20030110,1384.8590087890625,1384.8590087890625,1411.3740234375,1384.6300048828125,1398.376953125,0,-0.8963194165996224
20030113,1386.31396484375,1386.31396484375,1391.18701171875,1378.64697265625,1381.8699951171875,0,0.10506167382047238
20030114,1466.8509521484375,1466.8509521484375,1476.9119873046875,1386.592041015625,1386.89697265625,0,5.809433457864999
20030115,1459.9200439453125,1459.9200439453125,1485.7950439453125,1448.27099609375,1477.4539794921875,0,-0.4725025533762417
20030116,1485.6180419921875,1485.6180419921875,1486.0589599609375,1454.5460205078125,1458.865966796875,0,1.7602332506805096
20030117,1478.675048828125,1478.675048828125,1492.7230224609375,1472.9599609375,1488.2650146484375,0,-0.4673471220605352
20030120,1482.6810302734375,1482.6810302734375,1482.9429931640625,1458.116943359375,1475.7110595703125,0,0.2709169569397485
20030121,1454.8909912109375,1454.8909912109375,1489.551025390625,1454.6109619140625,1485.8699951171875,0,-1.8743100164554605
20030122,1460.530029296875,1460.530029296875,1463.93798828125,1446.3480224609375,1448.8260498046875,0,0.3875917934747841
20030123,1450.615966796875,1450.615966796875,1470.3270263671875,1448.7010498046875,1460.2490234375,0,-0.6787989497739289
20030124,1479.0699462890625,1479.0699462890625,1483.5570068359375,1448.010986328125,1449.5040283203125,0,1.9615101545460867
20030127,1496.156982421875,1496.156982421875,1500.384033203125,1480.967041015625,1481.6090087890625,0,1.1552554479038246
20030128,1500.6390380859375,1500.6390380859375,1502.4320068359375,1489.1650390625,1497.0980224609375,0,0.2995712159032493
20030129,1499.81494140625,1499.81494140625,1508.5880126953125,1498.3719482421875,1501.2860107421875,0,-0.054916382872371994
20030210,1480.1689453125,1480.1689453125,1499.6409912109375,1477.5169677734375,1499.166015625,0,-1.3098946777613474
20030211,1492.7640380859375,1492.7640380859375,1492.89404296875,1476.8740234375,1478.0460205078125,0,0.8509226472643183
20030212,1510.6710205078125,1510.6710205078125,1510.9849853515625,1486.31298828125,1493.248046875,0,1.1995855985943882
20030213,1504.3380126953125,1504.3380126953125,1519.2900390625,1502.4310302734375,1512.2850341796875,0,-0.41921819684944683
20030214,1510.949951171875,1510.949951171875,1515.2550048828125,1500.9830322265625,1503.373046875,0,0.4395247890276899
20030217,1496.52294921875,1496.52294921875,1514.635986328125,1490.91796875,1510.6400146484375,0,-0.9548299029981444
20030218,1496.468017578125,1496.468017578125,1500.29296875,1488.8270263671875,1495.1409912109375,0,-0.003670617991768932
20030219,1510.802978515625,1510.802978515625,1511.1319580078125,1490.02197265625,1496.6510009765625,0,0.9579196327028416
20030220,1509.4859619140625,1509.4859619140625,1517.7659912109375,1507.22705078125,1513.0069580078125,0,-0.08717328601354213
20030221,1478.8709716796875,1478.8709716796875,1508.1290283203125,1476.4150390625,1508.0770263671875,0,-2.028173232929875
20030224,1481.93603515625,1481.93603515625,1488.072021484375,1474.470947265625,1476.0699462890625,0,0.20725699099233275
20030225,1511.2750244140625,1511.2750244140625,1511.6490478515625,1481.10595703125,1481.10595703125,0,1.979774333155948
20030226,1513.175048828125,1513.175048828125,1515.45703125,1506.552978515625,1513.4930419921875,0,0.12572327229447566
20030227,1513.7039794921875,1513.7039794921875,1524.7509765625,1508.7469482421875,1513.175048828125,0,0.03495502152721652
20030228,1511.9320068359375,1511.9320068359375,1514.501953125,1501.4239501953125,1512.864990234375,0,-0.1170620332810679
20030303,1525.4830322265625,1525.4830322265625,1525.698974609375,1511.0450439453125,1511.5849609375,8800,0.8962721424876419
20030304,1524.303955078125,1524.303955078125,1529.751953125,1517.8590087890625,1527.448974609375,8000,-0.07729205265013528
20030305,1517.178955078125,1517.178955078125,1524.123046875,1508.2509765625,1524.0770263671875,6800,-0.46742645889381595
20030306,1498.343017578125,1498.343017578125,1517.3480224609375,1494.240966796875,1516.6009521484375,8400,-1.2415105968188178
20030307,1493.093017578125,1493.093017578125,1502.427978515625,1489.384033203125,1495.6939697265625,7000,-0.3503870567959755
20030310,1468.9189453125,1468.9189453125,1496.1639404296875,1467.6390380859375,1492.208984375,7400,-1.6190600304886948
20030312,1475.008056640625,1475.008056640625,1475.2869873046875,1458.5,1468.7469482421875,5200,0.4145301105657362
20030313,1464.6490478515625,1464.6490478515625,1477.8580322265625,1463.3299560546875,1475.0369873046875,5400,-0.7023018445509677
20030314,1466.0439453125,1466.0439453125,1471.4990234375,1461.3509521484375,1464.991943359375,4800,0.09523765867214262
20030317,1469.2740478515625,1469.2740478515625,1469.532958984375,1453.3680419921875,1465.14404296875,6400,0.22032781141319013
20030318,1459.8919677734375,1459.8919677734375,1478.9949951171875,1458.97900390625,1468.9859619140625,6000,-0.6385520857626226
20030319,1469.9599609375,1469.9599609375,1475.843994140625,1452.592041015625,1458.58203125,6600,0.68963960253976
20030320,1464.5400390625,1464.5400390625,1477.2530517578125,1460.7989501953125,1469.6629638671875,6800,-0.36871221115052366
20030321,1474.656982421875,1474.656982421875,1475.8089599609375,1461.9150390625,1464.1839599609375,5400,0.6907932244618609
20030324,1477.7659912109375,1477.7659912109375,1477.9739990234375,1470.43505859375,1474.5909423828125,4800,0.21082928614060137
20030325,1462.4000244140625,1462.4000244140625,1478.405029296875,1461.7540283203125,1478.052978515625,5800,-1.03981055784641
20030326,1456.27099609375,1456.27099609375,1465.425048828125,1452.8909912109375,1461.321044921875,5600,-0.4191075094359453
20030327,1499.3470458984375,1499.3470458984375,1507.66796875,1447.0140380859375,1455.43896484375,13400,2.9579693559943943
20030328,1491.9410400390625,1491.9410400390625,1508.262939453125,1488.6009521484375,1498.4549560546875,13200,-0.4939487411960153
20030331,1510.5780029296875,1510.5780029296875,1511.219970703125,1490.9859619140625,1491.3909912109375,10600,1.249175563274063
20030401,1522.5460205078125,1522.5460205078125,1525.2349853515625,1508.843994140625,1513.0009765625,13400,0.7922806736834209
20030402,1521.3199462890625,1521.3199462890625,1525.76904296875,1516.7879638671875,1522.490966796875,9800,-0.08052789224335388
20030403,1511.72900390625,1511.72900390625,1522.6710205078125,1510.511962890625,1521.35595703125,8200,-0.6304355902390979
20030404,1521.1280517578125,1521.1280517578125,1521.782958984375,1509.6099853515625,1510.2220458984375,9000,0.6217415837941775
20030407,1515.1319580078125,1515.1319580078125,1530.3709716796875,1512.5,1521.89794921875,11800,-0.39418731007365704
20030408,1520.551025390625,1520.551025390625,1523.947021484375,1513.2349853515625,1515.64501953125,15000,0.35766306387845503
20030409,1543.6739501953125,1543.6739501953125,1545.3360595703125,1510.343994140625,1519.9849853515625,28800,1.5206937760439354
20030410,1551.1800537109375,1551.1800537109375,1559.8690185546875,1541.2889404296875,1546.5069580078125,31600,0.48624928306104653
20030411,1576.8599853515625,1576.8599853515625,1581.698974609375,1548.529052734375,1552.0040283203125,29400,1.6555094026118988
20030414,1616.072021484375,1616.072021484375,1616.654052734375,1581.2039794921875,1581.3800048828125,36600,2.486716417251844
20030415,1631.469970703125,1631.469970703125,1632.092041015625,1606.7259521484375,1619.949951171875,32200,0.9528009280556082
20030416,1606.239990234375,1606.239990234375,1649.60302734375,1598.8280029296875,1633.530029296875,39000,-1.5464569328160205
20030417,1613.60400390625,1613.60400390625,1621.22900390625,1595.626953125,1606.2330322265625,28400,0.45846285216697424
20030418,1603.0770263671875,1603.0770263671875,1620.8060302734375,1596.66796875,1616.905029296875,24400,-0.6523891558014583
20030421,1571.7139892578125,1571.7139892578125,1598.5830078125,1557.1209716796875,1598.5040283203125,21600,-1.9564273327806525
20030422,1568.6920166015625,1568.6920166015625,1575.7960205078125,1563.5889892578125,1570.573974609375,11200,-0.19227242850189397
20030423,1541.9599609375,1541.9599609375,1569.7850341796875,1540.0670166015625,1568.133056640625,15600,-1.7040984068992238
20030424,1503.5899658203125,1503.5899658203125,1542.10595703125,1492.904052734375,1538.5799560546875,19600,-2.4883911443367768
20030425,1487.14697265625,1487.14697265625,1513.33203125,1481.0679931640625,1501.5689697265625,12000,-1.093582262308579
20030428,1537.6910400390625,1537.6910400390625,1538.593994140625,1473.2659912109375,1483.4659423828125,23800,3.3987271138732122
20030429,1509.31298828125,1509.31298828125,1535.8800048828125,1508.3199462890625,1535.8800048828125,18600,-1.845497633717863
20030430,1521.4439697265625,1521.4439697265625,1539.572998046875,1510.6009521484375,1511.154052734375,18800,0.8037419368614129
20030512,1531.866943359375,1531.866943359375,1536.8929443359375,1511.8709716796875,1522.98095703125,15400,0.6850711455832048
20030513,1485.3070068359375,1485.3070068359375,1534.802978515625,1481.7449951171875,1533.0799560546875,22600,-3.039424326327711
20030514,1522.9239501953125,1522.9239501953125,1523.323974609375,1477.251953125,1480.1109619140625,18200,2.5326039119352384
20030515,1555.2850341796875,1555.2850341796875,1555.5570068359375,1516.425048828125,1524.4990234375,22800,2.124931056486745
20030516,1554.4520263671875,1554.4520263671875,1560.7239990234375,1543.1669921875,1555.906982421875,16000,-0.05355981663768272
20030519,1555.447021484375,1555.447021484375,1563.1070556640625,1546.751953125,1557.2939453125,13400,0.06400938081780883
20030520,1535.52001953125,1535.52001953125,1553.844970703125,1530.6669921875,1553.6910400390625,11400,-1.2811109396775544
20030521,1533.4830322265625,1533.4830322265625,1547.31396484375,1530.0460205078125,1534.6009521484375,9000,-0.132657814862569
20030522,1546.113037109375,1546.113037109375,1546.3929443359375,1522.18701171875,1532.18505859375,9600,0.8236155612673546
20030523,1560.9549560546875,1560.9549560546875,1571.68896484375,1547.0889892578125,1547.155029296875,18200,0.9599504427607153
20030526,1569.511962890625,1569.511962890625,1574.385986328125,1561.0400390625,1563.2049560546875,15200,0.5481905036879064
20030527,1568.3409423828125,1568.3409423828125,1575.6259765625,1558.1259765625,1572.3079833984375,14200,-0.07461048628490952
20030528,1551.81103515625,1551.81103515625,1576.6240234375,1549.06201171875,1569.3280029296875,15000,-1.0539740932509423
20030529,1568.156005859375,1568.156005859375,1568.5419921875,1543.3409423828125,1549.052001953125,14800,1.0532835720864275
20030530,1576.260986328125,1576.260986328125,1581.612060546875,1567.280029296875,1570.9200439453125,16200,0.5168478415709776
20030602,1576.5279541015625,1576.5279541015625,1578.8680419921875,1564.6109619140625,1577.987060546875,11600,0.01693677479510658
20030603,1562.237060546875,1562.237060546875,1582.4119873046875,1561.08203125,1577.0780029296875,11200,-0.9064789189121347
20030604,1574.1109619140625,1574.1109619140625,1574.7679443359375,1546.6209716796875,1560.6669921875,14200,0.7600575909414653
20030605,1556.2490234375,1556.2490234375,1575.635009765625,1555.448974609375,1575.3079833984375,11800,-1.134731852374815
20030606,1538.9200439453125,1538.9200439453125,1557.762939453125,1538.0970458984375,1553.1949462890625,10600,-1.1135094211279006
20030609,1530.2149658203125,1530.2149658203125,1548.1409912109375,1527.8349609375,1536.27294921875,9800,-0.5656614948417293
20030610,1538.761962890625,1538.761962890625,1541.385986328125,1529.5150146484375,1529.532958984375,6800,0.5585487830940483
20030611,1565.8399658203125,1565.8399658203125,1566.9019775390625,1540.7039794921875,1540.7159423828125,13200,1.7597265582793842
20030612,1562.10595703125,1562.10595703125,1569.1259765625,1556.529052734375,1566.9210205078125,8200,-0.23846682103980665
20030613,1566.7659912109375,1566.7659912109375,1572.4129638671875,1560.301025390625,1562.6090087890625,9600,0.29831741942421
20030616,1559.7049560546875,1559.7049560546875,1569.5469970703125,1555.3719482421875,1568.18798828125,8000,-0.45067579944039204
20030617,1557.175048828125,1557.175048828125,1564.9449462890625,1552.4339599609375,1559.1219482421875,7200,-0.16220421796708795
20030618,1553.876953125,1553.876953125,1565.9169921875,1552.8289794921875,1556.89404296875,8800,-0.21179993255138196
20030619,1538.7540283203125,1538.7540283203125,1557.3759765625,1530.3759765625,1554.0159912109375,10000,-0.9732382460705069
20030620,1529.469970703125,1529.469970703125,1542.4169921875,1528.301025390625,1537.498046875,6600,-0.6033490373586137
20030623,1511.364990234375,1511.364990234375,1524.9090576171875,1509.4339599609375,1524.5770263671875,7400,-1.1837421339123688
20030624,1512.428955078125,1512.428955078125,1515.843017578125,1504.7239990234375,1509.1070556640625,6400,0.07039761081040208
20030625,1502.0770263671875,1502.0770263671875,1515.9229736328125,1498.9580078125,1512.487060546875,6800,-0.6844571889595197
20030626,1515.375,1515.375,1517.2080078125,1486.0810546875,1500.343017578125,9400,0.8853057066569914
20030627,1497.053955078125,1497.053955078125,1516.865966796875,1494.4449462890625,1516.81396484375,7600,-1.2090106357749764
20030630,1486.0240478515625,1486.0240478515625,1500.968994140625,1483.68603515625,1493.68994140625,5800,-0.7367741950213724
20030701,1484.7039794921875,1484.7039794921875,1502.571044921875,1482.8199462890625,1485.52099609375,6600,-0.08883223399267504
20030702,1499.6820068359375,1499.6820068359375,1499.970947265625,1477.873046875,1485.4449462890625,6800,1.008822469033377
20030703,1504.43603515625,1504.43603515625,1507.7060546875,1497.741943359375,1501.9029541015625,6600,0.3170024244234737
20030704,1502.3489990234375,1502.3489990234375,1510.1719970703125,1497.4620361328125,1504.5970458984375,6400,-0.13872548144565622
20030707,1501.4840087890625,1501.4840087890625,1503.81005859375,1490.967041015625,1500.8509521484375,6000,-0.05757585187844416
20030708,1512.01904296875,1512.01904296875,1513.553955078125,1500.97998046875,1501.6209716796875,6600,0.7016414505928603
20030709,1503.31396484375,1503.31396484375,1513.2769775390625,1499.3370361328125,1512.3380126953125,5400,-0.5757254292186764
20030710,1531.927001953125,1531.927001953125,1532.1920166015625,1501.708984375,1503.509033203125,13400,1.9033307598089744
20030711,1528.85400390625,1528.85400390625,1535.9749755859375,1523.2440185546875,1532.6409912109375,8800,-0.200596898086991
20030714,1521.4139404296875,1521.4139404296875,1529.3289794921875,1519.1190185546875,1528.3929443359375,6200,-0.4866431626272316
20030715,1525.43896484375,1525.43896484375,1531.0040283203125,1516.8929443359375,1521.56396484375,7200,0.2645581394453256
20030716,1529.490966796875,1529.490966796875,1529.8170166015625,1520.4119873046875,1525.4990234375,7000,0.2656285860339169
20030717,1539.3580322265625,1539.3580322265625,1540.1939697265625,1529.35595703125,1529.9720458984375,12800,0.6451208698768252
20030718,1507.1619873046875,1507.1619873046875,1539.06103515625,1506.487060546875,1539.0489501953125,11400,-2.091524144990875
20030721,1495.885009765625,1495.885009765625,1504.7080078125,1483.572998046875,1501.3900146484375,10200,-0.7482259792943369
20030722,1498.4849853515625,1498.4849853515625,1510.3079833984375,1485.4639892578125,1499.8929443359375,8800,0.17380851930222097
20030723,1502.14794921875,1502.14794921875,1505.31201171875,1491.6639404296875,1499.3070068359375,6800,0.24444448246028205
20030724,1493.4510498046875,1493.4510498046875,1503.3809814453125,1491.198974609375,1503.0579833984375,6400,-0.578964237083679
20030725,1477.6510009765625,1477.6510009765625,1502.6390380859375,1471.2860107421875,1494.5780029296875,14400,-1.057955587509296
20030728,1470.3929443359375,1470.3929443359375,1474.7430419921875,1464.865966796875,1474.7359619140625,6600,-0.4911888284735877
20030729,1477.2960205078125,1477.2960205078125,1480.583984375,1469.9329833984375,1470.3919677734375,5400,0.46947152449732243
20030730,1479.6519775390625,1479.6519775390625,1483.0670166015625,1468.822021484375,1477.4139404296875,6600,0.15947765366890465
20030731,1476.741943359375,1476.741943359375,1482.5980224609375,1474.1400146484375,1480.012939453125,5600,-0.19667017811360044
20030801,1476.968994140625,1476.968994140625,1478.3590087890625,1464.97802734375,1476.469970703125,6200,0.015375115623350588
20030804,1494.364990234375,1494.364990234375,1494.416015625,1471.8900146484375,1476.823974609375,7400,1.1778172840975598
20030805,1494.31201171875,1494.31201171875,1497.008056640625,1488.967041015625,1494.4859619140625,5600,-0.003545219271816613
20030806,1486.251953125,1486.251953125,1493.3890380859375,1482.68505859375,1493.0260009765625,5600,-0.5393825740903524
20030807,1487.3699951171875,1487.3699951171875,1497.10205078125,1485.06201171875,1485.740966796875,5400,0.07522560288897306
20030808,1471.27197265625,1471.27197265625,1487.407958984375,1468.43798828125,1487.166015625,7200,-1.08231458976481
20030811,1474.4129638671875,1474.4129638671875,1474.7230224609375,1462.7239990234375,1469.261962890625,4600,0.2134881428663915
20030812,1479.282958984375,1479.282958984375,1484.5849609375,1472.387939453125,1473.987060546875,4000,0.33030061702754576
20030813,1465.8270263671875,1465.8270263671875,1481.114990234375,1465.06005859375,1479.6689453125,4800,-0.909625338104747
20030814,1455.8990478515625,1455.8990478515625,1475.02197265625,1451.6080322265625,1464.3809814453125,7000,-0.6772953654859193
20030815,1450.2030029296875,1450.2030029296875,1457.633056640625,1447.1099853515625,1454.6839599609375,6600,-0.3912390031630686
20030818,1445.0889892578125,1445.0889892578125,1451.666015625,1442.48095703125,1449.66796875,5000,-0.35264122757597827
20030819,1449.7120361328125,1449.7120361328125,1453.446044921875,1444.22998046875,1444.6590576171875,4600,0.3199143381041436
20030820,1441.6639404296875,1441.6639404296875,1450.470947265625,1432.7530517578125,1449.4959716796875,5600,-0.555151333680981
20030821,1441.0899658203125,1441.0899658203125,1442.8580322265625,1434.31298828125,1441.7760009765625,5800,-0.03981334299059114
20030822,1438.883056640625,1438.883056640625,1446.2760009765625,1436.9019775390625,1438.7860107421875,5200,-0.15314166582454103
20030825,1422.176025390625,1422.176025390625,1434.2120361328125,1419.262939453125,1434.2120361328125,5600,-1.1611111252505912
20030826,1425.2120361328125,1425.2120361328125,1428.4129638671875,1417.83203125,1420.85400390625,5000,0.2134764394831956
20030827,1425.362060546875,1425.362060546875,1432.3499755859375,1420.35400390625,1425.14501953125,4400,0.010526462747928456
20030828,1415.6929931640625,1415.6929931640625,1428.345947265625,1414.8790283203125,1425.7340087890625,4800,-0.6783586886761062
20030829,1421.9830322265625,1421.9830322265625,1422.3509521484375,1406.6810302734375,1414.4139404296875,5800,0.4443081298609597
20030901,1449.8160400390625,1449.8160400390625,1450.041015625,1420.123046875,1423.35302734375,9000,1.95733754775671
20030902,1446.511962890625,1446.511962890625,1456.552978515625,1442.009033203125,1450.5059814453125,9000,-0.22789630250942272
20030903,1447.8499755859375,1447.8499755859375,1451.2249755859375,1438.6929931640625,1446.2779541015625,7400,0.09249924851217894
20030904,1447.425048828125,1447.425048828125,1453.428955078125,1443.383056640625,1447.7650146484375,7200,-0.029348811339413583
20030905,1431.532958984375,1431.532958984375,1446.9749755859375,1424.16796875,1446.93701171875,8000,-1.0979559775213699
20030908,1425.72705078125,1425.72705078125,1429.56005859375,1421.1409912109375,1429.4630126953125,6000,-0.40557279290615034
20030909,1420.073974609375,1420.073974609375,1429.7110595703125,1414.8819580078125,1424.6929931640625,6200,-0.39650479864131727
20030910,1423.177001953125,1423.177001953125,1424.7740478515625,1415.7230224609375,1419.51904296875,5000,0.21851166905608732
20030911,1423.9599609375,1423.9599609375,1429.5550537109375,1421.821044921875,1422.9000244140625,4400,0.05501487048347187
20030912,1409.1619873046875,1409.1619873046875,1426.8060302734375,1407.9520263671875,1426.3399658203125,10065200,-1.0392127615069913
20030915,1397.5400390625,1397.5400390625,1416.0760498046875,1394.26904296875,1407.8070068359375,7000,-0.824741821514563
20030916,1406.10400390625,1406.10400390625,1406.7230224609375,1389.4859619140625,1396.7530517578125,6600,0.6127885144167289
20030917,1389.822021484375,1389.822021484375,1406.366943359375,1386.781005859375,1406.248046875,6000,-1.1579500788449937
20030918,1390.4849853515625,1390.4849853515625,1395.2010498046875,1383.4000244140625,1388.092041015625,5800,0.04770135002460929
20030919,1391.3699951171875,1391.3699951171875,1395.60302734375,1383.717041015625,1390.8399658203125,5400,0.06364756002030791
20030922,1381.4429931640625,1381.4429931640625,1395.0689697265625,1378.322998046875,1392.89697265625,4800,-0.7134696010379971
20030923,1390.1739501953125,1390.1739501953125,1390.3509521484375,1372.85400390625,1380.8489990234375,6000,0.6320171787365991
20030924,1394.22900390625,1394.22900390625,1396.9449462890625,1386.7879638671875,1391.404052734375,6000,0.2916939790425399
20030925,1376.291015625,1376.291015625,1394.737060546875,1374.791015625,1394.4940185546875,4800,-1.2865883747212759
20030926,1370.843017578125,1370.843017578125,1377.8709716796875,1367.7459716796875,1374.60205078125,4600,-0.3958463715176497
20030929,1355.3349609375,1355.3349609375,1369.47705078125,1353.2449951171875,1369.43701171875,4800,-1.1312788146977781
20030930,1367.1610107421875,1367.1610107421875,1371.072998046875,1348.2220458984375,1354.64794921875,6000,0.8725555043977762
20031008,1371.68505859375,1371.68505859375,1373.0810546875,1359.4969482421875,1366.2010498046875,4400,0.3309081970606087
20031009,1369.1739501953125,1369.1739501953125,1379.989990234375,1367.6500244140625,1371.6810302734375,5600,-0.18306741643827618
20031010,1404.008056640625,1404.008056640625,1406.001953125,1367.1090087890625,1369.0040283203125,12600,2.5441695293971556
20031013,1399.657958984375,1399.657958984375,1411.8800048828125,1397.6929931640625,1405.3289794921875,8400,-0.3098342374657337
20031014,1388.1719970703125,1388.1719970703125,1400.7469482421875,1382.48095703125,1399.843017578125,6400,-0.8206263423384486
20031015,1383.0980224609375,1383.0980224609375,1401.5369873046875,1380.8079833984375,1388.2449951171875,6800,-0.3655148367841643
20031016,1365.5050048828125,1365.5050048828125,1382.531982421875,1362.9830322265625,1381.4599609375,5800,-1.2720007759697172
20031017,1370.58203125,1370.58203125,1375.656005859375,1362.4150390625,1365.31298828125,5200,0.3718057677586595
20031020,1359.498046875,1359.498046875,1370.487060546875,1355.552001953125,1369.7110595703125,5400,-0.8087063832940444
20031021,1364.301025390625,1364.301025390625,1364.60498046875,1350.2080078125,1359.510009765625,7000,0.35329057858268786
20031022,1398.010009765625,1398.010009765625,1403.1009521484375,1363.092041015625,1366.10498046875,15000,2.4707878794819838
20031023,1386.6529541015625,1386.6529541015625,1407.3900146484375,1384.6390380859375,1398.5870361328125,10000,-0.8123729862253626
20031024,1381.8299560546875,1381.8299560546875,1389.875,1376.7139892578125,1385.89794921875,8800,-0.34781579865452716
20031027,1369.4630126953125,1369.4630126953125,1383.5970458984375,1361.1910400390625,1381.8360595703125,8000,-0.8949685382913741
20031028,1369.324951171875,1369.324951171875,1382.5970458984375,1356.488037109375,1365.998046875,10200,-0.010081434997344374
20031029,1361.487060546875,1361.487060546875,1375.9100341796875,1344.4229736328125,1372.345947265625,13200,-0.572390842531012
20031030,1344.633056640625,1344.633056640625,1360.0679931640625,1340.2919921875,1360.0179443359375,8800,-1.2379114274857828
20031031,1348.302978515625,1348.302978515625,1364.6629638671875,1334.7840576171875,1341.5040283203125,10000,0.27293110613899607
20031103,1364.0550537109375,1364.0550537109375,1367.3360595703125,1339.9580078125,1346.48095703125,10600,1.1682889859558232
20031104,1389.5450439453125,1389.5450439453125,1412.9100341796875,1363.9010009765625,1363.95703125,23800,1.8686921884149
20031105,1385.1099853515625,1385.1099853515625,1396.8599853515625,1375.991943359375,1389.719970703125,14600,-0.31917343112228824
20031106,1356.7900390625,1356.7900390625,1385.843994140625,1351.094970703125,1384.6700439453125,16600,-2.0445990996068364
20031107,1335.2049560546875,1335.2049560546875,1353.4539794921875,1323.1180419921875,1353.4300537109375,14400,-1.5908933870657727
20031110,1340.0970458984375,1340.0970458984375,1340.866943359375,1322.0479736328125,1330.95703125,8400,0.36639242698779384
20031111,1343.615966796875,1343.615966796875,1350.386962890625,1331.116943359375,1340.3199462890625,9000,0.26258702003767453
20031112,1317.7919921875,1317.7919921875,1341.5780029296875,1316.8470458984375,1341.5689697265625,9600,-1.921975865688641
20031113,1319.6080322265625,1319.6080322265625,1324.9830322265625,1307.39501953125,1313.928955078125,8400,0.13780930904336852
20031114,1331.051025390625,1331.051025390625,1331.4210205078125,1312.7879638671875,1318.7220458984375,7600,0.8671509178945325
20031117,1328.10302734375,1328.10302734375,1333.4139404296875,1323.6820068359375,1330.487060546875,5800,-0.2214789659179206
20031118,1316.56201171875,1316.56201171875,1336.0989990234375,1314.987060546875,1334.654052734375,14800,-0.8689849648247816
20031119,1338.8699951171875,1338.8699951171875,1341.56298828125,1312.56201171875,1313.8360595703125,10200,1.6944119000756208
20031120,1376.5059814453125,1376.5059814453125,1377.1180419921875,1336.1400146484375,1338.60400390625,20400,2.8110261986139085
20031121,1361.5589599609375,1361.5589599609375,1394.5679931640625,1359.9019775390625,1379.93701171875,20000,-1.085866802313551
20031124,1404.008056640625,1404.008056640625,1404.2469482421875,1360.23095703125,1360.3280029296875,18400,3.117683326831866
20031125,1408.4150390625,1408.4150390625,1423.58203125,1400.8990478515625,1407.7550048828125,25200,0.31388583569951223
20031126,1411.9090576171875,1411.9090576171875,1413.76904296875,1398.031982421875,1407.302001953125,16600,0.24808159937097507
20031127,1389.10302734375,1389.10302734375,1415.739990234375,1387.7869873046875,1412.3079833984375,15000,-1.6152619852107253
20031128,1397.2249755859375,1397.2249755859375,1401.4630126953125,1385.8179931640625,1388.31201171875,12000,0.5846901260965653
20031201,1432.7030029296875,1432.7030029296875,1432.821044921875,1398.7060546875,1398.7060546875,18200,2.5391778678213184
20031202,1435.31396484375,1435.31396484375,1444.56494140625,1430.237060546875,1437.239990234375,19400,0.18224027650695085
20031203,1445.0260009765625,1445.0260009765625,1462.072998046875,1424.3489990234375,1434.697021484375,21400,0.6766488984777386
20031204,1452.8089599609375,1452.8089599609375,1454.322998046875,1440.8199462890625,1445.4000244140625,18200,0.5386033870058426
20031205,1451.1180419921875,1451.1180419921875,1456.865966796875,1440.7889404296875,1454.4129638671875,15000,-0.11638956086803542
20031208,1436.6629638671875,1436.6629638671875,1459.47998046875,1435.1390380859375,1452.113037109375,13200,-0.9961338572536227
20031209,1443.365966796875,1443.365966796875,1443.6099853515625,1429.06396484375,1435.0989990234375,11000,0.4665675317225837
20031210,1469.4219970703125,1469.4219970703125,1469.7130126953125,1448.4969482421875,1449.5670166015625,20000,1.8052268705809338
20031211,1470.02294921875,1470.02294921875,1475.376953125,1460.1929931640625,1472.385009765625,18400,0.0408971792742685
20031212,1470.7919921875,1470.7919921875,1472.864013671875,1459.5489501953125,1469.7020263671875,14800,0.05231503148701577
20031215,1470.3570556640625,1470.3570556640625,1474.6710205078125,1465.5050048828125,1471.2440185546875,11000,-0.02957158631184953
20031216,1466.3370361328125,1466.3370361328125,1469.126953125,1441.06298828125,1469.1190185546875,16000,-0.2734043078695847
20031217,1453.9949951171875,1453.9949951171875,1480.4329833984375,1453.8809814453125,1465.60595703125,16800,-0.8416919651824895
20031218,1457.301025390625,1457.301025390625,1458.6710205078125,1445.0799560546875,1450.85400390625,14000,0.2273756295269047
20031219,1446.2850341796875,1446.2850341796875,1470.2060546875,1429.7099609375,1463.447998046875,23600,-0.7559173443924982
20031222,1492.9630126953125,1492.9630126953125,1493.5350341796875,1441.5849609375,1444.1729736328125,26400,3.2274397793309095
20031223,1500.6400146484375,1500.6400146484375,1507.0350341796875,1487.114990234375,1497.572021484375,24400,0.5142124679475835
20031224,1513.824951171875,1513.824951171875,1514.3170166015625,1498.97998046875,1501.35498046875,20400,0.8786208814061558
20031225,1512.5970458984375,1512.5970458984375,1525.2989501953125,1504.251953125,1514.928955078125,20600,-0.08111276488651509
20031226,1514.7750244140625,1514.7750244140625,1516.4830322265625,1504.133056640625,1513.113037109375,15800,0.14398934081822912
20031229,1496.427001953125,1496.427001953125,1512.9749755859375,1495.5350341796875,1509.281005859375,14000,-1.2112704636145444
20031230,1511.6910400390625,1511.6910400390625,1513.72802734375,1495.3909912109375,1495.6689453125,15200,1.0200322545647067
20031231,1497.0439453125,1497.0439453125,1516.52294921875,1491.248046875,1513.615966796875,14600,-0.9689211841980683
20040102,1517.1929931640625,1517.1929931640625,1526.2440185546875,1491.6939697265625,1492.7239990234375,16600,1.3459222699943263
20040105,1568.35302734375,1568.35302734375,1568.81494140625,1516.697021484375,1516.7969970703125,28600,3.3720188802740747
20040106,1574.52294921875,1574.52294921875,1589.0830078125,1557.927001953125,1568.8990478515625,32600,0.39340134315613007
20040107,1587.2039794921875,1587.2039794921875,1594.9969482421875,1565.0870361328125,1574.10205078125,30600,0.805388722960787
20040108,1610.1259765625,1610.1259765625,1616.5760498046875,1582.8800048828125,1587.4510498046875,28400,1.444174621944061
20040109,1581.4659423828125,1581.4659423828125,1618.7640380859375,1579.68603515625,1612.3900146484375,32000,-1.779987069140676
20040112,1618.5179443359375,1618.5179443359375,1619.093994140625,1573.77001953125,1579.875,23000,2.3428896544745337
20040113,1612.6829833984375,1612.6829833984375,1627.4859619140625,1596.718017578125,1622.0469970703125,26000,-0.3605125885640992
20040114,1592.4229736328125,1592.4229736328125,1613.1529541015625,1585.906005859375,1612.916015625,20600,-1.2562921525302362
20040115,1586.4930419921875,1586.4930419921875,1601.4139404296875,1582.3570556640625,1591.8179931640625,18800,-0.3723842056295501
20040116,1600.425048828125,1600.425048828125,1604.7559814453125,1579.240966796875,1589.376953125,20600,0.8781637528294972
20040129,1628.8370361328125,1628.8370361328125,1629.177978515625,1603.31396484375,1605.2469482421875,18400,1.7752775942548205
20040130,1590.72900390625,1590.72900390625,1634.4129638671875,1589.4010009765625,1631.1099853515625,24000,-2.3395853226077623
20040202,1623.8800048828125,1623.8800048828125,1650.291015625,1585.9580078125,1630.654052734375,34600,2.084013109408067
20040203,1649.281982421875,1649.281982421875,1650.2359619140625,1615.81298828125,1625.2879638671875,26600,1.564276760763228
20040204,1685.1590576171875,1685.1590576171875,1685.7650146484375,1652.613037109375,1652.614013671875,32600,2.1753148083646145
20040205,1693.427978515625,1693.427978515625,1693.9000244140625,1674.623046875,1690.93798828125,32600,0.49069082595263325
20040206,1679.1929931640625,1679.1929931640625,1705.907958984375,1671.39599609375,1690.5589599609375,32600,-0.8406017576277569
20040209,1703.529052734375,1703.529052734375,1703.77197265625,1679.095947265625,1679.5810546875,26200,1.449271148068365
20040210,1691.009033203125,1691.009033203125,1715.4639892578125,1683.595947265625,1708.89599609375,27400,-0.7349460527928064
20040211,1677.759033203125,1677.759033203125,1692.9019775390625,1660.009033203125,1691.6080322265625,26600,-0.7835558379544416
20040212,1663.83203125,1663.83203125,1693.012939453125,1660.31298828125,1679.0810546875,27200,-0.8300954831717444
20040213,1658.5389404296875,1658.5389404296875,1672.43896484375,1653.239990234375,1664.60302734375,22600,-0.3181265128268884
20040216,1696.8270263671875,1696.8270263671875,1697.260009765625,1661.4520263671875,1661.4520263671875,23000,2.308543079946035
20040217,1703.7740478515625,1703.7740478515625,1710.8570556640625,1693.9649658203125,1701.4090576171875,29800,0.40941247259882463
20040218,1717.095947265625,1717.095947265625,1719.887939453125,1697.3170166015625,1704.7449951171875,29200,0.7819052902502621
20040219,1717.0150146484375,1717.0150146484375,1728.02197265625,1710.7130126953125,1719.3089599609375,27400,-0.004713342741058391
20040220,1721.751953125,1721.751953125,1722.573974609375,1702.928955078125,1715.8060302734375,23400,0.27588218135252696
20040223,1681.654052734375,1681.654052734375,1730.279052734375,1680.8929443359375,1725.593994140625,28600,-2.328901112488757
20040224,1682.2969970703125,1682.2969970703125,1683.04296875,1650.177001953125,1675.635009765625,27000,0.03823285383173225
20040225,1647.3809814453125,1647.3809814453125,1700.498046875,1642.6910400390625,1684.9019775390625,24600,-2.075496519687403
20040226,1654.89794921875,1654.89794921875,1655.2950439453125,1628.8399658203125,1642.4090576171875,23200,0.4562980790783877
20040227,1675.0670166015625,1675.0670166015625,1675.322998046875,1657.0389404296875,1657.261962890625,19800,1.2187499170165816
20040301,1689.760009765625,1689.760009765625,1690.0699462890625,1661.3389892578125,1676.2220458984375,20000,0.8771585267001614
20040302,1687.2779541015625,1687.2779541015625,1694.81494140625,1677.97900390625,1692.615966796875,20600,-0.14688805805073146
20040303,1661.81201171875,1661.81201171875,1688.93505859375,1654.56396484375,1686.9639892578125,19200,-1.5092914786747458
20040304,1668.8740234375,1668.8740234375,1670.156005859375,1642.625,1658.634033203125,17800,0.4249585193120575
20040305,1662.095947265625,1662.095947265625,1675.0260009765625,1660.2130126953125,1671.06103515625,16000,-0.406146663959317
20040308,1637.14404296875,1637.14404296875,1665.72802734375,1635.43798828125,1660.6419677734375,15600,-1.5012312819800977
20040309,1637.0989990234375,1637.0989990234375,1659.64697265625,1634.7099609375,1636.2060546875,16200,-0.0027513733752315694
20040310,1678.072998046875,1678.072998046875,1678.4029541015625,1639.6800537109375,1639.6800537109375,16600,2.502841859159366
20040311,1691.6429443359375,1691.6429443359375,1698.781005859375,1672.66796875,1680.31298828125,18600,0.8086624541874254
20040312,1694.7430419921875,1694.7430419921875,1699.2490234375,1680.4520263671875,1692.8699951171875,16000,0.18325957416900351
20040315,1736.219970703125,1736.219970703125,1738.9840087890625,1696.823974609375,1696.9420166015625,25200,2.447387461298023
20040316,1745.54296875,1745.54296875,1747.98095703125,1730.7349853515625,1741.623046875,22200,0.5369710177391518
20040317,1745.0980224609375,1745.0980224609375,1750.7130126953125,1730.2659912109375,1746.739990234375,19000,-0.025490423153606834
20040318,1717.260009765625,1717.260009765625,1755.1009521484375,1714.9000244140625,1746.176025390625,21000,-1.5952119787549401
20040319,1747.8719482421875,1747.8719482421875,1748.18701171875,1710.8360595703125,1715.4730224609375,17800,1.7826035837601895
20040322,1755.68505859375,1755.68505859375,1760.0760498046875,1742.3719482421875,1749.708984375,17600,0.4470070224206202
20040323,1741.6949462890625,1741.6949462890625,1755.33203125,1731.489013671875,1755.321044921875,18400,-0.796846349874003
20040324,1740.053955078125,1740.053955078125,1752.41796875,1729.510986328125,1740.8900146484375,17800,-0.09421806123017795
20040325,1736.47705078125,1736.47705078125,1751.81298828125,1725.9840087890625,1737.488037109375,16200,-0.20556283823477406
20040326,1734.0469970703125,1734.0469970703125,1741.56494140625,1720.8759765625,1737.0579833984375,16400,-0.13994159668532236
20040329,1719.6739501953125,1719.6739501953125,1740.3050537109375,1717.864013671875,1734.5899658203125,16400,-0.8288729716832033
20040330,1724.2769775390625,1724.2769775390625,1727.177978515625,1711.6639404296875,1718.782958984375,13800,0.2676686091120484
20040331,1741.623046875,1741.623046875,1745.7030029296875,1724.2099609375,1726.5689697265625,16200,1.005990891364461
20040401,1758.14697265625,1758.14697265625,1758.9820556640625,1741.3299560546875,1744.708984375,18000,0.9487659118256886
20040402,1768.64501953125,1768.64501953125,1771.6719970703125,1756.6529541015625,1760.467041015625,21200,0.5971086057236397
20040405,1766.4830322265625,1766.4830322265625,1774.1199951171875,1753.7130126953125,1771.737060546875,23800,-0.12223975307721346
20040406,1777.5159912109375,1777.5159912109375,1777.7440185546875,1754.740966796875,1767.322021484375,23000,0.624572032852666
20040407,1774.552001953125,1774.552001953125,1783.0069580078125,1771.1300048828125,1779.427001953125,22400,-0.1667489503592745
20040408,1770.279052734375,1770.279052734375,1778.094970703125,1765.02197265625,1774.39794921875,22400,-0.24079030730275175
20040409,1727.3480224609375,1727.3480224609375,1778.219970703125,1721.5899658203125,1770.9110107421875,24400,-2.4250996026375704
20040412,1722.9859619140625,1722.9859619140625,1729.6219482421875,1702.4000244140625,1717.2030029296875,18400,-0.25252933920405507
20040413,1715.135986328125,1715.135986328125,1734.91796875,1710.3909912109375,1724.5780029296875,19200,-0.4556029915192661
20040414,1697.156005859375,1697.156005859375,1716.8199462890625,1678.3360595703125,1714.5260009765625,19600,-1.0483122395001931
20040415,1679.0760498046875,1679.0760498046875,1705.0169677734375,1674.9110107421875,1697.2440185546875,15200,-1.065309022403782
20040416,1693.8609619140625,1693.8609619140625,1694.5570068359375,1656.302001953125,1678.9720458984375,17600,0.8805385623298578
20040419,1675.885009765625,1675.885009765625,1698.6910400390625,1672.35400390625,1695.3330078125,13800,-1.061241303307725
20040420,1669.4219970703125,1669.4219970703125,1682.050048828125,1659.946044921875,1674.363037109375,12800,-0.3856477417991999
20040421,1651.5770263671875,1651.5770263671875,1675.3599853515625,1645.0780029296875,1669.3819580078125,15200,-1.0689310871931368
20040422,1657.7850341796875,1657.7850341796875,1659.791015625,1637.2900390625,1649.051025390625,12600,0.3758836380859165
20040423,1635.5009765625,1635.5009765625,1653.989990234375,1632.5589599609375,1653.9439697265625,12200,-1.3442067070061459
20040426,1635.4990234375,1635.4990234375,1644.501953125,1623.0489501953125,1633.26904296875,10200,-0.000119420595157127
20040427,1611.8599853515625,1611.8599853515625,1640.6949462890625,1608.81103515625,1636.43798828125,12800,-1.4453715806110878
20040428,1606.801025390625,1606.801025390625,1615.1429443359375,1589.0999755859375,1606.4210205078125,12600,-0.31385852412200155
20040429,1579.447021484375,1579.447021484375,1613.5550537109375,1578.093994140625,1605.302001953125,13400,-1.7023889998825537
20040430,1595.5870361328125,1595.5870361328125,1599.56103515625,1572.22998046875,1579.9659423828125,12400,1.021877557708084
20040510,1560.2149658203125,1560.2149658203125,1603.073974609375,1555.260009765625,1600.6259765625,8200,-2.2168687455765834
20040511,1568.0589599609375,1568.0589599609375,1570.760986328125,1545.6309814453125,1556.717041015625,7800,0.5027508588536733
20040512,1603.7679443359375,1603.7679443359375,1604.4239501953125,1564.1390380859375,1568.4090576171875,11000,2.2772730673271013
20040513,1597.5699462890625,1597.5699462890625,1606.072021484375,1589.4580078125,1605.7039794921875,8800,-0.38646476684888187
20040514,1562.68798828125,1562.68798828125,1597.3189697265625,1558.5379638671875,1596.7340087890625,9400,-2.1834385460767214
20040517,1539.958984375,1539.958984375,1562.3919677734375,1537.4659423828125,1556.6729736328125,8400,-1.4544812577236832
20040518,1555.4420166015625,1555.4420166015625,1555.8590087890625,1526.238037109375,1537.3380126953125,12000,1.0054184808595101
20040519,1558.2869873046875,1558.2869873046875,1575.3780517578125,1548.1610107421875,1559.261962890625,12400,0.1829043238359196
20040520,1549.06103515625,1549.06103515625,1571.302978515625,1542.218994140625,1556.68505859375,9200,-0.5920573182989441
20040521,1558.3299560546875,1558.3299560546875,1559.8590087890625,1545.6190185546875,1548.56298828125,8400,0.5983573718580049
20040524,1550.3480224609375,1550.3480224609375,1562.33203125,1547.3590087890625,1559.552001953125,7400,-0.5122107524620945
20040525,1518.0450439453125,1518.0450439453125,1549.5880126953125,1516.344970703125,1549.02099609375,9200,-2.083595299096075
20040526,1524.43603515625,1524.43603515625,1529.9139404296875,1508.64501953125,1515.156005859375,7400,0.4210014212969293
20040527,1557.177978515625,1557.177978515625,1559.551025390625,1515.9730224609375,1524.9429931640625,12200,2.147806966267307
20040528,1548.7220458984375,1548.7220458984375,1561.0040283203125,1545.64794921875,1558.416015625,8600,-0.5430292961918215
20040531,1555.906005859375,1555.906005859375,1556.4830322265625,1544.7130126953125,1549.031005859375,3600,0.46386373719953244
20040601,1579.657958984375,1579.657958984375,1579.8199462890625,1553.1180419921875,1555.56201171875,13000,1.5265673527547818
20040602,1567.0670166015625,1567.0670166015625,1580.5699462890625,1562.239013671875,1580.208984375,13600,-0.7970676380415709
20040603,1543.5269775390625,1543.5269775390625,1566.8280029296875,1540.740966796875,1566.4210205078125,11200,-1.5021718160816322
20040604,1542.0860595703125,1542.0860595703125,1549.4959716796875,1534.991943359375,1541.093017578125,10400,-0.09335230220901547
20040607,1517.14501953125,1517.14501953125,1538.4990234375,1508.8740234375,1538.4630126953125,9200,-1.6173572080673715
20040608,1493.81396484375,1493.81396484375,1519.990966796875,1488.6300048828125,1514.782958984375,10000,-1.5378262715260105
20040609,1468.071044921875,1468.071044921875,1497.1820068359375,1464.1600341796875,1492.198974609375,11400,-1.7233015976368726
20040610,1468.343994140625,1468.343994140625,1478.1669921875,1456.321044921875,1465.5560302734375,10200,0.018592371240755412
20040611,1472.072021484375,1472.072021484375,1499.458984375,1469.5360107421875,1471.68896484375,10400,0.25389332190730585
20040614,1438.7359619140625,1438.7359619140625,1471.446044921875,1431.31396484375,1471.446044921875,10400,-2.2645671600155737
20040615,1463.7769775390625,1463.7769775390625,1469.571044921875,1433.032958984375,1436.08203125,10000,1.7404872254451753
20040616,1475.416015625,1475.416015625,1491.68603515625,1452.5780029296875,1465.22705078125,10800,0.7951373921391669
20040617,1445.5009765625,1445.5009765625,1478.489013671875,1443.5340576171875,1475.27294921875,9200,-2.027566377597423
20040618,1427.301025390625,1427.301025390625,1442.47998046875,1411.031005859375,1442.4759521484375,10000,-1.2590756745910814
20040621,1433.467041015625,1433.467041015625,1434.2039794921875,1414.968994140625,1421.8280029296875,7600,0.43200526835693864
20040622,1450.6829833984375,1450.6829833984375,1456.1300048828125,1430.9630126953125,1434.416015625,10600,1.201000224645199
20040623,1440.72900390625,1440.72900390625,1450.1090087890625,1428.7969970703125,1450.0689697265625,8200,-0.6861581479965295
20040624,1427.7540283203125,1427.7540283203125,1447.39404296875,1426.491943359375,1438.31103515625,9200,-0.9005840481283056
20040625,1401.113037109375,1401.113037109375,1434.4730224609375,1399.3909912109375,1426.553955078125,9400,-1.8659370369474182
20040628,1385.1810302734375,1385.1810302734375,1397.52197265625,1380.197021484375,1396.3609619140625,8000,-1.1370964664497496
20040629,1408.68896484375,1408.68896484375,1409.3759765625,1376.218017578125,1384.6429443359375,10200,1.6971019712616275
20040630,1399.1619873046875,1399.1619873046875,1415.843994140625,1394.676025390625,1408.27197265625,8200,-0.6763009987885593
20040701,1441.0679931640625,1441.0679931640625,1445.10205078125,1396.3470458984375,1398.197998046875,13800,2.995078928645123
20040702,1441.18994140625,1441.18994140625,1447.612060546875,1428.073974609375,1441.1209716796875,10600,0.008462351725668782
20040705,1444.5899658203125,1444.5899658203125,1444.9320068359375,1429.1199951171875,1440.1700439453125,8200,0.23591785623655603
20040706,1450.5009765625,1450.5009765625,1466.7840576171875,1445.3160400390625,1445.39794921875,12000,0.40918259727984463
20040707,1438.39794921875,1438.39794921875,1448.9560546875,1434.29296875,1448.949951171875,7800,-0.834403253724969
20040708,1439.782958984375,1439.782958984375,1440.637939453125,1426.947998046875,1436.4730224609375,7000,0.09628835791772872
20040709,1430.654052734375,1430.654052734375,1451.751953125,1429.1390380859375,1439.7349853515625,7200,-0.6340473883952313
20040712,1397.14794921875,1397.14794921875,1426.2509765625,1393.8070068359375,1426.2509765625,8400,-2.3420129731283157
20040713,1399.4610595703125,1399.4610595703125,1403.1409912109375,1389.1590576171875,1395.35302734375,7000,0.16555944220910668
20040714,1403.7550048828125,1403.7550048828125,1408.987060546875,1378.9119873046875,1399.864990234375,10200,0.3068284953793965
20040715,1421.5439453125,1421.5439453125,1422.2559814453125,1399.9840087890625,1404.470947265625,12400,1.2672396798451668
20040716,1456.1300048828125,1456.1300048828125,1458.385009765625,1422.239990234375,1423.68701171875,22000,2.432992640456799
20040719,1457.5369873046875,1457.5369873046875,1465.8399658203125,1447.050048828125,1456.77099609375,12800,0.09662478055922907
20040720,1447.9410400390625,1447.9410400390625,1457.291015625,1440.0560302734375,1457.22705078125,12200,-0.6583673244114463
20040721,1448.0369873046875,1448.0369873046875,1452.8580322265625,1436.8470458984375,1446.5169677734375,9400,0.006626462195069571
20040722,1407.43798828125,1407.43798828125,1449.68603515625,1404.5419921875,1448.1280517578125,12800,-2.80372665749421
20040723,1407.39599609375,1407.39599609375,1408.45703125,1387.261962890625,1403.3599853515625,10400,-0.002983590598637509
20040726,1387.6700439453125,1387.6700439453125,1401.8809814453125,1381.905029296875,1401.843017578125,8000,-1.4015921747103977
20040727,1384.1280517578125,1384.1280517578125,1395.31103515625,1373.4219970703125,1386.9949951171875,9000,-0.2552474345723921
20040728,1388.81005859375,1388.81005859375,1397.1669921875,1366.5030517578125,1385.5040283203125,9800,0.33826399443255273
20040729,1407.3310546875,1407.3310546875,1407.35595703125,1385.9620361328125,1388.616943359375,11000,1.3335874102541778
20040730,1386.2020263671875,1386.2020263671875,1409.1190185546875,1384.738037109375,1408.489013671875,9000,-1.5013545142727125
20040802,1373.217041015625,1373.217041015625,1383.0770263671875,1370.4990234375,1381.876953125,7000,-0.9367310900267656
20040803,1366.3740234375,1366.3740234375,1378.196044921875,1363.6929931640625,1371.2750244140625,7600,-0.4983201761801559
20040804,1404.5050048828125,1404.5050048828125,1424.552978515625,1364.009033203125,1365.6650390625,17100,2.790669376850663
20040805,1389.0389404296875,1389.0389404296875,1413.08203125,1387.5460205078125,1402.3740234375,10800,-1.1011754603477142
20040806,1390.4610595703125,1390.4610595703125,1400.9539794921875,1380.31494140625,1388.072998046875,9000,0.10238151712183008
20040809,1395.8480224609375,1395.8480224609375,1397.5899658203125,1382.9429931640625,1388.083984375,8000,0.3874227799151475
20040810,1400.76904296875,1400.76904296875,1404.7220458984375,1390.9429931640625,1396.623046875,6800,0.3525470129001951
20040811,1384.9639892578125,1384.9639892578125,1401.2509765625,1382.2440185546875,1401.02099609375,7600,-1.1283126072975436
20040812,1368.196044921875,1368.196044921875,1378.7939453125,1357.0789794921875,1378.7939453125,8200,-1.210713380708428
20040813,1368.449951171875,1368.449951171875,1377.8160400390625,1358.31494140625,1361.9849853515625,8200,0.018557738925095713
20040816,1354.510986328125,1354.510986328125,1369.865966796875,1350.8389892578125,1366.5159912109375,7400,-1.0185951507991509
20040817,1360.199951171875,1360.199951171875,1364.4090576171875,1344.81298828125,1354.3819580078125,7000,0.4200013806585634
20040818,1358.2159423828125,1358.2159423828125,1371.2340087890625,1357.0269775390625,1359.8709716796875,7400,-0.1458615542040853
20040819,1340.449951171875,1340.449951171875,1357.2679443359375,1333.47900390625,1357.23095703125,8000,-1.3080387776754687
20040820,1341.738037109375,1341.738037109375,1349.4749755859375,1327.76904296875,1338.3070068359375,8000,0.09609354951103377
20040823,1325.4129638671875,1325.4129638671875,1339.93603515625,1322.97900390625,1339.9329833984375,6200,-1.216710922003672
20040824,1344.6259765625,1344.6259765625,1347.1510009765625,1317.5560302734375,1323.791015625,9400,1.4495869000144879
20040825,1339.7840576171875,1339.7840576171875,1346.967041015625,1334.2919921875,1344.4620361328125,6600,-0.3600941101622013
20040826,1334.4219970703125,1334.4219970703125,1340.947998046875,1330.2230224609375,1339.615966796875,5800,-0.4002182677417032
20040827,1320.614013671875,1320.614013671875,1337.72998046875,1314.5999755859375,1333.3070068359375,6800,-1.0347538806129264
20040830,1319.532958984375,1319.532958984375,1322.2320556640625,1310.0240478515625,1318.3179931640625,6000,-0.0818600042335027
20040831,1342.06201171875,1342.06201171875,1360.7540283203125,1331.761962890625,1342.302001953125,11700,1.707350512238448
20040901,1321.4620361328125,1321.4620361328125,1340.77099609375,1319.862060546875,1340.75,6200,-1.5349496078467806
20040902,1327.927001953125,1327.927001953125,1328.6070556640625,1303.18798828125,1319.071044921875,8600,0.48922826714203893
20040903,1327.115966796875,1327.115966796875,1333.218994140625,1319.824951171875,1327.8070068359375,7400,-0.06107528162746512
20040906,1321.4649658203125,1321.4649658203125,1326.873046875,1315.9580078125,1326.458984375,5800,-0.42581063885485104
20040907,1324.2939453125,1324.2939453125,1325.6829833984375,1312.31201171875,1321.2080078125,5600,0.21407903844286036
20040908,1309.3330078125,1309.3330078125,1323.259033203125,1302.113037109375,1322.8399658203125,8200,-1.129729359026077
20040909,1284.3070068359375,1284.3070068359375,1307.4720458984375,1281.7490234375,1307.468017578125,8000,-1.9113549285963094
20040910,1287.0810546875,1287.0810546875,1287.7469482421875,1270.93701171875,1281.5830078125,6200,0.21599569548380604
20040913,1260.3160400390625,1260.3160400390625,1285.3189697265625,1259.4320068359375,1285.3189697265625,6800,-2.079512751039292
20040914,1300.3570556640625,1300.3570556640625,1305.7340087890625,1266.2320556640625,1266.2320556640625,12600,3.177061495127753
20040915,1355.2259521484375,1355.2259521484375,1374.0360107421875,1301.3759765625,1303.2879638671875,29400,4.219525417682668
20040916,1371.2010498046875,1371.2010498046875,1377.989990234375,1354.199951171875,1364.25,23000,1.1787774305033638
20040917,1414.7020263671875,1414.7020263671875,1415.6400146484375,1368.54296875,1373.4990234375,31000,3.1724725246305985
20040920,1463.220947265625,1463.220947265625,1463.79296875,1422.8990478515625,1423.9720458984375,41800,3.429621220168122
20040921,1448.56201171875,1448.56201171875,1467.54296875,1436.510009765625,1466.2030029296875,34800,-1.0018265234835955
20040922,1420.14794921875,1420.14794921875,1451.4129638671875,1414.7010498046875,1444.2540283203125,30200,-1.9615358037924913
20040923,1464.779052734375,1464.779052734375,1464.9759521484375,1408.6099853515625,1417.3909912109375,22400,3.1427080213844993
20040924,1435.56298828125,1435.56298828125,1496.2139892578125,1434.31005859375,1475.0909423828125,40800,-1.99457142690469
20040927,1427.39794921875,1427.39794921875,1466.4019775390625,1419.31298828125,1452.508056640625,19800,-0.5687691260608307
20040928,1435.5889892578125,1435.5889892578125,1438.0479736328125,1416.60302734375,1430.220947265625,14200,0.5738441787411563
20040929,1420.009033203125,1420.009033203125,1438.97705078125,1417.8289794921875,1436.7060546875,13200,-1.0852657808933297
20040930,1396.699951171875,1396.699951171875,1420.052001953125,1390.6839599609375,1418.1080322265625,13000,-1.6414742079965183
20041008,1422.928955078125,1422.928955078125,1423.2039794921875,1373.927978515625,1395.6689453125,13800,1.8779268864614007
20041011,1413.154052734375,1413.154052734375,1437.572021484375,1409.2230224609375,1424.2249755859375,23200,-0.6869564575845866
20041012,1384.43896484375,1384.43896484375,1410.6099853515625,1380.6920166015625,1410.6099853515625,17000,-2.03198567311631
20041013,1386.720947265625,1386.720947265625,1393.6519775390625,1372.06298828125,1382.35595703125,14200,0.16483084338301257
20041014,1332.93798828125,1332.93798828125,1387.362060546875,1331.1309814453125,1386.8580322265625,17200,-3.878426953196734
20041015,1330.5179443359375,1330.5179443359375,1340.115966796875,1312.550048828125,1328.4720458984375,13600,-0.18155712918295208
20041018,1335.39404296875,1335.39404296875,1341.782958984375,1316.322998046875,1332.52099609375,10200,0.3664812378946225
20041019,1337.6180419921875,1337.6180419921875,1361.81396484375,1334.4649658203125,1339.06396484375,13000,0.16654252991075147
20041020,1330.583984375,1330.583984375,1337.7149658203125,1311.876953125,1337.7139892578125,11800,-0.5258644393515532
20041021,1310.5450439453125,1310.5450439453125,1340.9630126953125,1304.5439453125,1331.219970703125,16400,-1.5060259754366534
20041022,1329.35498046875,1329.35498046875,1330.56005859375,1294.041015625,1310.85400390625,18000,1.4352758503295204
20041025,1311.1510009765625,1311.1510009765625,1346.8809814453125,1308.8919677734375,1337.2540283203125,17600,-1.3693843826250607
20041026,1324.782958984375,1324.782958984375,1325.2020263671875,1289.873046875,1309.6219482421875,17000,1.0396939786233128
20041027,1342.7989501953125,1342.7989501953125,1343.029052734375,1314.866943359375,1326.9169921875,20800,1.3599202109868092
20041028,1341.737060546875,1341.737060546875,1356.6309814453125,1336.75,1340.81494140625,19600,-0.07908031565582174
20041029,1320.5360107421875,1320.5360107421875,1337.2760009765625,1304.0670166015625,1316.5989990234375,18000,-1.5801195650097188
20041101,1305.291015625,1305.291015625,1323.1009521484375,1304.2939453125,1317.657958984375,12000,-1.1544550843879842
20041102,1301.5279541015625,1301.5279541015625,1306.2779541015625,1290.988037109375,1303.8780517578125,11000,-0.28829291540291013
20041103,1326.7490234375,1326.7490234375,1327.5,1301.323974609375,1304.574951171875,13200,1.9378046592435583
20041104,1304.7760009765625,1304.7760009765625,1338.2640380859375,1301.363037109375,1328.114990234375,14000,-1.6561551636953276
20041105,1305.1280517578125,1305.1280517578125,1315.9410400390625,1298.70703125,1308.654052734375,10000,0.026981702682027375
20041108,1304.22900390625,1304.22900390625,1307.6190185546875,1292.9090576171875,1303.52197265625,7400,-0.06888579632868819
20041109,1307.428955078125,1307.428955078125,1313.1510009765625,1299.9420166015625,1304.3709716796875,7200,0.24535194067076826
20041110,1354.385986328125,1354.385986328125,1360.7130126953125,1302.7039794921875,1310.3189697265625,23400,3.5915550950295527
20041111,1347.0699462890625,1347.0699462890625,1379.8599853515625,1346.029052734375,1358.64697265625,27400,-0.5401739321666321
20041112,1352.217041015625,1352.217041015625,1360.3289794921875,1341.1240234375,1346.843017578125,15800,0.38209558016952805
20041115,1370.0460205078125,1370.0460205078125,1370.615966796875,1354.47802734375,1354.47802734375,14200,1.3184998377772539
20041116,1370.3890380859375,1370.3890380859375,1376.18896484375,1361.279052734375,1372.5760498046875,14200,0.025036938394062958
20041117,1356.137939453125,1356.137939453125,1370.7919921875,1350.52099609375,1370.697998046875,12200,-1.0399308690266063
20041118,1367.8280029296875,1367.8280029296875,1368.06103515625,1352.885986328125,1353.498046875,11600,0.8620113881097291
20041119,1379.9599609375,1379.9599609375,1380.0760498046875,1365.240966796875,1369.8060302734375,14200,0.8869505509338627
20041122,1383.02001953125,1383.02001953125,1387.342041015625,1374.406005859375,1381.5789794921875,16600,0.22174981016631623
20041123,1371.2440185546875,1371.2440185546875,1383.7869873046875,1368.1429443359375,1383.5250244140625,16400,-0.8514700300978895
20041124,1359.125,1359.125,1380.7659912109375,1358.4520263671875,1371.322998046875,16400,-0.8837973687178646
20041125,1358.3330078125,1358.3330078125,1362.1590576171875,1348.406005859375,1358.407958984375,13400,-0.05827221098132496
20041126,1356.72705078125,1356.72705078125,1362.4940185546875,1354.7950439453125,1357.5360107421875,10400,-0.11822999382429256
20041129,1337.4339599609375,1337.4339599609375,1354.574951171875,1335.6080322265625,1354.574951171875,10000,-1.4220318529952536
20041130,1340.77099609375,1340.77099609375,1341.4820556640625,1332.2879638671875,1335.998046875,9200,0.24951034837712438
20041201,1334.9439697265625,1334.9439697265625,1342.5460205078125,1332.967041015625,1340.916015625,9600,-0.434602656543448
20041202,1333.0899658203125,1333.0899658203125,1334.0579833984375,1324.552978515625,1333.572998046875,12800,-0.1388825260306481
20041203,1337.197021484375,1337.197021484375,1343.7110595703125,1332.85595703125,1333.009033203125,13600,0.30808540828939357
20041206,1339.64404296875,1339.64404296875,1342.8310546875,1327.383056640625,1337.8070068359375,10600,0.1829963307619975
20041207,1323.751953125,1323.751953125,1340.8790283203125,1322.8179931640625,1339.8179931640625,10200,-1.1862919801092775
20041208,1326.43798828125,1326.43798828125,1337.8699951171875,1322.051025390625,1331.2769775390625,8600,0.20291076057783464
20041209,1338.81005859375,1338.81005859375,1352.4549560546875,1318.468017578125,1326.7440185546875,15200,0.9327288890852214
20041210,1317.717041015625,1317.717041015625,1340.364990234375,1316.6429443359375,1336.6280517578125,11000,-1.5755048628989687
20041213,1309.6949462890625,1309.6949462890625,1314.4000244140625,1299.803955078125,1312.60498046875,8600,-0.6087873554689316
20041214,1307.552978515625,1307.552978515625,1315.89404296875,1303.1490478515625,1309.0660400390625,8000,-0.16354707479834252
20041215,1313.0450439453125,1313.0450439453125,1317.8160400390625,1291.85498046875,1307.3399658203125,11400,0.420026226082415
20041216,1305.0179443359375,1305.0179443359375,1317.616943359375,1302.4849853515625,1311.0269775390625,9000,-0.6113346717532164
20041217,1290.489990234375,1290.489990234375,1303.93994140625,1288.237060546875,1303.93994140625,7600,-1.1132378803385024
20041220,1275.458984375,1275.458984375,1286.0660400390625,1272.14599609375,1286.0660400390625,8000,-1.1647518363660514
20041221,1275.1700439453125,1275.1700439453125,1285.7049560546875,1271.030029296875,1275.0870361328125,7000,-0.022653839380737395
20041222,1307.5699462890625,1307.5699462890625,1307.7259521484375,1275.06298828125,1277.1829833984375,13400,2.5408299463737682
20041223,1282.718994140625,1282.718994140625,1308.5889892578125,1280.718017578125,1308.5760498046875,8400,-1.9005447638931638
20041224,1285.0360107421875,1285.0360107421875,1290.656982421875,1280.3800048828125,1281.3179931640625,7200,0.1806332183546422
20041227,1280.27197265625,1280.27197265625,1292.31298828125,1276.72998046875,1285.4100341796875,7200,-0.3707318741352661
20041228,1278.9429931640625,1278.9429931640625,1283.6309814453125,1271.9100341796875,1280.9310302734375,7800,-0.10380446659550291
20041229,1274.31298828125,1274.31298828125,1285.5489501953125,1270.886962890625,1278.68798828125,8800,-0.36201808114668665
20041230,1273.708984375,1273.708984375,1280.571044921875,1264.1519775390625,1273.154052734375,8800,-0.04739839519839473
20041231,1266.4959716796875,1266.4959716796875,1280.8270263671875,1264.4859619140625,1275.385986328125,8400,-0.5662998992546076
20050104,1242.7740478515625,1242.7740478515625,1260.781982421875,1238.178955078125,1260.781982421875,8200,-1.8730358689308613
20050105,1251.93701171875,1251.93701171875,1258.5799560546875,1235.7459716796875,1241.6820068359375,8600,0.7372992607166173
20050106,1239.4300537109375,1239.4300537109375,1252.7349853515625,1234.2359619140625,1252.4930419921875,8000,-0.9990085675829707
20050107,1244.7459716796875,1244.7459716796875,1256.31298828125,1235.508056640625,1239.322998046875,9000,0.4289001991547581
20050110,1252.4010009765625,1252.4010009765625,1252.7230224609375,1236.0889892578125,1243.5760498046875,7200,0.614987272185763
20050111,1257.4620361328125,1257.4620361328125,1260.8709716796875,1247.8349609375,1252.7110595703125,7800,0.4041066042189012
20050112,1256.9229736328125,1256.9229736328125,1257.1929931640625,1246.4219970703125,1257.1700439453125,6800,-0.042869087456332
20050113,1256.31396484375,1256.31396484375,1259.4990234375,1251.0159912109375,1255.718017578125,8800,-0.04845235562067618
20050114,1245.6199951171875,1245.6199951171875,1268.85595703125,1243.873046875,1255.8709716796875,9800,-0.851217930057202
20050117,1216.6519775390625,1216.6519775390625,1236.39697265625,1214.06494140625,1235.573974609375,10000,-2.3255902836883835
20050118,1225.4539794921875,1225.4539794921875,1226.04296875,1207.052001953125,1215.7760009765625,10200,0.723460949854271
20050119,1218.1080322265625,1218.1080322265625,1225.074951171875,1214.635009765625,1225.074951171875,9400,-0.5994470121733264
20050120,1204.39404296875,1204.39404296875,1213.9599609375,1199.1669921875,1213.3680419921875,10400,-1.1258434305490006
20050121,1234.4759521484375,1234.4759521484375,1237.9090576171875,1189.2110595703125,1201.9329833984375,17000,2.4976800039244296
20050124,1255.7769775390625,1255.7769775390625,1265.948974609375,1239.800048828125,1258.0240478515625,18000,1.7255115706023672
20050125,1254.2340087890625,1254.2340087890625,1254.865966796875,1239.1639404296875,1252.35400390625,11800,-0.12286964784333776
20050126,1241.9580078125,1241.9580078125,1254.2320556640625,1240.1309814453125,1252.3719482421875,9600,-0.9787647991154946
20050127,1225.8909912109375,1225.8909912109375,1241.136962890625,1223.876953125,1239.5789794921875,9400,-1.2936843677880727
20050128,1213.6729736328125,1213.6729736328125,1226.303955078125,1208.8570556640625,1223.72705078125,8200,-0.9966642764913436
20050131,1191.822998046875,1191.822998046875,1210.7550048828125,1190.1729736328125,1210.7550048828125,9000,-1.8003182126182904
20050201,1188.9310302734375,1188.9310302734375,1203.0660400390625,1187.260009765625,1189.5009765625,9400,-0.2426507776890352
20050202,1252.5,1252.5,1253.1590576171875,1189.501953125,1189.501953125,19000,5.346733166846729
20050203,1242.3070068359375,1242.3070068359375,1269.155029296875,1236.178955078125,1253.81298828125,20400,-0.8138118294660712
20050204,1269.0040283203125,1269.0040283203125,1274.114990234375,1235.6400146484375,1238.6090087890625,17000,2.148987435269345
20050216,1278.8800048828125,1278.8800048828125,1291.4649658203125,1270.3179931640625,1276.0150146484375,14400,0.7782462736207529
20050217,1276.134033203125,1276.134033203125,1280.0279541015625,1263.7110595703125,1280.0279541015625,11200,-0.2147169139562144
20050218,1258.968994140625,1258.968994140625,1278.6240234375,1258.56103515625,1275.6639404296875,10600,-1.34508120745086
20050221,1284.47998046875,1284.47998046875,1284.93701171875,1259.509033203125,1259.5279541015625,12600,2.0263395243930393
20050222,1309.2769775390625,1309.2769775390625,1312.532958984375,1282.782958984375,1285.6290283203125,22600,1.9305086453167863
20050223,1309.4749755859375,1309.4749755859375,1316.5880126953125,1299.14599609375,1309.6240234375,24200,0.015122701328418309
20050224,1309.948974609375,1309.948974609375,1310.967041015625,1296.97900390625,1307.0360107421875,20200,0.03619763892206418
20050225,1312.4449462890625,1312.4449462890625,1328.532958984375,1311.2049560546875,1311.366943359375,24000,0.19053961093651317
20050228,1306.0030517578125,1306.0030517578125,1315.136962890625,1298.927978515625,1311.43896484375,17600,-0.4908316001722146
20050301,1303.4119873046875,1303.4119873046875,1308.758056640625,1295.6419677734375,1305.2490234375,14000,-0.19839650831118272
20050302,1287.449951171875,1287.449951171875,1316.7230224609375,1285.916015625,1303.31005859375,18600,-1.2246347500470822
20050303,1294.3389892578125,1294.3389892578125,1295.2530517578125,1276.8800048828125,1285.197021484375,12800,0.5350917198503113
20050304,1287.7139892578125,1287.7139892578125,1299.595947265625,1286.48095703125,1294.156005859375,11000,-0.5118442737940598
20050307,1293.739013671875,1293.739013671875,1296.8800048828125,1287.739990234375,1288.407958984375,10800,0.46788529629433473
20050308,1318.27099609375,1318.27099609375,1318.89501953125,1296.907958984375,1298.25,18000,1.8962079803289456
20050309,1316.791015625,1316.791015625,1326.0760498046875,1310.2349853515625,1321.2080078125,20600,-0.11226678529190348
20050310,1286.2330322265625,1286.2330322265625,1316.9000244140625,1282.5279541015625,1316.9000244140625,17800,-2.320640332128443
20050311,1289.9410400390625,1289.9410400390625,1292.529052734375,1278.1529541015625,1284.512939453125,15000,0.28828429371630104
20050314,1293.5,1293.5,1304.112060546875,1271.510986328125,1288.9849853515625,18600,0.27590097922844947
20050315,1269.14404296875,1269.14404296875,1293.259033203125,1266.636962890625,1293.1319580078125,15600,-1.8829499057788968
20050316,1255.5889892578125,1255.5889892578125,1268.18701171875,1247.8929443359375,1267.052001953125,13600,-1.0680469081531418
20050317,1243.4749755859375,1243.4749755859375,1257.7939453125,1242.512939453125,1255.9849853515625,12800,-0.9648072558390064
20050318,1227.4029541015625,1227.4029541015625,1248.0340576171875,1223.614990234375,1242.4530029296875,12400,-1.2925086390903617
20050321,1231.0460205078125,1231.0460205078125,1232.8170166015625,1220.823974609375,1226.1429443359375,10000,0.2968109530840035
20050322,1206.9219970703125,1206.9219970703125,1231.676025390625,1202.427001953125,1230.6820068359375,14600,-1.9596361984541177
20050323,1201.6490478515625,1201.6490478515625,1218.010986328125,1194.322021484375,1205.7550048828125,13400,-0.4368922955708454
20050324,1208.1920166015625,1208.1920166015625,1208.6080322265625,1187.5810546875,1200.2569580078125,11400,0.5444991415503697
20050325,1205.634033203125,1205.634033203125,1211.1600341796875,1199.8699951171875,1207.2030029296875,9600,-0.21171993882501683
20050328,1200.113037109375,1200.113037109375,1204.8499755859375,1185.4560546875,1204.8499755859375,9000,-0.45793299970819934
20050329,1195.0179443359375,1195.0179443359375,1209.22900390625,1194.5889892578125,1199.6910400390625,9200,-0.4245510727647561
20050330,1172.573974609375,1172.573974609375,1192.447021484375,1171.81103515625,1192.447021484375,11400,-1.8781282601605165
20050331,1181.2359619140625,1181.2359619140625,1181.531005859375,1162.031005859375,1168.8280029296875,10400,0.7387156369023984
20050401,1223.5660400390625,1223.5660400390625,1237.800048828125,1173.54296875,1180.373046875,19600,3.5835412643896225
20050404,1202.967041015625,1202.967041015625,1218.2750244140625,1196.9449462890625,1212.1180419921875,13800,-1.6835216367054318
20050405,1191.7449951171875,1191.7449951171875,1209.3409423828125,1189.2550048828125,1200.6910400390625,11600,-0.9328639535263639
20050406,1214.8680419921875,1214.8680419921875,1220.4150390625,1183.906005859375,1191.197998046875,16800,1.9402680078153933
20050407,1225.487060546875,1225.487060546875,1248.06201171875,1213.6500244140625,1216.72802734375,24200,0.874088229144121
20050408,1248.52099609375,1248.52099609375,1249.2030029296875,1218.759033203125,1225.0489501953125,17800,1.87957394969116
20050411,1240.9720458984375,1240.9720458984375,1252.81298828125,1235.35595703125,1248.1500244140625,19400,-0.6046314174075529
20050412,1219.510986328125,1219.510986328125,1239.134033203125,1218.511962890625,1239.134033203125,13000,-1.7293749396889213
20050413,1248.2030029296875,1248.2030029296875,1254.3189697265625,1228.9739990234375,1228.9739990234375,19600,2.3527476933973723
20050414,1234.33203125,1234.33203125,1253.5980224609375,1233.237060546875,1252.2060546875,15600,-1.1112753011433774
20050415,1216.9620361328125,1216.9620361328125,1229.6800537109375,1213.2030029296875,1229.6800537109375,14200,-1.4072384639971625
20050418,1197.7349853515625,1197.7349853515625,1212.3919677734375,1190.9840087890625,1212.3919677734375,11600,-1.5799219869132908
20050419,1199.9019775390625,1199.9019775390625,1202.491943359375,1191.23095703125,1196.281005859375,11000,0.1809241788878646
20050420,1184.1929931640625,1184.1929931640625,1198.9560546875,1178.6400146484375,1198.9560546875,11200,-1.309188972854125
20050421,1172.5560302734375,1172.5560302734375,1190.541015625,1167.9940185546875,1182.2049560546875,13200,-0.9826914158250544
20050422,1169.18701171875,1169.18701171875,1177.885009765625,1163.4019775390625,1171.0279541015625,13600,-0.28732260699745327
20050425,1157.970947265625,1157.970947265625,1166.342041015625,1146.4139404296875,1166.342041015625,13600,-0.9593045715276083
20050426,1165.3349609375,1165.3349609375,1169.14501953125,1151.636962890625,1155.64404296875,14000,0.6359411425013839
20050427,1148.7569580078125,1148.7569580078125,1166.197998046875,1148.137939453125,1165.0989990234375,13600,-1.4225955184894334
20050428,1169.1180419921875,1169.1180419921875,1172.7099609375,1135.7330322265625,1145.7459716796875,17400,1.7724448885763744
20050429,1159.14599609375,1159.14599609375,1170.198974609375,1155.9849853515625,1168.3310546875,14200,-0.852954581168297
20050509,1130.8349609375,1130.8349609375,1165.3900146484375,1130.4110107421875,1160.6199951171875,10800,-2.4424046023241663
20050510,1135.56103515625,1135.56103515625,1135.7979736328125,1108.4200439453125,1126.8179931640625,13200,0.4179278481832416
20050511,1124.27099609375,1124.27099609375,1140.1710205078125,1121.866943359375,1134.594970703125,11000,-0.9942256482009859
20050512,1103.9930419921875,1103.9930419921875,1122.916015625,1099.8399658203125,1122.177978515625,12400,-1.8036535828121258
20050513,1107.626953125,1107.626953125,1120.1689453125,1093.281005859375,1101.60595703125,13400,0.32916069165209727
20050516,1095.468017578125,1095.468017578125,1105.39697265625,1082.136962890625,1105.39697265625,10200,-1.0977464490702804
20050517,1099.6400146484375,1099.6400146484375,1108.177978515625,1083.9429931640625,1091.258056640625,11600,0.38084152192192633
20050518,1102.9649658203125,1102.9649658203125,1108.843994140625,1090.2989501953125,1099.739990234375,10400,0.30236724087728817
20050519,1103.4749755859375,1103.4749755859375,1107.22705078125,1083.114990234375,1101.7530517578125,10600,0.0462398880680448
20050520,1099.26904296875,1099.26904296875,1108.6099853515625,1094.6689453125,1100.490966796875,9600,-0.38115342080632386
20050523,1070.843994140625,1070.843994140625,1095.3079833984375,1069.43505859375,1095.3079833984375,9600,-2.58581363770225
20050524,1073.8470458984375,1073.8470458984375,1078.0980224609375,1057.5360107421875,1065.998046875,11000,0.28043783914784015
20050525,1072.136962890625,1072.136962890625,1082.178955078125,1064.875,1072.52099609375,9800,-0.15924828534419344
20050526,1058.866943359375,1058.866943359375,1077.4410400390625,1055.8160400390625,1071.2120361328125,9400,-1.237716820756951
20050527,1051.946044921875,1051.946044921875,1068.2110595703125,1050.0550537109375,1056.322998046875,10200,-0.6536136084806521
20050530,1060.1619873046875,1060.1619873046875,1063.947021484375,1043.2760009765625,1049.720947265625,8600,0.7810231734292739
20050531,1060.738037109375,1060.738037109375,1070.501953125,1057.748046875,1061.612060546875,9200,0.05433601766386964
20050601,1039.18701171875,1039.18701171875,1063.5179443359375,1035.7060546875,1059.6099853515625,10000,-2.0317010078524045
20050602,1016.06298828125,1016.06298828125,1036.72998046875,1008.7540283203125,1036.72998046875,11400,-2.225203276862975
20050603,1013.6370239257812,1013.6370239257812,1019.9219970703125,1000.52197265625,1013.9030151367188,10000,-0.23876121691751573
20050606,1034.3780517578125,1034.3780517578125,1034.85302734375,998.22802734375,1010.3809814453125,11000,2.046198722270609
20050607,1030.9410400390625,1030.9410400390625,1055.6290283203125,1029.5389404296875,1036.616943359375,15800,-0.33227809821652077
20050608,1115.58203125,1115.58203125,1118.6939697265625,1040.157958984375,1044.178955078125,40200,8.210070985992601
20050609,1131.052001953125,1131.052001953125,1146.4169921875,1103.6810302734375,1118.8060302734375,40600,1.3867174506020818
20050610,1108.2860107421875,1108.2860107421875,1130.553955078125,1101.8280029296875,1130.553955078125,28400,-2.012815606322671
20050613,1106.291015625,1106.291015625,1112.1009521484375,1085.865966796875,1105.9610595703125,19200,-0.18000724522828637
20050614,1093.4639892578125,1093.4639892578125,1119.676025390625,1092.4019775390625,1108.3370361328125,18400,-1.1594622197976467
20050615,1072.8360595703125,1072.8360595703125,1090.4580078125,1070.06494140625,1090.4580078125,15200,-1.8864754477649681
20050616,1086.010009765625,1086.010009765625,1086.3480224609375,1064.0269775390625,1071.77197265625,14400,1.2279555741805392
20050617,1085.6099853515625,1085.6099853515625,1094.6689453125,1079.0780029296875,1090.114013671875,16800,-0.03683432108961826
20050620,1115.6199951171875,1115.6199951171875,1115.862060546875,1073.4100341796875,1087.8489990234375,21400,2.764345406781299
20050621,1101.4859619140625,1101.4859619140625,1115.6650390625,1098.904052734375,1115.6650390625,15400,-1.2669218250825898
20050622,1102.032958984375,1102.032958984375,1103.2490234375,1090.7449951171875,1098.9580078125,12400,0.04965992207126568
20050623,1093.7020263671875,1093.7020263671875,1106.7490234375,1092.47802734375,1100.5589599609375,11400,-0.7559603865990749
20050624,1101.8819580078125,1101.8819580078125,1102.22998046875,1087.6929931640625,1091.989013671875,11200,0.747912268919837
20050627,1124.6400146484375,1124.6400146484375,1129.958984375,1108.4649658203125,1108.4649658203125,21800,2.0653806403883035
20050628,1108.5880126953125,1108.5880126953125,1120.9449462890625,1105.3409423828125,1120.9449462890625,13400,-1.42730133589839
20050629,1104.991943359375,1104.991943359375,1113.52197265625,1103.906005859375,1111.6669921875,13400,-0.32438284509268556
20050630,1080.93798828125,1080.93798828125,1103.47705078125,1078.0999755859375,1103.47705078125,13800,-2.1768443853985575
20050701,1055.593994140625,1055.593994140625,1077.31298828125,1053.6309814453125,1077.31298828125,13600,-2.3446297951766226
20050704,1047.2779541015625,1047.2779541015625,1050.241943359375,1030.178955078125,1050.241943359375,12200,-0.7878066837461173
20050705,1039.04296875,1039.04296875,1047.822998046875,1032.5150146484375,1043.883056640625,10400,-0.7863228018226698
20050706,1033.5450439453125,1033.5450439453125,1044.779052734375,1028.219970703125,1040.698974609375,9200,-0.5291335363446725
20050707,1038.5970458984375,1038.5970458984375,1044.052978515625,1030.498046875,1033.218017578125,8600,0.4888032682001109
20050708,1017.9829711914062,1017.9829711914062,1036.4119873046875,1015.3989868164062,1036.4119873046875,10400,-1.984800051996971
20050711,1011.4990234375,1011.4990234375,1043.20703125,1009.0380249023438,1026.7900390625,11400,-0.6369406893238838
20050712,1046.1610107421875,1046.1610107421875,1048.91796875,1004.0809936523438,1007.9010009765625,18400,3.426793946561757
20050713,1037.39404296875,1037.39404296875,1045.9429931640625,1033.81005859375,1044.5780029296875,12800,-0.8380132392066364
20050714,1040.416015625,1040.416015625,1049.8809814453125,1033.1650390625,1035.5269775390625,12600,0.29130422299341596
20050715,1026.114990234375,1026.114990234375,1046.364013671875,1021.9860229492188,1039.6090087890625,12800,-1.374548755099092
20050718,1012.0969848632812,1012.0969848632812,1023.3800048828125,1008.52099609375,1023.3800048828125,11000,-1.3661242165356025
20050719,1014.35498046875,1014.35498046875,1020.6749877929688,1004.656982421875,1011.0050048828125,9800,0.2231007145796271
20050720,1021.052001953125,1021.052001953125,1025.10302734375,1008.6820068359375,1013.9840087890625,10600,0.6602246366730791
20050721,1020.6320190429688,1020.6320190429688,1022.0440063476562,1009.9860229492188,1020.6929931640625,11200,-0.04113237223499766
20050722,1046.321044921875,1046.321044921875,1054.635009765625,1024.0009765625,1026.1290283203125,25400,2.5169723661025767
20050725,1045.4000244140625,1045.4000244140625,1048.9739990234375,1040.592041015625,1045.26904296875,14200,-0.08802465670383341
20050726,1072.8070068359375,1072.8070068359375,1078.0560302734375,1046.5360107421875,1046.5360107421875,25600,2.6216741708262603
20050727,1089.9090576171875,1089.9090576171875,1090.18505859375,1068.4969482421875,1072.56396484375,23800,1.5941404812119586
20050728,1086.5479736328125,1086.5479736328125,1097.634033203125,1083.3570556640625,1090.1099853515625,24600,-0.30838205819879727
20050729,1083.032958984375,1083.032958984375,1088.4759521484375,1077.1219482421875,1084.9720458984375,17600,-0.32350294084900755
20050801,1088.947998046875,1088.947998046875,1094.1510009765625,1081.1180419921875,1082.7960205078125,14800,0.5461550374281199
20050802,1104.0379638671875,1104.0379638671875,1104.0439453125,1084.7960205078125,1089.5279541015625,19000,1.3857379642900902
20050803,1107.698974609375,1107.698974609375,1120.678955078125,1103.904052734375,1106.3170166015625,31400,0.33160188888468056
20050804,1102.5889892578125,1102.5889892578125,1108.1629638671875,1099.134033203125,1104.9100341796875,19400,-0.4613153454768315
20050805,1128.7430419921875,1128.7430419921875,1129.0679931640625,1102.595947265625,1102.6199951171875,27000,2.3720582183557104
20050808,1138.8819580078125,1138.8819580078125,1146.72705078125,1131.802978515625,1131.802978515625,30200,0.8982483734943036
20050809,1152.5340576171875,1152.5340576171875,1152.93994140625,1130.5849609375,1139.1219482421875,27200,1.1987282363534746
20050810,1165.032958984375,1165.032958984375,1165.126953125,1144.949951171875,1153.208984375,31400,1.084471325127545
20050811,1183.5789794921875,1183.5789794921875,1184.2559814453125,1164.10400390625,1165.4429931640625,37000,1.5918880547362457
20050812,1167.9150390625,1167.9150390625,1192.0489501953125,1161.7869873046875,1185.2659912109375,40400,-1.3234385453861353
20050815,1187.0059814453125,1187.0059814453125,1187.7969970703125,1163.8480224609375,1167.032958984375,30400,1.6346173946126363
20050816,1177.2779541015625,1177.2779541015625,1192.9169921875,1170.1099853515625,1188.02001953125,33200,-0.8195432454270346
20050817,1192.833984375,1192.833984375,1193.5679931640625,1160.08203125,1175.176025390625,32400,1.3213557783224639
20050818,1148.0350341796875,1148.0350341796875,1201.7550048828125,1146.56103515625,1194.43603515625,49200,-3.7556735289349996
20050819,1150.1839599609375,1150.1839599609375,1157.3699951171875,1132.864990234375,1144.458984375,31600,0.18718294453317075
20050822,1158.5970458984375,1158.5970458984375,1162.0400390625,1142.677978515625,1148.9720458984375,24000,0.7314556827749286
20050823,1149.95703125,1149.95703125,1159.6309814453125,1139.239013671875,1158.8289794921875,21800,-0.7457307680029168
20050824,1167.136962890625,1167.136962890625,1171.4339599609375,1151.447998046875,1151.447998046875,22600,1.4939629198101878
20050825,1172.4749755859375,1172.4749755859375,1172.68994140625,1157.1829833984375,1167.9990234375,24200,0.45735957861294807
20050826,1171.8599853515625,1171.8599853515625,1174.5369873046875,1163.990966796875,1173.010009765625,24200,-0.05245231217558821
20050829,1154.427978515625,1154.427978515625,1172.0140380859375,1147.9339599609375,1171.9990234375,24400,-1.487550309238339
20050830,1146.385009765625,1146.385009765625,1153.7650146484375,1145.27197265625,1151.6209716796875,18600,-0.696705979037493
20050831,1162.7979736328125,1162.7979736328125,1163.5240478515625,1140.0989990234375,1145.81298828125,21600,1.4317148015170922
20050901,1184.9329833984375,1184.9329833984375,1185.760009765625,1160.0479736328125,1163.699951171875,33800,1.903598928408079
20050902,1188.8480224609375,1188.8480224609375,1188.9129638671875,1179.1090087890625,1187.06201171875,29000,0.3304017288194183
20050905,1196.2239990234375,1196.2239990234375,1196.865966796875,1184.010986328125,1189.06494140625,26800,0.6204305700262314
20050906,1173.322021484375,1173.322021484375,1201.823974609375,1172.06396484375,1197.23095703125,33600,-1.914522493927473
20050907,1194.3089599609375,1194.3089599609375,1194.5860595703125,1168.5810546875,1170.77001953125,28600,1.7886767734923925
20050908,1194.4110107421875,1194.4110107421875,1201.4630126953125,1184.7879638671875,1196.27294921875,30600,0.008544755559181105
20050909,1189.625,1189.625,1204.4560546875,1184.4229736328125,1194.4949951171875,22200,-0.40070048744892395
20050912,1188.2120361328125,1188.2120361328125,1191.9329833984375,1181.4339599609375,1189.7469482421875,17000,-0.11877388817379542
20050913,1207.1639404296875,1207.1639404296875,1207.4010009765625,1186.219970703125,1188.25,26000,1.5949934624931439
20050914,1217.260986328125,1217.260986328125,1217.4129638671875,1204.5460205078125,1209.2669677734375,32200,0.8364270634892756
20050915,1217.281005859375,1217.281005859375,1218.9410400390625,1210.718017578125,1217.51904296875,27200,0.0016446375489698184
20050916,1212.947021484375,1212.947021484375,1217.758056640625,1208.56103515625,1217.4189453125,22400,-0.35603811725791745
20050919,1220.626953125,1220.626953125,1220.9739990234375,1210.18798828125,1213.4859619140625,24600,0.6331629910123038
20050920,1212.616943359375,1212.616943359375,1223.56494140625,1204.8690185546875,1222.2550048828125,32400,-0.6562209481871695
20050921,1187.988037109375,1187.988037109375,1210.85205078125,1186.98095703125,1210.85205078125,31800,-2.0310541086263623
20050922,1159.9599609375,1159.9599609375,1185.68798828125,1147.1939697265625,1185.68798828125,28600,-2.3592894285428323
20050923,1151.97998046875,1151.97998046875,1164.5989990234375,1149.7449951171875,1157.2950439453125,18800,-0.687953096441396
20050926,1155.0419921875,1155.0419921875,1155.60400390625,1147.2679443359375,1150.9329833984375,14600,0.26580424752729037
20050927,1133.237060546875,1133.237060546875,1157.7989501953125,1132.5269775390625,1155.052978515625,18000,-1.887804234660706
20050928,1131.7740478515625,1131.7740478515625,1142.489990234375,1129.053955078125,1131.3170166015625,14800,-0.12910032209910716
20050929,1155.4849853515625,1155.4849853515625,1155.7769775390625,1134.4410400390625,1134.4410400390625,18600,2.0950239621601474
20050930,1155.614013671875,1155.614013671875,1158.697998046875,1150.626953125,1156.77001953125,14400,0.011166594282774334
20051010,1138.949951171875,1138.949951171875,1153.6719970703125,1137.2889404296875,1153.6719970703125,11800,-1.4420093822721358
20051011,1157.1920166015625,1157.1920166015625,1157.302978515625,1133.89501953125,1137.947998046875,13400,1.6016564565386027
20051012,1161.85302734375,1161.85302734375,1165.666015625,1152.2509765625,1157.4849853515625,18400,0.40278628570873387
20051013,1152.6070556640625,1152.6070556640625,1165.35498046875,1152.0889892578125,1162.02294921875,17000,-0.7957952909780519
20051014,1139.5469970703125,1139.5469970703125,1154.3199462890625,1135.509033203125,1152.3740234375,15200,-1.1330885516942835
20051017,1131.375,1131.375,1138.3790283203125,1121.968017578125,1138.3790283203125,15200,-0.7171268136656139
20051018,1141.2010498046875,1141.2010498046875,1142.0369873046875,1129.6689453125,1131.262939453125,19000,0.8685051202905747
20051019,1134.6080322265625,1134.6080322265625,1150.593994140625,1132.47900390625,1141.052001953125,19000,-0.577726210403795
20051020,1135.948974609375,1135.948974609375,1136.31396484375,1119.3780517578125,1133.4530029296875,17400,0.11818551823408185
20051021,1141.3179931640625,1141.3179931640625,1145.989990234375,1132.3580322265625,1135.6099853515625,18000,0.47264610248305416
20051024,1141.1710205078125,1141.1710205078125,1143.458984375,1133.9200439453125,1141.3310546875,17200,-0.012877450204962226
20051025,1121.91796875,1121.91796875,1140.1729736328125,1121.2860107421875,1140.1729736328125,17000,-1.6871311496540642
20051026,1097.1610107421875,1097.1610107421875,1119.428955078125,1094.571044921875,1119.428955078125,19200,-2.2066638290316187
20051027,1097.781982421875,1097.781982421875,1101.26904296875,1087.4840087890625,1093.9300537109375,17200,0.056598044736144715
20051028,1080.866943359375,1080.866943359375,1102.02294921875,1067.406982421875,1097.5849609375,18000,-1.5408377376701754
20051031,1092.8170166015625,1092.8170166015625,1096.1490478515625,1078.2850341796875,1079.0400390625,14800,1.1056007694199899
20051101,1089.949951171875,1089.949951171875,1094.1529541015625,1074.2979736328125,1091.677001953125,14000,-0.2623554891745261
20051102,1104.7919921875,1104.7919921875,1108.884033203125,1089.9969482421875,1089.9969482421875,18800,1.3617176641613105
20051103,1095.27294921875,1095.27294921875,1111.43701171875,1090.821044921875,1104.593994140625,16800,-0.8616140446404019
20051104,1100.0450439453125,1100.0450439453125,1100.4300537109375,1087.844970703125,1094.258056640625,12800,0.43569913143262085
20051107,1100.6500244140625,1100.6500244140625,1100.9520263671875,1089.8289794921875,1099.5269775390625,12000,0.05499597239948528
20051108,1110.14697265625,1110.14697265625,1111.1190185546875,1092.5389404296875,1099.93994140625,15400,0.8628490466116467
20051109,1108.1529541015625,1108.1529541015625,1117.06298828125,1107.6419677734375,1110.5469970703125,16800,-0.1796175284716095
20051110,1088.301025390625,1088.301025390625,1106.9439697265625,1086.0999755859375,1106.9439697265625,16200,-1.79144301672981
20051111,1090.1949462890625,1090.1949462890625,1094.3070068359375,1078.5830078125,1085.6939697265625,12600,0.17402546301541477
20051114,1088.6529541015625,1088.6529541015625,1089.708984375,1083.02294921875,1089.5589599609375,9200,-0.14144187631293104
20051115,1087.508056640625,1087.508056640625,1099.029052734375,1082.5069580078125,1088.511962890625,12200,-0.10516643128777314
20051116,1095.8900146484375,1095.8900146484375,1096.2969970703125,1075.4310302734375,1086.8260498046875,12600,0.7707490493178426
20051117,1095.31005859375,1095.31005859375,1098.675048828125,1090.35498046875,1094.8780517578125,12000,-0.05292100912823727
20051118,1116.9990234375,1116.9990234375,1122.6099853515625,1093.529052734375,1095.52099609375,22400,1.9801666818979102
20051121,1119.93603515625,1119.93603515625,1122.8790283203125,1114.2430419921875,1117.7760009765625,15600,0.26293771589087633
20051122,1098.655029296875,1098.655029296875,1119.68896484375,1098.4949951171875,1119.68896484375,14600,-1.900198331988301
20051123,1105.7459716796875,1105.7459716796875,1106.47705078125,1093.9520263671875,1096.56005859375,12600,0.6454202815009635
20051124,1113.3740234375,1113.3740234375,1117.9439697265625,1103.762939453125,1105.3349609375,17200,0.6898557130825544
20051125,1114.916015625,1114.916015625,1115.0810546875,1107.2130126953125,1113.282958984375,15600,0.13849723049395024
20051128,1110.822998046875,1110.822998046875,1119.344970703125,1106.9429931640625,1113.8289794921875,12800,-0.36711443021387735
20051129,1096.9859619140625,1096.9859619140625,1110.3050537109375,1095.343994140625,1109.5689697265625,11800,-1.245656252809113
20051130,1099.260986328125,1099.260986328125,1099.5770263671875,1090.7230224609375,1095.2989501953125,10800,0.20738865336917822
20051201,1098.7469482421875,1098.7469482421875,1104.56298828125,1094.43798828125,1098.7840576171875,9000,-0.04676215132991546
20051202,1094.2869873046875,1094.2869873046875,1102.759033203125,1089.56201171875,1099.7559814453125,10600,-0.4059133856649355
20051205,1079.197021484375,1079.197021484375,1093.1009521484375,1077.405029296875,1093.1009521484375,11200,-1.3789769955576459
20051206,1087.7939453125,1087.7939453125,1089.593994140625,1074.0069580078125,1077.5780029296875,11000,0.7966037393524639
20051207,1099.614990234375,1099.614990234375,1100.0479736328125,1086.7330322265625,1087.740966796875,10400,1.0866989077126243
20051208,1098.322998046875,1098.322998046875,1106.342041015625,1092.991943359375,1100.68505859375,10400,-0.11749495950620359
20051209,1113.47705078125,1113.47705078125,1114.583984375,1094.738037109375,1097.5150146484375,13400,1.3797446435450444
20051212,1116.366943359375,1116.366943359375,1118.5250244140625,1109.08203125,1115.7509765625,12000,0.25953768657354104
20051213,1117.845947265625,1117.845947265625,1119.4210205078125,1106.7490234375,1115.7650146484375,11400,0.1324836708080479
20051214,1125.386962890625,1125.386962890625,1127.6290283203125,1110.2060546875,1117.469970703125,15000,0.6746024032601383
20051215,1123.5550537109375,1123.5550537109375,1134.85302734375,1121.5560302734375,1125.6719970703125,16800,-0.16278038044639231
20051216,1127.508056640625,1127.508056640625,1127.9410400390625,1118.93603515625,1122.7330322265625,12600,0.35182992739264396
20051219,1131.7509765625,1131.7509765625,1134.5,1123.5040283203125,1127.8370361328125,12200,0.3763094992435434
20051220,1136.342041015625,1136.342041015625,1136.385986328125,1126.990966796875,1131.7960205078125,11800,0.40566030409530107
20051221,1130.759033203125,1130.759033203125,1142.3929443359375,1128.9429931640625,1135.97705078125,12200,-0.4913140243856584
20051222,1135.238037109375,1135.238037109375,1136.0009765625,1125.9539794921875,1129.56396484375,11200,0.39610595845183116
20051223,1144.8709716796875,1144.8709716796875,1144.93798828125,1135.073974609375,1135.7049560546875,14400,0.8485387430146929
20051226,1156.822998046875,1156.822998046875,1159.781982421875,1145.3370361328125,1145.77001953125,18600,1.0439627401551022
20051227,1154.2879638671875,1154.2879638671875,1158.1629638671875,1149.8470458984375,1157.489013671875,15600,-0.21913760220599876
20051228,1157.0340576171875,1157.0340576171875,1157.197021484375,1149.27099609375,1155.116943359375,14600,0.2379036978606086
20051229,1169.862060546875,1169.862060546875,1169.866943359375,1157.5050048828125,1157.5059814453125,21800,1.108697090222699
20051230,1161.0570068359375,1161.0570068359375,1173.06396484375,1158.9659423828125,1171.574951171875,20000,-0.7526574292717414
20060104,1180.9630126953125,1180.9630126953125,1181.0040283203125,1161.906005859375,1163.8780517578125,23200,1.7144727383905156
20060105,1197.26904296875,1197.26904296875,1197.8370361328125,1180.4510498046875,1183.3050537109375,29400,1.3807401331073166
20060106,1209.4219970703125,1209.4219970703125,1215.5360107421875,1191.614013671875,1198.81103515625,34400,1.0150562376045391
20060109,1215.66796875,1215.66796875,1217.31396484375,1205.248046875,1210.3199462890625,28800,0.5164427052606557
20060110,1220.6180419921875,1220.6180419921875,1220.7559814453125,1203.6510009765625,1215.8480224609375,26800,0.4071895755612731
20060111,1211.052978515625,1211.052978515625,1223.5589599609375,1204.041015625,1219.81103515625,30600,-0.7836246186359141
20060112,1226.7039794921875,1226.7039794921875,1227.302001953125,1205.282958984375,1208.7659912109375,27000,1.2923465161487568
20060113,1221.458984375,1221.458984375,1231.2230224609375,1214.8809814453125,1228.156982421875,27800,-0.4275681178892654
20060116,1202.8690185546875,1202.8690185546875,1221.385986328125,1202.5870361328125,1221.1099853515625,25200,-1.5219476100398643
20060117,1208.43798828125,1208.43798828125,1209.0240478515625,1198.8389892578125,1200.2550048828125,19800,0.46297390993192966
20060118,1233.3499755859375,1233.3499755859375,1234.529052734375,1206.3590087890625,1207.5250244140625,26600,2.0615031591417976
20060119,1251.5760498046875,1251.5760498046875,1251.95703125,1230.8499755859375,1235.0830078125,33600,1.4777698609100165
20060120,1255.3079833984375,1255.3079833984375,1258.697998046875,1247.2049560546875,1251.4090576171875,33200,0.298178731874299
20060123,1255.7740478515625,1255.7740478515625,1257.3470458984375,1244.2740478515625,1254.7769775390625,29000,0.037127498533329195
20060124,1252.06201171875,1252.06201171875,1262.0870361328125,1247.0069580078125,1256.0050048828125,29600,-0.2955974555425178
20060125,1258.0460205078125,1258.0460205078125,1260.1739501953125,1245.916015625,1251.26904296875,26600,0.47793230151980115
20060206,1287.6259765625,1287.6259765625,1287.6650390625,1263.0030517578125,1263.0030517578125,29200,2.3512618435649557
20060207,1282.095947265625,1282.095947265625,1297.404052734375,1270.404052734375,1289.4530029296875,38400,-0.4294748162535722
20060208,1290.0550537109375,1290.0550537109375,1291.737060546875,1276.02001953125,1282.1209716796875,32800,0.6207886751601777
20060209,1269.4539794921875,1269.4539794921875,1288.9659423828125,1266.81103515625,1288.9659423828125,29000,-1.5969143455924262
20060210,1282.656005859375,1282.656005859375,1284.095947265625,1266.2249755859375,1269.5360107421875,26400,1.0399767601239507
20060213,1279.6400146484375,1279.6400146484375,1284.9510498046875,1267.56103515625,1283.7760009765625,26200,-0.23513640423932225
20060214,1286.3270263671875,1286.3270263671875,1286.4210205078125,1275.8499755859375,1279.626953125,22600,0.5225697572912358
20060215,1299.166015625,1299.166015625,1300.9949951171875,1288.636962890625,1289.137939453125,30200,0.9981123769180256
20060216,1270.633056640625,1270.633056640625,1298.4969482421875,1268.56396484375,1298.4969482421875,32400,-2.1962519524995727
20060217,1267.407958984375,1267.407958984375,1280.041015625,1265.1409912109375,1269.4000244140625,26000,-0.25381817664784645
20060220,1267.5419921875,1267.5419921875,1279.4229736328125,1265.3800048828125,1268.1070556640625,21600,0.010575379630117787
20060221,1288.4189453125,1288.4189453125,1288.5460205078125,1256.8079833984375,1266.64501953125,26600,1.6470423270925183
20060222,1284.2259521484375,1284.2259521484375,1297.93896484375,1282.9100341796875,1288.85302734375,28600,-0.32543709321547487
20060223,1288.8470458984375,1288.8470458984375,1289.9429931640625,1273.9420166015625,1284.1300048828125,22800,0.35983494510987146
20060224,1296.865966796875,1296.865966796875,1297.343017578125,1286.9620361328125,1289.4339599609375,23600,0.6221778545372425
20060227,1297.18603515625,1297.18603515625,1304.613037109375,1293.467041015625,1297.68701171875,26800,0.02468014178562683
20060228,1299.030029296875,1299.030029296875,1299.4730224609375,1277.740966796875,1294.8070068359375,23600,0.14215340673189303
20060301,1306.5860595703125,1306.5860595703125,1308.196044921875,1297.762939453125,1299.154052734375,23600,0.5816670979905902
20060302,1285.666015625,1285.666015625,1307.6390380859375,1281.571044921875,1306.5849609375,28400,-1.6011225431405762
20060303,1293.2969970703125,1293.2969970703125,1295.4110107421875,1275.6240234375,1284.60595703125,25000,0.5935430627061367
20060306,1288.9549560546875,1288.9549560546875,1296.8470458984375,1286.64404296875,1292.7469482421875,20400,-0.3357342532659513
20060307,1259.916015625,1259.916015625,1288.2550048828125,1257.5400390625,1288.2550048828125,22600,-2.252905758520196
20060308,1250.384033203125,1250.384033203125,1258.239013671875,1238.156005859375,1256.68505859375,19800,-0.7565569691680207
20060309,1245.166015625,1245.166015625,1253.758056640625,1242.6810302734375,1247.4620361328125,15400,-0.41731319655113897
20060310,1245.6529541015625,1245.6529541015625,1253.9110107421875,1240.7509765625,1245.18798828125,14000,0.03910630955648031
20060313,1259.6739501953125,1259.6739501953125,1260.071044921875,1245.300048828125,1245.300048828125,13800,1.125594094854665
20060314,1259.0439453125,1259.0439453125,1262.751953125,1250.2769775390625,1260.4219970703125,14800,-0.050013329458376
20060315,1274.81201171875,1274.81201171875,1275.5150146484375,1258.14599609375,1259.23095703125,18400,1.2523841177232597
20060316,1274.18994140625,1274.18994140625,1277.1939697265625,1270.8310546875,1274.614990234375,18400,-0.048797023151769814
20060317,1269.4620361328125,1269.4620361328125,1276.6280517578125,1265.60595703125,1273.010009765625,18800,-0.3710518439832944
20060320,1288.41796875,1288.41796875,1288.970947265625,1264.4100341796875,1269.5810546875,20200,1.493225640282514
20060321,1290.39501953125,1290.39501953125,1297.6080322265625,1285.4310302734375,1288.5550537109375,24400,0.153447936089246
20060322,1296.7060546875,1296.7060546875,1296.9119873046875,1281.1280517578125,1289.4610595703125,22400,0.48907776771662803
20060323,1302.45703125,1302.45703125,1302.791015625,1289.5250244140625,1296.1939697265625,25400,0.443506571262664
20060324,1294.7039794921875,1294.7039794921875,1308.0570068359375,1293.2960205078125,1302.1409912109375,24400,-0.595263534365642
20060327,1295.9150390625,1295.9150390625,1296.593017578125,1283.6820068359375,1296.0660400390625,20600,0.09353949547505902
20060328,1298.791015625,1298.791015625,1302.64794921875,1293.0,1295.760009765625,25000,0.22192632046160732
20060329,1305.5670166015625,1305.5670166015625,1313.125,1296.5899658203125,1299.383056640625,34200,0.5217160339919591
20060330,1294.718017578125,1294.718017578125,1308.4959716796875,1293.8289794921875,1305.843017578125,26000,-0.8309798643410748
20060331,1298.2950439453125,1298.2950439453125,1298.7509765625,1285.7349853515625,1291.5179443359375,26600,0.276278411099784
20060403,1319.470947265625,1319.470947265625,1319.4849853515625,1298.6839599609375,1298.6839599609375,32800,1.631054775959262
20060404,1329.7979736328125,1329.7979736328125,1330.10498046875,1315.3310546875,1319.8370361328125,37200,0.7826641722266325
20060405,1340.1619873046875,1340.1619873046875,1341.5040283203125,1326.532958984375,1330.56103515625,37800,0.7793675338188422
20060406,1339.737060546875,1339.737060546875,1348.52001953125,1336.137939453125,1341.7359619140625,41800,-0.03170711912722224
20060407,1342.9649658203125,1342.9649658203125,1345.291015625,1330.512939453125,1340.64599609375,40600,0.24093573048729056
20060410,1359.0810546875,1359.0810546875,1359.407958984375,1339.52294921875,1344.239013671875,41400,1.2000379218636947
20060411,1362.22900390625,1362.22900390625,1366.52294921875,1350.322998046875,1360.97802734375,43800,0.23162336108597525
20060412,1360.1319580078125,1360.1319580078125,1364.6910400390625,1355.655029296875,1361.740966796875,37200,-0.15394224410316681
20060413,1332.3299560546875,1332.3299560546875,1364.3160400390625,1331.6820068359375,1359.2779541015625,41200,-2.044066517916887
20060414,1359.5379638671875,1359.5379638671875,1360.093994140625,1328.43505859375,1330.094970703125,37800,2.0421373616088756
20060417,1378.614013671875,1378.614013671875,1383.654052734375,1353.39599609375,1360.64404296875,42200,1.4031274088460055
20060418,1385.114013671875,1385.114013671875,1391.3780517578125,1370.1529541015625,1379.81298828125,36800,0.4714880260565213
20060419,1396.7020263671875,1396.7020263671875,1399.5469970703125,1378.7960205078125,1389.134033203125,40600,0.8366107469083506
20060420,1385.9000244140625,1385.9000244140625,1404.1920166015625,1376.9610595703125,1398.0980224609375,43400,-0.7733934475072646
20060421,1416.79296875,1416.79296875,1419.8909912109375,1383.449951171875,1385.9229736328125,45600,2.229088952429925
20060424,1409.7860107421875,1409.7860107421875,1429.0560302734375,1402.26904296875,1423.4090576171875,52000,-0.4945647079258597
20060425,1399.7669677734375,1399.7669677734375,1409.2740478515625,1386.1259765625,1405.89794921875,43200,-0.7106782797110744
20060426,1417.47705078125,1417.47705078125,1426.6259765625,1397.3489990234375,1399.0679931640625,48400,1.2652165264325
20060427,1416.7320556640625,1416.7320556640625,1424.4649658203125,1407.1409912109375,1418.9029541015625,37600,-0.05255782566475631
20060428,1440.2230224609375,1440.2230224609375,1444.7139892578125,1389.345947265625,1403.52294921875,44600,1.6581093582910489
20060508,1497.10400390625,1497.10400390625,1497.2020263671875,1446.991943359375,1446.991943359375,51600,3.9494564771030305
20060509,1531.1610107421875,1531.1610107421875,1532.7540283203125,1497.9940185546875,1503.239013671875,64600,2.2748591111289462
20060510,1545.68701171875,1545.68701171875,1554.0340576171875,1518.3349609375,1537.56103515625,62800,0.9486919321124443
20060511,1537.376953125,1537.376953125,1583.760986328125,1536.2919921875,1547.5560302734375,73200,-0.5376288039393939
20060512,1602.83203125,1602.83203125,1603.2110595703125,1531.2330322265625,1532.8780517578125,68400,4.257581589990056
20060515,1664.0880126953125,1664.0880126953125,1664.93798828125,1606.5699462890625,1616.259033203125,87800,3.821734295984891
20060516,1613.2509765625,1613.2509765625,1678.5989990234375,1604.7840576171875,1658.6920166015625,88200,-3.0549487614223048
20060517,1625.14599609375,1625.14599609375,1640.6949462890625,1592.18505859375,1613.22998046875,71000,0.7373322380746838
20060518,1617.281005859375,1617.281005859375,1630.072998046875,1582.9620361328125,1611.656982421875,60600,-0.48395591862390175
20060519,1659.5450439453125,1659.5450439453125,1664.614013671875,1610.0400390625,1620.2130126953125,77000,2.613277342206821
20060522,1657.68896484375,1657.68896484375,1674.220947265625,1646.6829833984375,1656.7540283203125,77200,-0.11184264677444045
20060523,1604.552001953125,1604.552001953125,1648.5279541015625,1597.10205078125,1647.9620361328125,70000,-3.2054845038817947
20060524,1590.9239501953125,1590.9239501953125,1634.5899658203125,1562.386962890625,1609.741943359375,57200,-0.8493368704301174
20060525,1591.425048828125,1591.425048828125,1598.5589599609375,1563.863037109375,1585.4659423828125,41000,0.03149733415923617
20060526,1613.89404296875,1613.89404296875,1614.552978515625,1593.093017578125,1596.56494140625,43800,1.4118788790694614
20060529,1648.5379638671875,1648.5379638671875,1648.8380126953125,1609.0050048828125,1622.1080322265625,51800,2.1466044223516834
20060530,1657.2879638671875,1657.2879638671875,1663.928955078125,1634.9000244140625,1654.97998046875,53000,0.5307733392729386
20060531,1641.300048828125,1641.300048828125,1667.2330322265625,1628.678955078125,1656.2840576171875,57000,-0.9647035028092277
20060601,1684.1949462890625,1684.1949462890625,1684.708984375,1635.7459716796875,1639.6729736328125,67800,2.6134707966141812
20060602,1669.3990478515625,1669.3990478515625,1695.5799560546875,1659.1400146484375,1688.781982421875,78200,-0.8785145965495955
20060605,1684.6240234375,1684.6240234375,1685.2919921875,1639.6800537109375,1669.2359619140625,67200,0.9120033706459418
20060606,1679.1259765625,1679.1259765625,1692.824951171875,1672.81396484375,1681.219970703125,58400,-0.32636640570880004
20060607,1589.5450439453125,1589.5450439453125,1678.238037109375,1588.970947265625,1678.238037109375,65000,-5.334973901158813
20060608,1591.489990234375,1591.489990234375,1596.1219482421875,1540.9339599609375,1576.43505859375,54600,0.12235867718697335
20060609,1551.384033203125,1551.384033203125,1594.43798828125,1550.2020263671875,1583.9560546875,47000,-2.5200257166143825
20060612,1552.7979736328125,1552.7979736328125,1566.447021484375,1529.5030517578125,1540.2159423828125,31400,0.0911405815340327
20060613,1548.4949951171875,1548.4949951171875,1570.0999755859375,1532.0589599609375,1552.0980224609375,32400,-0.27711129127494516
20060614,1531.3270263671875,1531.3270263671875,1540.635009765625,1512.52099609375,1540.635009765625,32400,-1.1086873902812155
20060615,1533.97998046875,1533.97998046875,1551.300048828125,1528.22998046875,1531.2469482421875,28400,0.17324543065475595
20060616,1574.467041015625,1574.467041015625,1574.4749755859375,1540.18701171875,1540.18701171875,33600,2.63934738799545
20060619,1586.2860107421875,1586.2860107421875,1591.8499755859375,1544.9310302734375,1559.9849853515625,35600,0.750664791238731
20060620,1592.33203125,1592.33203125,1592.83203125,1572.58203125,1583.8709716796875,35600,0.38114315242454566
20060621,1598.115966796875,1598.115966796875,1617.7139892578125,1570.0830078125,1590.6070556640625,39800,0.3632367768382272
20060622,1596.0660400390625,1596.0660400390625,1605.251953125,1587.7989501953125,1593.0970458984375,32400,-0.12827146467482287
20060623,1605.7110595703125,1605.7110595703125,1608.1080322265625,1582.01904296875,1594.4949951171875,35000,0.6042995270429952
20060626,1633.448974609375,1633.448974609375,1635.802978515625,1607.7860107421875,1607.7860107421875,39400,1.727453695591108
20060627,1639.551025390625,1639.551025390625,1642.571044921875,1627.592041015625,1636.7030029296875,36400,0.37356849684939686
20060628,1639.2860107421875,1639.2860107421875,1642.35400390625,1627.0679931640625,1638.22998046875,33200,-0.016163854880602013
20060629,1671.6180419921875,1671.6180419921875,1672.1009521484375,1641.927978515625,1641.927978515625,51800,1.9723239897204703
20060630,1672.2110595703125,1672.2110595703125,1690.9530029296875,1662.280029296875,1679.7239990234375,49800,0.035475662694950394
20060703,1697.281982421875,1697.281982421875,1697.8299560546875,1670.0159912109375,1677.31103515625,48600,1.4992678530666215
20060704,1681.5469970703125,1681.5469970703125,1702.657958984375,1670.1300048828125,1700.322998046875,54400,-0.9270696039034187
20060705,1718.5550537109375,1718.5550537109375,1757.4720458984375,1703.5849609375,1755.2220458984375,60800,2.2008339169290236
20060706,1741.469970703125,1741.469970703125,1742.2039794921875,1711.6510009765625,1715.279052734375,50000,1.333382770758873
20060707,1730.18994140625,1730.18994140625,1750.0279541015625,1724.675048828125,1746.52099609375,49400,-0.6477303362469544
20060710,1734.3289794921875,1734.3289794921875,1737.031005859375,1715.8280029296875,1730.697998046875,39000,0.2392244913048902
20060711,1745.8060302734375,1745.8060302734375,1746.7239990234375,1725.23095703125,1736.9859619140625,40000,0.6617574241658764
20060712,1740.0,1740.0,1753.2750244140625,1737.9990234375,1745.8780517578125,48800,-0.3325701809225645
20060713,1655.77294921875,1655.77294921875,1737.594970703125,1654.4859619140625,1736.20703125,67400,-4.840635102370694
20060714,1665.2080078125,1665.2080078125,1676.7540283203125,1633.89794921875,1641.137939453125,41600,0.5698280430418867
20060717,1682.886962890625,1682.886962890625,1684.343994140625,1653.60302734375,1662.0469970703125,32200,1.0616664702056688
20060718,1684.251953125,1684.251953125,1684.6719970703125,1666.31103515625,1682.3599853515625,31400,0.08111003676862794
20060719,1645.1600341796875,1645.1600341796875,1681.77099609375,1637.4859619140625,1681.77099609375,35000,-2.321025596721471
20060720,1655.1219482421875,1655.1219482421875,1658.053955078125,1636.259033203125,1642.6240234375,28600,0.6055285720253378
20060721,1665.3280029296875,1665.3280029296875,1669.2879638671875,1653.5069580078125,1653.81103515625,30000,0.6166346049811811
20060724,1665.9439697265625,1665.9439697265625,1667.616943359375,1632.68701171875,1648.7490234375,31200,0.036987716281200456
20060725,1685.4610595703125,1685.4610595703125,1690.613037109375,1668.137939453125,1668.137939453125,34200,1.1715333887821755
20060726,1686.654052734375,1686.654052734375,1691.428955078125,1675.6619873046875,1688.5379638671875,31200,0.07078141362497625
20060727,1675.16796875,1675.16796875,1701.6109619140625,1665.385986328125,1685.3470458984375,36200,-0.6809982145273952
20060728,1662.031005859375,1662.031005859375,1678.5269775390625,1646.345947265625,1674.4300537109375,33200,-0.784217650748642
20060731,1612.7330322265625,1612.7330322265625,1659.5350341796875,1611.1629638671875,1659.5350341796875,33600,-2.966128397064549
20060801,1600.614013671875,1600.614013671875,1625.0439453125,1596.657958984375,1619.635009765625,32400,-0.7514584443003458
20060802,1600.8719482421875,1600.8719482421875,1608.7769775390625,1577.9019775390625,1598.758056640625,27800,0.016114726480553898
20060803,1601.0579833984375,1601.0579833984375,1609.425048828125,1587.1190185546875,1599.7459716796875,20800,0.011620864270511788
20060804,1570.1500244140625,1570.1500244140625,1612.0999755859375,1567.2509765625,1601.6080322265625,25800,-1.9304709326497416
20060807,1547.43603515625,1547.43603515625,1570.053955078125,1541.4129638671875,1561.801025390625,24000,-1.4466126742435859
20060808,1580.5770263671875,1580.5770263671875,1581.7530517578125,1547.905029296875,1547.905029296875,23400,2.141671155253344
20060809,1578.5660400390625,1578.5660400390625,1585.1729736328125,1571.708984375,1581.802978515625,21600,-0.12723115005328633
20060810,1606.06494140625,1606.06494140625,1606.9429931640625,1577.8599853515625,1578.35400390625,26400,1.7420177977797602
20060811,1605.926025390625,1605.926025390625,1610.762939453125,1596.217041015625,1605.5970458984375,23400,-0.008649464417254116
20060814,1570.738037109375,1570.738037109375,1611.6610107421875,1566.7220458984375,1605.2020263671875,25600,-2.19113382091749
20060815,1595.656982421875,1595.656982421875,1596.6529541015625,1564.39794921875,1568.2669677734375,20200,1.5864481997493574
20060816,1616.4100341796875,1616.4100341796875,1616.4530029296875,1591.8570556640625,1596.0560302734375,28600,1.300596054567671
20060817,1603.33203125,1603.33203125,1612.4119873046875,1592.845947265625,1612.4119873046875,23400,-0.8090770691314364
20060818,1598.0179443359375,1598.0179443359375,1614.364990234375,1596.56201171875,1601.5670166015625,24000,-0.33144020143597297
20060821,1601.1500244140625,1601.1500244140625,1602.1300048828125,1558.0999755859375,1565.45703125,23400,0.19599780398127375
20060822,1613.35498046875,1613.35498046875,1619.073974609375,1598.7760009765625,1601.52294921875,26800,0.7622618660705349
20060823,1612.39599609375,1612.39599609375,1621.3990478515625,1608.740966796875,1614.3929443359375,27200,-0.059440382718589646
20060824,1623.0169677734375,1623.0169677734375,1623.1689453125,1601.886962890625,1612.698974609375,25000,0.6587073960378387
20060825,1623.0340576171875,1623.0340576171875,1630.0469970703125,1619.7349853515625,1622.48095703125,27800,0.001052967657733106
20060828,1650.43798828125,1650.43798828125,1651.2889404296875,1624.281005859375,1627.123046875,39400,1.6884384240398953
20060829,1651.0240478515625,1651.0240478515625,1667.530029296875,1649.593017578125,1652.6719970703125,48000,0.03550933597467054
20060830,1655.1949462890625,1655.1949462890625,1656.2320556640625,1640.281005859375,1648.3480224609375,31400,0.25262493559239374
20060831,1658.637939453125,1658.637939453125,1661.4730224609375,1649.9969482421875,1655.9029541015625,35200,0.20801133859076337
20060901,1636.6910400390625,1636.6910400390625,1660.5179443359375,1634.0260009765625,1658.6600341796875,36000,-1.3231880745051994
20060904,1657.52001953125,1657.52001953125,1657.6910400390625,1635.1219482421875,1635.33203125,33000,1.2726274527470105
20060905,1664.0780029296875,1664.0780029296875,1669.9010009765625,1657.0469970703125,1659.737060546875,40600,0.39565032827126867
20060906,1672.1209716796875,1672.1209716796875,1672.260009765625,1656.863037109375,1665.1300048828125,33600,0.48332883048991526
20060907,1661.18994140625,1661.18994140625,1683.8900146484375,1655.407958984375,1683.781982421875,31600,-0.6537224554068577
20060908,1667.9840087890625,1667.9840087890625,1671.3079833984375,1658.6729736328125,1659.7020263671875,26600,0.4089879918885764
20060911,1674.9659423828125,1674.9659423828125,1675.093994140625,1653.010009765625,1668.1610107421875,30600,0.4185851637042326
20060912,1695.862060546875,1695.862060546875,1699.5849609375,1673.4410400390625,1675.197998046875,37400,1.2475548090449928
20060913,1689.3890380859375,1689.3890380859375,1713.989013671875,1687.0489501953125,1695.3509521484375,43000,-0.38169510430878795
20060914,1689.6920166015625,1689.6920166015625,1696.6219482421875,1672.884033203125,1689.6309814453125,33800,0.0179342063192367
20060915,1721.0450439453125,1721.0450439453125,1722.6600341796875,1689.510009765625,1689.60498046875,47000,1.855546871009639
20060918,1732.987060546875,1732.987060546875,1733.4129638671875,1719.1600341796875,1727.9150390625,44800,0.6938816995856634
20060919,1735.240966796875,1735.240966796875,1743.02099609375,1728.2889404296875,1735.301025390625,43400,0.13005903513720884
20060920,1732.4530029296875,1732.4530029296875,1737.7340087890625,1720.8349609375,1733.636962890625,38800,-0.1606672456756164
20060921,1740.9010009765625,1740.9010009765625,1743.6300048828125,1731.2220458984375,1731.5849609375,39600,0.4876321627535596
20060922,1725.3609619140625,1725.3609619140625,1746.614990234375,1724.10400390625,1744.60498046875,44800,-0.8926434675942341
20060925,1722.365966796875,1722.365966796875,1732.279052734375,1709.77099609375,1722.7440185546875,40200,-0.1735865817819926
20060926,1712.636962890625,1712.636962890625,1721.583984375,1704.7740478515625,1720.781005859375,33200,-0.5648627581943733
20060927,1725.0389404296875,1725.0389404296875,1725.5009765625,1709.7659912109375,1711.5140380859375,29200,0.7241451520543007
20060928,1736.9630126953125,1736.9630126953125,1740.7869873046875,1722.218994140625,1725.5150146484375,34000,0.691234962073084
20060929,1752.4239501953125,1752.4239501953125,1755.6910400390625,1740.0589599609375,1740.0589599609375,41200,0.8901132256125877
20061009,1785.385009765625,1785.385009765625,1786.1099853515625,1763.1109619140625,1768.14404296875,53000,1.8808838789631244
20061010,1784.862060546875,1784.862060546875,1793.1409912109375,1771.85595703125,1784.219970703125,55200,-0.029290557268579764
20061011,1790.10400390625,1790.10400390625,1792.760986328125,1771.0159912109375,1784.5179443359375,49200,0.29368899004826865
20061012,1778.1810302734375,1778.1810302734375,1792.239013671875,1774.1419677734375,1790.6309814453125,53200,-0.666049213162756
20061013,1784.656005859375,1784.656005859375,1792.8680419921875,1773.2330322265625,1776.510986328125,42600,0.3641347801883743
20061016,1771.2989501953125,1771.2989501953125,1789.175048828125,1766.3079833984375,1787.699951171875,46800,-0.7484386694247336
20061017,1763.9010009765625,1763.9010009765625,1777.5980224609375,1758.31103515625,1768.6280517578125,39200,-0.4176567268858955
20061018,1787.18505859375,1787.18505859375,1787.7430419921875,1760.883056640625,1762.404052734375,36800,1.3200319975041896
20061019,1792.2530517578125,1792.2530517578125,1799.2939453125,1784.344970703125,1788.58203125,41400,0.28357405628995913
20061020,1790.364013671875,1790.364013671875,1801.333984375,1786.343994140625,1792.5999755859375,41400,-0.10540018799715112
20061023,1759.39404296875,1759.39404296875,1797.427001953125,1753.4940185546875,1789.64501953125,44400,-1.72981418675906
20061024,1805.1810302734375,1805.1810302734375,1805.27294921875,1756.45703125,1756.45703125,40000,2.6024293697975542
20061025,1806.64599609375,1806.64599609375,1825.6090087890625,1789.905029296875,1807.030029296875,44600,0.08115340211007904
20061026,1810.64599609375,1810.64599609375,1816.761962890625,1791.947021484375,1804.8929443359375,48800,0.22140474717506908
20061027,1807.175048828125,1807.175048828125,1842.72998046875,1803.2149658203125,1836.2139892578125,73800,-0.19169662502295237
20061030,1809.656005859375,1809.656005859375,1815.612060546875,1788.2869873046875,1804.366943359375,45400,0.137283714317471
20061031,1837.9930419921875,1837.9930419921875,1839.3179931640625,1811.468994140625,1811.468994140625,46600,1.5658797053728302
20061101,1855.7130126953125,1855.7130126953125,1855.886962890625,1833.2010498046875,1838.6800537109375,47800,0.9640934594572048
20061102,1851.31396484375,1851.31396484375,1857.14501953125,1834.843994140625,1856.9210205078125,51800,-0.23705431936229537
20061103,1866.362060546875,1866.362060546875,1873.6639404296875,1850.1510009765625,1851.404052734375,49800,0.8128332626927026
20061106,1886.3070068359375,1886.3070068359375,1886.51904296875,1846.010986328125,1853.18603515625,49600,1.0686536503650368
20061107,1889.530029296875,1889.530029296875,1897.4100341796875,1862.9320068359375,1889.5340576171875,54800,0.17086415144815792
20061108,1866.8170166015625,1866.8170166015625,1886.2559814453125,1865.2230224609375,1885.85498046875,37800,-1.2020456062169282
20061109,1896.4820556640625,1896.4820556640625,1899.0970458984375,1858.594970703125,1860.9539794921875,44000,1.5890705301424557
20061110,1883.3470458984375,1883.3470458984375,1920.1839599609375,1870.9599609375,1896.928955078125,62800,-0.6925986843058007
20061113,1863.7650146484375,1863.7650146484375,1905.89697265625,1852.10205078125,1878.7039794921875,50000,-1.0397463012802532
20061114,1888.239013671875,1888.239013671875,1888.4320068359375,1841.822998046875,1868.1729736328125,43200,1.313148322405544
20061115,1922.93505859375,1922.93505859375,1923.1390380859375,1878.6949462890625,1888.5389404296875,46600,1.837481625506987
20061116,1941.5469970703125,1941.5469970703125,1976.0460205078125,1926.7239990234375,1930.926025390625,64000,0.9678922017352765
20061117,1971.79296875,1971.79296875,1972.6070556640625,1925.1490478515625,1934.636962890625,49400,1.5578284597450809
20061120,2017.279052734375,2017.279052734375,2018.0040283203125,1977.529052734375,1977.529052734375,59200,2.306838735367367
20061121,2037.552001953125,2037.552001953125,2037.738037109375,1988.926025390625,2013.0670166015625,53800,1.004965038985084
20061122,2041.35498046875,2041.35498046875,2062.803955078125,2010.7919921875,2031.2969970703125,64800,0.18664448867953265
20061123,2062.362060546875,2062.362060546875,2071.235107421875,2042.1510009765625,2045.0810546875,60800,1.029075309248828
20061124,2050.81201171875,2050.81201171875,2057.910888671875,2022.625,2051.470947265625,61200,-0.560039822739089
20061127,2047.2769775390625,2047.2769775390625,2049.5390625,2022.3780517578125,2042.1929931640625,57800,-0.17237241441377948
20061128,2038.720947265625,2038.720947265625,2051.489013671875,2016.4730224609375,2042.3790283203125,55000,-0.417922458334008
20061129,2054.091064453125,2054.091064453125,2059.72802734375,1992.5379638671875,2005.987060546875,56000,0.7539098084077933
20061130,2099.2890625,2099.2890625,2102.056884765625,2058.77001953125,2058.77001953125,72800,2.2003892051839724
20061201,2102.049072265625,2102.049072265625,2112.575927734375,2087.60107421875,2106.294921875,76200,0.13147354573161962
20061204,2161.64794921875,2161.64794921875,2164.5849609375,2100.55908203125,2103.81689453125,87200,2.8352752435454986
20061205,2173.284912109375,2173.284912109375,2195.529052734375,2159.322998046875,2167.363037109375,88200,0.5383375630074516
20061206,2156.60400390625,2156.60400390625,2192.89892578125,2097.4169921875,2175.37890625,104400,-0.7675435517073836
20061207,2156.75,2156.75,2206.511962890625,2145.7880859375,2152.593994140625,99200,0.006769721909338777
20061208,2093.637939453125,2093.637939453125,2164.02099609375,2090.402099609375,2133.35498046875,80800,-2.9262575888199804
20061211,2180.49609375,2180.49609375,2181.1640625,2084.26611328125,2085.05810546875,62600,4.148671203367815
20061212,2218.950927734375,2218.950927734375,2228.64306640625,2180.3701171875,2189.694091796875,70200,1.763581879123688
20061213,2223.455078125,2223.455078125,2244.406982421875,2195.638916015625,2224.428955078125,57400,0.20298557910083392
20061214,2249.110107421875,2249.110107421875,2250.321044921875,2212.905029296875,2226.0009765625,58400,1.1538361871699987
20061215,2273.907958984375,2273.907958984375,2275.489990234375,2241.198974609375,2255.239990234375,60600,1.102562808315577
20061218,2332.43408203125,2332.43408203125,2335.23388671875,2277.281982421875,2277.281982421875,78200,2.573812313538637
20061219,2364.177001953125,2364.177001953125,2381.634033203125,2315.985107421875,2342.179931640625,87000,1.3609353493167609
20061220,2373.205078125,2373.205078125,2381.132080078125,2332.927001953125,2356.261962890625,78200,0.3818697231390278
20061221,2342.93798828125,2342.93798828125,2386.823974609375,2339.908935546875,2372.464111328125,83200,-1.2753676503870937
20061222,2343.66796875,2343.66796875,2366.694091796875,2321.922119140625,2334.27294921875,70400,0.031156627806683268
20061225,2435.761962890625,2435.761962890625,2452.428955078125,2350.1279296875,2350.1279296875,74000,3.929481281844871
20061226,2479.73193359375,2479.73193359375,2505.697021484375,2424.93603515625,2437.85400390625,72200,1.8051834035105685
20061227,2536.386962890625,2536.386962890625,2538.6630859375,2461.071044921875,2478.06298828125,72200,2.2847239465423774
20061228,2567.593994140625,2567.593994140625,2611.791015625,2530.3310546875,2538.951904296875,78800,1.2303734290778134
20061229,2675.47412109375,2675.47412109375,2698.904052734375,2585.4169921875,2585.4169921875,86800,4.2016038049361715
20070104,2715.718994140625,2715.718994140625,2847.614990234375,2684.818115234375,2728.18798828125,120200,1.5042146260948464
20070105,2641.333984375,2641.333984375,2685.803955078125,2617.01904296875,2668.576904296875,106200,-2.7390540010257536
20070108,2707.198974609375,2707.198974609375,2708.444091796875,2620.625,2621.068115234375,106800,2.493625971725044
20070109,2807.803955078125,2807.803955078125,2809.39404296875,2691.360107421875,2711.049072265625,110800,3.716201927243512
20070110,2825.575927734375,2825.575927734375,2841.740966796875,2770.988037109375,2838.113037109375,111800,0.6329491994663039
20070111,2770.110107421875,2770.110107421875,2841.179931640625,2763.885986328125,2819.366943359375,121600,-1.9629916778408418
20070112,2668.110107421875,2668.110107421875,2782.02490234375,2652.577880859375,2745.321044921875,107400,-3.682164103394825
20070115,2794.700927734375,2794.700927734375,2795.3310546875,2658.87890625,2660.070068359375,91800,4.744587562573321
20070116,2821.01708984375,2821.01708984375,2830.802978515625,2757.205078125,2818.6630859375,111200,0.9416450199810411
20070117,2778.89990234375,2778.89990234375,2870.422119140625,2742.587890625,2828.40087890625,127400,-1.4929788143301481
20070118,2756.98291015625,2756.98291015625,2784.04296875,2679.705078125,2760.944091796875,112400,-0.7886931144592491
20070119,2832.20703125,2832.20703125,2833.4541015625,2761.885986328125,2761.885986328125,122000,2.7284942832484393
20070122,2933.18994140625,2933.18994140625,2934.64697265625,2857.89599609375,2857.89599609375,138600,3.5655200711679935
20070123,2949.14404296875,2949.14404296875,2970.68505859375,2851.9189453125,2964.68701171875,142800,0.5439164145930153
20070124,2975.12890625,2975.12890625,2994.281982421875,2927.720947265625,2955.424072265625,122000,0.8810984781568054
20070125,2857.364990234375,2857.364990234375,2947.14892578125,2853.822021484375,2946.50390625,117200,-3.958279446925228
20070126,2882.55810546875,2882.55810546875,2905.98388671875,2720.826904296875,2805.9560546875,109600,0.8816904847815277
20070129,2945.262939453125,2945.262939453125,2954.3359375,2885.861083984375,2897.25390625,112000,2.175318994104991
20070130,2930.56201171875,2930.56201171875,2980.510009765625,2901.761962890625,2959.39794921875,112000,-0.4991380408672308
20070131,2786.3349609375,2786.3349609375,2929.64599609375,2766.7470703125,2926.074951171875,114200,-4.921480937940026
20070201,2785.431884765625,2785.431884765625,2801.68896484375,2706.291015625,2744.81396484375,93400,-0.0324108976320292
20070202,2673.2119140625,2673.2119140625,2796.43603515625,2666.862060546875,2791.489990234375,85400,-4.028817624903702
20070205,2612.537109375,2612.537109375,2672.35205078125,2610.3310546875,2658.073974609375,69200,-2.2697341863665454
20070206,2675.697021484375,2675.697021484375,2677.0419921875,2541.52490234375,2612.839111328125,86600,2.4175699507856807
20070207,2716.175048828125,2716.175048828125,2745.386962890625,2681.3291015625,2688.9599609375,94800,1.512803094622961
20070208,2737.73193359375,2737.73193359375,2751.162109375,2691.26806640625,2725.139892578125,88400,0.7936485822195305
20070209,2730.385986328125,2730.385986328125,2747.944091796875,2704.364990234375,2741.47998046875,80800,-0.26832237208783694
20070212,2807.174072265625,2807.174072265625,2807.510009765625,2728.782958984375,2729.8359375,79000,2.812352770707194
20070213,2831.8720703125,2831.8720703125,2835.089111328125,2801.31298828125,2819.137939453125,79000,0.879817118962678
20070214,2905.093017578125,2905.093017578125,2915.06298828125,2823.382080078125,2836.819091796875,94000,2.5856022252285227
20070215,2993.008056640625,2993.008056640625,2994.6220703125,2923.666015625,2923.666015625,108800,3.026238352112798
20070216,2998.47412109375,2998.47412109375,3036.345947265625,2975.826904296875,3018.179931640625,118000,0.18262778949083014
20070226,3040.59912109375,3040.59912109375,3041.3359375,2960.7451171875,2999.0859375,112000,1.4048812262096089
20070227,2771.791015625,2771.791015625,3049.77099609375,2763.39501953125,3048.8291015625,161400,-8.840629585265935
20070228,2881.072998046875,2881.072998046875,2888.89892578125,2732.884033203125,2734.594970703125,121400,3.9426486991925414
20070301,2797.18994140625,2797.18994140625,2878.35498046875,2760.912109375,2877.202880859375,127400,-2.911521391422245
20070302,2831.52587890625,2831.52587890625,2846.157958984375,2777.7958984375,2792.94091796875,94000,1.2275154072210803
20070305,2785.305908203125,2785.305908203125,2858.44091796875,2723.06494140625,2827.675048828125,107000,-1.6323343907059251
20070306,2840.175048828125,2840.175048828125,2866.33203125,2756.9609375,2776.1669921875,77000,1.9699502472386499
20070307,2896.593994140625,2896.593994140625,2911.416015625,2849.64794921875,2851.7470703125,88000,1.9864601421584416
20070308,2928.014892578125,2928.014892578125,2928.802978515625,2871.464111328125,2904.18505859375,89000,1.0847532826851136
20070309,2937.909912109375,2937.909912109375,2962.4208984375,2891.81396484375,2934.492919921875,107200,0.3379429372552645
20070312,2954.9140625,2954.9140625,2958.632080078125,2904.743896484375,2945.923095703125,101600,0.578783928007387
20070313,2964.7939453125,2964.7939453125,2966.194091796875,2932.23388671875,2958.095947265625,107200,0.3343543197375176
20070314,2906.333984375,2906.333984375,2934.4541015625,2868.806884765625,2933.678955078125,113800,-1.9718051917209434
20070315,2951.697998046875,2951.697998046875,2955.4619140625,2905.97607421875,2905.97607421875,101800,1.5608671926819362
20070316,2930.48095703125,2930.48095703125,2979.7080078125,2899.031982421875,2964.093994140625,122600,-0.7188079888140408
20070319,3014.44189453125,3014.44189453125,3037.9990234375,2852.85791015625,2864.256103515625,110000,2.8650907046008367
20070320,3032.195068359375,3032.195068359375,3033.02001953125,2998.803955078125,3024.781005859375,92800,0.5889373373005657
20070321,3057.3798828125,3057.3798828125,3057.7099609375,3020.948974609375,3042.097900390625,99200,0.8305802854152056
20070322,3071.22509765625,3071.22509765625,3099.819091796875,3059.381103515625,3080.60205078125,126000,0.4528457494465288
20070323,3074.285888671875,3074.285888671875,3085.323974609375,3008.154052734375,3071.80810546875,118600,0.09966026319467858
20070326,3122.81103515625,3122.81103515625,3123.178955078125,3069.472900390625,3083.93798828125,122600,1.5784201028011147
20070327,3138.825927734375,3138.825927734375,3145.0439453125,3103.779052734375,3126.02490234375,124600,0.5128357879433443
20070328,3173.01806640625,3173.01806640625,3180.33203125,3052.077880859375,3140.679931640625,167200,1.08932892295035
20070329,3197.537109375,3197.537109375,3273.72705078125,3176.52587890625,3179.802978515625,149600,0.7727356874623892
20070330,3183.98291015625,3183.98291015625,3212.388916015625,3157.030029296875,3178.49609375,89400,-0.42389497776303964
20070402,3252.594970703125,3252.594970703125,3253.43505859375,3196.5869140625,3196.5869140625,97400,2.1549129653936516
20070403,3291.299072265625,3291.299072265625,3292.577880859375,3251.52294921875,3265.676025390625,108600,1.1899453178497943
20070404,3291.5419921875,3291.5419921875,3308.14794921875,3266.55908203125,3295.97607421875,112600,0.007380669958623187
20070405,3319.139892578125,3319.139892578125,3326.916015625,3259.6259765625,3286.1630859375,114600,0.8384489839755593
20070406,3323.5849609375,3323.5849609375,3334.22412109375,3273.85498046875,3287.68408203125,119600,0.13392229623447882
20070409,3398.949951171875,3398.949951171875,3399.514892578125,3333.261962890625,3333.422119140625,137400,2.26758127504334
20070410,3444.291015625,3444.291015625,3444.3740234375,3351.10498046875,3405.23291015625,147800,1.3339727005245328
20070411,3495.22412109375,3495.22412109375,3497.52001953125,3428.781982421875,3454.4169921875,147600,1.4787689320586495
20070412,3531.029052734375,3531.029052734375,3532.862060546875,3488.076904296875,3503.22705078125,135400,1.0243958727722546
20070413,3518.26708984375,3518.26708984375,3563.85595703125,3504.160888671875,3537.219970703125,150600,-0.3614233329726435
20070416,3596.44091796875,3596.44091796875,3597.215087890625,3523.217041015625,3523.217041015625,131000,2.2219412605332334
20070417,3611.8701171875,3611.8701171875,3622.887939453125,3510.498046875,3611.6298828125,160600,0.4290130039857454
20070418,3612.39599609375,3612.39599609375,3623.866943359375,3564.22998046875,3614.677978515625,150400,0.01455974022286366
20070419,3449.01611328125,3449.01611328125,3617.43798828125,3358.929931640625,3610.02392578125,172800,-4.52275672404604
20070420,3584.2041015625,3584.2041015625,3591.4609375,3460.904052734375,3460.904052734375,138800,3.919610226251957
20070423,3710.885986328125,3710.885986328125,3710.885986328125,3615.7890625,3615.7890625,163400,3.5344495228494255
20070424,3720.531982421875,3720.531982421875,3762.387939453125,3689.134033203125,3736.154052734375,174400,0.25993781887367895
20070425,3743.958984375,3743.958984375,3769.2470703125,3653.989013671875,3708.571044921875,151800,0.629668070690137
20070426,3783.06298828125,3783.06298828125,3784.679931640625,3732.60107421875,3766.47607421875,117200,1.0444559908227236
20070427,3759.866943359375,3759.866943359375,3802.923095703125,3720.595947265625,3788.748046875,132200,-0.6131551336504115
20070430,3841.27197265625,3841.27197265625,3851.35009765625,3759.47998046875,3784.27197265625,146600,2.1651039923274773
20070508,3950.010986328125,3950.010986328125,3964.714111328125,3901.325927734375,3937.93798828125,160600,2.8308074628905278
20070509,4013.0849609375,4013.0849609375,4015.218994140625,3875.384033203125,3961.10302734375,208400,1.596805042509719
20070510,4049.700927734375,4049.700927734375,4072.137939453125,3991.47705078125,4021.422119140625,171200,0.9124144430852299
20070511,4021.677978515625,4021.677978515625,4039.66796875,3949.367919921875,4024.422119140625,140600,-0.6919757710213803
20070514,4046.39208984375,4046.39208984375,4081.426025390625,3940.35791015625,3970.660888671875,139400,0.6145223824520762
20070515,3899.177978515625,3899.177978515625,4069.845947265625,3891.363037109375,4055.833984375,156600,-3.6381573525122612
20070516,3986.04296875,3986.04296875,3987.405029296875,3845.22705078125,3890.80908203125,131800,2.2277770010243003
20070517,4048.29296875,4048.29296875,4064.282958984375,3982.9951171875,4002.485107421875,139200,1.561699171033304
20070518,4030.258056640625,4030.258056640625,4052.096923828125,3999.1650390625,4041.389892578125,130800,-0.44549424284734407
20070521,4072.22509765625,4072.22509765625,4083.416015625,3892.97509765625,3902.346923828125,156200,1.041299103576665
20070522,4110.37890625,4110.37890625,4136.6298828125,4086.824951171875,4091.14306640625,173600,0.9369277895691308
20070523,4173.708984375,4173.708984375,4175.44384765625,4093.9150390625,4125.42578125,161400,1.5407357708240532
20070524,4151.1328125,4151.1328125,4208.38818359375,4089.385009765625,4188.67578125,181000,-0.5409138959979631
20070525,4179.77587890625,4179.77587890625,4190.46923828125,4111.26123046875,4133.19189453125,154200,0.6900060224524607
20070528,4272.11083984375,4272.11083984375,4283.93017578125,4215.2431640625,4221.578125,178600,2.2090888031456313
20070529,4334.923828125,4334.923828125,4335.962890625,4262.02392578125,4288.97998046875,172000,1.4703033379992458
20070530,4053.087890625,4053.087890625,4275.23681640625,4015.511962890625,4087.405029296875,185600,-6.501519949934242
20070531,4109.65380859375,4109.65380859375,4178.10693359375,3858.0400390625,4006.280029296875,173200,1.3956252490746612
20070601,4000.741943359375,4000.741943359375,4181.27880859375,3966.97705078125,4120.626953125,161000,-2.6501469541455824
20070604,3670.40087890625,3670.40087890625,3987.26904296875,3659.089111328125,3981.81689453125,114800,-8.256995055665639
20070605,3767.10107421875,3767.10107421875,3768.56298828125,3404.14599609375,3564.43310546875,157200,2.634594925808642
20070606,3776.31689453125,3776.31689453125,3821.697021484375,3682.7939453125,3781.375,145800,0.24463958176146328
20070607,3890.802978515625,3890.802978515625,3891.403076171875,3779.5,3787.701904296875,142400,3.0316863542402928
20070608,3913.135009765625,3913.135009765625,3935.785888671875,3852.044921875,3900.027099609375,135800,0.5739697274139477
20070611,3995.679931640625,3995.679931640625,4000.416015625,3930.739990234375,3942.0048828125,133800,2.1094319942706052
20070612,4072.137939453125,4072.137939453125,4073.180908203125,3910.0009765625,4011.678955078125,149400,1.9135168261864788
20070613,4176.47900390625,4176.47900390625,4193.44580078125,4102.041015625,4110.7421875,167000,2.562316552251609
20070614,4115.208984375,4115.208984375,4179.72509765625,4085.784912109375,4162.20703125,138400,-1.467025680577927
20070615,4132.8681640625,4132.8681640625,4152.5419921875,4067.35693359375,4085.656005859375,108600,0.42911987591760514
20070618,4253.34814453125,4253.34814453125,4267.740234375,4193.31396484375,4195.39111328125,129000,2.9151663127410687
20070619,4269.52392578125,4269.52392578125,4280.85009765625,4209.5751953125,4247.7451171875,124600,0.380307012272163
20070620,4181.3232421875,4181.3232421875,4311.9970703125,4164.27392578125,4269.455078125,135200,-2.065820103762761
20070621,4230.8232421875,4230.8232421875,4256.5419921875,4147.05419921875,4170.89404296875,113000,1.1838357652087073
20070622,4091.445068359375,4091.445068359375,4249.43115234375,4024.489013671875,4230.966796875,119600,-3.2943511427828143
20070625,3941.0810546875,3941.0810546875,4131.1298828125,3912.422119140625,4102.787109375,101600,-3.6750832813250867
20070626,3973.37109375,3973.37109375,3976.19091796875,3818.85302734375,3863.248046875,93800,0.8193193343256411
20070627,4078.59912109375,4078.59912109375,4090.715087890625,3948.287109375,3985.716064453125,95200,2.6483312245682455
20070628,3914.2041015625,3914.2041015625,4113.283203125,3912.81396484375,4080.194091796875,97800,-4.0306736369610245
20070629,3820.702880859375,3820.702880859375,3919.344970703125,3779.81298828125,3824.2900390625,86200,-2.3887671229459007
20070702,3836.2939453125,3836.2939453125,3859.861083984375,3724.18701171875,3800.23291015625,74200,0.4080679639139717
20070703,3899.72412109375,3899.72412109375,3906.760986328125,3821.462890625,3854.716064453125,69800,1.6534232435122531
20070704,3816.1650390625,3816.1650390625,3916.47509765625,3800.27490234375,3906.011962890625,56400,-2.1426921350481187
20070705,3615.8720703125,3615.8720703125,3778.39892578125,3614.531005859375,3769.638916015625,63400,-5.248540529557522
20070706,3781.347900390625,3781.347900390625,3785.345947265625,3563.5439453125,3599.818115234375,80800,4.576374021546181
20070709,3883.216064453125,3883.216064453125,3900.904052734375,3782.73291015625,3809.669921875,83400,2.693964341444932
20070710,3853.02099609375,3853.02099609375,3929.416015625,3841.801025390625,3895.908935546875,76600,-0.777578889719277
20070711,3865.722900390625,3865.722900390625,3879.2919921875,3812.137939453125,3837.7958984375,51400,0.3296609156750563
20070712,3915.990966796875,3915.990966796875,3925.60400390625,3861.037109375,3874.0390625,55200,1.3003535871950467
20070713,3914.39501953125,3914.39501953125,3935.506103515625,3878.18408203125,3920.826904296875,46000,-0.040754620711769274
20070716,3821.916015625,3821.916015625,3931.867919921875,3820.573974609375,3920.653076171875,47600,-2.3625363164631374
20070717,3896.19091796875,3896.19091796875,3919.777099609375,3767.221923828125,3809.55810546875,48800,1.9433944136944659
20070718,3930.06005859375,3930.06005859375,3971.610107421875,3861.906982421875,3880.85205078125,62800,0.8692885266170958
20070719,3912.94091796875,3912.94091796875,3947.330078125,3887.589111328125,3918.5390625,48800,-0.435594885822832
20070720,4058.85302734375,4058.85302734375,4062.115966796875,3918.408935546875,3918.408935546875,83200,3.7289627529245806
20070723,4213.36083984375,4213.36083984375,4220.32177734375,4091.241943359375,4091.241943359375,121600,3.8066865555147933
20070724,4210.3291015625,4210.3291015625,4284.8291015625,4192.72021484375,4238.31982421875,111000,-0.07195534388083624
20070725,4323.9658203125,4323.9658203125,4325.3779296875,4212.22998046875,4212.9501953125,94000,2.698998487026305
20070726,4346.4580078125,4346.4580078125,4371.51220703125,4304.19287109375,4347.77783203125,99200,0.5201749605498573
20070727,4345.35693359375,4345.35693359375,4357.3427734375,4268.7880859375,4315.373046875,100200,-0.025332678166245515
20070730,4440.76904296875,4440.76904296875,4450.18798828125,4345.79296875,4348.60693359375,112600,2.195725479703947
20070731,4471.0322265625,4471.0322265625,4476.6259765625,4379.19921875,4432.26513671875,108600,0.6814851954903389
20070801,4300.56298828125,4300.56298828125,4502.2958984375,4284.87109375,4488.77392578125,126200,-3.812749039662222
20070802,4407.72998046875,4407.72998046875,4431.85009765625,4290.80908203125,4316.56689453125,98200,2.4919293701667122
20070803,4560.77392578125,4560.77392578125,4562.68798828125,4438.962890625,4440.97607421875,115200,3.472171525720924
20070806,4628.10791015625,4628.10791015625,4629.9677734375,4564.31298828125,4600.1181640625,111800,1.4763718936905201
20070807,4651.22509765625,4651.22509765625,4687.43505859375,4581.2939453125,4642.009765625,116200,0.49949542985525675
20070808,4663.162109375,4663.162109375,4711.31591796875,4568.69482421875,4614.5859375,119000,0.2566423139736873
20070809,4754.09521484375,4754.09521484375,4768.88623046875,4658.591796875,4658.591796875,97600,1.9500309733160304
20070810,4749.369140625,4749.369140625,4769.619140625,4640.76611328125,4745.18115234375,101800,-0.0994105924507771
20070813,4820.06396484375,4820.06396484375,4872.5478515625,4728.89208984375,4768.619140625,114200,1.4885097815211523
20070814,4872.78515625,4872.78515625,4876.85107421875,4789.89501953125,4820.14990234375,88600,1.0937861362584345
20070815,4869.8828125,4869.8828125,4916.31005859375,4762.7177734375,4875.51123046875,90600,-0.05956231717455518
20070816,4765.4482421875,4765.4482421875,4845.01611328125,4710.31005859375,4845.01611328125,90600,-2.144498632378533
20070817,4656.57421875,4656.57421875,4814.369140625,4646.43310546875,4733.13720703125,91200,-2.284654410337761
20070820,4904.85498046875,4904.85498046875,4906.0029296875,4758.39697265625,4773.83203125,99200,5.331833018338483
20070821,4955.20703125,4955.20703125,4982.98095703125,4917.82080078125,4944.2138671875,104200,1.0265757291857414
20070822,4980.0751953125,4980.0751953125,4999.19482421875,4861.27099609375,4876.34521484375,108200,0.5018592342493244
20070823,5032.494140625,5032.494140625,5050.3828125,4968.3271484375,5002.8408203125,99400,1.0525733700133655
20070824,5107.66796875,5107.66796875,5125.35888671875,5052.2412109375,5070.65087890625,109000,1.4937688157082185
20070827,5150.1181640625,5150.1181640625,5192.06103515625,5092.076171875,5144.82421875,116200,0.831107181833679
20070828,5194.68896484375,5194.68896484375,5209.5068359375,5058.44580078125,5134.14111328125,105400,0.865432585455328
20070829,5109.4267578125,5109.4267578125,5204.52587890625,5063.412109375,5147.712890625,100800,-1.641334209002343
20070830,5167.8837890625,5167.8837890625,5186.52587890625,5109.662109375,5144.11083984375,101200,1.1441015601332705
20070831,5218.8251953125,5218.8251953125,5235.1572265625,5158.3681640625,5184.0908203125,103600,0.9857304910341425
20070903,5321.05517578125,5321.05517578125,5327.5380859375,5257.77685546875,5257.77685546875,125800,1.958869604610869
20070904,5294.044921875,5294.044921875,5357.92578125,5264.99609375,5333.39990234375,120400,-0.5076108593871975
20070905,5310.7158203125,5310.7158203125,5337.92919921875,5223.669921875,5296.06982421875,96200,0.31489907402590944
20070906,5393.66015625,5393.66015625,5412.31884765625,5314.3369140625,5336.6689453125,107000,1.5618296806666487
20070907,5277.17578125,5277.17578125,5405.35791015625,5269.25,5381.18603515625,119800,-2.1596535863502964
20070910,5355.287109375,5355.287109375,5356.85595703125,5169.90478515625,5208.31787109375,102400,1.4801729440685474
20070911,5113.9677734375,5113.9677734375,5395.0380859375,5093.9228515625,5362.94091796875,110000,-4.506188576053094
20070912,5172.626953125,5172.626953125,5192.3017578125,5025.3359375,5092.576171875,97000,1.1470385087716473
20070913,5273.591796875,5273.591796875,5276.77099609375,5178.87109375,5193.4091796875,86600,1.9519065392682666
20070914,5312.18212890625,5312.18212890625,5324.43896484375,5201.85400390625,5290.255859375,94600,0.7317656261168759
20070917,5421.39208984375,5421.39208984375,5427.1708984375,5307.77392578125,5309.05712890625,105600,2.0558399220394596
20070918,5425.2080078125,5425.2080078125,5458.578125,5339.9169921875,5446.73193359375,102600,0.07038631232554327
20070919,5395.26513671875,5395.26513671875,5447.35986328125,5336.06982421875,5439.01806640625,89800,-0.5519211622970199
20070920,5470.06494140625,5470.06494140625,5482.4248046875,5396.10888671875,5408.48388671875,86600,1.3863971981364243
20070921,5454.673828125,5454.673828125,5489.07421875,5363.34716796875,5482.5068359375,92800,-0.28136984562551204
20070924,5485.01318359375,5485.01318359375,5506.06396484375,5404.4189453125,5469.8369140625,81800,0.5562084264748579
20070925,5425.8798828125,5425.8798828125,5509.23388671875,5396.48193359375,5500.26904296875,96600,-1.0780885806824347
20070926,5338.52001953125,5338.52001953125,5463.89892578125,5320.02001953125,5407.8291015625,63600,-1.6100589244148034
20070927,5409.40283203125,5409.40283203125,5411.18896484375,5306.8232421875,5338.10791015625,58800,1.3277614814718675
20070928,5552.30078125,5552.30078125,5560.4169921875,5461.580078125,5461.580078125,80600,2.6416584908891094
20071008,5692.7548828125,5692.7548828125,5729.962890625,5620.0,5683.31005859375,96000,2.529655850720669
20071009,5715.89208984375,5715.89208984375,5725.4072265625,5628.35009765625,5678.9130859375,83200,0.4064325183068318
20071010,5771.4638671875,5771.4638671875,5860.85888671875,5727.23779296875,5742.64794921875,92400,0.9722327935912656
20071011,5913.22998046875,5913.22998046875,5914.77197265625,5755.990234375,5798.38623046875,94800,2.45632852502522
20071012,5903.26416015625,5903.26416015625,5959.36376953125,5658.81201171875,5950.90185546875,119200,-0.16853429251723062
20071015,6030.0859375,6030.0859375,6039.0419921875,5866.130859375,5934.77490234375,98800,2.148333090016985
20071016,6092.05712890625,6092.05712890625,6124.0439453125,6040.712890625,6056.94580078125,88200,1.027699970590179
20071017,6036.28076171875,6036.28076171875,6088.89208984375,5982.203125,6057.42822265625,71400,-0.9155588335317155
20071018,5825.2822265625,5825.2822265625,6055.47314453125,5804.97314453125,6031.916015625,69800,-3.4955056513337412
20071019,5818.046875,5818.046875,5932.10986328125,5766.86083984375,5869.1240234375,55200,-0.12420602609617415
20071022,5667.33203125,5667.33203125,5804.8359375,5654.9072265625,5742.791015625,54400,-2.5904714586886146
20071023,5773.38720703125,5773.38720703125,5776.01611328125,5574.83984375,5660.06591796875,58400,1.8713421976417788
20071024,5843.10888671875,5843.10888671875,5906.69482421875,5793.55712890625,5804.01513671875,60200,1.2076390719574004
20071025,5562.39404296875,5562.39404296875,5819.8837890625,5546.041015625,5794.22314453125,71800,-4.8042035360329916
20071026,5589.630859375,5589.630859375,5628.833984375,5462.01318359375,5498.85791015625,51600,0.4896599592882023
20071029,5747.9970703125,5747.9970703125,5750.25390625,5617.97607421875,5641.98291015625,50200,2.8332141231095065
20071030,5897.19287109375,5897.19287109375,5899.64990234375,5701.3369140625,5769.203125,54200,2.595613723462442
20071031,5954.76513671875,5954.76513671875,6002.1181640625,5871.47998046875,5984.712890625,71000,0.9762656043895257
20071101,5914.28515625,5914.28515625,6005.130859375,5912.501953125,5978.93896484375,64800,-0.679791386215034
20071102,5777.80908203125,5777.80908203125,5860.59423828125,5740.40283203125,5812.46484375,59600,-2.307566690025542
20071105,5634.4521484375,5634.4521484375,5787.22802734375,5603.47021484375,5748.17578125,64200,-2.481164253758128
20071106,5536.56884765625,5536.56884765625,5649.751953125,5510.1611328125,5593.34716796875,45000,-1.7372283622711038
20071107,5601.783203125,5601.783203125,5610.953125,5469.76123046875,5565.64794921875,42800,1.177883943344371
20071108,5330.02294921875,5330.02294921875,5559.15087890625,5328.201171875,5559.15087890625,49000,-4.8513168762876475
20071109,5315.5400390625,5315.5400390625,5382.69677734375,5217.62890625,5276.0078125,47400,-0.27172322322500664
20071112,5187.73486328125,5187.73486328125,5250.0849609375,5032.578125,5181.1748046875,52600,-2.404368603040208
20071113,5158.1181640625,5158.1181640625,5311.6982421875,5085.44384765625,5239.3427734375,49200,-0.5708984749466794
20071114,5412.69384765625,5412.69384765625,5414.60888671875,5165.06298828125,5246.57421875,51000,4.935437217538419
20071115,5365.26708984375,5365.26708984375,5453.740234375,5338.90478515625,5391.01708984375,47800,-0.8762135666150139
20071116,5316.27392578125,5316.27392578125,5335.51318359375,5224.31298828125,5273.08203125,37400,-0.9131542426889072
20071119,5269.81689453125,5269.81689453125,5333.087890625,5240.423828125,5325.3017578125,41000,-0.8738645129760303
20071120,5293.703125,5293.703125,5338.1728515625,5158.5419921875,5230.7421875,49000,0.4532649036352199
20071121,5214.22509765625,5214.22509765625,5344.93017578125,5206.57421875,5307.79296875,41200,-1.5013691827259423
20071122,4984.1611328125,4984.1611328125,5154.85791015625,4969.89404296875,5113.8818359375,40400,-4.412236919866808
20071123,5032.1298828125,5032.1298828125,5034.22509765625,4896.98779296875,4946.2578125,30800,0.9624237403603297
20071126,4958.84912109375,4958.84912109375,5124.88818359375,4952.42919921875,5102.52587890625,36800,-1.4562573587189043
20071127,4861.11083984375,4861.11083984375,4947.076171875,4857.0380859375,4919.9130859375,30800,-1.9709871960863823
20071128,4803.39404296875,4803.39404296875,4907.755859375,4778.72705078125,4870.841796875,32800,-1.1873170305422454
20071129,5003.3330078125,5003.3330078125,5011.19384765625,4814.783203125,4870.86083984375,50000,4.162451863311567
20071130,4871.77783203125,4871.77783203125,4993.740234375,4861.86376953125,4993.740234375,43400,-2.6293507862825027
20071203,4868.61083984375,4868.61083984375,4899.6669921875,4798.01416015625,4838.56396484375,53800,-0.06500690911390716
20071204,4915.88916015625,4915.88916015625,4971.40380859375,4882.14892578125,4882.14892578125,42800,0.97108439897442
20071205,5042.65380859375,5042.65380859375,5052.748046875,4893.3232421875,4917.365234375,54400,2.57867181922935
20071206,5035.0732421875,5035.0732421875,5065.509765625,4995.47216796875,5055.8349609375,43200,-0.15032890803114984
20071207,5091.755859375,5091.755859375,5096.798828125,5021.3662109375,5038.47802734375,50000,1.125755564240305
20071210,5161.9189453125,5161.9189453125,5168.76416015625,4990.7177734375,5010.826171875,68800,1.3779742759723046
20071211,5175.076171875,5175.076171875,5209.705078125,5103.7470703125,5180.541015625,66800,0.2548902201273018
20071212,5095.54296875,5095.54296875,5149.93115234375,5054.56494140625,5148.25390625,72200,-1.5368508691184002
20071213,4958.04296875,4958.04296875,5095.15185546875,4954.35693359375,5078.18212890625,67200,-2.6984366699145057
20071214,5007.9111328125,5007.9111328125,5011.201171875,4860.15576171875,4899.75,53000,1.0058033860701476
20071217,4876.76123046875,4876.76123046875,5007.34619140625,4874.6240234375,5007.28515625,63600,-2.618854425839112
20071218,4836.173828125,4836.173828125,4905.4921875,4812.15576171875,4856.47119140625,40600,-0.8322614215797608
20071219,4941.7841796875,4941.7841796875,4960.4169921875,4868.35400390625,4878.06591796875,56200,2.1837583866054944
20071220,5043.53515625,5043.53515625,5050.78515625,4923.294921875,4965.2900390625,57800,2.058992721307673
20071221,5101.77880859375,5101.77880859375,5112.38818359375,5013.7587890625,5017.19482421875,66200,1.1548180103706507
20071224,5234.26220703125,5234.26220703125,5284.33984375,5104.64501953125,5132.9130859375,85000,2.596807964593384
20071225,5201.18115234375,5201.18115234375,5254.40478515625,5178.80078125,5233.1748046875,71000,-0.6320098875264968
20071226,5233.35107421875,5233.35107421875,5262.591796875,5158.755859375,5209.03515625,74400,0.6185118520723565
20071227,5308.88916015625,5308.88916015625,5316.52294921875,5203.501953125,5248.22216796875,87400,1.4433980229154875
20071228,5261.56298828125,5261.56298828125,5336.4990234375,5248.69189453125,5320.0068359375,77200,-0.8914514966744447
20080102,5272.81396484375,5272.81396484375,5295.01611328125,5201.89208984375,5265.0,76600,0.2138333530846026
20080103,5319.86083984375,5319.86083984375,5321.45703125,5211.0458984375,5269.80078125,98600,0.8922536488805255
20080104,5361.57421875,5361.57421875,5372.4609375,5318.4609375,5328.4111328125,80800,0.7841065802667746
20080107,5393.3427734375,5393.3427734375,5403.34912109375,5332.59716796875,5357.4501953125,92000,0.5925228933025384
20080108,5386.53076171875,5386.53076171875,5480.06982421875,5344.64794921875,5414.55810546875,102400,-0.1263040753185507
20080109,5435.80712890625,5435.80712890625,5437.76416015625,5346.84619140625,5365.22216796875,76800,0.9148071247954137
20080110,5456.541015625,5456.541015625,5483.8271484375,5407.30712890625,5449.16015625,96600,0.3814316112963789
20080111,5484.6767578125,5484.6767578125,5500.06103515625,5423.80712890625,5471.38720703125,87800,0.5156332941864239
20080114,5497.90087890625,5497.90087890625,5522.77783203125,5456.92919921875,5507.578125,78800,0.24111030927964627
20080115,5443.791015625,5443.791015625,5505.03515625,5405.59521484375,5503.93115234375,80800,-0.9841913208885389
20080116,5290.60595703125,5290.60595703125,5396.0439453125,5288.76513671875,5395.27685546875,89200,-2.8139408392804155
20080117,5151.6259765625,5151.6259765625,5312.287109375,5039.7861328125,5235.908203125,99000,-2.62691989532966
20080118,5180.51416015625,5180.51416015625,5187.60498046875,5093.1337890625,5141.37109375,68600,0.5607585590486908
20080121,4914.43505859375,4914.43505859375,5200.92578125,4891.28515625,5188.794921875,75600,-5.136152384428083
20080122,4559.7509765625,4559.7509765625,4817.9970703125,4511.953125,4817.9970703125,92400,-7.217189316827433
20080123,4703.046875,4703.046875,4705.0732421875,4510.50390625,4572.90185546875,88000,3.14262553314979
20080124,4717.73388671875,4717.73388671875,4767.798828125,4625.4599609375,4753.44482421875,90000,0.3122871642386116
20080125,4761.68798828125,4761.68798828125,4806.88916015625,4657.708984375,4716.97705078125,78000,0.9316782721941586
20080128,4419.2939453125,4419.2939453125,4720.56396484375,4409.0791015625,4720.56396484375,69400,-7.190602236253163
20080129,4457.94384765625,4457.94384765625,4517.60107421875,4389.51708984375,4426.26708984375,50400,0.8745718846049133
20080130,4417.84912109375,4417.84912109375,4554.3427734375,4330.69677734375,4505.634765625,55000,-0.8993995423154488
20080131,4383.39306640625,4383.39306640625,4487.31787109375,4368.2958984375,4408.02392578125,45200,-0.7799282805513674
20080201,4320.76708984375,4320.76708984375,4411.7041015625,4195.7529296875,4388.25390625,59400,-1.4287100338424397
20080204,4672.169921875,4672.169921875,4672.2138671875,4415.02294921875,4415.02294921875,63400,8.132880683553756
20080205,4599.69580078125,4599.69580078125,4662.97119140625,4550.42919921875,4622.5390625,52600,-1.5511876131565239
20080213,4490.72119140625,4490.72119140625,4547.5390625,4454.64208984375,4525.02587890625,37000,-2.369169921117198
20080214,4552.31591796875,4552.31591796875,4576.98291015625,4507.94287109375,4527.05419921875,35000,1.3715998820049702
20080215,4497.126953125,4497.126953125,4523.7919921875,4431.462890625,4523.7919921875,41400,-1.2123272162617216
20080218,4568.15087890625,4568.15087890625,4601.22412109375,4517.59619140625,4546.751953125,55800,1.5793177849225737
20080219,4664.294921875,4664.294921875,4665.55419921875,4544.94384765625,4582.2841796875,60600,2.104659971120948
20080220,4567.02587890625,4567.02587890625,4695.8017578125,4556.81396484375,4682.587890625,66400,-2.0853964982482043
20080221,4527.1767578125,4527.1767578125,4568.2080078125,4452.6748046875,4534.1689453125,61400,-0.8725398574551901
20080222,4370.28515625,4370.28515625,4500.384765625,4333.033203125,4500.384765625,67600,-3.4655506059434016
20080225,4192.533203125,4192.533203125,4391.3330078125,4182.77392578125,4370.18798828125,58800,-4.067285011615196
20080226,4238.17919921875,4238.17919921875,4331.64013671875,4123.30517578125,4302.73486328125,55600,1.088745011243475
20080227,4334.046875,4334.046875,4360.7001953125,4222.458984375,4256.5322265625,50600,2.2620014698510493
20080228,4299.51318359375,4299.51318359375,4344.92578125,4265.498046875,4343.27685546875,48000,-0.7968001362756327
20080229,4348.54296875,4348.54296875,4364.81396484375,4275.89892578125,4293.533203125,47800,1.1403566651066344
20080303,4438.26513671875,4438.26513671875,4456.962890625,4279.34521484375,4323.6982421875,78600,2.06326966557584
20080304,4335.44580078125,4335.44580078125,4472.15087890625,4321.26611328125,4454.18017578125,87000,-2.316656007926454
20080305,4292.65380859375,4292.65380859375,4352.82177734375,4210.962890625,4316.25,74200,-0.9870263440910465
20080306,4360.98583984375,4360.98583984375,4427.498046875,4260.787109375,4310.35400390625,85000,1.591836525768775
20080307,4300.51513671875,4300.51513671875,4341.294921875,4265.8291015625,4315.80810546875,56800,-1.386629201418521
20080310,4146.298828125,4146.298828125,4265.61083984375,4120.52978515625,4265.61083984375,65600,-3.585996181643847
20080311,4165.8779296875,4165.8779296875,4165.9150390625,4063.469970703125,4121.65283203125,51400,0.47220671673955383
20080312,4070.115966796875,4070.115966796875,4272.97900390625,4068.781005859375,4254.6728515625,57200,-2.2987222503134785
20080313,3971.257080078125,3971.257080078125,4055.446044921875,3902.248046875,4033.319091796875,63600,-2.428896068938069
20080314,3962.673095703125,3962.673095703125,4000.780029296875,3891.699951171875,3956.74609375,41400,-0.21615282521147972
20080317,3820.048095703125,3820.048095703125,3941.258056640625,3812.9990234375,3941.258056640625,49200,-3.5992118591526956
20080318,3668.89697265625,3668.89697265625,3862.77197265625,3607.25,3789.56494140625,57800,-3.956785863950063
20080319,3761.60498046875,3761.60498046875,3813.885009765625,3677.81689453125,3746.047119140625,61600,2.5268632099358257
20080320,3804.053955078125,3804.053955078125,3857.6201171875,3516.330078125,3721.50390625,73200,1.1284803914760166
20080321,3796.575927734375,3796.575927734375,3838.05810546875,3746.39501953125,3790.111083984375,65000,-0.19658047525239475
20080324,3626.18798828125,3626.18798828125,3840.47900390625,3624.93603515625,3830.345947265625,59000,-4.487937096382655
20080325,3629.618896484375,3629.618896484375,3659.2099609375,3521.528076171875,3559.94189453125,52800,0.09461473630745232
20080326,3606.85693359375,3606.85693359375,3698.324951171875,3591.10791015625,3644.1298828125,46200,-0.6271171585719992
20080327,3411.492919921875,3411.492919921875,3541.27587890625,3407.89599609375,3541.27587890625,55000,-5.416461403064887
20080328,3580.14599609375,3580.14599609375,3590.7529296875,3357.22900390625,3378.6279296875,63200,4.943673638804946
20080331,3472.712890625,3472.712890625,3555.823974609375,3445.555908203125,3465.907958984375,47200,-3.000802357947663
20080401,3329.162109375,3329.162109375,3493.133056640625,3308.902099609375,3461.0849609375,54800,-4.133678359576809
20080402,3347.882080078125,3347.882080078125,3464.531005859375,3283.639892578125,3370.60400390625,65400,0.5623027683274717
20080403,3446.243896484375,3446.243896484375,3456.947998046875,3271.2900390625,3323.426025390625,50800,2.938031091105664
20080407,3599.617919921875,3599.617919921875,3613.47998046875,3386.511962890625,3418.51611328125,61000,4.450469207764485
20080408,3612.5390625,3612.5390625,3656.9609375,3563.85009765625,3604.262939453125,65400,0.3589587246639159
20080409,3413.906982421875,3413.906982421875,3606.886962890625,3413.072021484375,3585.846923828125,59800,-5.498406429428748
20080410,3471.742919921875,3471.742919921875,3474.31201171875,3344.8701171875,3378.138916015625,45400,1.6941275142467571
20080411,3492.89306640625,3492.89306640625,3517.818115234375,3462.135986328125,3498.554931640625,43200,0.6092083132944293
20080414,3296.672119140625,3296.672119140625,3427.884033203125,3285.298095703125,3419.047119140625,50400,-5.617719853860626
20080415,3348.35302734375,3348.35302734375,3349.760009765625,3212.14990234375,3282.572021484375,44600,1.5676690412450567
20080416,3291.59912109375,3291.59912109375,3363.216064453125,3283.077880859375,3349.930908203125,40000,-1.6949797642760167
20080417,3222.740966796875,3222.740966796875,3352.950927734375,3180.198974609375,3286.4140625,45800,-2.0919362219903093
20080418,3094.66796875,3094.66796875,3203.7099609375,3078.174072265625,3200.570068359375,43600,-3.9740394703260407
20080421,3116.97705078125,3116.97705078125,3305.16796875,3073.56298828125,3305.152099609375,60000,0.7208877416423176
20080422,3147.79296875,3147.79296875,3148.73095703125,2990.7880859375,3076.715087890625,48800,0.9886475731679223
20080423,3278.330078125,3278.330078125,3296.717041015625,3089.89306640625,3116.412109375,66200,4.146940750898143
20080424,3583.028076171875,3583.028076171875,3593.197021484375,3461.64306640625,3539.867919921875,142000,9.294305051221174
20080425,3557.7490234375,3557.7490234375,3658.551025390625,3527.837890625,3572.547119140625,129600,-0.7055220388164862
20080428,3474.721923828125,3474.721923828125,3530.905029296875,3460.2548828125,3497.383056640625,75800,-2.3336974885641126
20080429,3523.405029296875,3523.405029296875,3544.22900390625,3453.279052734375,3457.35107421875,67200,1.4010647912543028
20080430,3693.10595703125,3693.10595703125,3705.093017578125,3543.01904296875,3545.572998046875,107600,4.816390006920113
20080505,3761.009033203125,3761.009033203125,3768.216064453125,3696.697021484375,3739.797119140625,99600,1.838644137534029
20080506,3733.5029296875,3733.5029296875,3786.02392578125,3680.989990234375,3735.84912109375,99000,-0.7313490415150392
20080507,3579.14697265625,3579.14697265625,3774.06591796875,3577.990966796875,3716.446044921875,90400,-4.134346749907857
20080508,3656.839111328125,3656.839111328125,3658.047119140625,3523.02490234375,3538.916015625,75200,2.170688693854217
20080509,3613.493896484375,3613.493896484375,3693.159912109375,3552.472900390625,3682.955078125,87800,-1.185319165655263
20080512,3626.98193359375,3626.98193359375,3668.85693359375,3521.8779296875,3548.614013671875,79800,0.37326857318058515
20080513,3560.242919921875,3560.242919921875,3615.06005859375,3508.320068359375,3515.7109375,90800,-1.8400701986885148
20080514,3657.431884765625,3657.431884765625,3661.970947265625,3549.66796875,3549.66796875,88600,2.7298408291163145
20080515,3637.323974609375,3637.323974609375,3706.721923828125,3636.22412109375,3676.839111328125,84000,-0.5497822185016155
20080516,3624.23291015625,3624.23291015625,3661.071044921875,3582.5,3637.635986328125,64800,-0.35990922294819594
20080519,3604.760986328125,3604.760986328125,3624.843994140625,3563.60888671875,3615.593994140625,48400,-0.5372702116786865
20080520,3443.162109375,3443.162109375,3632.006103515625,3432.382080078125,3601.549072265625,66400,-4.48292903651658
20080521,3544.18603515625,3544.18603515625,3560.528076171875,3355.083984375,3414.343994140625,73600,2.9340450020108877
20080522,3485.6298828125,3485.6298828125,3558.01904296875,3469.7919921875,3493.06689453125,68600,-1.65217490738091
20080523,3473.091064453125,3473.091064453125,3521.39306640625,3435.841064453125,3473.801025390625,60000,-0.3597289092913569
20080526,3364.5439453125,3364.5439453125,3443.988037109375,3361.985107421875,3442.291015625,52800,-3.1253749794123764
20080527,3375.406982421875,3375.406982421875,3383.678955078125,3333.950927734375,3355.114013671875,42400,0.3228680405411133
20080528,3459.02587890625,3459.02587890625,3486.33203125,3354.25390625,3382.77392578125,52400,2.4772982019601653
20080529,3401.43701171875,3401.43701171875,3481.73388671875,3400.77294921875,3447.76806640625,51400,-1.6648868555360408
20080530,3433.35400390625,3433.35400390625,3450.492919921875,3390.883056640625,3414.25390625,48400,0.9383384751073809
20080602,3459.0439453125,3459.0439453125,3483.610107421875,3400.722900390625,3426.195068359375,49200,0.7482462157127223
20080603,3436.39794921875,3436.39794921875,3469.06298828125,3409.22607421875,3456.580078125,56600,-0.6546894590465868
20080604,3369.9130859375,3369.9130859375,3428.467041015625,3341.739013671875,3424.037109375,48000,-1.9347253799975372
20080605,3351.64501953125,3351.64501953125,3376.341064453125,3326.537109375,3355.927978515625,41800,-0.5420931027118159
20080606,3329.669921875,3329.669921875,3371.282958984375,3312.720947265625,3362.0048828125,34800,-0.6556511064922832
20080610,3072.3330078125,3072.3330078125,3215.5009765625,3045.05810546875,3202.113037109375,51000,-7.728601335882224
20080611,3024.239990234375,3024.239990234375,3064.199951171875,2992.35107421875,3042.157958984375,47000,-1.5653582295874657
20080612,2957.531982421875,2957.531982421875,3031.06396484375,2900.115966796875,3011.55810546875,49600,-2.205777584712454
20080613,2868.800048828125,2868.800048828125,2976.449951171875,2865.5,2960.905029296875,41000,-3.0002019968382143
20080616,2874.10302734375,2874.10302734375,2917.81005859375,2811.716064453125,2876.2939453125,40400,0.1848500566566491
20080617,2794.7509765625,2794.7509765625,2893.470947265625,2769.117919921875,2873.12890625,43200,-2.760932716270348
20080618,2941.114990234375,2941.114990234375,2945.422119140625,2729.7109375,2772.366943359375,66400,5.237103945908639
20080619,2748.8740234375,2748.8740234375,2921.720947265625,2742.15087890625,2921.720947265625,56800,-6.536329502083005
20080620,2831.736083984375,2831.736083984375,2917.324951171875,2695.6279296875,2811.083984375,74200,3.01440007218865
20080623,2760.4169921875,2760.4169921875,2813.136962890625,2741.18994140625,2780.14794921875,40600,-2.5185642193225166
20080624,2803.01904296875,2803.01904296875,2817.16796875,2728.830078125,2747.322021484375,48400,1.5433193934764944
20080625,2905.013916015625,2905.013916015625,2910.48095703125,2784.416015625,2794.0400390625,64800,3.638750628638232
20080626,2901.85009765625,2901.85009765625,2931.305908203125,2851.115966796875,2904.093994140625,65600,-0.10890888824774958
20080627,2748.431884765625,2748.431884765625,2822.263916015625,2723.157958984375,2809.30908203125,60600,-5.28691034090758
20080630,2736.10302734375,2736.10302734375,2766.802978515625,2693.404052734375,2724.404052734375,38600,-0.44857787781509284
20080701,2651.60498046875,2651.60498046875,2753.330078125,2644.77587890625,2743.1640625,40600,-3.088262614037307
20080702,2651.72509765625,2651.72509765625,2700.903076171875,2627.89794921875,2656.0380859375,40200,0.004529980460321603
20080703,2703.529052734375,2703.529052734375,2746.368896484375,2566.528076171875,2610.81494140625,68200,1.9535944779461634
20080704,2669.89208984375,2669.89208984375,2713.47607421875,2645.8291015625,2691.20703125,57200,-1.2441872173189483
20080707,2792.39697265625,2792.39697265625,2801.533935546875,2673.550048828125,2673.550048828125,77400,4.588383301276777
20080708,2814.947021484375,2814.947021484375,2843.60302734375,2754.615966796875,2805.60791015625,80200,0.8075516858433884
20080709,2920.5458984375,2920.5458984375,2920.5458984375,2838.863037109375,2838.863037109375,97000,3.7513628550437383
20080710,2875.449951171875,2875.449951171875,2952.0390625,2862.05908203125,2879.6240234375,91000,-1.544093085123277
20080711,2856.634033203125,2856.634033203125,2888.287109375,2821.31103515625,2863.81298828125,64800,-0.6543643008316558
20080714,2878.256103515625,2878.256103515625,2895.302001953125,2828.236083984375,2837.4951171875,54400,0.7569072573239355
20080715,2779.447998046875,2779.447998046875,2896.327880859375,2769.9140625,2886.112060546875,71000,-3.4329156932234595
20080716,2705.866943359375,2705.866943359375,2765.14794921875,2656.613037109375,2753.89794921875,60000,-2.6473261863220854
20080717,2684.778076171875,2684.778076171875,2773.281005859375,2676.14892578125,2747.950927734375,50800,-0.7793756170921595
20080718,2778.366943359375,2778.366943359375,2785.530029296875,2665.906982421875,2711.741943359375,57800,3.4859070110161428
20080721,2861.41796875,2861.41796875,2865.06494140625,2745.64208984375,2759.883056640625,66400,2.9892029052939417
20080722,2846.116943359375,2846.116943359375,2868.62109375,2830.764892578125,2852.44189453125,61600,-0.5347357693888055
20080723,2837.84912109375,2837.84912109375,2887.575927734375,2831.111083984375,2870.93408203125,61400,-0.2904948190873058
20080724,2910.2919921875,2910.2919921875,2912.701904296875,2849.096923828125,2861.81005859375,72600,2.552738641222385
20080725,2865.10107421875,2865.10107421875,2888.577880859375,2851.928955078125,2875.77001953125,62600,-1.5527966984090313
20080728,2903.011962890625,2903.011962890625,2924.447021484375,2883.760986328125,2883.760986328125,62400,1.3231955065394096
20080729,2850.31103515625,2850.31103515625,2868.008056640625,2827.697021484375,2868.008056640625,58600,-1.8153878939547674
20080730,2836.66796875,2836.66796875,2894.368896484375,2822.18798828125,2884.5859375,49000,-0.47865184669230176
20080731,2775.717041015625,2775.717041015625,2847.99609375,2774.10400390625,2844.65087890625,44600,-2.1486803674535593
20080801,2801.81689453125,2801.81689453125,2830.763916015625,2721.951904296875,2751.02001953125,49200,0.9402922967275851
20080804,2741.739990234375,2741.739990234375,2793.257080078125,2738.85009765625,2782.985107421875,37200,-2.1442123649884737
20080805,2690.74609375,2690.74609375,2762.262939453125,2684.73388671875,2751.199951171875,42400,-1.859910008462029
20080806,2719.367919921875,2719.367919921875,2743.113037109375,2678.862060546875,2711.60205078125,40600,1.0637133781725927
20080807,2727.576904296875,2727.576904296875,2742.705078125,2691.35498046875,2717.501953125,39400,0.30187104565224665
20080808,2605.718994140625,2605.718994140625,2725.930908203125,2595.9169921875,2724.429931640625,48600,-4.467625091130579
20080811,2470.073974609375,2470.073974609375,2601.501953125,2453.70703125,2595.89501953125,47200,-5.205665685220451
20080812,2457.197998046875,2457.197998046875,2484.74609375,2430.84912109375,2445.216064453125,36600,-0.5212789857654498
20080813,2446.297119140625,2446.297119140625,2458.76904296875,2370.737060546875,2440.52490234375,41000,-0.44363046506283865
20080814,2437.08203125,2437.08203125,2454.2509765625,2409.010009765625,2432.197021484375,31400,-0.3766953661729411
20080815,2450.610107421875,2450.610107421875,2476.85791015625,2414.572998046875,2434.407958984375,31200,0.5550931810422544
20080818,2319.867919921875,2319.867919921875,2455.50390625,2318.926025390625,2451.778076171875,53600,-5.335087254559035
20080819,2344.468994140625,2344.468994140625,2355.928955078125,2284.5849609375,2297.2451171875,38600,1.0604515027553107
20080820,2523.281982421875,2523.281982421875,2523.468994140625,2306.662109375,2332.48388671875,73800,7.627014421096856
20080821,2431.716064453125,2431.716064453125,2518.443115234375,2431.0458984375,2484.485107421875,61400,-3.628842063892679
20080822,2405.22607421875,2405.22607421875,2426.70703125,2362.093017578125,2414.458984375,46200,-1.0893537539849452
20080825,2413.3740234375,2413.3740234375,2443.989990234375,2382.291015625,2408.094970703125,33800,0.3387602232524767
20080826,2350.083984375,2350.083984375,2403.01611328125,2327.219970703125,2384.946044921875,41000,-2.6224712144847118
20080827,2342.14697265625,2342.14697265625,2385.990966796875,2310.455078125,2343.882080078125,41000,-0.3377331096046321
20080828,2350.14306640625,2350.14306640625,2374.24609375,2333.030029296875,2341.9560546875,34800,0.341400170158046
20080829,2397.368896484375,2397.368896484375,2420.847900390625,2352.09912109375,2361.0458984375,46400,2.0094874543250985
20080901,2325.135009765625,2325.135009765625,2380.468017578125,2311.72705078125,2380.468017578125,36200,-3.013048464284218
20080902,2304.89111328125,2304.89111328125,2329.009033203125,2284.919921875,2312.10205078125,34200,-0.8706546673354465
20080903,2276.672119140625,2276.672119140625,2321.534912109375,2248.06689453125,2301.94091796875,42200,-1.2243092082754536
20080904,2277.410888671875,2277.410888671875,2295.35498046875,2249.1201171875,2270.52392578125,34200,0.03244953566388098
20080905,2202.446044921875,2202.446044921875,2238.323974609375,2199.364990234375,2224.527099609375,38600,-3.2916696816935653
20080908,2143.4208984375,2143.4208984375,2220.5458984375,2135.375,2210.343994140625,37600,-2.67998149695734
20080909,2145.779052734375,2145.779052734375,2161.35009765625,2114.5029296875,2152.277099609375,30800,0.11001825626473227
20080910,2150.759033203125,2150.759033203125,2185.694091796875,2102.906005859375,2131.800048828125,39000,0.23208263042757693
20080911,2078.98095703125,2078.98095703125,2148.1240234375,2070.427001953125,2143.39990234375,36400,-3.3373369616853776
20080912,2079.673095703125,2079.673095703125,2104.6259765625,2064.2900390625,2077.550048828125,30400,0.033292208354973596
20080916,1986.635986328125,1986.635986328125,2049.81298828125,1974.387939453125,2049.81298828125,46200,-4.473641052876376
20080917,1929.0469970703125,1929.0469970703125,1999.9530029296875,1922.6800537109375,1971.9439697265625,45800,-2.89881939389679
20080918,1895.8370361328125,1895.8370361328125,1942.845947265625,1802.3310546875,1876.1219482421875,66400,-1.7215734498919222
20080919,2075.091064453125,2075.091064453125,2075.091064453125,2043.3160400390625,2067.64306640625,58400,9.455139070706231
20080922,2236.409912109375,2236.409912109375,2269.73291015625,2164.798095703125,2241.722900390625,140000,7.774061120482179
20080923,2201.510009765625,2201.510009765625,2253.39501953125,2181.9599609375,2209.1220703125,100200,-1.5605324477761973
20080924,2216.81103515625,2216.81103515625,2218.291015625,2116.9599609375,2133.097900390625,64600,0.6950241117574585
20080925,2297.5009765625,2297.5009765625,2333.277099609375,2211.449951171875,2214.583984375,101200,3.639910670174129
20080926,2293.783935546875,2293.783935546875,2310.445068359375,2246.279052734375,2304.118896484375,78200,-0.16178626488274617
20081006,2173.738037109375,2173.738037109375,2267.39404296875,2172.569091796875,2267.39404296875,61000,-5.233531222236898
20081007,2157.839111328125,2157.839111328125,2182.998046875,2072.89599609375,2101.093017578125,57000,-0.7314094665423543
20081008,2092.22412109375,2092.22412109375,2127.0849609375,2059.0859375,2095.910888671875,50800,-3.0407730534641075
20081009,2074.5830078125,2074.5830078125,2130.8701171875,2063.407958984375,2125.56689453125,45000,-0.8431751217946815
20081010,2000.572021484375,2000.572021484375,2027.8310546875,1963.1829833984375,1995.95703125,54000,-3.567511449260563
20081013,2073.568115234375,2073.568115234375,2074.468017578125,1931.4720458984375,1978.56005859375,56600,3.6487611026289724
20081014,2017.321044921875,2017.321044921875,2146.72998046875,2016.1839599609375,2139.06494140625,68000,-2.7125740359941086
20081015,1994.6669921875,1994.6669921875,2013.490966796875,1963.10302734375,1995.885009765625,40800,-1.1229770685930784
20081016,1909.9410400390625,1909.9410400390625,1943.3199462890625,1901.5030517578125,1916.133056640625,50600,-4.247623913178645
20081017,1930.6510009765625,1930.6510009765625,1941.2989501953125,1902.5980224609375,1921.842041015625,38600,1.0843246206739598
20081020,1974.0059814453125,1974.0059814453125,1979.8389892578125,1890.9200439453125,1924.177001953125,44600,2.2456145852782328
20081021,1958.529052734375,1958.529052734375,1996.657958984375,1956.1099853515625,1978.6739501953125,54000,-0.7840365660698567
20081022,1895.822021484375,1895.822021484375,1950.791015625,1894.31005859375,1932.677001953125,48400,-3.2017411823660358
20081023,1875.56103515625,1875.56103515625,1879.8489990234375,1828.3079833984375,1851.259033203125,47800,-1.0687177434652417
20081024,1839.6209716796875,1839.6209716796875,1888.1009521484375,1825.5260009765625,1875.6309814453125,46200,-1.9162300134673238
20081027,1723.3509521484375,1723.3509521484375,1809.2249755859375,1721.60400390625,1809.2249755859375,50600,-6.320324747390127
20081028,1771.821044921875,1771.821044921875,1786.43505859375,1664.925048828125,1671.39599609375,59800,2.812549162607403
20081029,1719.81201171875,1719.81201171875,1795.0870361328125,1719.3349609375,1786.199951171875,52200,-2.93534346215073
20081030,1763.6070556640625,1763.6070556640625,1788.2039794921875,1710.7259521484375,1732.77197265625,53600,2.546501806412227
20081031,1728.7860107421875,1728.7860107421875,1765.678955078125,1721.5899658203125,1754.2060546875,40200,-1.9744219558456955
20081103,1719.7740478515625,1719.7740478515625,1750.3189697265625,1702.98095703125,1713.762939453125,35800,-0.5212885131316014
20081104,1706.7030029296875,1706.7030029296875,1717.1009521484375,1678.95703125,1707.925048828125,39200,-0.7600443173452986
20081105,1760.6090087890625,1760.6090087890625,1788.258056640625,1716.218994140625,1716.218994140625,60400,3.158487784157016
20081106,1717.7220458984375,1717.7220458984375,1728.218994140625,1703.0989990234375,1720.4210205078125,45600,-2.435916360562218
20081107,1747.7130126953125,1747.7130126953125,1762.2330322265625,1680.60205078125,1686.5240478515625,46800,1.7459732130985506
20081110,1874.801025390625,1874.801025390625,1876.1619873046875,1782.3050537109375,1782.3050537109375,91200,7.271675141865441
20081111,1843.6070556640625,1843.6070556640625,1887.7950439453125,1840.916015625,1872.0670166015625,90800,-1.6638549533576796
20081112,1859.1099853515625,1859.1099853515625,1863.89599609375,1815.0760498046875,1820.43896484375,65800,0.8409020588129534
20081113,1927.613037109375,1927.613037109375,1942.89697265625,1825.883056640625,1837.2740478515625,121000,3.6847229210518417
20081114,1986.43798828125,1986.43798828125,1987.260986328125,1921.8360595703125,1943.9639892578125,130400,3.0516991761006196
20081117,2030.4849853515625,2030.4849853515625,2031.10302734375,1963.85400390625,1981.2640380859375,136800,2.217385960707685
20081118,1902.4300537109375,1902.4300537109375,2050.87890625,1889.864990234375,2020.9859619140625,156600,-6.306618003306896
20081119,2017.4739990234375,2017.4739990234375,2023.9110107421875,1883.8349609375,1889.3509521484375,128800,6.047210255540891
20081120,1983.760009765625,1983.760009765625,2030.8680419921875,1956.7340087890625,1977.2080078125,130800,-1.6710990711221951
20081121,1969.3890380859375,1969.3890380859375,2013.178955078125,1893.14697265625,1932.595947265625,127200,-0.724430959841027
20081124,1897.06005859375,1897.06005859375,1974.469970703125,1893.343017578125,1961.2060546875,84600,-3.6726608147715
20081125,1888.7149658203125,1888.7149658203125,1939.3690185546875,1858.1650390625,1925.248046875,69600,-0.4398960768602911
20081126,1897.884033203125,1897.884033203125,1914.7080078125,1873.178955078125,1890.3330078125,65200,0.4854659145897111
20081127,1917.8609619140625,1917.8609619140625,2022.4830322265625,1916.4659423828125,2012.68603515625,122400,1.0525895345260716
20081128,1871.156005859375,1871.156005859375,1915.2740478515625,1856.2860107421875,1901.675048828125,77800,-2.435262877871769
20081201,1894.614990234375,1894.614990234375,1895.7559814453125,1838.0999755859375,1865.7430419921875,81800,1.2537161146125797
20081202,1889.637939453125,1889.637939453125,1907.7750244140625,1846.532958984375,1856.969970703125,104200,-0.2626945741960096
20081203,1965.4139404296875,1965.4139404296875,1965.8299560546875,1902.93994140625,1903.428955078125,135000,4.010080417759432
20081204,2001.5040283203125,2001.5040283203125,2055.20703125,1985.197998046875,1992.719970703125,176000,1.8362588739313956
20081205,2018.656005859375,2018.656005859375,2019.748046875,1975.7110595703125,1984.258056640625,118400,0.8569544350833347
20081208,2090.77294921875,2090.77294921875,2091.283935546875,2038.18896484375,2049.162109375,165000,3.572522666073241
20081209,2037.739990234375,2037.739990234375,2100.805908203125,2036.8890380859375,2100.77197265625,145400,-2.5365240641836095
20081210,2079.116943359375,2079.116943359375,2079.552001953125,2005.5579833984375,2025.0269775390625,128200,2.0305315360789056
20081211,2031.6810302734375,2031.6810302734375,2087.196044921875,2028.7259521484375,2072.576904296875,121600,-2.2815413648302085
20081212,1954.2149658203125,1954.2149658203125,2023.177001953125,1932.27197265625,2014.5799560546875,108200,-3.8129048457325565
20081215,1964.3740234375,1964.3740234375,1989.302978515625,1936.56103515625,1977.0279541015625,81600,0.5198536391784803
20081216,1975.0059814453125,1975.0059814453125,1976.718994140625,1907.8260498046875,1948.8590087890625,78400,0.541238984071235
20081217,1976.8189697265625,1976.8189697265625,2003.375,1971.8160400390625,1983.8360595703125,97200,0.09179659698668186
20081218,2015.6939697265625,2015.6939697265625,2016.5689697265625,1958.9749755859375,1978.9739990234375,92200,1.9665432492979917
20081219,2018.4630126953125,2018.4630126953125,2038.656982421875,1997.1199951171875,2006.2080078125,102200,0.13737417536281438
20081222,1987.7550048828125,1987.7550048828125,2016.4539794921875,1965.35400390625,2016.4539794921875,86800,-1.5213559832089607
20081223,1897.2249755859375,1897.2249755859375,1990.0489501953125,1895.177978515625,1990.0489501953125,99000,-4.554385680050754
20081224,1863.800048828125,1863.800048828125,1887.31396484375,1850.85498046875,1873.5770263671875,74400,-1.7617798198913959
20081225,1852.4189453125,1852.4189453125,1877.7679443359375,1832.35498046875,1865.720947265625,64600,-0.6106397262292673
20081226,1851.5179443359375,1851.5179443359375,1866.6300048828125,1840.1910400390625,1852.9110107421875,53200,-0.04863915794224294
20081229,1850.47998046875,1850.47998046875,1856.333984375,1815.406982421875,1846.303955078125,55000,-0.056060157038329006
20081230,1832.9100341796875,1832.9100341796875,1862.93701171875,1826.97998046875,1851.9090576171875,56400,-0.9494804847665406
20081231,1820.8050537109375,1820.8050537109375,1844.366943359375,1814.751953125,1834.948974609375,50400,-0.6604241475587469
20090105,1880.7159423828125,1880.7159423828125,1880.7159423828125,1844.093994140625,1849.02001953125,67200,3.2903516249459086
20090106,1937.14501953125,1937.14501953125,1938.68994140625,1871.970947265625,1878.8270263671875,99000,3.0004040417152877
20090107,1924.011962890625,1924.011962890625,1948.2330322265625,1920.5150146484375,1938.9739990234375,92400,-0.6779593942740969
20090108,1878.1810302734375,1878.1810302734375,1894.1710205078125,1862.262939453125,1890.241943359375,80400,-2.3820502939249533
20090109,1904.8609619140625,1904.8609619140625,1909.3489990234375,1875.1639404296875,1875.1639404296875,71200,1.4205197055334295
20090112,1900.3470458984375,1900.3470458984375,1924.4410400390625,1886.8330078125,1897.7030029296875,83600,-0.23696826728440978
20090113,1863.366943359375,1863.366943359375,1888.3089599609375,1861.81103515625,1880.8680419921875,73800,-1.94596574446112
20090114,1928.8690185546875,1928.8690185546875,1929.2760009765625,1862.3089599609375,1862.31005859375,88000,3.5152536878872542
20090115,1920.2060546875,1920.2060546875,1937.72802734375,1902.5419921875,1912.77197265625,116000,-0.44912141694715135
20090116,1954.43798828125,1954.43798828125,1984.72802734375,1928.9219970703125,1928.9219970703125,133000,1.7827218860280603
20090119,1986.6719970703125,1986.6719970703125,2018.510009765625,1966.18798828125,1971.0,109400,1.6492725265440322
20090120,1994.1070556640625,1994.1070556640625,1994.8089599609375,1956.10205078125,1981.14697265625,74600,0.37424691165497403
20090121,1985.0159912109375,1985.0159912109375,2007.9110107421875,1960.529052734375,1965.9439697265625,87200,-0.45589650903158363
20090122,2004.9510498046875,2004.9510498046875,2009.8509521484375,1980.43798828125,1996.0860595703125,88200,1.0042769772141247
20090123,1990.656982421875,1990.656982421875,2008.7879638671875,1986.3480224609375,2001.1719970703125,86000,-0.7129384721988541
20090202,2011.6829833984375,2011.6829833984375,2012.741943359375,1987.1290283203125,2008.134033203125,84800,1.0562342564403915
20090203,2060.80810546875,2060.80810546875,2060.925048828125,2005.02197265625,2011.77001953125,134400,2.4419912320043036
20090204,2107.7490234375,2107.7490234375,2108.257080078125,2067.785888671875,2068.0859375,151800,2.2777917965376426
20090205,2098.01806640625,2098.01806640625,2149.47607421875,2082.595947265625,2106.8349609375,165400,-0.461675319169641
20090206,2181.239013671875,2181.239013671875,2185.0859375,2102.077880859375,2102.077880859375,160800,3.9666458834730856
20090209,2224.714111328125,2224.714111328125,2238.89404296875,2196.7080078125,2211.31689453125,192400,1.9931377251071858
20090210,2265.160888671875,2265.160888671875,2266.39794921875,2197.007080078125,2218.489013671875,172600,1.8180662916550627
20090211,2260.820068359375,2260.820068359375,2305.705078125,2218.297119140625,2230.489990234375,209400,-0.19163408366303925
20090212,2248.091064453125,2248.091064453125,2274.200927734375,2191.886962890625,2265.7890625,174000,-0.5630259605527654
20090213,2320.7919921875,2320.7919921875,2323.1201171875,2236.177978515625,2249.18505859375,199800,3.2338960322348065
20090216,2389.386962890625,2389.386962890625,2389.8779296875,2328.178955078125,2338.758056640625,211400,2.955670776788133
20090217,2319.44091796875,2319.44091796875,2402.806884765625,2316.93408203125,2387.35400390625,198200,-2.9273636295920835
20090218,2209.862060546875,2209.862060546875,2295.740966796875,2206.06201171875,2271.260009765625,162400,-4.724365107684603
20090219,2227.125,2227.125,2247.615966796875,2190.472900390625,2224.489990234375,129800,0.7811772400333927
20090220,2261.47802734375,2261.47802734375,2262.33203125,2206.2109375,2234.364990234375,129000,1.5424831270696604
20090223,2305.777099609375,2305.777099609375,2313.593994140625,2219.714111328125,2249.2890625,160200,1.9588548608476586
20090224,2200.654052734375,2200.654052734375,2295.590087890625,2193.26806640625,2273.7548828125,183800,-4.559115748560827
20090225,2206.573974609375,2206.573974609375,2234.01806640625,2142.60107421875,2222.506103515625,152400,0.2690073829480166
20090226,2121.2509765625,2121.2509765625,2237.547119140625,2102.345947265625,2201.672119140625,148600,-3.8667635451460236
20090227,2082.85205078125,2082.85205078125,2123.243896484375,2064.91796875,2100.06298828125,123000,-1.8102019141306713
20090302,2093.447021484375,2093.447021484375,2102.112060546875,2052.991943359375,2066.22900390625,87400,0.508676105878525
20090303,2071.430908203125,2071.430908203125,2088.6279296875,2037.0240478515625,2047.2130126953125,97800,-1.051668041049314
20090304,2198.10693359375,2198.10693359375,2201.72705078125,2076.615966796875,2076.615966796875,154800,6.115387430445884
20090305,2221.075927734375,2221.075927734375,2241.760986328125,2173.490966796875,2220.14990234375,182400,1.0449443468645292
20090306,2193.007080078125,2193.007080078125,2221.0400390625,2171.66796875,2180.7880859375,123800,-1.2637500278921965
20090309,2118.748046875,2118.748046875,2232.674072265625,2116.452880859375,2205.74609375,124400,-3.386173892356037
20090310,2158.568115234375,2158.568115234375,2159.26806640625,2088.162109375,2097.138916015625,84000,1.8794149883987643
20090311,2139.02490234375,2139.02490234375,2203.533935546875,2133.14111328125,2199.98291015625,103800,-0.9053785587165963
20090312,2133.881103515625,2133.881103515625,2136.794921875,2086.01806640625,2127.72607421875,87200,-0.24047400394866525
20090313,2128.847900390625,2128.847900390625,2166.02197265625,2124.97900390625,2148.41796875,83600,-0.2358708325739256
20090316,2153.291015625,2153.291015625,2158.89990234375,2108.612060546875,2122.407958984375,73400,1.1481851394780307
20090317,2218.325927734375,2218.325927734375,2225.19189453125,2151.77587890625,2156.77392578125,130800,3.0202565114264557
20090318,2223.72509765625,2223.72509765625,2255.009033203125,2221.587890625,2227.98095703125,147000,0.24338938901504736
20090319,2265.759033203125,2265.759033203125,2268.14404296875,2220.1640625,2227.343994140625,145800,1.890248735834188
20090320,2281.0869140625,2281.0869140625,2294.116943359375,2250.405029296875,2272.43701171875,150600,0.6765009268309363
20090323,2325.47998046875,2325.47998046875,2329.18310546875,2276.81005859375,2286.24609375,160000,1.946136560276357
20090324,2338.419921875,2338.419921875,2369.4541015625,2327.429931640625,2359.678955078125,162800,0.556441746002112
20090325,2291.554931640625,2291.554931640625,2355.68994140625,2291.35888671875,2333.1630859375,144800,-2.004130643772384
20090326,2361.7041015625,2361.7041015625,2362.048095703125,2274.89501953125,2296.047119140625,158600,3.0612039429337212
20090327,2374.43798828125,2374.43798828125,2392.76904296875,2361.091064453125,2380.6259765625,186600,0.5391821401472541
20090330,2358.0400390625,2358.0400390625,2380.194091796875,2348.527099609375,2377.964111328125,139800,-0.690603389083233
20090331,2373.212890625,2373.212890625,2375.7119140625,2299.157958984375,2313.883056640625,142600,0.6434518206286377
20090401,2408.01708984375,2408.01708984375,2422.625,2380.97900390625,2380.97900390625,179800,1.466543492842054
20090402,2425.291015625,2425.291015625,2450.0029296875,2417.111083984375,2417.217041015625,188400,0.7173506306955124
20090403,2419.778076171875,2419.778076171875,2456.81103515625,2406.49609375,2446.1240234375,170200,-0.22731043069090795
20090407,2439.181884765625,2439.181884765625,2449.537109375,2407.506103515625,2422.10009765625,124200,0.8018838084708602
20090408,2347.385009765625,2347.385009765625,2435.387939453125,2346.537109375,2429.87890625,146800,-3.763428860034379
20090409,2379.8759765625,2379.8759765625,2380.93505859375,2331.876953125,2345.009033203125,113200,1.3841345438309283
20090410,2444.22607421875,2444.22607421875,2444.98095703125,2392.800048828125,2400.013916015625,157400,2.7039265192801087
20090413,2513.700927734375,2513.700927734375,2522.445068359375,2464.06103515625,2468.0830078125,191400,2.8424070198920237
20090414,2527.180908203125,2527.180908203125,2532.089111328125,2495.3369140625,2512.009033203125,165200,0.5362603132306409
20090415,2536.055908203125,2536.055908203125,2542.5400390625,2485.926025390625,2514.591064453125,181000,0.3511818236356712
20090416,2534.134033203125,2534.134033203125,2549.31201171875,2497.1220703125,2542.3359375,186200,-0.07578204383363873
20090417,2503.93505859375,2503.93505859375,2539.35205078125,2481.89892578125,2524.6259765625,161600,-1.1916881354220976
20090420,2557.4560546875,2557.4560546875,2559.035888671875,2497.321044921875,2500.173095703125,148000,2.137475407361733
20090421,2535.827880859375,2535.827880859375,2552.597900390625,2499.60107421875,2523.261962890625,164600,-0.8456909274543789
20090422,2461.345947265625,2461.345947265625,2579.218017578125,2449.89501953125,2548.10498046875,194000,-2.9371841107965313
20090423,2463.9541015625,2463.9541015625,2474.14599609375,2422.7890625,2440.676025390625,126200,0.10596455568436802
20090424,2448.594970703125,2448.594970703125,2481.527099609375,2445.6640625,2477.156005859375,113800,-0.6233529613897892
20090427,2405.347900390625,2405.347900390625,2452.927978515625,2393.162109375,2443.43603515625,113000,-1.7661994257907598
20090428,2401.43798828125,2401.43798828125,2411.43798828125,2372.343017578125,2382.884033203125,94800,-0.16255079395126604
20090429,2468.19189453125,2468.19189453125,2477.72509765625,2395.48291015625,2401.657958984375,126600,2.7797472421004166
20090430,2477.569091796875,2477.569091796875,2491.072021484375,2461.364990234375,2477.927978515625,131200,0.3799217267669519
20090504,2559.910888671875,2559.910888671875,2560.5439453125,2486.22509765625,2486.68505859375,153400,3.323491447630267
20090505,2567.3369140625,2567.3369140625,2590.77587890625,2552.389892578125,2577.428955078125,158400,0.29008921456941117
20090506,2592.52001953125,2592.52001953125,2596.925048828125,2552.632080078125,2563.56396484375,160800,0.9809038046705298
20090507,2597.447021484375,2597.447021484375,2622.112060546875,2566.12109375,2612.123046875,181800,0.19004682378560567
20090508,2625.64501953125,2625.64501953125,2634.06103515625,2574.572021484375,2586.759033203125,162000,1.0856043574186458
20090511,2579.7470703125,2579.7470703125,2663.949951171875,2579.7470703125,2646.287109375,178200,-1.7480637663252807
20090512,2618.172119140625,2618.172119140625,2619.69189453125,2558.962890625,2562.363037109375,123000,1.4894889995347604
20090513,2663.76611328125,2663.76611328125,2670.212890625,2608.31689453125,2629.031005859375,145800,1.741443727373837
20090514,2639.886962890625,2639.886962890625,2651.488037109375,2610.222900390625,2631.445068359375,124800,-0.8964432076662532
20090515,2645.262939453125,2645.262939453125,2661.365966796875,2623.364013671875,2646.89111328125,110800,0.20364419530347622
20090518,2652.779052734375,2652.779052734375,2656.843994140625,2589.613037109375,2632.569091796875,119000,0.28413482717162264
20090519,2676.681884765625,2676.681884765625,2688.112060546875,2660.56005859375,2679.39599609375,147400,0.9010487325211702
20090520,2651.4140625,2651.4140625,2686.344970703125,2651.010986328125,2680.547119140625,138200,-0.943997955432696
20090521,2610.6220703125,2610.6220703125,2663.22705078125,2598.868896484375,2639.14111328125,139000,-1.538499503507862
20090522,2597.60107421875,2597.60107421875,2617.7490234375,2578.593017578125,2595.988037109375,99200,-0.4987698618586833
20090525,2610.010009765625,2610.010009765625,2618.35888671875,2538.6220703125,2555.342041015625,112000,0.4777075152160082
20090526,2588.574951171875,2588.574951171875,2618.800048828125,2585.909912109375,2615.006103515625,114600,-0.8212634631111992
20090527,2632.929931640625,2632.929931640625,2635.31298828125,2592.7939453125,2601.239990234375,103200,1.7134902911994043
20090601,2721.280029296875,2721.280029296875,2726.716064453125,2668.39990234375,2668.39990234375,148000,3.355581042796585
20090602,2724.302001953125,2724.302001953125,2750.8798828125,2713.466064453125,2739.44189453125,156400,0.11104967602437732
20090603,2778.589111328125,2778.589111328125,2778.68310546875,2717.863037109375,2722.26611328125,155600,1.992697921745834
20090604,2767.243896484375,2767.243896484375,2778.241943359375,2728.198974609375,2753.248046875,170800,-0.4083084756035471
20090605,2753.89111328125,2753.89111328125,2791.64892578125,2750.376953125,2783.85888671875,146600,-0.48253004442756486
20090608,2768.3359375,2768.3359375,2795.14892578125,2729.028076171875,2753.344970703125,133200,0.5245241596186112
20090609,2787.886962890625,2787.886962890625,2788.365966796875,2721.85400390625,2766.510009765625,132600,0.7062374593265863
20090610,2816.2470703125,2816.2470703125,2820.574951171875,2789.99609375,2796.903076171875,145200,1.0172617397826489
20090611,2797.320068359375,2797.320068359375,2828.739013671875,2787.448974609375,2812.279052734375,134200,-0.6720646832674704
20090612,2743.761962890625,2743.761962890625,2812.678955078125,2722.217041015625,2793.968017578125,127600,-1.9146220010555215
20090615,2789.549072265625,2789.549072265625,2790.97705078125,2727.739013671875,2743.031005859375,106200,1.66877119787614
20090616,2776.02197265625,2776.02197265625,2797.48291015625,2753.694091796875,2762.740966796875,103400,-0.48492065416109176
20090617,2810.123046875,2810.123046875,2813.613037109375,2744.218017578125,2771.52099609375,110800,1.2284151406092958
20090618,2853.903076171875,2853.903076171875,2855.4150390625,2810.85302734375,2812.989013671875,138800,1.557939939518338
20090619,2880.491943359375,2880.491943359375,2886.4990234375,2847.35791015625,2861.177001953125,153000,0.9316667902809606
20090622,2896.302001953125,2896.302001953125,2923.236083984375,2884.131103515625,2900.572021484375,147000,0.5488666139198184
20090623,2892.697021484375,2892.697021484375,2941.054931640625,2841.902099609375,2853.490966796875,144400,-0.1244683899095822
20090624,2922.299072265625,2922.299072265625,2923.469970703125,2880.284912109375,2889.0458984375,140600,1.0233374100845127
20090625,2925.0458984375,2925.0458984375,2946.89794921875,2909.090087890625,2926.6201171875,119600,0.09399538185341783
20090626,2928.2109375,2928.2109375,2937.614013671875,2910.344970703125,2930.501953125,109600,0.10820476575053029
20090629,2975.31396484375,2975.31396484375,2976.922119140625,2918.389892578125,2930.31298828125,128600,1.6085940647419639
20090630,2959.362060546875,2959.362060546875,2997.27197265625,2953.364013671875,2990.117919921875,125800,-0.5361418823479625
20090701,3008.14990234375,3008.14990234375,3009.7060546875,2947.68994140625,2950.1689453125,138200,1.6485932034912665
20090702,3060.25390625,3060.25390625,3062.56396484375,3015.076904296875,3015.076904296875,162000,1.7320946627577882
20090703,3088.366943359375,3088.366943359375,3088.862060546875,3029.5458984375,3035.81396484375,159400,0.9186504770718251
20090706,3124.6669921875,3124.6669921875,3128.31005859375,3090.09912109375,3091.47802734375,183200,1.175380046926655
20090707,3089.449951171875,3089.449951171875,3130.06689453125,3077.47607421875,3118.26806640625,178800,-1.1270654154083348
20090708,3080.77392578125,3080.77392578125,3097.964111328125,3011.214111328125,3057.4599609375,155400,-0.2808275106490732
20090709,3123.034912109375,3123.034912109375,3123.510009765625,3064.208984375,3073.51806640625,167200,1.3717652559464666
20090710,3113.931884765625,3113.931884765625,3140.0439453125,3099.987060546875,3124.7890625,161200,-0.2914801659262167
20090713,3080.555908203125,3080.555908203125,3112.875,3076.302001953125,3098.9560546875,156600,-1.0718274450955745
20090714,3145.156982421875,3145.156982421875,3147.592041015625,3088.580078125,3088.580078125,161600,2.0970589771386994
20090715,3188.551025390625,3188.551025390625,3188.909912109375,3156.625,3156.625,196000,1.379709922629524
20090716,3183.741943359375,3183.741943359375,3221.068115234375,3175.95703125,3209.77490234375,191200,-0.15082343023382627
20090717,3189.740966796875,3189.740966796875,3197.23095703125,3158.56591796875,3181.06298828125,164600,0.1884268117273935
20090720,3266.919921875,3266.919921875,3269.179931640625,3192.904052734375,3203.887939453125,198800,2.4195994559278455
20090721,3213.2060546875,3213.2060546875,3279.5869140625,3207.5009765625,3275.6669921875,197600,-1.644174588664904
20090722,3296.614990234375,3296.614990234375,3301.427001953125,3207.257080078125,3207.987060546875,168200,2.5958165809253364
20090723,3328.489990234375,3328.489990234375,3331.06298828125,3289.22412109375,3301.10302734375,166400,0.9669008996932904
20090724,3372.60302734375,3372.60302734375,3398.049072265625,3306.910888671875,3343.756103515625,189800,1.3253168024780049
20090727,3435.2119140625,3435.2119140625,3435.93310546875,3376.285888671875,3377.716064453125,197600,1.8563965640527869
20090728,3438.37109375,3438.37109375,3439.924072265625,3392.427978515625,3434.320068359375,204200,0.09196462304312814
20090729,3266.431884765625,3266.431884765625,3454.01904296875,3174.214111328125,3419.990966796875,275800,-5.000600700049873
20090730,3321.56005859375,3321.56005859375,3336.639892578125,3215.7529296875,3281.202880859375,198000,1.6877184577225757
20090731,3412.06201171875,3412.06201171875,3414.14501953125,3333.718017578125,3354.678955078125,193800,2.7246821231140306
20090803,3462.590087890625,3462.590087890625,3465.173095703125,3398.447998046875,3429.693115234375,200800,1.4808662913609494
20090804,3471.44189453125,3471.44189453125,3478.010009765625,3404.818115234375,3477.112060546875,211400,0.25564119390226736
20090805,3428.5009765625,3428.5009765625,3468.096923828125,3385.424072265625,3467.047119140625,202600,-1.236976428624581
20090806,3356.330078125,3356.330078125,3419.743896484375,3309.60595703125,3401.47900390625,174800,-2.1050277929295036
20090807,3260.68994140625,3260.68994140625,3374.4609375,3244.10107421875,3352.658935546875,153200,-2.8495450236580733
20090810,3249.760009765625,3249.760009765625,3307.885009765625,3201.06005859375,3287.759033203125,126600,-0.3352030348494628
20090811,3264.72607421875,3264.72607421875,3273.02099609375,3222.70703125,3261.406005859375,103800,0.4605282977251157
20090812,3112.718994140625,3112.718994140625,3255.986083984375,3104.56494140625,3255.985107421875,134400,-4.656043925967057
20090813,3140.56005859375,3140.56005859375,3150.364990234375,3060.118896484375,3112.572998046875,117000,0.8944290989817194
20090814,3046.971923828125,3046.971923828125,3146.0048828125,3039.304931640625,3138.14599609375,125800,-2.9799823286146943
20090817,2870.6298828125,2870.6298828125,3020.263916015625,2867.39404296875,2994.865966796875,125000,-5.787452113903102
20090818,2910.884033203125,2910.884033203125,2920.638916015625,2827.113037109375,2845.3349609375,106200,1.4022758779054456
20090819,2785.583984375,2785.583984375,2929.06298828125,2761.39501953125,2916.094970703125,114400,-4.304535921008346
20090820,2911.58203125,2911.58203125,2914.639892578125,2798.3701171875,2798.3701171875,110000,4.523218383712457
20090821,2960.77099609375,2960.77099609375,2969.52099609375,2883.27294921875,2905.052978515625,126800,1.6894239734895011
20090824,2993.428955078125,2993.428955078125,3004.904052734375,2944.923095703125,2982.19189453125,122800,1.1030221191528078
20090825,2915.802978515625,2915.802978515625,2980.10009765625,2823.636962890625,2980.10009765625,145200,-2.5932125908922465
20090826,2967.594970703125,2967.594970703125,2995.802978515625,2872.263916015625,2889.735107421875,130400,1.7762514329368706
20090827,2946.39501953125,2946.39501953125,2988.028076171875,2909.89306640625,2947.826904296875,136800,-0.714381557495769
20090828,2860.68798828125,2860.68798828125,2949.431884765625,2843.10888671875,2938.423095703125,123000,-2.9088778212649657
20090831,2667.7451171875,2667.7451171875,2817.62890625,2662.9970703125,2817.62890625,118200,-6.744631776836085
20090901,2683.72412109375,2683.72412109375,2727.076904296875,2639.759033203125,2649.16796875,98000,0.5989704115022754
20090902,2714.97412109375,2714.97412109375,2729.7060546875,2669.217041015625,2681.330078125,84000,1.1644266917891777
20090903,2845.02392578125,2845.02392578125,2854.160888671875,2715.618896484375,2722.304931640625,129800,4.790093713125643
20090904,2861.60888671875,2861.60888671875,2875.98291015625,2827.575927734375,2841.1708984375,128800,0.5829462728664359
20090907,2881.115966796875,2881.115966796875,2919.35009765625,2860.0,2877.6220703125,131200,0.6816822581402038
20090908,2930.47509765625,2930.47509765625,2931.22998046875,2831.85205078125,2865.695068359375,128000,1.7131948671351482
20090909,2946.259033203125,2946.259033203125,2962.287109375,2900.111083984375,2944.174072265625,130800,0.5386135360610611
20090910,2924.883056640625,2924.883056640625,2958.9541015625,2911.2119140625,2934.9580078125,105800,-0.725529436536354
20090911,2989.7919921875,2989.7919921875,2999.327880859375,2915.904052734375,2917.193115234375,123200,2.2191976325175222
20090914,3026.740966796875,3026.740966796875,3033.0830078125,2984.8349609375,2990.93310546875,143800,1.2358376337191723
20090915,3033.72802734375,3033.72802734375,3050.426025390625,2999.43310546875,3029.096923828125,144400,0.23084435118572166
20090916,2999.7099609375,2999.7099609375,3028.56396484375,2960.591064453125,3027.506103515625,147400,-1.121328810613098
20090917,3060.260009765625,3060.260009765625,3064.23388671875,3015.5859375,3015.5859375,160800,2.0185301117979115
20090918,2962.6669921875,2962.6669921875,3068.028076171875,2940.830078125,3063.30908203125,168000,-3.189043325295726
20090921,2967.010986328125,2967.010986328125,2968.700927734375,2871.64599609375,2937.926025390625,136200,0.14662444858231094
20090922,2897.552978515625,2897.552978515625,2982.89501953125,2896.93701171875,2956.12890625,124000,-2.341009458089638
20090923,2842.720947265625,2842.720947265625,2924.197998046875,2825.85888671875,2897.80810546875,107600,-1.8923564696335493
20090924,2853.553955078125,2853.553955078125,2886.256103515625,2783.10595703125,2824.5830078125,102600,0.38107883304270285
20090925,2838.842041015625,2838.842041015625,2864.074951171875,2812.91796875,2836.698974609375,75200,-0.5155646009888493
20090928,2763.52490234375,2763.52490234375,2857.947998046875,2752.77294921875,2844.3701171875,71800,-2.653093676354379
20090929,2754.5400390625,2754.5400390625,2779.69091796875,2712.299072265625,2763.763916015625,73600,-0.3251232971930085
20090930,2779.426025390625,2779.426025390625,2803.85791015625,2763.7119140625,2772.569091796875,64800,0.9034534250805359
20091009,2911.715087890625,2911.715087890625,2912.550048828125,2834.617919921875,2840.131103515625,85600,4.759582060882805
20091012,2894.48291015625,2894.48291015625,2932.077880859375,2893.572998046875,2927.02099609375,88200,-0.5918222495752024
20091013,2936.19091796875,2936.19091796875,2937.823974609375,2886.958984375,2889.7880859375,80000,1.4409484908739278
20091014,2970.531982421875,2970.531982421875,3010.611083984375,2943.741943359375,2945.6689453125,129600,1.169578730148868
20091015,2979.7880859375,2979.7880859375,3014.260009765625,2967.10791015625,2994.889892578125,98600,0.31159750409683884
20091016,2976.633056640625,2976.633056640625,3008.178955078125,2931.919921875,2992.7451171875,92200,-0.10588099575820076
20091019,3038.27294921875,3038.27294921875,3039.60498046875,2962.306884765625,2974.64404296875,120600,2.070792449227543
20091020,3084.4541015625,3084.4541015625,3084.944091796875,3053.64306640625,3062.551025390625,143600,1.5199803676501533
20091021,3070.589111328125,3070.589111328125,3105.513916015625,3062.56005859375,3080.52001953125,135400,-0.44951196477041044
20091022,3051.412109375,3051.412109375,3080.6630859375,3045.032958984375,3068.677978515625,103000,-0.6245381996039967
20091023,3107.846923828125,3107.846923828125,3123.462890625,3057.386962890625,3057.386962890625,138600,1.8494655074526856
20091026,3109.56591796875,3109.56591796875,3123.364013671875,3083.18310546875,3114.2939453125,114800,0.055311415998171576
20091027,3021.458984375,3021.458984375,3086.091064453125,3020.493896484375,3086.091064453125,120800,-2.8334158502516527
20091028,3031.3291015625,3031.3291015625,3038.05908203125,2974.258056640625,3014.181884765625,101000,0.32666725706163025
20091029,2960.466064453125,2960.466064453125,2993.43505859375,2952.013916015625,2975.198974609375,110200,-2.337688675005578
20091030,2995.847900390625,2995.847900390625,3027.131103515625,2983.929931640625,3007.25,104800,1.1951441147168174
20091102,3076.64892578125,3076.64892578125,3077.906982421875,2923.52490234375,2933.81689453125,137200,2.697100389512075
20091103,3114.22705078125,3114.22705078125,3121.201904296875,3078.944091796875,3085.743896484375,150600,1.221397887978326
20091104,3128.537109375,3128.537109375,3141.452880859375,3096.35400390625,3119.31298828125,145400,0.4595059499646892
20091105,3155.052978515625,3155.052978515625,3158.718017578125,3122.52392578125,3133.5048828125,145400,0.8475484935488664
20091106,3164.037109375,3164.037109375,3183.573974609375,3156.992919921875,3176.136962890625,163400,0.2847537242814058
20091109,3175.5849609375,3175.5849609375,3176.660888671875,3141.77001953125,3162.14599609375,139200,0.3649720645906518
20091110,3178.610107421875,3178.610107421875,3211.10498046875,3176.2548828125,3203.1708984375,142400,0.09526265307295834
20091111,3175.19189453125,3175.19189453125,3186.594970703125,3149.071044921875,3176.31103515625,126800,-0.10753797336274795
20091112,3172.945068359375,3172.945068359375,3199.868896484375,3163.077880859375,3181.45703125,138000,-0.07076190184740483
20091113,3187.64697265625,3187.64697265625,3189.091064453125,3127.501953125,3164.64990234375,151200,0.4633519957052634
20091116,3275.048095703125,3275.048095703125,3275.549072265625,3206.427978515625,3206.427978515625,200400,2.741869592103674
20091117,3282.888916015625,3282.888916015625,3298.37890625,3275.304931640625,3291.0439453125,166000,0.23941084476857277
20091118,3303.23388671875,3303.23388671875,3315.8720703125,3274.2119140625,3287.264892578125,158600,0.6197276613251201
20091119,3320.612060546875,3320.612060546875,3329.028076171875,3285.804931640625,3311.18798828125,174600,0.5260957723277615
20091120,3308.345947265625,3308.345947265625,3332.531005859375,3280.18408203125,3309.3759765625,176000,-0.3693931437215192
20091123,3338.6630859375,3338.6630859375,3339.304931640625,3305.5009765625,3312.972900390625,169600,0.9163835691649025
20091124,3223.52587890625,3223.52587890625,3361.385986328125,3214.02587890625,3352.219970703125,250200,-3.44860215204732
20091125,3290.1650390625,3290.1650390625,3291.173095703125,3188.01904296875,3214.81494140625,189000,2.0672754821767114
20091126,3170.97900390625,3170.97900390625,3305.326904296875,3160.35009765625,3296.013916015625,218000,-3.622494122368125
20091127,3096.264892578125,3096.264892578125,3169.7548828125,3080.885009765625,3137.297119140625,148800,-2.3561843593441156
20091130,3195.301025390625,3195.301025390625,3195.87890625,3114.2900390625,3114.2900390625,138800,3.198567830869181
20091201,3235.363037109375,3235.363037109375,3240.660888671875,3173.416015625,3191.05810546875,165200,1.2537789522929943
20091202,3269.7509765625,3269.7509765625,3278.27001953125,3245.964111328125,3252.97900390625,175000,1.0628773049174978
20091203,3264.6279296875,3264.6279296875,3270.366943359375,3227.77197265625,3267.9951171875,159200,-0.1566800319572348
20091204,3317.0439453125,3317.0439453125,3319.12890625,3214.840087890625,3256.614013671875,216000,1.6055739506589672
20091207,3331.89697265625,3331.89697265625,3334.010986328125,3302.134033203125,3313.06005859375,139800,0.4477790342434229
20091208,3296.6640625,3296.6640625,3330.382080078125,3260.6708984375,3330.325927734375,137000,-1.057442965535682
20091209,3239.568115234375,3239.568115234375,3284.64501953125,3228.2041015625,3258.0029296875,115000,-1.7319310121737597
20091210,3254.263916015625,3254.263916015625,3276.1259765625,3225.56298828125,3258.35400390625,94400,0.4536345666615649
20091211,3247.318115234375,3247.318115234375,3280.93896484375,3242.373046875,3260.447998046875,91600,-0.21343692338740006
20091214,3302.904052734375,3302.904052734375,3315.032958984375,3178.22900390625,3246.950927734375,118200,1.7117490657667878
20091215,3274.4599609375,3274.4599609375,3303.176025390625,3267.93505859375,3283.597900390625,101400,-0.8611843196997149
20091216,3255.212890625,3255.212890625,3299.3310546875,3246.60595703125,3262.862060546875,103800,-0.5877937291066893
20091217,3179.077880859375,3179.077880859375,3272.97509765625,3176.6259765625,3261.60693359375,105600,-2.338864225590087
20091218,3113.885986328125,3113.885986328125,3169.58203125,3108.031005859375,3154.81494140625,101800,-2.0506542140335093
20091221,3122.972900390625,3122.972900390625,3123.986083984375,3088.0029296875,3108.06689453125,74600,0.29181910006972345
20091222,3050.52001953125,3050.52001953125,3129.31396484375,3039.85791015625,3126.614990234375,85000,-2.319997104371685
20091223,3073.777099609375,3073.777099609375,3078.8369140625,3041.347900390625,3048.198974609375,80000,0.7623972283158142
20091224,3153.409912109375,3153.409912109375,3156.531005859375,3075.10693359375,3080.8740234375,102400,2.590715263970189
20091225,3141.35302734375,3141.35302734375,3154.77392578125,3128.14990234375,3149.22607421875,84600,-0.38234435425998914
20091228,3188.784912109375,3188.784912109375,3202.0869140625,3148.860107421875,3148.860107421875,91200,1.509918953799727
20091229,3211.760009765625,3211.760009765625,3212.51611328125,3166.758056640625,3190.1708984375,102600,0.7204969381598092
20091230,3262.60009765625,3262.60009765625,3267.0009765625,3206.217041015625,3211.827880859375,129400,1.582935453958001
20091231,3277.138916015625,3277.138916015625,3282.2109375,3250.02587890625,3264.998046875,116600,0.44562060700663597
20100104,3243.760009765625,3243.760009765625,3295.279052734375,3243.319091796875,3289.75,109400,-1.0185380328821214
20100105,3282.178955078125,3282.178955078125,3290.511962890625,3221.4619140625,3254.468017578125,126200,1.1843954298973003
20100106,3254.215087890625,3254.215087890625,3295.867919921875,3253.0439453125,3277.51708984375,123600,-0.8519909356019317
20100107,3192.77587890625,3192.77587890625,3268.819091796875,3176.70703125,3253.990966796875,128600,-1.8879885725131884
20100108,3195.9970703125,3195.9970703125,3198.919921875,3149.01708984375,3177.259033203125,98400,0.10088999442559032
20100111,3212.75,3212.75,3306.75,3197.327880859375,3301.611083984375,136400,0.5241847635943486
20100112,3273.966064453125,3273.966064453125,3275.201904296875,3180.0849609375,3205.705078125,140600,1.9054101456112305
20100113,3172.657958984375,3172.657958984375,3232.818115234375,3165.485107421875,3204.97607421875,158400,-3.09435417088455
20100114,3215.550048828125,3215.550048828125,3219.01611328125,3165.594970703125,3183.381103515625,136000,1.351929215132941
20100115,3224.152099609375,3224.152099609375,3241.81494140625,3197.220947265625,3217.18994140625,120600,0.2675141313500884
20100118,3237.097900390625,3237.097900390625,3238.241943359375,3202.2080078125,3213.636962890625,135000,0.40152574634486626
20100119,3246.8740234375,3246.8740234375,3268.805908203125,3236.839111328125,3242.216064453125,130000,0.30200269956912607
20100120,3151.85009765625,3151.85009765625,3255.1279296875,3148.333984375,3252.037109375,158200,-2.9266280457856286
20100121,3158.863037109375,3158.863037109375,3176.14697265625,3126.902099609375,3154.18896484375,114400,0.22250231565072998
20100122,3128.587890625,3128.587890625,3147.8291015625,3062.62890625,3118.72412109375,137800,-0.9584190934748271
20100125,3094.410888671875,3094.410888671875,3136.9990234375,3092.926025390625,3103.320068359375,78400,-1.092409839453079
20100126,3019.39404296875,3019.39404296875,3107.197998046875,3001.9560546875,3094.847900390625,93600,-2.4242690580539628
20100127,2986.60693359375,2986.60693359375,3028.64697265625,2972.626953125,3020.5400390625,76600,-1.08588375377342
20100128,2994.14306640625,2994.14306640625,3006.0390625,2963.89111328125,2985.214111328125,73400,0.2523309220149761
20100129,2989.2919921875,2989.2919921875,3024.847900390625,2968.452880859375,2979.742919921875,80400,-0.16201878504665812
20100201,2941.360107421875,2941.360107421875,2981.3740234375,2912.886962890625,2981.3740234375,88200,-1.603452753725454
20100202,2934.712890625,2934.712890625,2990.748046875,2930.55908203125,2955.7529296875,82400,-0.22599126098509226
20100203,3003.8349609375,3003.8349609375,3005.131103515625,2890.02099609375,2945.033935546875,101000,2.355326496616139
20100204,2995.30810546875,2995.30810546875,3015.1259765625,2968.679931640625,2983.050048828125,100000,-0.28386564440573414
20100205,2939.402099609375,2939.402099609375,2959.23291015625,2918.908935546875,2936.197021484375,97200,-1.8664525948867583
20100208,2935.174072265625,2935.174072265625,2954.26611328125,2922.18701171875,2936.450927734375,63400,-0.14383970618758735
20100209,2948.842041015625,2948.842041015625,2957.47412109375,2929.2099609375,2932.090087890625,62200,0.4656612661970705
20100210,2982.5,2982.5,2983.178955078125,2958.217041015625,2967.137939453125,55600,1.1413957925254792
20100211,2985.4990234375,2985.4990234375,3001.635986328125,2976.0791015625,2985.08203125,56600,0.1005540129924487
20100212,3018.133056640625,3018.133056640625,3018.85791015625,2993.43701171875,2996.0869140625,56000,1.0930847053351345
20100222,3003.39794921875,3003.39794921875,3026.658935546875,3002.81103515625,3016.702880859375,68600,-0.48821927812142674
20100223,2982.574951171875,2982.574951171875,2998.906982421875,2938.7529296875,2998.906982421875,80400,-0.6933146522355327
20100224,3022.177001953125,3022.177001953125,3023.739013671875,2955.069091796875,2964.98388671875,93000,1.3277805731483738
20100225,3060.617919921875,3060.617919921875,3063.00390625,3022.373046875,3026.656005859375,119600,1.2719611705041434
20100226,3051.943115234375,3051.943115234375,3067.52490234375,3041.68798828125,3053.498046875,101200,-0.2834331143078961
20100301,3087.842041015625,3087.842041015625,3093.094970703125,3054.553955078125,3057.006103515625,111000,1.1762645772148694
20100302,3073.10791015625,3073.10791015625,3095.991943359375,3060.9560546875,3089.7060546875,105400,-0.477165951614833
20100303,3097.0048828125,3097.0048828125,3098.4560546875,3061.467041015625,3074.09912109375,117200,0.7776157998641509
20100304,3023.373046875,3023.373046875,3102.39794921875,3016.215087890625,3098.069091796875,126400,-2.3775175927598924
20100305,3031.06494140625,3031.06494140625,3044.1650390625,3011.087890625,3026.638916015625,92200,0.25441433829016535
20100308,3053.23193359375,3053.23193359375,3058.83203125,3030.905029296875,3036.4150390625,81000,0.7313268641883974
20100309,3069.14111328125,3069.14111328125,3084.85009765625,3028.68994140625,3053.260009765625,92400,0.5210603070292974
20100310,3048.927001953125,3048.927001953125,3085.993896484375,3034.739013671875,3067.14990234375,84600,-0.6586243702073946
20100311,3051.281982421875,3051.281982421875,3070.93505859375,3025.30908203125,3050.64404296875,79800,0.07723964749701828
20100312,3013.412109375,3013.412109375,3057.51904296875,3011.970947265625,3051.47412109375,71400,-1.2411135144191676
20100315,2976.93896484375,2976.93896484375,3013.51708984375,2963.493896484375,3010.721923828125,63800,-1.2103603226979343
20100316,2992.841064453125,2992.841064453125,2993.843017578125,2963.43798828125,2974.487060546875,59600,0.5341762057325061
20100317,3050.47900390625,3050.47900390625,3050.757080078125,2994.89306640625,2999.81494140625,87000,1.925860351814479
20100318,3046.089111328125,3046.089111328125,3063.5859375,3035.01904296875,3053.157958984375,91400,-0.14390830333542715
20100319,3067.75,3067.75,3069.662109375,3031.02294921875,3046.7490234375,88400,0.7111048915581675
20100322,3074.575927734375,3074.575927734375,3083.344970703125,3061.759033203125,3069.659912109375,96400,0.22250599737185794
20100323,3053.125,3053.125,3082.965087890625,3051.2109375,3076.9580078125,92800,-0.6976873636743153
20100324,3056.80810546875,3056.80810546875,3076.7490234375,3052.212890625,3058.927978515625,89200,0.12063395598771454
20100325,3019.176025390625,3019.176025390625,3051.35498046875,3012.30810546875,3051.35498046875,90200,-1.2310906926345733
20100326,3059.715087890625,3059.715087890625,3067.70703125,3009.905029296875,3017.215087890625,93000,1.3427194095036343
20100329,3123.798095703125,3123.798095703125,3130.279052734375,3071.68994140625,3076.048095703125,131800,2.0944109491148444
20100330,3128.468017578125,3128.468017578125,3132.575927734375,3113.76708984375,3123.83203125,102400,0.14949499717742398
20100331,3109.10498046875,3109.10498046875,3130.112060546875,3101.756103515625,3129.573974609375,101200,-0.6189303199066964
20100401,3147.416015625,3147.416015625,3148.343994140625,3111.93505859375,3111.93505859375,126800,1.232220700070208
20100402,3157.95703125,3157.95703125,3159.597900390625,3141.865966796875,3154.77001953125,122800,0.33491014764714944
20100406,3158.680908203125,3158.680908203125,3177.968017578125,3141.929931640625,3170.612060546875,116800,0.022922318003759656
20100407,3148.221923828125,3148.221923828125,3161.0810546875,3132.236083984375,3156.31396484375,103600,-0.3311187384530623
20100408,3118.708984375,3118.708984375,3143.826904296875,3110.256103515625,3143.450927734375,114600,-0.937447872710262
20100409,3145.346923828125,3145.346923828125,3146.458984375,3114.7880859375,3118.926025390625,105400,0.8541335400828798
20100412,3129.262939453125,3129.262939453125,3156.2109375,3111.89892578125,3151.887939453125,138000,-0.5113580398128148
20100413,3161.2509765625,3161.2509765625,3173.634033203125,3101.48291015625,3129.69189453125,144000,1.0222227319435673
20100414,3166.18310546875,3166.18310546875,3167.657958984375,3145.554931640625,3161.551025390625,106400,0.1560182643775221
20100415,3164.966064453125,3164.966064453125,3181.6630859375,3135.989990234375,3168.138916015625,106200,-0.038438743909752215
20100416,3130.302001953125,3130.302001953125,3159.672119140625,3121.364990234375,3159.672119140625,81000,-1.0952427859914349
20100419,2980.297119140625,2980.297119140625,3096.783935546875,2977.77392578125,3096.783935546875,129400,-4.792025904174924
20100420,2979.532958984375,2979.532958984375,2998.9130859375,2941.35009765625,2980.0810546875,101800,-0.025640401802295987
20100421,3033.278076171875,3033.278076171875,3034.326904296875,2972.095947265625,2984.617919921875,116400,1.8038101248532667
20100422,2999.48388671875,2999.48388671875,3023.64111328125,2978.4580078125,3021.2890625,121800,-1.114114453224635
20100423,2983.537109375,2983.537109375,3015.633056640625,2966.784912109375,2995.568115234375,103600,-0.5316507087889333
20100426,2969.5029296875,2969.5029296875,2996.827880859375,2965.83203125,2988.076904296875,89200,-0.4703873011467241
20100427,2907.927978515625,2907.927978515625,2962.14501953125,2866.342041015625,2962.14501953125,108200,-2.073577720913544
20100428,2900.3310546875,2900.3310546875,2916.676025390625,2865.468994140625,2883.1669921875,83800,-0.2612486926860891
20100429,2868.431884765625,2868.431884765625,2928.929931640625,2867.93798828125,2912.196044921875,89400,-1.0998458217492013
20100430,2870.611083984375,2870.611083984375,2875.805908203125,2820.948974609375,2867.64892578125,88800,0.07597179596015025
20100504,2835.277099609375,2835.277099609375,2862.554931640625,2809.132080078125,2821.35400390625,66000,-1.2308871993191417
20100505,2857.15087890625,2857.15087890625,2857.29296875,2770.327880859375,2804.513916015625,95400,0.7714864730466342
20100506,2739.701904296875,2739.701904296875,2838.950927734375,2734.9990234375,2838.950927734375,92600,-4.110702570048941
20100507,2688.383056640625,2688.383056640625,2732.18310546875,2665.81298828125,2685.991943359375,92000,-1.8731544324498528
20100510,2698.757080078125,2698.757080078125,2713.06103515625,2646.589111328125,2690.85888671875,81800,0.38588338116010146
20100511,2647.572998046875,2647.572998046875,2751.070068359375,2638.532958984375,2745.60400390625,87800,-1.8965798148000923
20100512,2655.714111328125,2655.714111328125,2668.117919921875,2604.197998046875,2628.01904296875,82600,0.30749343973728305
20100513,2710.507080078125,2710.507080078125,2711.06591796875,2646.89599609375,2653.5791015625,83000,2.06321036275241
20100514,2696.62890625,2696.62890625,2712.863037109375,2677.18994140625,2692.095947265625,73400,-0.5120139301656002
20100517,2559.930908203125,2559.930908203125,2663.882080078125,2557.239013671875,2663.882080078125,82600,-5.069218005119236
20100518,2594.782958984375,2594.782958984375,2603.320068359375,2529.625,2555.14111328125,82800,1.361444977658155
20100519,2587.806884765625,2587.806884765625,2623.9580078125,2554.98388671875,2581.6298828125,71400,-0.2688500089996215
20100520,2555.93994140625,2555.93994140625,2609.638916015625,2551.450927734375,2571.5400390625,66400,-1.2314266395601292
20100521,2583.52197265625,2583.52197265625,2584.451904296875,2481.97412109375,2492.573974609375,83800,1.079134560369388
20100524,2673.423095703125,2673.423095703125,2680.492919921875,2596.318115234375,2596.318115234375,112400,3.479789372739228
20100525,2622.6298828125,2622.6298828125,2659.739990234375,2609.0859375,2654.35888671875,93200,-1.8999317007570848
20100526,2625.79296875,2625.79296875,2644.94091796875,2610.510009765625,2620.85302734375,68800,0.1206074085493114
20100527,2655.91796875,2655.91796875,2662.0810546875,2583.548095703125,2615.10400390625,87800,1.1472724757253472
20100528,2655.76708984375,2655.76708984375,2686.5419921875,2641.405029296875,2680.403076171875,87000,-0.005680857165968334
20100531,2592.14599609375,2592.14599609375,2665.389892578125,2591.534912109375,2647.867919921875,78800,-2.395582579259359
20100601,2568.282958984375,2568.282958984375,2598.89697265625,2534.26708984375,2577.762939453125,74600,-0.9205900109536813
20100602,2571.423095703125,2571.423095703125,2572.343017578125,2521.056884765625,2548.5419921875,64800,0.12226599517646264
20100603,2552.656005859375,2552.656005859375,2596.136962890625,2551.529052734375,2575.77001953125,69600,-0.7298328258430131
20100604,2553.593017578125,2553.593017578125,2556.968994140625,2527.873046875,2536.23095703125,56600,0.036707324316287426
20100607,2511.72900390625,2511.72900390625,2527.10400390625,2491.660888671875,2508.3291015625,65600,-1.6394160456931206
20100608,2513.947021484375,2513.947021484375,2531.882080078125,2491.64697265625,2510.083984375,63000,0.08830640465893325
20100609,2583.8701171875,2583.8701171875,2589.472900390625,2501.117919921875,2523.87890625,96000,2.7814068914562284
20100610,2562.580078125,2562.580078125,2581.047119140625,2554.787109375,2561.549072265625,74600,-0.8239593360704123
20100611,2569.94091796875,2569.94091796875,2590.97900390625,2566.615966796875,2574.89892578125,66600,0.2872433102319105
20100617,2560.2451171875,2560.2451171875,2595.509033203125,2559.722900390625,2588.965087890625,55000,-0.3772771861585644
20100618,2513.221923828125,2513.221923828125,2568.861083984375,2505.326904296875,2556.60205078125,67200,-1.8366676316926789
20100621,2586.208984375,2586.208984375,2587.340087890625,2504.31494140625,2517.2919921875,78600,2.9041231836662185
20100622,2588.697998046875,2588.697998046875,2598.35302734375,2572.9619140625,2579.631103515625,63600,0.09624178428397911
20100623,2569.8720703125,2569.8720703125,2593.673095703125,2546.52001953125,2576.343017578125,58800,-0.7272353804336662
20100624,2566.7451171875,2566.7451171875,2586.89794921875,2554.342041015625,2563.638916015625,48800,-0.12167738468863432
20100625,2552.81689453125,2552.81689453125,2572.8330078125,2534.26904296875,2556.5400390625,50000,-0.5426414396576984
20100628,2535.278076171875,2535.278076171875,2561.485107421875,2528.385009765625,2550.64892578125,43200,-0.6870378520663745
20100629,2427.052001953125,2427.052001953125,2541.14208984375,2425.927001953125,2534.49609375,73800,-4.268804879272459
20100630,2398.3701171875,2398.3701171875,2411.44091796875,2382.35791015625,2409.5419921875,55200,-1.1817581470254357
20100701,2373.7919921875,2373.7919921875,2410.76904296875,2371.778076171875,2393.947998046875,50000,-1.024784491095232
20100702,2382.90087890625,2382.90087890625,2386.39990234375,2319.739013671875,2371.322998046875,68400,0.38372724942743464
20100705,2363.947998046875,2363.947998046875,2378.087890625,2335.571044921875,2358.757080078125,48000,-0.7953700897569194
20100706,2409.424072265625,2409.424072265625,2409.782958984375,2356.552001953125,2358.283935546875,61400,1.923734120053533
20100707,2421.116943359375,2421.116943359375,2421.678955078125,2392.56689453125,2407.6650390625,56200,0.48529734671218794
20100708,2415.14990234375,2415.14990234375,2436.282958984375,2402.001953125,2429.676025390625,54400,-0.2464581907945962
20100709,2470.923095703125,2470.923095703125,2485.60009765625,2398.677001953125,2416.580078125,85800,2.3093056586363625
20100712,2490.718017578125,2490.718017578125,2501.02392578125,2455.81396484375,2468.541015625,83000,0.8011144462335862
20100713,2450.284912109375,2450.284912109375,2468.68994140625,2439.242919921875,2468.68994140625,66400,-1.6233513863631033
20100714,2470.43994140625,2470.43994140625,2494.587890625,2456.10302734375,2456.10302734375,73000,0.8225586011352481
20100715,2424.303955078125,2424.303955078125,2487.237060546875,2423.64892578125,2465.989013671875,105600,-1.8675210659791608
20100716,2424.27099609375,2424.27099609375,2428.464111328125,2389.071044921875,2414.680908203125,70800,-0.0013595235987651222
20100719,2475.4208984375,2475.4208984375,2484.194091796875,2392.27294921875,2399.580078125,88800,2.109908604531774
20100720,2528.72900390625,2528.72900390625,2530.3310546875,2477.4599609375,2477.7529296875,118600,2.1534966236407938
20100721,2535.39404296875,2535.39404296875,2553.451904296875,2520.14892578125,2529.618896484375,114200,0.2635726901619062
20100722,2562.406005859375,2562.406005859375,2563.239013671875,2522.199951171875,2525.97607421875,106000,1.0653950602091067
20100723,2572.028076171875,2572.028076171875,2579.52294921875,2549.237060546875,2566.85107421875,114400,0.37550920074715943
20100726,2588.68310546875,2588.68310546875,2589.48388671875,2556.466064453125,2576.3720703125,93400,0.6475446147409025
20100727,2575.367919921875,2575.367919921875,2587.9970703125,2565.635986328125,2581.590087890625,86600,-0.5143613568901473
20100728,2633.6630859375,2633.6630859375,2636.0009765625,2564.156005859375,2574.322021484375,129000,2.2635665205223754
20100729,2648.115966796875,2648.115966796875,2656.407958984375,2623.944091796875,2635.048095703125,139200,0.5487748579742879
20100730,2637.5029296875,2637.5029296875,2643.034912109375,2614.73193359375,2642.85205078125,94800,-0.40077690110423836
20100802,2672.51611328125,2672.51611328125,2675.761962890625,2633.64697265625,2635.806884765625,113000,1.3275125953281286
20100803,2627.001953125,2627.001953125,2681.784912109375,2626.721923828125,2678.791015625,128000,-1.703045303639683
20100804,2638.52197265625,2638.52197265625,2638.89794921875,2589.988037109375,2620.4990234375,112200,0.4385234475195565
20100805,2620.757080078125,2620.757080078125,2640.589111328125,2606.6220703125,2636.242919921875,113600,-0.6732895447613352
20100806,2658.39208984375,2658.39208984375,2659.412109375,2598.9130859375,2618.712890625,121000,1.4360357948361768
20100809,2672.531982421875,2672.531982421875,2676.090087890625,2650.39697265625,2656.364013671875,120000,0.5318964283766103
20100810,2595.27294921875,2595.27294921875,2675.31298828125,2594.3359375,2672.79296875,127000,-2.890855327879449
20100811,2607.4970703125,2607.4970703125,2618.450927734375,2586.01806640625,2587.614990234375,87000,0.4710148540418402
20100812,2575.47509765625,2575.47509765625,2608.760986328125,2570.962890625,2584.9189453125,92600,-1.2280731978890458
20100813,2606.699951171875,2606.699951171875,2607.032958984375,2564.837890625,2576.68701171875,88800,1.2123919794076121
20100816,2661.7080078125,2661.7080078125,2665.31396484375,2596.77099609375,2603.7919921875,125800,2.1102565569886655
20100817,2671.89306640625,2671.89306640625,2677.570068359375,2654.010986328125,2663.18408203125,122600,0.3826512361181367
20100818,2666.301025390625,2666.301025390625,2687.760009765625,2654.407958984375,2674.5009765625,136200,-0.2092913479934455
20100819,2687.97900390625,2687.97900390625,2701.929931640625,2659.297119140625,2669.430908203125,128400,0.8130356741114397
20100820,2642.306884765625,2642.306884765625,2683.2880859375,2636.907958984375,2677.01904296875,116200,-1.6991248471157294
20100823,2639.365966796875,2639.365966796875,2656.115966796875,2629.70703125,2637.820068359375,88200,-0.11130115073710867
20100824,2650.306884765625,2650.306884765625,2667.1708984375,2614.56298828125,2636.531982421875,107200,0.4145282657420868
20100825,2596.580078125,2596.580078125,2645.5029296875,2595.72802734375,2634.949951171875,109600,-2.027191905565917
20100826,2603.48095703125,2603.48095703125,2616.9619140625,2590.614013671875,2604.882080078125,80400,0.26576799862199074
20100827,2610.741943359375,2610.741943359375,2613.487060546875,2588.64306640625,2602.5009765625,70400,0.27889531162175185
20100830,2652.6640625,2652.6640625,2656.35498046875,2620.18994140625,2622.26611328125,110400,1.6057549941792315
20100831,2638.798095703125,2638.798095703125,2647.2529296875,2626.79296875,2644.787109375,110800,-0.5227185376729171
20100901,2622.882080078125,2622.882080078125,2662.8759765625,2604.487060546875,2641.052978515625,127200,-0.6031539757026749
20100902,2655.77587890625,2655.77587890625,2659.97802734375,2636.41796875,2646.89306640625,124000,1.2541089467180688
20100903,2655.39404296875,2655.39404296875,2660.5390625,2631.85107421875,2658.12890625,129400,-0.014377566289869304
20100906,2696.25,2696.25,2698.60107421875,2664.239013671875,2667.195068359375,144200,1.5386024209639526
20100907,2698.363037109375,2698.363037109375,2704.93310546875,2679.02294921875,2698.218017578125,112200,0.07836948018080658
20100908,2695.291015625,2695.291015625,2695.844970703125,2674.321044921875,2687.7109375,113600,-0.11384759730721505
20100909,2656.35205078125,2656.35205078125,2698.637939453125,2651.60205078125,2698.637939453125,133000,-1.4447035447384016
20100910,2663.208984375,2663.208984375,2667.8369140625,2628.8291015625,2657.235107421875,113000,0.2581334650929801
20100913,2688.320068359375,2688.320068359375,2696.674072265625,2660.60693359375,2665.655029296875,118000,0.9428882273866401
20100914,2688.52197265625,2688.52197265625,2703.781005859375,2678.97412109375,2694.069091796875,120800,0.007510426278889426
20100915,2652.5029296875,2652.5029296875,2688.489990234375,2645.864013671875,2688.385986328125,122000,-1.3397340001340297
20100916,2602.465087890625,2602.465087890625,2653.27197265625,2583.3369140625,2646.9208984375,119000,-1.8864387004756344
20100917,2598.68896484375,2598.68896484375,2615.0791015625,2592.534912109375,2607.551025390625,83200,-0.14509793289622097
20100920,2588.712890625,2588.712890625,2607.346923828125,2573.62890625,2601.48193359375,79400,-0.38388873596305606
20100921,2591.550048828125,2591.550048828125,2601.09912109375,2580.177001953125,2593.762939453125,58200,0.10959725249561902
20100927,2627.967041015625,2627.967041015625,2629.044921875,2597.138916015625,2600.5400390625,76800,1.4052204858620243
20100928,2611.35400390625,2611.35400390625,2625.325927734375,2607.01806640625,2625.325927734375,93200,-0.6321630694026692
20100929,2610.677978515625,2610.677978515625,2634.1240234375,2603.927001953125,2608.9189453125,88600,-0.025887925942391643
20100930,2655.657958984375,2655.657958984375,2655.9990234375,2597.596923828125,2599.715087890625,89600,1.7229233493716745
20101008,2738.743896484375,2738.743896484375,2747.804931640625,2677.993896484375,2681.2529296875,135800,3.128638506284709
20101011,2806.94189453125,2806.94189453125,2823.595947265625,2755.02587890625,2755.02587890625,207600,2.490119581258332
20101012,2841.406982421875,2841.406982421875,2843.427978515625,2782.341064453125,2795.763916015625,167400,1.2278518468007205
20101013,2861.361083984375,2861.361083984375,2862.034912109375,2826.220947265625,2842.137939453125,185200,0.702261298221063
20101014,2879.635986328125,2879.635986328125,2919.4140625,2864.51904296875,2881.552001953125,229400,0.6386786500326203
20101015,2971.159912109375,2971.159912109375,2971.159912109375,2858.216064453125,2863.738037109375,236600,3.1783158085183505
20101018,2955.22705078125,2955.22705078125,3026.09912109375,2944.715087890625,2985.4609375,263400,-0.5362505485883906
20101019,3001.85302734375,3001.85302734375,3002.37109375,2931.909912109375,2949.6298828125,170600,1.5777459992515341
20101020,3003.950927734375,3003.950927734375,3041.15087890625,2942.5048828125,2947.510986328125,207800,0.0698868456088686
20101021,2983.531982421875,2983.531982421875,3018.243896484375,2958.5458984375,3009.22509765625,161400,-0.6797363140649049
20101022,2975.04296875,2975.04296875,2997.6240234375,2954.618896484375,2976.75390625,147000,-0.2845289985791921
20101025,3051.41796875,3051.41796875,3051.5390625,2959.298095703125,2979.7060546875,192200,2.5671898121219394
20101026,3041.54296875,3041.54296875,3073.384033203125,3017.818115234375,3065.843994140625,198800,-0.32362003832746566
20101027,2997.048095703125,2997.048095703125,3056.39892578125,2988.87109375,3031.64501953125,176200,-1.462904634392237
20101028,2992.5791015625,2992.5791015625,3007.012939453125,2969.303955078125,2989.2900390625,143600,-0.14911319398017708
20101029,2978.8349609375,2978.8349609375,2996.77392578125,2955.47998046875,2993.2958984375,147200,-0.4592740963078934
20101101,3054.02099609375,3054.02099609375,3054.050048828125,2986.885986328125,2986.885986328125,186200,2.524008081756479
20101102,3045.43408203125,3045.43408203125,3089.568115234375,3029.322998046875,3061.631103515625,225000,-0.2811674861922353
20101103,3030.988037109375,3030.988037109375,3069.06591796875,3017.097900390625,3044.02099609375,189800,-0.47435093102523584
20101104,3086.93896484375,3086.93896484375,3087.419921875,3035.365966796875,3035.365966796875,176800,1.8459633310771828
20101105,3129.4970703125,3129.4970703125,3142.587890625,3105.9208984375,3129.8701171875,212000,1.3786506942129906
20101108,3159.511962890625,3159.511962890625,3160.698974609375,3124.091064453125,3140.39599609375,205400,0.9590963628902882
20101109,3135.0,3135.0,3159.01904296875,3110.343017578125,3159.01904296875,192400,-0.7758148466764814
20101110,3115.35595703125,3115.35595703125,3124.256103515625,3093.876953125,3120.43994140625,185000,-0.6266042414274309
20101111,3147.743896484375,3147.743896484375,3186.719970703125,3102.77294921875,3108.510986328125,210200,1.0396224347983818
20101112,2985.43505859375,2985.43505859375,3150.14599609375,2975.1630859375,3121.922119140625,233000,-5.156354621857995
20101115,3014.4130859375,3014.4130859375,3016.131103515625,2939.679931640625,2984.8720703125,153200,0.9706467156381571
20101116,2894.5380859375,2894.5380859375,3007.64306640625,2885.7529296875,3007.64306640625,171000,-3.976727693998783
20101117,2838.85693359375,2838.85693359375,2891.052001953125,2824.12109375,2852.47802734375,123800,-1.9236627983672094
20101118,2865.451904296875,2865.451904296875,2873.696044921875,2827.178955078125,2855.60498046875,102200,0.9368196892352021
20101119,2888.56591796875,2888.56591796875,2888.75,2806.64404296875,2879.655029296875,123800,0.8066446216463907
20101122,2884.37109375,2884.37109375,2904.969970703125,2852.77392578125,2861.60595703125,127200,-0.14522168916608624
20101123,2828.281982421875,2828.281982421875,2872.1708984375,2791.583984375,2872.1708984375,116400,-1.9445872082708648
20101124,2859.93603515625,2859.93603515625,2861.485107421875,2794.864013671875,2794.864013671875,116200,1.1191971992576821
20101125,2898.260986328125,2898.260986328125,2901.675048828125,2856.9609375,2875.85791015625,131600,1.3400632287141834
20101126,2871.697998046875,2871.697998046875,2894.4208984375,2851.95703125,2890.287109375,110800,-0.9165147102540017
20101129,2866.35595703125,2866.35595703125,2878.826904296875,2841.794921875,2861.14892578125,102400,-0.18602377475829268
20101130,2820.180908203125,2820.180908203125,2881.159912109375,2758.924072265625,2863.412109375,139400,-1.6109321214923145
20101201,2823.448974609375,2823.448974609375,2834.198974609375,2795.81103515625,2810.54296875,81200,0.11588144564571579
20101202,2843.60693359375,2843.60693359375,2870.805908203125,2841.472900390625,2860.464111328125,104200,0.7139480530957254
20101203,2842.429931640625,2842.429931640625,2853.40087890625,2822.741943359375,2846.72509765625,83600,-0.04139116202103166
20101206,2857.177001953125,2857.177001953125,2871.406982421875,2831.697021484375,2850.382080078125,89800,0.5188191324733138
20101207,2875.861083984375,2875.861083984375,2884.530029296875,2809.110107421875,2843.76708984375,86800,0.6539350561228119
20101208,2848.5458984375,2848.5458984375,2880.55810546875,2843.93994140625,2868.73291015625,86800,-0.9498089354521566
20101209,2810.948974609375,2810.948974609375,2854.699951171875,2808.506103515625,2837.614990234375,94600,-1.319863718845038
20101210,2841.0400390625,2841.0400390625,2850.422119140625,2792.52099609375,2798.736083984375,80400,1.0704948657884072
20101213,2922.9541015625,2922.9541015625,2923.77392578125,2847.657958984375,2850.324951171875,128800,2.8832421005594355
20101214,2927.076904296875,2927.076904296875,2933.406005859375,2912.419921875,2928.300048828125,121000,0.14104917802750805
20101215,2911.4140625,2911.4140625,2939.050048828125,2905.64892578125,2927.263916015625,109400,-0.5351018203137214
20101216,2898.137939453125,2898.137939453125,2921.27490234375,2891.85791015625,2908.864990234375,87600,-0.4560025733843842
20101217,2893.739990234375,2893.739990234375,2898.81298828125,2881.00390625,2896.77001953125,73600,-0.15175085902155994
20101221,2904.114990234375,2904.114990234375,2908.166015625,2846.633056640625,2857.589111328125,106800,0.358532557693958
20101222,2877.89990234375,2877.89990234375,2917.197998046875,2867.049072265625,2910.72998046875,98400,-0.9026876683181695
20101223,2855.219970703125,2855.219970703125,2893.7099609375,2849.8359375,2874.201904296875,89000,-0.7880722891770664
20101224,2835.156982421875,2835.156982421875,2853.486083984375,2813.49609375,2841.344970703125,81200,-0.702677499005766
20101227,2781.402099609375,2781.402099609375,2876.81103515625,2774.5380859375,2842.806884765625,97800,-1.896010808071058
20101228,2732.989990234375,2732.989990234375,2775.14892578125,2730.406982421875,2768.031005859375,84400,-1.7405649252152045
20101229,2751.527099609375,2751.527099609375,2753.02490234375,2721.47900390625,2735.47607421875,64000,0.6782721283735915
20101230,2759.574951171875,2759.574951171875,2768.1259765625,2724.541015625,2751.971923828125,73200,0.2924867272302123
20101231,2808.076904296875,2808.076904296875,2808.926025390625,2758.131103515625,2759.162109375,83400,1.757587816355688
20110104,2852.64794921875,2852.64794921875,2855.39599609375,2810.10791015625,2825.3291015625,110000,1.5872444537994301
20110105,2839.220947265625,2839.220947265625,2850.492919921875,2824.2958984375,2833.115966796875,104400,-0.47068555924688615
20110106,2824.197021484375,2824.197021484375,2853.875,2816.950927734375,2838.43505859375,84800,-0.529156626423144
20110107,2838.801025390625,2838.801025390625,2868.0048828125,2807.8701171875,2820.6650390625,113200,0.5171028719014092
20110110,2791.80908203125,2791.80908203125,2847.35791015625,2786.861083984375,2832.6220703125,90800,-1.6553447367065433
20110111,2804.047119140625,2804.047119140625,2810.761962890625,2770.337890625,2783.47607421875,80600,0.438355086246478
20110112,2821.304931640625,2821.304931640625,2828.468017578125,2788.1298828125,2811.784912109375,79200,0.615460859491157
20110113,2827.7119140625,2827.7119140625,2837.52587890625,2810.8740234375,2830.533935546875,74800,0.22709287287669966
20110114,2791.343994140625,2791.343994140625,2817.048095703125,2780.43798828125,2817.048095703125,76800,-1.2861253560171204
20110117,2706.659912109375,2706.659912109375,2780.94189453125,2698.781005859375,2772.449951171875,92600,-3.033810315353902
20110118,2708.97900390625,2708.97900390625,2715.406005859375,2683.366943359375,2696.14697265625,60400,0.0856809452306706
20110119,2758.096923828125,2758.096923828125,2759.60205078125,2700.81103515625,2707.81591796875,78400,1.813152477411184
20110120,2677.652099609375,2677.652099609375,2752.799072265625,2676.12890625,2752.799072265625,86000,-2.916678653449778
20110121,2715.2939453125,2715.2939453125,2746.177978515625,2667.285888671875,2668.677001953125,95600,1.4057780586438584
20110124,2695.718994140625,2695.718994140625,2736.10888671875,2690.652099609375,2716.52392578125,88000,-0.720914625308533
20110125,2677.431884765625,2677.431884765625,2701.0439453125,2661.447998046875,2691.693115234375,69400,-0.6783759514529697
20110126,2708.81396484375,2708.81396484375,2710.738037109375,2676.76904296875,2677.172119140625,60800,1.1720963008129637
20110127,2749.14990234375,2749.14990234375,2753.0009765625,2677.2099609375,2690.824951171875,105600,1.48906266814548
20110128,2752.75,2752.75,2759.43994140625,2733.291015625,2741.31396484375,85400,0.13095312311564022
20110131,2790.694091796875,2790.694091796875,2790.9208984375,2748.5380859375,2751.527099609375,91600,1.3784067495004937
20110201,2798.9599609375,2798.9599609375,2805.049072265625,2785.2958984375,2795.071044921875,73400,0.29619402445155707
20110209,2774.06494140625,2774.06494140625,2804.2080078125,2764.865966796875,2778.700927734375,87200,-0.8894382155760328
20110210,2818.1630859375,2818.1630859375,2819.06298828125,2760.175048828125,2769.64599609375,98000,1.5896579735042327
20110211,2827.327880859375,2827.327880859375,2835.410888671875,2807.60498046875,2815.118896484375,107800,0.3252045620640853
20110214,2899.134033203125,2899.134033203125,2906.260009765625,2828.571044921875,2828.571044921875,154200,2.5397179021884098
20110215,2899.237060546875,2899.237060546875,2934.467041015625,2892.636962890625,2900.427001953125,152400,0.003553728201932671
20110216,2923.89599609375,2923.89599609375,2924.18798828125,2882.549072265625,2893.681884765625,127800,0.8505318824195696
20110217,2926.964111328125,2926.964111328125,2939.283935546875,2905.031982421875,2929.2548828125,130400,0.104932433933147
20110218,2899.7919921875,2899.7919921875,2924.22998046875,2890.261962890625,2924.22998046875,113800,-0.9283379675022907
20110221,2932.24609375,2932.24609375,2932.820068359375,2884.19091796875,2886.5400390625,118800,1.11918722618507
20110222,2855.51611328125,2855.51611328125,2944.4130859375,2851.6201171875,2941.318115234375,153000,-2.616764692168838
20110223,2862.635009765625,2862.635009765625,2868.48388671875,2839.195068359375,2844.989990234375,111000,0.24930332037926828
20110224,2878.60302734375,2878.60302734375,2881.537109375,2854.56298828125,2861.39306640625,109800,0.5578083661958777
20110225,2878.56494140625,2878.56494140625,2890.323974609375,2848.64990234375,2876.777099609375,100000,-0.0013230701537580991
20110228,2905.052978515625,2905.052978515625,2906.1689453125,2861.81689453125,2880.169921875,118800,0.9201820229365776
20110301,2918.919921875,2918.919921875,2931.580078125,2901.552001953125,2906.284912109375,136600,0.4773387425953457
20110302,2913.80810546875,2913.80810546875,2924.962890625,2883.56591796875,2905.513916015625,133400,-0.17512698337288635
20110303,2902.97802734375,2902.97802734375,2937.556884765625,2900.760986328125,2918.73095703125,150400,-0.37168124093943655
20110304,2942.305908203125,2942.305908203125,2944.458984375,2898.083984375,2902.18994140625,118200,1.3547426294287401
20110307,2996.2109375,2996.2109375,3000.428955078125,2952.720947265625,2952.720947265625,160200,1.8320674660846192
20110308,2999.94189453125,2999.94189453125,3001.625,2976.60009765625,2996.72705078125,126600,0.12452250889796179
20110309,3002.154052734375,3002.154052734375,3012.0439453125,2989.342041015625,3002.5458984375,124800,0.073740035003933
20110310,2957.14306640625,2957.14306640625,2995.76806640625,2954.366943359375,2995.76806640625,123800,-1.4992896945820844
20110311,2933.7958984375,2933.7958984375,2966.97998046875,2927.68310546875,2942.4189453125,116000,-0.7895177015268096
20110314,2937.626953125,2937.626953125,2939.652099609375,2914.4580078125,2923.98193359375,117000,0.13058354500872227
20110315,2896.256103515625,2896.256103515625,2927.98388671875,2850.945068359375,2927.98388671875,155000,-1.408308484008336
20110316,2930.803955078125,2930.803955078125,2934.01806640625,2894.251953125,2894.251953125,130800,1.1928451879847257
20110317,2897.298095703125,2897.298095703125,2935.625,2885.65087890625,2906.955078125,137800,-1.143231000386269
20110318,2906.885009765625,2906.885009765625,2930.60595703125,2900.8720703125,2920.805908203125,100600,0.3308915322423278
20110321,2909.136962890625,2909.136962890625,2927.072998046875,2895.154052734375,2913.9130859375,96800,0.07746963218133729
20110322,2919.14208984375,2919.14208984375,2923.39208984375,2884.7509765625,2917.68701171875,95200,0.34392079440574985
20110323,2948.47705078125,2948.47705078125,2950.422119140625,2911.6259765625,2919.01611328125,112600,1.0049171994594541
20110324,2946.7060546875,2946.7060546875,2958.6630859375,2942.134033203125,2949.85009765625,109000,-0.060064774568302504
20110325,2977.81396484375,2977.81396484375,2985.0830078125,2946.697021484375,2948.5419921875,136400,1.0556841971653297
20110328,2984.0048828125,2984.0048828125,3005.781982421875,2979.196044921875,2985.35595703125,156000,0.2079014351413555
20110329,2958.076904296875,2958.076904296875,2994.174072265625,2953.5400390625,2979.864990234375,168600,-0.8688986624977413
20110330,2955.77099609375,2955.77099609375,2968.181884765625,2935.7470703125,2955.452880859375,126400,-0.07795294976190581
20110331,2928.111083984375,2928.111083984375,2961.6298828125,2914.384033203125,2954.653076171875,109000,-0.9357934747289076
20110401,2967.409912109375,2967.409912109375,2967.846923828125,2924.39404296875,2932.48095703125,99800,1.3421221735729016
20110406,3001.360107421875,3001.360107421875,3005.238037109375,2963.89892578125,2964.2119140625,141600,1.1441019716877054
20110407,3007.908935546875,3007.908935546875,3012.2880859375,2990.31103515625,3003.2041015625,124800,0.21819534779601302
20110408,3030.02099609375,3030.02099609375,3031.096923828125,2998.340087890625,3005.367919921875,114400,0.735130651249416
20110411,3022.74609375,3022.74609375,3059.56689453125,3019.885009765625,3037.909912109375,147200,-0.24009412321329693
20110412,3021.368896484375,3021.368896484375,3039.1240234375,3003.445068359375,3012.794921875,146000,-0.045561129612325946
20110413,3050.39697265625,3050.39697265625,3050.40087890625,2994.465087890625,3006.830078125,128200,0.960759085249463
20110414,3042.635009765625,3042.635009765625,3058.239013671875,3036.72607421875,3049.6669921875,129400,-0.25445746767398525
20110415,3050.52587890625,3050.52587890625,3062.530029296875,3020.156005859375,3036.344970703125,128600,0.2593432703988041
20110418,3057.3291015625,3057.3291015625,3067.4560546875,3037.18896484375,3040.531005859375,137400,0.2230180279175098
20110419,2999.041015625,2999.041015625,3038.806884765625,2996.221923828125,3038.806884765625,141800,-1.9065034872337017
20110420,3007.037109375,3007.037109375,3019.123046875,2992.672119140625,3005.97509765625,119800,0.2666216870106375
20110421,3026.6669921875,3026.6669921875,3035.470947265625,3012.5439453125,3021.77001953125,121600,0.6527981564078633
20110422,3010.51708984375,3010.51708984375,3032.965087890625,3004.465087890625,3025.697998046875,118600,-0.533587024454174
20110425,2964.950927734375,2964.950927734375,3003.610107421875,2964.64306640625,3003.031005859375,117400,-1.51356596722525
20110426,2938.98095703125,2938.98095703125,2970.278076171875,2931.501953125,2956.948974609375,95200,-0.8758988373196996
20110427,2925.407958984375,2925.407958984375,2961.133056640625,2907.662109375,2946.326904296875,105400,-0.46182667548092526
20110428,2887.04296875,2887.04296875,2953.193115234375,2884.839111328125,2937.947021484375,105200,-1.3114406869835116
20110429,2911.510009765625,2911.510009765625,2913.555908203125,2871.010009765625,2886.62890625,87600,0.8474775498827691
20110503,2932.18798828125,2932.18798828125,2933.4599609375,2890.22509765625,2911.510009765625,96400,0.7102149209952335
20110504,2866.01708984375,2866.01708984375,2916.969970703125,2860.074951171875,2916.844970703125,111400,-2.256707233709365
20110505,2872.404052734375,2872.404052734375,2880.125,2849.909912109375,2854.76806640625,91000,0.22285152845942235
20110506,2863.885986328125,2863.885986328125,2881.7060546875,2834.4560546875,2842.763916015625,91000,-0.29654833546628456
20110509,2872.4599609375,2872.4599609375,2885.177978515625,2861.4189453125,2868.235107421875,81600,0.2993825400279926
20110510,2890.634033203125,2890.634033203125,2891.033935546875,2865.10400390625,2876.97998046875,81200,0.632700629870353
20110511,2883.419921875,2883.419921875,2897.14111328125,2868.34912109375,2890.35302734375,92400,-0.2495684768552664
20110512,2844.0830078125,2844.0830078125,2876.447998046875,2843.096923828125,2864.97607421875,100200,-1.3642450676043194
20110513,2871.031005859375,2871.031005859375,2871.991943359375,2832.25390625,2846.31103515625,93200,0.947510954246078
20110516,2849.06689453125,2849.06689453125,2877.091064453125,2846.305908203125,2864.376953125,84600,-0.7650252220647968
20110517,2852.77294921875,2852.77294921875,2869.22998046875,2821.202880859375,2846.447021484375,94800,0.13007959534447888
20110518,2872.77099609375,2872.77099609375,2877.427001953125,2843.676025390625,2846.72509765625,76800,0.7010038033512744
20110519,2859.573974609375,2859.573974609375,2884.14111328125,2856.8291015625,2879.386962890625,77000,-0.45938299649779246
20110520,2858.458984375,2858.458984375,2866.762939453125,2850.445068359375,2858.31103515625,70800,-0.038991480698702397
20110523,2774.569091796875,2774.569091796875,2853.285888671875,2771.116943359375,2853.285888671875,98600,-2.9347943432698087
20110524,2767.055908203125,2767.055908203125,2771.748046875,2744.777099609375,2766.05908203125,74800,-0.27078740320301
20110525,2741.740966796875,2741.740966796875,2771.177001953125,2737.330078125,2764.56005859375,74400,-0.9148691694736644
20110526,2736.527099609375,2736.527099609375,2764.889892578125,2734.535888671875,2755.39404296875,78800,-0.19016629399498663
20110527,2709.947021484375,2709.947021484375,2746.842041015625,2708.548095703125,2739.386962890625,82600,-0.9713069579612155
20110530,2706.361083984375,2706.361083984375,2728.06201171875,2689.2060546875,2704.485107421875,65200,-0.1323250038311019
20110531,2743.471923828125,2743.471923828125,2744.93408203125,2702.094970703125,2707.55908203125,68000,1.3712449555738582
20110601,2743.572021484375,2743.572021484375,2744.55908203125,2726.4951171875,2737.056884765625,68600,0.0036485759296711606
20110602,2705.180908203125,2705.180908203125,2727.9951171875,2676.5380859375,2715.31591796875,86000,-1.3993112985777878
20110603,2728.02001953125,2728.02001953125,2732.427001953125,2701.25,2701.77294921875,68000,0.8442729748264988
20110607,2744.300048828125,2744.300048828125,2745.77001953125,2717.31298828125,2720.969970703125,65000,0.5967708880550093
20110608,2750.2880859375,2750.2880859375,2754.1220703125,2715.25,2742.0419921875,74200,0.2181990672605938
20110609,2703.344970703125,2703.344970703125,2747.33203125,2702.695068359375,2743.5390625,83400,-1.706843565748617
20110610,2705.14306640625,2705.14306640625,2707.741943359375,2672.320068359375,2696.1298828125,73400,0.06651373474755307
20110613,2700.37890625,2700.37890625,2703.423095703125,2669.39599609375,2687.653076171875,63000,-0.17611490554468867
20110614,2730.0400390625,2730.0400390625,2735.552001953125,2691.6708984375,2696.222900390625,83000,1.098406328972934
20110615,2705.430908203125,2705.430908203125,2730.47607421875,2705.072021484375,2717.677001953125,74800,-0.9014201442930414
20110616,2664.281982421875,2664.281982421875,2691.944091796875,2663.1201171875,2685.632080078125,71000,-1.5209749270063577
20110617,2642.818115234375,2642.818115234375,2675.027099609375,2641.39208984375,2661.4140625,64400,-0.8056154464546994
20110620,2621.2529296875,2621.2529296875,2637.883056640625,2610.989990234375,2635.833984375,60000,-0.8159920435902746
20110621,2646.48291015625,2646.48291015625,2648.02392578125,2618.806884765625,2628.02197265625,64800,0.9625160618039974
20110622,2649.321044921875,2649.321044921875,2657.72509765625,2633.47412109375,2648.533935546875,58400,0.10724175677587766
20110623,2688.2490234375,2688.2490234375,2693.4169921875,2630.3359375,2640.659912109375,73800,1.4693567844576982
20110624,2746.2109375,2746.2109375,2759.7099609375,2674.302978515625,2678.052001953125,125800,2.1561214588811994
20110627,2758.22998046875,2758.22998046875,2769.0419921875,2743.49609375,2746.787109375,101600,0.43765913261168965
20110628,2759.201904296875,2759.201904296875,2763.280029296875,2736.39794921875,2759.712890625,88200,0.03523722949163588
20110629,2728.48291015625,2728.48291015625,2759.23095703125,2727.2529296875,2757.39990234375,88200,-1.113328969974492
20110630,2762.075927734375,2762.075927734375,2774.364990234375,2729.991943359375,2729.991943359375,91000,1.23119765394466
20110701,2759.362060546875,2759.362060546875,2778.66796875,2752.966064453125,2767.8330078125,92000,-0.09825461929737767
20110704,2812.818115234375,2812.818115234375,2813.27001953125,2770.93994140625,2770.93994140625,122000,1.9372613493462865
20110705,2816.35400390625,2816.35400390625,2818.14111328125,2799.110107421875,2812.721923828125,110200,0.12570626777197447
20110706,2810.47900390625,2810.47900390625,2811.81494140625,2780.72900390625,2811.81494140625,103200,-0.20860303753901244
20110707,2794.26708984375,2794.26708984375,2825.123046875,2793.89208984375,2813.193115234375,116600,-0.576838113359579
20110708,2797.77294921875,2797.77294921875,2807.37890625,2784.125,2797.02587890625,86200,0.12546615131183714
20110711,2802.69189453125,2802.69189453125,2807.322021484375,2780.6650390625,2789.4541015625,86000,0.17581645836819426
20110712,2754.58203125,2754.58203125,2783.721923828125,2752.18603515625,2783.721923828125,96600,-1.7165591185789753
20110713,2795.47607421875,2795.47607421875,2797.26611328125,2756.031982421875,2756.031982421875,92000,1.4845825067040241
20110714,2810.444091796875,2810.444091796875,2811.7041015625,2788.98193359375,2798.2119140625,104600,0.5354371556303805
20110715,2820.1689453125,2820.1689453125,2821.339111328125,2794.158935546875,2803.5849609375,107400,0.3460255104881682
20110718,2816.68798828125,2816.68798828125,2826.958984375,2807.10791015625,2821.35791015625,108200,-0.12343079789726152
20110719,2796.98291015625,2796.98291015625,2809.31494140625,2790.68505859375,2804.923095703125,92800,-0.6995832767769272
20110720,2794.205078125,2794.205078125,2817.284912109375,2779.381103515625,2810.43603515625,84000,-0.09931530225527618
20110721,2765.89404296875,2765.89404296875,2799.85205078125,2763.41796875,2795.89599609375,81800,-1.0132053433689836
20110722,2770.7900390625,2770.7900390625,2782.1689453125,2763.800048828125,2769.863037109375,70200,0.1770131472026648
20110725,2688.74609375,2688.74609375,2759.6279296875,2680.7470703125,2759.6279296875,111200,-2.9610307585868023
20110726,2703.02587890625,2703.02587890625,2704.93896484375,2677.118896484375,2685.75390625,72800,0.5310945942215817
20110727,2723.491943359375,2723.491943359375,2726.802001953125,2680.43310546875,2690.14404296875,80400,0.757153847946368
20110728,2708.777099609375,2708.777099609375,2712.090087890625,2684.660888671875,2701.77099609375,78400,-0.5402932726083054
20110729,2701.72900390625,2701.72900390625,2721.530029296875,2681.27197265625,2706.4970703125,75400,-0.2601947463355847
20110801,2703.782958984375,2703.782958984375,2712.887939453125,2688.529052734375,2697.574951171875,59000,0.07602372684882841
20110802,2679.259033203125,2679.259033203125,2689.970947265625,2651.281005859375,2689.970947265625,70000,-0.9070227216189664
20110803,2678.485107421875,2678.485107421875,2688.06494140625,2654.364013671875,2659.117919921875,64000,-0.028885814012713507
20110804,2684.0390625,2684.0390625,2698.81494140625,2675.533935546875,2683.19091796875,58800,0.2073543385675558
20110805,2626.423095703125,2626.423095703125,2644.5810546875,2605.135986328125,2620.277099609375,78600,-2.146614317274864
20110808,2526.81591796875,2526.81591796875,2614.18994140625,2497.91796875,2599.2890625,110400,-3.792503115637924
20110809,2526.070068359375,2526.070068359375,2537.408935546875,2437.679931640625,2468.031982421875,103800,-0.029517370223575146
20110810,2549.176025390625,2549.176025390625,2579.156005859375,2544.951904296875,2562.39306640625,100400,0.914699767067706
20110811,2581.508056640625,2581.508056640625,2582.155029296875,2505.011962890625,2508.85693359375,95600,1.2683326270121142
20110812,2593.173095703125,2593.173095703125,2605.447021484375,2585.845947265625,2593.39501953125,97200,0.4518691712967149
20110815,2626.77001953125,2626.77001953125,2627.10400390625,2584.406982421875,2598.137939453125,88600,1.2955912539658332
20110816,2608.166015625,2608.166015625,2636.360107421875,2601.5009765625,2627.85400390625,85200,-0.7082463926388893
20110817,2601.260986328125,2601.260986328125,2617.1650390625,2596.0390625,2603.9609375,70200,-0.2647465405004268
20110818,2559.471923828125,2559.471923828125,2603.485107421875,2556.85888671875,2601.989990234375,71000,-1.6064924942032932
20110819,2534.35791015625,2534.35791015625,2538.27197265625,2513.75390625,2519.64501953125,70600,-0.9812185645823646
20110822,2515.863037109375,2515.863037109375,2553.4150390625,2507.781982421875,2534.570068359375,61200,-0.7297656330527813
20110823,2554.01904296875,2554.01904296875,2554.177978515625,2514.948974609375,2524.876953125,61000,1.5166169738403124
20110824,2541.091064453125,2541.091064453125,2569.278076171875,2536.256103515625,2562.410888671875,65400,-0.5061817589503081
20110825,2615.260986328125,2615.260986328125,2616.302978515625,2545.053955078125,2546.402099609375,104600,2.9188218758686046
20110826,2612.18798828125,2612.18798828125,2616.635986328125,2593.238037109375,2602.2080078125,77800,-0.11750253848238357
20110829,2576.4130859375,2576.4130859375,2595.466064453125,2570.843994140625,2595.466064453125,73600,-1.3695378167361105
20110830,2566.594970703125,2566.594970703125,2615.135009765625,2563.68896484375,2592.596923828125,76000,-0.3810769044748308
20110831,2567.340087890625,2567.340087890625,2574.4150390625,2545.095947265625,2566.529052734375,59200,0.02903135071974372
20110901,2556.0419921875,2556.0419921875,2584.803955078125,2547.85400390625,2569.799072265625,57200,-0.4400700848483097
20110902,2528.280029296875,2528.280029296875,2557.31005859375,2517.617919921875,2551.555908203125,54400,-1.0861309389860963
20110905,2478.739013671875,2478.739013671875,2510.10009765625,2478.195068359375,2510.10009765625,55000,-1.9594750206043288
20110906,2470.52392578125,2470.52392578125,2482.241943359375,2459.54296875,2465.56494140625,49200,-0.331422059575992
20110907,2516.090087890625,2516.090087890625,2516.75390625,2475.218017578125,2480.94091796875,59600,1.8443926664246213
20110908,2498.943115234375,2498.943115234375,2524.3759765625,2498.113037109375,2523.9619140625,55200,-0.6814927946648064
20110909,2497.7529296875,2497.7529296875,2528.422119140625,2487.14501953125,2506.968994140625,51200,-0.04762755661060769
20110913,2471.304931640625,2471.304931640625,2477.0830078125,2453.7958984375,2467.72998046875,50000,-1.0588716655087205
20110914,2484.826904296875,2484.826904296875,2485.93408203125,2439.3720703125,2478.5859375,54000,0.5471592146774507
20110915,2479.054931640625,2479.054931640625,2496.572021484375,2477.65087890625,2482.85888671875,56000,-0.232288721852969
20110916,2482.343017578125,2482.343017578125,2499.48095703125,2475.758056640625,2490.177001953125,48000,0.132634654260122
20110919,2437.794921875,2437.794921875,2469.60009765625,2437.1650390625,2469.60009765625,48800,-1.794598707256334
20110920,2447.7548828125,2447.7548828125,2460.033935546875,2426.702880859375,2433.720947265625,46200,0.4085643483841217
20110921,2512.962890625,2512.962890625,2517.673095703125,2438.85205078125,2450.114990234375,86600,2.6639925537631948
20110922,2443.055908203125,2443.055908203125,2499.97607421875,2442.4609375,2491.2119140625,74600,-2.781854944323847
20110923,2433.158935546875,2433.158935546875,2440.7509765625,2400.14111328125,2411.8330078125,67400,-0.405106269693567
20110926,2393.18310546875,2393.18310546875,2441.72900390625,2384.639892578125,2416.22607421875,57400,-1.6429600834579339
20110927,2415.053955078125,2415.053955078125,2423.9130859375,2395.1640625,2410.989990234375,55200,0.9138811635180488
20110928,2392.06201171875,2392.06201171875,2430.27001953125,2383.39599609375,2427.2890625,55800,-0.9520260742427733
20110929,2365.343017578125,2365.343017578125,2387.5380859375,2358.572021484375,2378.423095703125,59200,-1.1169858477634853
20110930,2359.218994140625,2359.218994140625,2377.5419921875,2348.217041015625,2368.39794921875,48800,-0.25890635700569486
20111010,2344.787109375,2344.787109375,2368.14892578125,2338.68505859375,2363.077880859375,41800,-0.6117229812691471
20111011,2348.51611328125,2348.51611328125,2412.375,2323.412109375,2401.738037109375,64000,0.15903379421273733
20111012,2420.0,2420.0,2421.69189453125,2318.6279296875,2335.488037109375,91600,3.043789493906246
20111013,2438.7900390625,2438.7900390625,2439.639892578125,2406.281982421875,2412.83203125,87800,0.7764478951446385
20111014,2431.375,2431.375,2437.593994140625,2409.2880859375,2429.885009765625,60600,-0.30404581549589027
20111017,2440.402099609375,2440.402099609375,2452.989990234375,2424.72607421875,2434.486083984375,58200,0.37127549676108096
20111018,2383.485107421875,2383.485107421875,2425.64599609375,2378.6669921875,2423.281982421875,79600,-2.3322792664623004
20111019,2377.511962890625,2377.511962890625,2401.68798828125,2374.4169921875,2387.8310546875,58600,-0.2506054899462318
20111020,2331.365966796875,2331.365966796875,2368.639892578125,2315.89990234375,2365.908935546875,65400,-1.9409364417096286
20111021,2317.27490234375,2317.27490234375,2340.31494140625,2313.781982421875,2330.511962890625,48400,-0.604412376855834
20111024,2370.3330078125,2370.3330078125,2371.092041015625,2307.14599609375,2322.02001953125,70800,2.289676784359318
20111025,2409.672119140625,2409.672119140625,2414.049072265625,2357.386962890625,2366.39794921875,90800,1.6596449190246831
20111026,2427.47998046875,2427.47998046875,2448.98095703125,2394.73193359375,2398.18701171875,107400,0.7390159510363592
20111027,2435.614990234375,2435.614990234375,2449.700927734375,2426.31494140625,2432.471923828125,82400,0.33512160063433605
20111028,2473.409912109375,2473.409912109375,2483.759033203125,2456.177001953125,2462.0849609375,110000,1.5517609321070491
20111031,2468.25,2468.25,2478.306884765625,2455.205078125,2470.25390625,84200,-0.20861532429836682
20111101,2470.01904296875,2470.01904296875,2491.35498046875,2445.527099609375,2450.3310546875,88800,0.07167195254735859
20111102,2504.10791015625,2504.10791015625,2505.12109375,2433.715087890625,2437.8701171875,105400,1.3801054402612367
20111103,2508.090087890625,2508.090087890625,2535.239990234375,2507.297119140625,2510.842041015625,136600,0.15902580388904575
20111104,2528.2939453125,2528.2939453125,2536.779052734375,2512.904052734375,2525.243896484375,101800,0.8055475167906279
20111107,2509.799072265625,2509.799072265625,2536.179931640625,2507.614990234375,2518.89794921875,78800,-0.7315159331518717
20111108,2503.8359375,2503.8359375,2524.820068359375,2500.02001953125,2514.259033203125,78600,-0.23759410988394292
20111109,2524.9189453125,2524.9189453125,2527.702880859375,2489.02490234375,2512.5869140625,78200,0.8420283252883909
20111110,2479.535888671875,2479.535888671875,2507.451904296875,2478.138916015625,2498.593994140625,87200,-1.7974064761515751
20111111,2481.083984375,2481.083984375,2496.527099609375,2472.760986328125,2483.95703125,66200,0.06243489800643598
20111114,2528.714111328125,2528.714111328125,2529.632080078125,2496.3349609375,2498.672119140625,81200,1.9197305392756991
20111115,2529.760986328125,2529.760986328125,2534.05908203125,2518.701904296875,2525.947998046875,79200,0.041399500058547645
20111116,2466.958984375,2466.958984375,2529.4580078125,2456.85595703125,2529.072998046875,93400,-2.482527096138054
20111117,2463.0458984375,2463.0458984375,2482.528076171875,2459.1650390625,2467.7041015625,66400,-0.1586198215002499
20111118,2416.56201171875,2416.56201171875,2448.510009765625,2411.0419921875,2448.386962890625,72200,-1.887252151827068
20111121,2415.1298828125,2415.1298828125,2419.243896484375,2396.0859375,2416.73193359375,50200,-0.05926307288226518
20111122,2412.625,2412.625,2414.85009765625,2387.825927734375,2400.98388671875,51400,-0.10371627755203505
20111123,2395.06396484375,2395.06396484375,2418.56005859375,2390.654052734375,2415.197021484375,50600,-0.7278808416662397
20111124,2397.553955078125,2397.553955078125,2409.718994140625,2370.695068359375,2379.14599609375,52200,0.10396341270733078
20111125,2380.22412109375,2380.22412109375,2403.94189453125,2372.6220703125,2393.326904296875,45400,-0.7228130965590829
20111128,2383.033935546875,2383.033935546875,2396.826904296875,2372.156005859375,2383.89306640625,46000,0.11804831436772467
20111129,2412.39306640625,2412.39306640625,2413.325927734375,2388.201904296875,2398.993896484375,55200,1.232006410879638
20111130,2333.4140625,2333.4140625,2407.325927734375,2319.43994140625,2406.3291015625,76600,-3.273886208929677
20111201,2386.860107421875,2386.860107421875,2423.55908203125,2376.916015625,2392.485107421875,98600,2.2904655363486404
20111202,2360.6640625,2360.6640625,2378.299072265625,2344.845947265625,2374.89892578125,59800,-1.0975106936690238
20111205,2333.22900390625,2333.22900390625,2363.126953125,2327.610107421875,2363.111083984375,52200,-1.1621754670461448
20111206,2325.905029296875,2325.905029296875,2331.89208984375,2310.155029296875,2326.659912109375,46000,-0.3138986613450023
20111207,2332.72998046875,2332.72998046875,2339.846923828125,2317.81396484375,2325.56201171875,41600,0.29343206562213453
20111208,2329.820068359375,2329.820068359375,2346.654052734375,2302.64208984375,2329.909912109375,51400,-0.12474277493489394
20111209,2315.27001953125,2315.27001953125,2331.259033203125,2309.45703125,2315.512939453125,40000,-0.6245138423230601
20111212,2291.544921875,2291.544921875,2315.81103515625,2290.262939453125,2312.14990234375,39600,-1.0247227086304767
20111213,2248.590087890625,2248.590087890625,2285.81396484375,2245.867919921875,2283.222900390625,58600,-1.8744923380872747
20111214,2228.52490234375,2228.52490234375,2256.743896484375,2224.72509765625,2241.386962890625,44000,-0.8923451924355841
20111215,2180.89501953125,2180.89501953125,2216.908935546875,2179.467041015625,2215.7919921875,56800,-2.13728295171427
20111216,2224.840087890625,2224.840087890625,2225.5380859375,2170.748046875,2179.509033203125,57200,2.015001545962547
20111219,2218.235107421875,2218.235107421875,2221.447998046875,2164.886962890625,2208.071044921875,57800,-0.2968743913191574
20111220,2215.929931640625,2215.929931640625,2239.85888671875,2206.51904296875,2209.698974609375,52800,-0.10391936244887878
20111221,2191.14794921875,2191.14794921875,2237.466064453125,2188.7099609375,2230.179931640625,50800,-1.1183558680272432
20111222,2186.2958984375,2186.2958984375,2201.5869140625,2149.423095703125,2178.572021484375,59000,-0.2214387569301257
20111223,2204.783935546875,2204.783935546875,2219.785888671875,2178.14111328125,2183.910888671875,52400,0.8456328863164497
20111226,2190.110107421875,2190.110107421875,2213.452880859375,2186.070068359375,2193.658935546875,43600,-0.6655449492541932
20111227,2166.205078125,2166.205078125,2196.971923828125,2162.722900390625,2186.708984375,45800,-1.0914989714839174
20111228,2170.012939453125,2170.012939453125,2170.672119140625,2134.01708984375,2157.64990234375,49600,0.17578489527967367
20111229,2173.56103515625,2173.56103515625,2181.955078125,2157.114990234375,2161.18408203125,44800,0.16350573946435354
20111230,2199.4169921875,2199.4169921875,2200.988037109375,2177.51708984375,2177.51708984375,52000,1.1895666426220863
20120104,2169.389892578125,2169.389892578125,2217.52001953125,2168.64404296875,2211.9951171875,49200,-1.3652299548486568
20120105,2148.451904296875,2148.451904296875,2183.404052734375,2145.555908203125,2160.89697265625,58800,-0.9651556113948301
20120106,2163.39501953125,2163.39501953125,2164.322021484375,2132.6259765625,2148.14697265625,50600,0.6955294277004365
20120109,2225.889892578125,2225.889892578125,2226.218017578125,2148.452880859375,2164.740966796875,76800,2.8887407284692745
20120110,2285.743896484375,2285.743896484375,2288.6279296875,2218.27490234375,2221.83203125,109600,2.68899212426561
20120111,2276.0458984375,2276.0458984375,2290.64404296875,2265.18505859375,2282.9130859375,84400,-0.4242819181007662
20120112,2275.010009765625,2275.010009765625,2295.22412109375,2265.256103515625,2268.739013671875,71600,-0.04551264421276402
20120113,2244.580078125,2244.580078125,2281.531982421875,2225.736083984375,2277.080078125,71400,-1.3375735275890088
20120116,2206.193115234375,2206.193115234375,2241.259033203125,2206.044921875,2230.43310546875,45800,-1.7102068785485924
20120117,2298.375,2298.375,2298.375,2196.115966796875,2206.531005859375,87800,4.1783234717343465
20120118,2266.384033203125,2266.384033203125,2311.5791015625,2257.89794921875,2298.8330078125,90000,-1.391895003943
20120119,2296.074951171875,2296.074951171875,2305.70703125,2259.3369140625,2266.075927734375,72400,1.3100567923957307
20120120,2319.117919921875,2319.117919921875,2322.89111328125,2293.89306640625,2300.5,70000,1.0035808603825913
20120130,2285.0380859375,2285.0380859375,2324.492919921875,2284.291015625,2324.492919921875,58400,-1.4695170819741254
20120131,2292.610107421875,2292.610107421875,2296.385009765625,2277.055908203125,2285.9541015625,48800,0.33137397275671
20120201,2268.080078125,2268.080078125,2305.863037109375,2263.342041015625,2288.06591796875,53600,-1.0699607934844146
20120202,2312.555908203125,2312.555908203125,2312.555908203125,2268.68701171875,2273.85009765625,63400,1.960946198817326
20120203,2330.405029296875,2330.405029296875,2336.26708984375,2300.98193359375,2306.656005859375,79000,0.7718352248451854
20120206,2331.135986328125,2331.135986328125,2341.574951171875,2317.422119140625,2334.248046875,75800,0.03136609396481305
20120207,2291.902099609375,2291.902099609375,2319.7080078125,2278.824951171875,2319.4208984375,67400,-1.6830372380184033
20120208,2347.530029296875,2347.530029296875,2350.965087890625,2286.819091796875,2291.81201171875,87200,2.4271512163185793
20120209,2349.589111328125,2349.589111328125,2363.613037109375,2333.93505859375,2344.22412109375,98000,0.08771270252363461
20120210,2351.98095703125,2351.98095703125,2368.97900390625,2339.885009765625,2342.010986328125,96600,0.10179846729767572
20120213,2351.85400390625,2351.85400390625,2365.339111328125,2325.028076171875,2332.054931640625,86200,-0.00539771058182259
20120214,2344.77099609375,2344.77099609375,2352.468994140625,2332.2470703125,2348.876953125,73200,-0.3011669857370225
20120215,2366.701904296875,2366.701904296875,2374.281982421875,2335.10107421875,2340.455078125,98800,0.9353113050127648
20120216,2356.860107421875,2356.860107421875,2373.803955078125,2342.072998046875,2363.89697265625,95000,-0.41584438061809115
20120217,2357.180908203125,2357.180908203125,2372.511962890625,2344.760009765625,2366.6298828125,72000,0.013611362856869036
20120220,2363.596923828125,2363.596923828125,2388.009033203125,2362.011962890625,2383.68603515625,89000,0.2721902083404837
20120221,2381.429931640625,2381.429931640625,2382.14599609375,2345.052978515625,2365.487060546875,79400,0.7544859968601214
20120222,2403.5869140625,2403.5869140625,2404.44189453125,2374.030029296875,2380.5029296875,118600,0.93040664885784
20120223,2409.553955078125,2409.553955078125,2416.803955078125,2396.7099609375,2401.738037109375,112600,0.24825567907338364
20120224,2439.626953125,2439.626953125,2439.97705078125,2405.27392578125,2410.881103515625,135000,1.2480732371024983
20120227,2447.056884765625,2447.056884765625,2478.375,2444.62890625,2447.406005859375,158000,0.30455195746659225
20120228,2451.85693359375,2451.85693359375,2458.65087890625,2431.827880859375,2440.9140625,118400,0.1961559969450688
20120229,2428.487060546875,2428.487060546875,2453.06591796875,2426.3291015625,2446.22802734375,95600,-0.9531499463396931
20120301,2426.114990234375,2426.114990234375,2437.8740234375,2418.333984375,2418.7880859375,75000,-0.09767687672858072
20120302,2460.693115234375,2460.693115234375,2461.12109375,2430.096923828125,2430.096923828125,103200,1.4252467479564768
20120305,2445.001953125,2445.001953125,2469.841064453125,2442.114990234375,2464.84912109375,112600,-0.6376724514011722
20120306,2410.445068359375,2410.445068359375,2442.0009765625,2406.055908203125,2439.779052734375,103800,-1.413368391033687
20120307,2394.7939453125,2394.7939453125,2413.695068359375,2388.51904296875,2391.201904296875,94800,-0.6493042821144934
20120308,2420.27587890625,2420.27587890625,2426.697998046875,2401.10205078125,2401.10205078125,96800,1.064055370760708
20120309,2439.4619140625,2439.4619140625,2440.510986328125,2414.966064453125,2425.885009765625,100600,0.7927210002572238
20120312,2434.85791015625,2434.85791015625,2440.85693359375,2420.840087890625,2438.5458984375,106200,-0.18873030481475483
20120313,2455.7939453125,2455.7939453125,2457.219970703125,2428.60888671875,2432.843017578125,104600,0.8598462796913786
20120314,2391.22998046875,2391.22998046875,2476.216064453125,2382.8359375,2464.9150390625,179800,-2.6290465031476473
20120315,2373.77392578125,2373.77392578125,2403.741943359375,2366.02392578125,2388.06298828125,120000,-0.7300031711746202
20120316,2404.736083984375,2404.736083984375,2406.14794921875,2368.31103515625,2377.757080078125,103600,1.3043431755167978
20120319,2410.18408203125,2410.18408203125,2412.3359375,2383.674072265625,2401.217041015625,102200,0.2265528464083344
20120320,2376.839111328125,2376.839111328125,2407.5419921875,2376.031005859375,2407.5419921875,98000,-1.383503067326819
20120321,2378.195068359375,2378.195068359375,2396.721923828125,2361.221923828125,2384.708984375,95600,0.05704875120857711
20120322,2375.77197265625,2375.77197265625,2386.097900390625,2364.12890625,2376.990966796875,79400,-0.10188801311393769
20120323,2349.5390625,2349.5390625,2371.261962890625,2342.118896484375,2369.076904296875,76800,-1.1041846801029487
20120326,2350.59912109375,2350.59912109375,2357.99609375,2339.139892578125,2349.0859375,55400,0.045117725883736526
20120327,2347.178955078125,2347.178955078125,2363.76611328125,2344.303955078125,2358.544921875,60800,-0.14550188438909872
20120328,2284.881103515625,2284.881103515625,2341.419921875,2281.43310546875,2341.0029296875,83600,-2.6541585773730003
20120329,2252.159912109375,2252.159912109375,2280.9580078125,2242.344970703125,2276.739990234375,74200,-1.4320741396960934
20120330,2262.7880859375,2262.7880859375,2266.2080078125,2246.2451171875,2256.0419921875,62000,0.471910265828801
20120405,2302.240966796875,2302.240966796875,2303.823974609375,2251.39306640625,2258.031005859375,80200,1.7435517318020954
20120406,2306.552001953125,2306.552001953125,2309.638916015625,2291.55908203125,2299.053955078125,72200,0.18725386344975448
20120409,2285.777099609375,2285.777099609375,2304.64990234375,2284.44189453125,2300.051025390625,59800,-0.9006908288284099
20120410,2305.863037109375,2305.863037109375,2306.386962890625,2258.85302734375,2281.02392578125,67400,0.8787356170220084
20120411,2308.925048828125,2308.925048828125,2319.052978515625,2280.034912109375,2286.716064453125,75200,0.13279243690851317
20120412,2350.864013671875,2350.864013671875,2351.054931640625,2307.841064453125,2310.48388671875,97600,1.8163848525544646
20120413,2359.160888671875,2359.160888671875,2369.700927734375,2346.944091796875,2351.512939453125,98800,0.3529287509506318
20120416,2357.02587890625,2357.02587890625,2364.111083984375,2342.198974609375,2346.306884765625,85400,-0.09049869281391176
20120417,2334.985107421875,2334.985107421875,2363.012939453125,2333.341064453125,2355.368896484375,84600,-0.9351094394688064
20120418,2380.847900390625,2380.847900390625,2383.639892578125,2337.85595703125,2341.135009765625,108600,1.9641578365092283
20120419,2378.634033203125,2378.634033203125,2386.97802734375,2369.4580078125,2378.632080078125,94200,-0.09298650229343508
20120420,2406.863037109375,2406.863037109375,2407.2939453125,2372.1298828125,2374.662109375,115600,1.1867737328316919
20120423,2388.587890625,2388.587890625,2411.510009765625,2383.068115234375,2403.52099609375,123000,-0.7592931630344579
20120424,2388.833984375,2388.833984375,2415.75,2350.39892578125,2380.236083984375,133800,0.01030289699475162
20120425,2406.81298828125,2406.81298828125,2411.4208984375,2376.625,2382.2109375,131000,0.7526267636783546
20120426,2404.697021484375,2404.697021484375,2414.7529296875,2393.264892578125,2408.55810546875,115600,-0.08791571290239775
20120427,2396.31591796875,2396.31591796875,2408.419921875,2393.866943359375,2402.430908203125,91200,-0.3485305400532934
20120502,2438.43603515625,2438.43603515625,2446.35009765625,2407.7880859375,2421.08203125,128000,1.7577030170213614
20120503,2440.080078125,2440.080078125,2441.952880859375,2427.72802734375,2433.589111328125,102200,0.06742202563638777
20120504,2452.013916015625,2452.013916015625,2453.73095703125,2427.968994140625,2437.465087890625,102200,0.48907566590172813
20120507,2451.947021484375,2451.947021484375,2451.947021484375,2432.736083984375,2441.757080078125,108800,-0.0027281464763717622
20120508,2448.884033203125,2448.884033203125,2451.597900390625,2431.02490234375,2451.574951171875,104800,-0.12492065507172523
20120509,2408.5859375,2408.5859375,2432.471923828125,2407.509033203125,2432.471923828125,98000,-1.6455697843076433
20120510,2410.22900390625,2410.22900390625,2419.12109375,2402.2041015625,2409.945068359375,81600,0.06821705552078061
20120511,2394.98193359375,2394.98193359375,2415.97705078125,2393.3779296875,2406.073974609375,74800,-0.6325984081922975
20120514,2380.72509765625,2380.72509765625,2411.27099609375,2377.98291015625,2408.261962890625,90600,-0.5952794773740555
20120515,2374.843017578125,2374.843017578125,2376.593994140625,2354.614013671875,2367.0830078125,78000,-0.247070948423056
20120516,2346.19189453125,2346.19189453125,2372.031982421875,2344.5,2369.2939453125,76800,-1.206442818948661
20120517,2378.885986328125,2378.885986328125,2383.305908203125,2342.35205078125,2347.177001953125,86800,1.3934960679508723
20120518,2344.52099609375,2344.52099609375,2369.597900390625,2338.240966796875,2364.89892578125,89600,-1.4445833231132799
20120521,2348.300048828125,2348.300048828125,2360.385986328125,2330.324951171875,2343.574951171875,74800,0.16118655967130024
20120522,2373.305908203125,2373.305908203125,2374.055908203125,2354.867919921875,2355.73193359375,76800,1.0648494168144618
20120523,2363.43701171875,2363.43701171875,2378.076904296875,2350.548095703125,2369.264892578125,84200,-0.41582909519856104
20120524,2350.972900390625,2350.972900390625,2373.056884765625,2344.580078125,2359.681884765625,79200,-0.527372266166759
20120525,2333.552978515625,2333.552978515625,2355.80810546875,2327.407958984375,2350.541015625,74000,-0.7409665110178709
20120528,2361.366943359375,2361.366943359375,2361.743896484375,2309.072021484375,2325.31689453125,95000,1.1919148654359057
20120529,2389.635986328125,2389.635986328125,2393.279052734375,2358.3740234375,2361.0029296875,117200,1.197147400078924
20120530,2384.66796875,2384.66796875,2391.69091796875,2378.133056640625,2385.39208984375,89800,-0.2078985086661156
20120531,2372.23388671875,2372.23388671875,2382.989013671875,2362.31298828125,2370.007080078125,77800,-0.5214177484745508
20120601,2373.43603515625,2373.43603515625,2388.0859375,2365.44189453125,2373.22412109375,77000,0.05067579736679484
20120604,2308.550048828125,2308.550048828125,2348.198974609375,2308.22900390625,2346.98388671875,90200,-2.7338417959030137
20120605,2311.916015625,2311.916015625,2323.298095703125,2304.0458984375,2313.739990234375,66000,0.14580436748961034
20120606,2309.554931640625,2309.554931640625,2323.113037109375,2301.034912109375,2315.56103515625,58600,-0.10212671950095009
20120607,2293.1298828125,2293.1298828125,2328.672119140625,2288.6650390625,2324.672119140625,60200,-0.7111780976976956
20120608,2281.447021484375,2281.447021484375,2306.882080078125,2276.714111328125,2306.218994140625,68000,-0.5094722900647941
20120611,2305.85595703125,2305.85595703125,2311.77197265625,2278.1630859375,2282.89111328125,64200,1.069888334772462
20120612,2289.791015625,2289.791015625,2298.948974609375,2280.950927734375,2295.070068359375,60000,-0.696701862805571
20120613,2318.924072265625,2318.924072265625,2319.714111328125,2284.64990234375,2289.70703125,78400,1.2723019892133314
20120614,2295.946044921875,2295.946044921875,2314.5849609375,2293.06396484375,2306.781005859375,71600,-0.9908917509877768
20120615,2306.85009765625,2306.85009765625,2314.241943359375,2283.39990234375,2299.781005859375,68600,0.4749263493579292
20120618,2316.052001953125,2316.052001953125,2325.052001953125,2309.708984375,2313.530029296875,60600,0.398894765907154
20120619,2300.794921875,2300.794921875,2313.455078125,2298.39404296875,2313.455078125,60200,-0.6587537786396314
20120620,2292.876953125,2292.876953125,2304.4580078125,2291.541015625,2300.406005859375,54200,-0.344140569623097
20120621,2260.876953125,2260.876953125,2288.4541015625,2253.7890625,2288.4541015625,59000,-1.395626571080788
20120625,2224.114013671875,2224.114013671875,2253.513916015625,2223.053955078125,2253.513916015625,59800,-1.6260477777134685
20120626,2222.06689453125,2222.06689453125,2229.239990234375,2203.944091796875,2214.64892578125,53000,-0.09204200540264829
20120627,2216.93408203125,2216.93408203125,2233.54296875,2213.322998046875,2219.944091796875,51000,-0.23099270830380103
20120628,2195.843017578125,2195.843017578125,2224.155029296875,2195.35498046875,2220.236083984375,54200,-0.9513618209974206
20120629,2225.429931640625,2225.429931640625,2226.485107421875,2188.716064453125,2190.574951171875,61400,1.3474057036705789
20120702,2226.110107421875,2226.110107421875,2234.873046875,2215.35791015625,2234.320068359375,62200,0.03056379226231698
20120703,2229.19189453125,2229.19189453125,2244.83203125,2219.050048828125,2225.56689453125,62800,0.1384382155716457
20120704,2227.31494140625,2227.31494140625,2239.27001953125,2219.447998046875,2233.3349609375,55200,-0.08419881346261038
20120705,2201.35302734375,2201.35302734375,2218.216064453125,2192.64794921875,2218.216064453125,58000,-1.1656148656780663
20120706,2223.5791015625,2223.5791015625,2227.472900390625,2185.52197265625,2203.72998046875,76600,1.009655150385802
20120709,2170.81396484375,2170.81396484375,2216.697021484375,2168.60791015625,2210.714111328125,75200,-2.3729822195968753
20120710,2164.43798828125,2164.43798828125,2178.195068359375,2156.72607421875,2166.947021484375,59000,-0.29371363303160036
20120711,2175.383056640625,2175.383056640625,2176.490966796875,2156.595947265625,2160.02001953125,58600,0.5056771512343738
20120712,2185.490966796875,2185.490966796875,2197.0439453125,2152.675048828125,2172.06396484375,82200,0.46464966826851306
20120713,2185.89501953125,2185.89501953125,2198.660888671875,2177.924072265625,2180.172119140625,57600,0.01848796176755485
20120716,2147.955078125,2147.955078125,2188.06298828125,2146.154052734375,2187.886962890625,67400,-1.7356707923871784
20120717,2161.18603515625,2161.18603515625,2165.3349609375,2141.48095703125,2142.429931640625,55200,0.6159792244258444
20120718,2169.09912109375,2169.09912109375,2170.2958984375,2138.7919921875,2159.85693359375,66600,0.36614552420648483
20120719,2184.841064453125,2184.841064453125,2197.7900390625,2159.943115234375,2164.27392578125,79400,0.7257364684854606
20120720,2168.637939453125,2168.637939453125,2185.73291015625,2162.06298828125,2180.011962890625,64400,-0.7416157295659254
20120723,2141.402099609375,2141.402099609375,2154.1708984375,2135.56298828125,2154.1708984375,55600,-1.2558961248560596
20120724,2146.587890625,2146.587890625,2158.947998046875,2131.012939453125,2132.31689453125,54400,0.24216801770069463
20120725,2136.15087890625,2136.15087890625,2151.449951171875,2132.8330078125,2141.035888671875,48600,-0.48621404063315943
20120726,2126.00390625,2126.00390625,2147.6640625,2124.155029296875,2134.987060546875,52800,-0.47501198330360817
20120727,2128.764892578125,2128.764892578125,2139.154052734375,2120.6298828125,2132.009033203125,52000,0.12986741557756698
20120730,2109.9140625,2109.9140625,2137.736083984375,2107.634033203125,2128.158935546875,52000,-0.8855289817982226
20120731,2103.635009765625,2103.635009765625,2116.904052734375,2100.251953125,2109.324951171875,53400,-0.29759755840174096
20120801,2123.360107421875,2123.360107421875,2130.7119140625,2101.7080078125,2101.722900390625,53800,0.9376673027726268
20120802,2111.181884765625,2111.181884765625,2126.4599609375,2103.4951171875,2120.14599609375,53400,-0.5735354362966016
20120803,2132.7958984375,2132.7958984375,2133.26611328125,2108.330078125,2113.964111328125,53400,1.0237873784273432
20120806,2154.916015625,2154.916015625,2158.680908203125,2127.262939453125,2129.14794921875,71800,1.0371417726236842
20120807,2157.6201171875,2157.6201171875,2159.68310546875,2148.89697265625,2153.093017578125,75000,0.12548524132229844
20120808,2160.989990234375,2160.989990234375,2168.73388671875,2153.02001953125,2158.98193359375,72800,0.15618472501395253
20120809,2174.10205078125,2174.10205078125,2175.544921875,2148.694091796875,2159.43408203125,72600,0.6067617437437889
20120810,2168.81396484375,2168.81396484375,2176.794921875,2165.283935546875,2172.964111328125,68400,-0.24323080582163703
20120813,2136.077880859375,2136.077880859375,2164.04296875,2134.553955078125,2164.04296875,71400,-1.5094002766038783
20120814,2142.52392578125,2142.52392578125,2144.006103515625,2119.2529296875,2137.047119140625,67600,0.30177012643759493
20120815,2118.945068359375,2118.945068359375,2139.14208984375,2118.5029296875,2138.278076171875,54600,-1.1005178116401781
20120816,2112.197021484375,2112.197021484375,2122.68310546875,2109.657958984375,2116.080078125,45200,-0.31846256780148074
20120817,2114.89111328125,2114.89111328125,2120.714111328125,2100.787109375,2111.653076171875,44400,0.1275492659762234
20120820,2106.95703125,2106.95703125,2110.780029296875,2089.01806640625,2102.23095703125,46800,-0.37515321623061704
20120821,2118.26806640625,2118.26806640625,2124.195068359375,2103.071044921875,2106.381103515625,60800,0.5368422321142097
20120822,2107.7109375,2107.7109375,2121.14892578125,2097.60498046875,2118.881103515625,58400,-0.4983849340730817
20120823,2113.072021484375,2113.072021484375,2118.736083984375,2097.0830078125,2106.9599609375,58400,0.254355751018398
20120824,2092.10400390625,2092.10400390625,2109.822021484375,2089.217041015625,2108.360107421875,60200,-0.9923001849882818
20120827,2055.7080078125,2055.7080078125,2085.373046875,2055.3759765625,2085.373046875,60400,-1.7396838792810287
20120828,2073.154052734375,2073.154052734375,2083.9560546875,2052.491943359375,2054.967041015625,54400,0.848663567762209
20120829,2053.235107421875,2053.235107421875,2073.948974609375,2051.77392578125,2066.820068359375,52200,-0.9608039154749726
20120830,2052.5849609375,2052.5849609375,2060.18505859375,2032.5369873046875,2044.032958984375,62000,-0.031664492878813455
20120831,2047.52197265625,2047.52197265625,2059.302001953125,2044.6500244140625,2046.2889404296875,46200,-0.24666400551515144
20120903,2059.14697265625,2059.14697265625,2066.780029296875,2041.1610107421875,2044.823974609375,60600,0.5677594748797254
20120904,2043.6490478515625,2043.6490478515625,2063.81689453125,2039.2659912109375,2060.613037109375,57400,-0.7526381074535737
20120905,2037.6810302734375,2037.6810302734375,2048.319091796875,2029.052978515625,2038.873046875,57600,-0.2920275173664999
20120906,2051.91796875,2051.91796875,2052.949951171875,2036.365966796875,2040.66796875,56000,0.6986833692342875
20120907,2127.761962890625,2127.761962890625,2145.0029296875,2062.989990234375,2062.989990234375,140000,3.6962488411185435
20120910,2134.89306640625,2134.89306640625,2140.16796875,2120.486083984375,2128.06494140625,103600,0.33514573716399987
20120911,2120.553955078125,2120.553955078125,2127.51904296875,2107.218994140625,2127.51904296875,80400,-0.67165477998683
20120912,2126.553955078125,2126.553955078125,2137.889892578125,2109.136962890625,2129.68701171875,84200,0.28294493453617786
20120913,2110.37890625,2110.37890625,2130.0791015625,2109.99609375,2123.840087890625,79000,-0.760622545668288
20120914,2123.846923828125,2123.846923828125,2136.22607421875,2111.1201171875,2127.388916015625,91200,0.6381800698556317
20120917,2078.5,2078.5,2121.5830078125,2077.48388671875,2120.616943359375,76400,-2.13513145977533
20120918,2059.54296875,2059.54296875,2074.761962890625,2053.662109375,2069.343017578125,53800,-0.9120534640365663
20120919,2067.8310546875,2067.8310546875,2069.949951171875,2055.197998046875,2061.06103515625,52200,0.4024235504312079
20120920,2024.8370361328125,2024.8370361328125,2060.305908203125,2023.0849609375,2060.305908203125,67400,-2.0791842958942763
20120921,2026.68994140625,2026.68994140625,2041.947998046875,2018.262939453125,2020.553955078125,60200,0.0915088592500446
20120924,2033.1920166015625,2033.1920166015625,2040.8499755859375,2005.262939453125,2015.7669677734375,57600,0.3208223943126143
20120925,2029.29296875,2029.29296875,2039.095947265625,2021.8089599609375,2028.6319580078125,48200,-0.19176977972201747
20120926,2004.1719970703125,2004.1719970703125,2033.0360107421875,1999.4840087890625,2027.85498046875,50400,-1.237917445461878
20120927,2056.322998046875,2056.322998046875,2068.071044921875,2002.323974609375,2003.0989990234375,76600,2.602122026093401
20120928,2086.1689453125,2086.1689453125,2089.633056640625,2040.3499755859375,2042.885986328125,79400,1.4514231127100707
20121008,2074.4189453125,2074.4189453125,2096.259033203125,2063.089111328125,2084.84912109375,55200,-0.5632333865577599
20121009,2115.22900390625,2115.22900390625,2119.3359375,2081.587890625,2081.587890625,84600,1.9673007077942062
20121010,2119.94189453125,2119.94189453125,2121.991943359375,2102.534912109375,2111.5869140625,79000,0.22280758330641692
20121011,2102.867919921875,2102.867919921875,2117.839111328125,2101.139892578125,2114.23193359375,74400,-0.8053982353676825
20121012,2104.931884765625,2104.931884765625,2127.306884765625,2092.510986328125,2109.070068359375,68200,0.09814999906541111
20121015,2098.702880859375,2098.702880859375,2107.198974609375,2085.114990234375,2105.02392578125,54000,-0.29592425062930916
20121016,2098.80810546875,2098.80810546875,2111.780029296875,2089.695068359375,2097.050048828125,57800,0.005013792582775345
20121017,2105.617919921875,2105.617919921875,2113.162109375,2088.0439453125,2104.280029296875,59800,0.3244610326871289
20121018,2131.68798828125,2131.68798828125,2137.68603515625,2107.491943359375,2108.498046875,87200,1.238119609104693
20121019,2128.302001953125,2128.302001953125,2136.868896484375,2125.736083984375,2129.820068359375,67600,-0.1588406158283595
20121022,2132.758056640625,2132.758056640625,2138.027099609375,2112.751953125,2118.52099609375,60200,0.20937135253411565
20121023,2114.447021484375,2114.447021484375,2136.218017578125,2111.923095703125,2132.10791015625,72600,-0.8585612934029818
20121024,2115.989990234375,2115.989990234375,2123.998046875,2104.669921875,2106.830078125,72800,0.07297268431520898
20121025,2101.580078125,2101.580078125,2128.739990234375,2100.60888671875,2114.763916015625,85400,-0.6810009582218779
20121026,2066.208984375,2066.208984375,2102.162109375,2058.06298828125,2100.10009765625,78600,-1.683071424123772
20121029,2058.943115234375,2058.943115234375,2068.237060546875,2053.092041015625,2061.846923828125,53600,-0.35165218985933056
20121030,2062.346923828125,2062.346923828125,2075.905029296875,2054.263916015625,2059.201904296875,60600,0.1653182435476186
20121031,2068.8798828125,2068.8798828125,2070.47900390625,2053.5830078125,2061.1240234375,59600,0.3167730370139843
20121101,2104.427001953125,2104.427001953125,2109.49609375,2069.947998046875,2070.02001953125,82800,1.718181873966551
20121102,2117.0458984375,2117.0458984375,2119.22412109375,2096.531005859375,2105.448974609375,76600,0.5996357427776378
20121105,2114.027099609375,2114.027099609375,2123.326904296875,2104.5830078125,2113.327880859375,71600,-0.14259486912178154
20121106,2105.9990234375,2105.9990234375,2114.791015625,2078.471923828125,2113.657958984375,71400,-0.37975275593006286
20121107,2105.72998046875,2105.72998046875,2112.631103515625,2093.2890625,2102.4189453125,59400,-0.012775075665083513
20121108,2071.509033203125,2071.509033203125,2092.56494140625,2070.64892578125,2091.25390625,66600,-1.6251346365884545
20121109,2069.06689453125,2069.06689453125,2077.22802734375,2062.4169921875,2066.4951171875,54200,-0.11789177033415532
20121112,2079.27294921875,2079.27294921875,2079.571044921875,2061.840087890625,2069.214111328125,56600,0.4932684735556636
20121113,2047.8890380859375,2047.8890380859375,2078.133056640625,2044.0360107421875,2078.133056640625,61000,-1.5093694718918194
20121114,2055.4189453125,2055.4189453125,2056.488037109375,2040.1719970703125,2047.2569580078125,48000,0.36769117303350196
20121115,2030.2900390625,2030.2900390625,2053.56005859375,2029.8740234375,2045.4560546875,50600,-1.2225685818118892
20121116,2014.7249755859375,2014.7249755859375,2028.68603515625,2001.7149658203125,2026.56298828125,49600,-0.7666423603077788
20121119,2016.9820556640625,2016.9820556640625,2018.3800048828125,1995.720947265625,2013.2459716796875,45400,0.11202919035977477
20121120,2008.9229736328125,2008.9229736328125,2023.6109619140625,2004.1700439453125,2020.4329833984375,42600,-0.3995614144716164
20121121,2030.3189697265625,2030.3189697265625,2031.1490478515625,1995.1739501953125,2008.2110595703125,53200,1.065048106601063
20121122,2015.6109619140625,2015.6109619140625,2023.0849609375,2009.719970703125,2021.208984375,45600,-0.724418578154784
20121123,2027.384033203125,2027.384033203125,2034.884033203125,2017.0040283203125,2020.0150146484375,51600,0.5840944265297354
20121126,2017.4639892578125,2017.4639892578125,2027.2740478515625,2014.029052734375,2023.3389892578125,44800,-0.4893026571605952
20121127,1991.1650390625,1991.1650390625,2014.2099609375,1990.3360595703125,2012.074951171875,56600,-1.3035647890293878
20121128,1973.52294921875,1973.52294921875,1984.863037109375,1968.2130126953125,1984.47998046875,50600,-0.8860184614358446
20121129,1963.488037109375,1963.488037109375,1980.5560302734375,1961.822021484375,1972.925048828125,49600,-0.5084770923665993
20121130,1980.116943359375,1980.116943359375,1983.4189453125,1959.333984375,1961.81494140625,56800,0.846906420396687
20121203,1959.7669677734375,1959.7669677734375,1988.1910400390625,1957.884033203125,1977.2540283203125,61600,-1.0277158454799484
20121204,1975.1429443359375,1975.1429443359375,1980.1190185546875,1949.45703125,1956.615966796875,62400,0.7845818822004746
20121205,2031.906982421875,2031.906982421875,2040.60400390625,1970.2020263671875,1973.1070556640625,120000,2.8739205052838335
20121206,2029.237060546875,2029.237060546875,2036.6090087890625,2018.3790283203125,2029.56201171875,81400,-0.1313998080668899
20121207,2061.785888671875,2061.785888671875,2065.743896484375,2023.9610595703125,2028.7659912109375,115200,1.6039933804593565
20121210,2083.77001953125,2083.77001953125,2087.007080078125,2064.614990234375,2067.323974609375,115400,1.0662664333946026
20121211,2074.7041015625,2074.7041015625,2088.635009765625,2070.19189453125,2077.556884765625,93400,-0.435072867148234
20121212,2082.72607421875,2082.72607421875,2085.93408203125,2066.39111328125,2073.27099609375,78600,0.38665622968636626
20121213,2061.47607421875,2061.47607421875,2081.363037109375,2059.471923828125,2077.4169921875,72200,-1.0202974007501697
20121214,2150.625,2150.625,2152.49609375,2062.5419921875,2062.68896484375,160800,4.324519061664844
20121217,2160.342041015625,2160.342041015625,2169.570068359375,2151.93603515625,2152.096923828125,144200,0.45182405187444985
20121218,2162.464111328125,2162.464111328125,2183.712890625,2144.73291015625,2155.85791015625,126000,0.09822844124731667
20121219,2162.239013671875,2162.239013671875,2175.39501953125,2154.287109375,2158.669921875,94400,-0.010409312925507841
20121220,2168.35302734375,2168.35302734375,2174.819091796875,2142.950927734375,2156.193115234375,99400,0.2827630818432292
20121221,2153.31005859375,2153.31005859375,2190.39794921875,2148.169921875,2169.570068359375,103400,-0.6937509049634638
20121224,2159.052978515625,2159.052978515625,2170.39404296875,2149.823974609375,2150.654052734375,78400,0.26670195028140053
20121225,2213.611083984375,2213.611083984375,2220.262939453125,2146.862060546875,2154.320068359375,143400,2.5269461199724397
20121226,2219.132080078125,2219.132080078125,2220.47509765625,2206.787109375,2211.593994140625,121800,0.2494112960354622
20121227,2205.89697265625,2205.89697265625,2234.72412109375,2204.7900390625,2223.655029296875,129000,-0.5964091790971349
20121228,2233.251953125,2233.251953125,2234.868896484375,2204.0029296875,2207.9130859375,116000,1.240084229129268
20121231,2269.1279296875,2269.1279296875,2269.511962890625,2236.4609375,2236.4609375,128000,1.6064455473686623
20130104,2276.991943359375,2276.991943359375,2296.113037109375,2256.56005859375,2289.510009765625,139400,0.34656546107376673
20130107,2285.364013671875,2285.364013671875,2293.31689453125,2266.862060546875,2271.6630859375,118200,0.3676811565766158
20130108,2276.070068359375,2276.070068359375,2289.138916015625,2262.97900390625,2284.654052734375,123000,-0.4066724275389011
20130109,2275.340087890625,2275.340087890625,2283.89599609375,2259.051025390625,2271.299072265625,122000,-0.03207196820949054
20130110,2283.656982421875,2283.656982421875,2295.48388671875,2268.64794921875,2274.376953125,120000,0.36552313983797546
20130111,2242.9970703125,2242.9970703125,2290.205078125,2234.947021484375,2285.18505859375,125000,-1.7804737060928555
20130114,2311.739990234375,2311.739990234375,2317.616943359375,2235.10693359375,2236.2880859375,144800,3.0647797463372317
20130115,2325.681884765625,2325.681884765625,2332.782958984375,2309.322998046875,2312.468017578125,165600,0.6030909440571053
20130116,2309.4990234375,2309.4990234375,2326.763916015625,2279.507080078125,2322.157958984375,153600,-0.695832969854171
20130117,2284.908935546875,2284.908935546875,2305.60205078125,2275.876953125,2305.139892578125,119200,-1.064736881941808
20130118,2317.070068359375,2317.070068359375,2324.509033203125,2285.971923828125,2295.80908203125,125400,1.4075454961097744
20130121,2328.220947265625,2328.220947265625,2329.5810546875,2305.09912109375,2321.489990234375,134600,0.48124910241258423
20130122,2315.138916015625,2315.138916015625,2335.805908203125,2301.301025390625,2326.489990234375,149400,-0.5618895949443314
20130123,2320.910888671875,2320.910888671875,2325.117919921875,2296.490966796875,2308.52099609375,118200,0.24931431182468877
20130124,2302.597900390625,2302.597900390625,2362.943115234375,2287.2958984375,2320.258056640625,161000,-0.7890431455440106
20130125,2291.303955078125,2291.303955078125,2308.3798828125,2288.261962890625,2300.0009765625,92600,-0.490487084635316
20130128,2346.5048828125,2346.5048828125,2346.9208984375,2295.35205078125,2295.35205078125,128400,2.409149061696314
20130129,2358.97705078125,2358.97705078125,2363.797119140625,2337.35302734375,2347.215087890625,141800,0.5315210746035692
20130130,2382.47509765625,2382.47509765625,2383.762939453125,2347.889892578125,2360.748046875,149800,0.9961117200024461
20130131,2385.422119140625,2385.422119140625,2391.821044921875,2371.22607421875,2383.426025390625,139800,0.12369579381015239
20130201,2419.02001953125,2419.02001953125,2421.154052734375,2369.570068359375,2377.4140625,140800,1.4084677139964308
20130204,2428.154052734375,2428.154052734375,2440.3759765625,2417.5849609375,2425.9208984375,167600,0.37759229478782075
20130205,2433.1298828125,2433.1298828125,2437.4150390625,2403.302001953125,2411.0009765625,150800,0.20492233894804368
20130206,2434.47705078125,2434.47705078125,2441.72607421875,2427.698974609375,2432.677001953125,116600,0.05536769649110429
20130207,2418.530029296875,2418.530029296875,2433.89306640625,2394.218017578125,2430.68798828125,120000,-0.65504916052741
20130208,2432.402099609375,2432.402099609375,2443.031982421875,2414.39697265625,2416.618896484375,109000,0.5735744499535178
20130218,2421.55810546875,2421.55810546875,2444.803955078125,2415.428955078125,2441.906005859375,116200,-0.44581420737823674
20130219,2382.9140625,2382.9140625,2427.074951171875,2373.534912109375,2420.264892578125,123400,-1.5958338097061486
20130220,2397.177978515625,2397.177978515625,2397.94091796875,2370.60791015625,2383.492919921875,110200,0.5985912895515977
20130221,2325.950927734375,2325.950927734375,2378.822021484375,2309.1708984375,2378.822021484375,144000,-2.971287548092494
20130222,2314.1640625,2314.1640625,2330.87890625,2308.760009765625,2322.93994140625,97000,-0.5067546823034674
20130225,2325.819091796875,2325.819091796875,2338.780029296875,2315.011962890625,2320.617919921875,88400,0.5036388510970102
20130226,2293.341064453125,2293.341064453125,2340.7080078125,2289.885986328125,2313.739990234375,117600,-1.396412449201212
20130227,2313.219970703125,2313.219970703125,2324.626953125,2292.033935546875,2297.76708984375,97800,0.8668098504022614
20130228,2365.593017578125,2365.593017578125,2366.1640625,2308.916015625,2322.322998046875,127000,2.264075511118846
20130301,2359.506103515625,2359.506103515625,2369.64892578125,2330.85791015625,2364.5439453125,120400,-0.2573102819153461
20130304,2273.404052734375,2273.404052734375,2333.5400390625,2259.2470703125,2332.080078125,161800,-3.6491556708821093
20130305,2326.305908203125,2326.305908203125,2328.14306640625,2270.10009765625,2274.80810546875,131200,2.326988702475541
20130306,2347.178955078125,2347.178955078125,2351.44091796875,2321.60009765625,2333.614990234375,141400,0.8972614823096414
20130307,2324.29296875,2324.29296875,2352.02099609375,2304.27001953125,2340.43603515625,139800,-0.9750422428852823
20130308,2318.611083984375,2318.611083984375,2333.6669921875,2314.5869140625,2326.4169921875,98800,-0.2444564795409887
20130311,2310.593017578125,2310.593017578125,2320.9599609375,2296.5830078125,2314.68310546875,84200,-0.34581333892665933
20130312,2286.60498046875,2286.60498046875,2333.285888671875,2264.8291015625,2309.157958984375,117600,-1.0381766467258857
20130313,2263.968017578125,2263.968017578125,2286.3291015625,2253.2490234375,2282.169921875,91000,-0.9899813515662159
20130314,2270.277099609375,2270.277099609375,2276.220947265625,2253.31005859375,2255.77490234375,80200,0.27867363771327813
20130315,2278.40087890625,2278.40087890625,2312.077880859375,2250.0048828125,2269.31494140625,116400,0.3578320592791506
20130318,2240.01611328125,2240.01611328125,2276.050048828125,2239.214111328125,2267.287109375,93200,-1.6847239649690926
20130319,2257.43408203125,2257.43408203125,2261.31396484375,2232.02294921875,2244.264892578125,87600,0.7775822971418433
20130320,2317.375,2317.375,2317.860107421875,2257.419921875,2257.737060546875,131200,2.6552676973324862
20130321,2324.241943359375,2324.241943359375,2330.81298828125,2311.60302734375,2318.205078125,119200,0.29632421853929003
20130322,2328.278076171875,2328.278076171875,2331.9951171875,2314.967041015625,2321.403076171875,101200,0.17365372929576406
20130325,2326.715087890625,2326.715087890625,2344.89404296875,2319.907958984375,2334.735107421875,97000,-0.0671306532173288
20130326,2297.6689453125,2297.6689453125,2319.988037109375,2281.117919921875,2318.577880859375,104400,-1.2483755630113613
20130327,2301.260009765625,2301.260009765625,2323.47705078125,2288.9951171875,2299.376953125,96400,0.15629163898702725
20130328,2236.302001953125,2236.302001953125,2273.552001953125,2232.906005859375,2273.552001953125,127600,-2.822714840428475
20130329,2236.62109375,2236.62109375,2246.867919921875,2228.81298828125,2238.485107421875,85600,0.014268725628130419
20130401,2234.39501953125,2234.39501953125,2243.947998046875,2227.31396484375,2229.4599609375,77400,-0.09952844605509714
20130402,2227.739990234375,2227.739990234375,2253.4208984375,2220.43896484375,2234.90087890625,89800,-0.2978447964080755
20130403,2225.294921875,2225.294921875,2241.340087890625,2217.251953125,2232.694091796875,81800,-0.10975555361457667
20130408,2211.592041015625,2211.592041015625,2212.5859375,2180.673095703125,2196.238037109375,86200,-0.6157781930239192
20130409,2225.77392578125,2225.77392578125,2234.72509765625,2215.467041015625,2215.467041015625,82800,0.6412522971059431
20130410,2226.1259765625,2226.1259765625,2233.0400390625,2212.56103515625,2224.93408203125,80600,0.015817005364837655
20130411,2219.552978515625,2219.552978515625,2242.47900390625,2217.264892578125,2236.98291015625,73600,-0.29526622105299216
20130412,2206.780029296875,2206.780029296875,2226.261962890625,2204.43798828125,2218.093994140625,66800,-0.5754739509435947
20130415,2181.94091796875,2181.94091796875,2204.987060546875,2177.387939453125,2199.9140625,71600,-1.1255816618949255
20130416,2194.844970703125,2194.844970703125,2196.431884765625,2165.783935546875,2169.6298828125,80000,0.5914024815295127
20130417,2193.7958984375,2193.7958984375,2197.508056640625,2178.468994140625,2195.031982421875,68400,-0.047797100917290614
20130418,2197.60205078125,2197.60205078125,2206.027099609375,2175.444091796875,2181.822021484375,71600,0.17349619198672173
20130419,2244.64306640625,2244.64306640625,2250.110107421875,2200.5830078125,2201.1220703125,109600,2.1405611451935425
20130422,2242.1689453125,2242.1689453125,2245.118896484375,2232.258056640625,2236.402099609375,95200,-0.11022336382912057
20130423,2184.5380859375,2184.5380859375,2242.615966796875,2182.805908203125,2242.615966796875,96600,-2.570317437295866
20130424,2218.318115234375,2218.318115234375,2226.115966796875,2184.10888671875,2187.34912109375,91600,1.54632366056362
20130425,2199.306884765625,2199.306884765625,2224.6298828125,2191.847900390625,2213.18505859375,96800,-0.8570110092952721
20130426,2177.912109375,2177.912109375,2210.5810546875,2173.864013671875,2203.888916015625,76600,-0.9727962722630656
20130502,2174.123046875,2174.123046875,2179.64697265625,2161.139892578125,2170.782958984375,68400,-0.1739768323840818
20130503,2205.4970703125,2205.4970703125,2222.81103515625,2179.049072265625,2179.049072265625,88600,1.4430656757259408
20130506,2231.166015625,2231.166015625,2236.06591796875,2212.4951171875,2212.4951171875,92200,1.1638621360246404
20130507,2235.574951171875,2235.574951171875,2240.256103515625,2219.43505859375,2227.861083984375,86400,0.19760679017155613
20130508,2246.300048828125,2246.300048828125,2255.2080078125,2235.4169921875,2242.39306640625,90400,0.4797467269271438
20130509,2232.970947265625,2232.970947265625,2247.864013671875,2221.384033203125,2246.962890625,98600,-0.5933802819197531
20130510,2246.8310546875,2246.8310546875,2247.674072265625,2225.81201171875,2228.819091796875,90400,0.6207025415555512
20130513,2241.919921875,2241.919921875,2250.85400390625,2231.363037109375,2247.677978515625,86200,-0.2185804225134813
20130514,2217.010009765625,2217.010009765625,2239.926025390625,2205.873046875,2238.904052734375,83200,-1.1110973173627858
20130515,2224.797119140625,2224.797119140625,2225.18603515625,2213.58203125,2217.0859375,71800,0.35124376257658074
20130516,2251.804931640625,2251.804931640625,2252.8720703125,2210.77001953125,2221.3369140625,110200,1.21394496008842
20130517,2282.8701171875,2282.8701171875,2288.091064453125,2248.4130859375,2249.81103515625,126200,1.3795682348133775
20130520,2299.986083984375,2299.986083984375,2309.39208984375,2281.89892578125,2286.327880859375,139200,0.7497564871523199
20130521,2305.114013671875,2305.114013671875,2305.301025390625,2290.1240234375,2297.110107421875,124200,0.22295481364897896
20130522,2302.403076171875,2302.403076171875,2314.18310546875,2292.430908203125,2303.75,128400,-0.11760535417862927
20130523,2275.6669921875,2275.6669921875,2304.952880859375,2274.10205078125,2293.80908203125,124000,-1.1612251677854846
20130524,2288.531982421875,2288.531982421875,2292.594970703125,2270.25,2281.445068359375,101400,0.5653283313657553
20130527,2293.076904296875,2293.076904296875,2301.701904296875,2283.93505859375,2286.660888671875,107400,0.19859551493750516
20130528,2321.318115234375,2321.318115234375,2322.09912109375,2281.468017578125,2293.39990234375,132600,1.231585861101303
20130529,2324.01708984375,2324.01708984375,2334.3349609375,2321.166015625,2323.5390625,125200,0.11626905384756192
20130530,2317.7490234375,2317.7490234375,2325.720947265625,2310.491943359375,2316.2529296875,112000,-0.26970827510874873
20130531,2300.594970703125,2300.594970703125,2325.533935546875,2299.368896484375,2320.739013671875,108200,-0.7401169221045945
20130603,2299.251953125,2299.251953125,2313.425048828125,2294.113037109375,2300.208984375,96800,-0.05837696749004806
20130604,2272.4169921875,2272.4169921875,2297.10009765625,2264.760986328125,2297.10009765625,101800,-1.1671170226050132
20130605,2270.929931640625,2270.929931640625,2276.864990234375,2260.87109375,2270.7119140625,76400,-0.06543959810138
20130606,2242.110107421875,2242.110107421875,2266.69189453125,2240.070068359375,2264.425048828125,81600,-1.2690758890094522
20130607,2210.89794921875,2210.89794921875,2250.62890625,2205.06591796875,2242.262939453125,90000,-1.3920885553214357
20130613,2148.35498046875,2148.35498046875,2190.10107421875,2126.216064453125,2190.10107421875,94400,-2.8288491909859714
20130614,2162.041015625,2162.041015625,2163.845947265625,2142.780029296875,2150.06005859375,77800,0.6370471956763879
20130617,2156.215087890625,2156.215087890625,2169.35595703125,2147.029052734375,2165.993896484375,75800,-0.26946425587077716
20130618,2159.291015625,2159.291015625,2161.680908203125,2138.346923828125,2158.5458984375,69600,0.14265403074347205
20130619,2143.4541015625,2143.4541015625,2150.81591796875,2115.7919921875,2150.81591796875,75400,-0.7334312025521927
20130620,2084.02099609375,2084.02099609375,2132.81298828125,2082.824951171875,2132.81298828125,77800,-2.772772480895458
20130621,2073.094970703125,2073.094970703125,2085.860107421875,2042.8790283203125,2058.97900390625,79600,-0.5242761666559237
20130624,1963.2349853515625,1963.2349853515625,2068.862060546875,1958.4010009765625,2068.862060546875,109200,-5.299322361208647
20130625,1959.508056640625,1959.508056640625,1963.5660400390625,1849.6529541015625,1948.31494140625,138200,-0.18983609902765153
20130626,1951.4949951171875,1951.4949951171875,1959.157958984375,1922.823974609375,1954.4739990234375,101200,-0.4089323081005847
20130627,1950.011962890625,1950.011962890625,1980.5400390625,1942.3709716796875,1955.1259765625,105800,-0.07599467230370305
20130628,1979.2060546875,1979.2060546875,1987.9840087890625,1925.6510009765625,1935.5159912109375,100800,1.497123728082106
20130701,1995.241943359375,1995.241943359375,1995.916015625,1957.571044921875,1965.987060546875,78000,0.8102182505907329
20130702,2006.56005859375,2006.56005859375,2007.6199951171875,1978.427978515625,1992.8900146484375,86400,0.5672552780901841
20130703,1994.2679443359375,1994.2679443359375,1996.5369873046875,1965.51904296875,1996.5059814453125,93400,-0.6125963788209288
20130704,2006.0980224609375,2006.0980224609375,2022.135986328125,1974.10302734375,1982.8699951171875,100400,0.5932040455546295
20130705,2007.198974609375,2007.198974609375,2021.541015625,2002.366943359375,2006.1910400390625,91400,0.05488027684146246
20130708,1958.27294921875,1958.27294921875,1983.2139892578125,1953.1209716796875,1983.2139892578125,84200,-2.437527420526242
20130709,1965.4539794921875,1965.4539794921875,1969.1490478515625,1946.365966796875,1953.60205078125,64600,0.36670221463777075
20130710,2008.1259765625,2008.1259765625,2009.3599853515625,1960.2769775390625,1962.8399658203125,89800,2.1711013086827657
20130711,2072.990966796875,2072.990966796875,2092.867919921875,2010.4000244140625,2011.02001953125,160000,3.2301255494643133
20130712,2039.4859619140625,2039.4859619140625,2074.85693359375,2036.050048828125,2068.0439453125,121200,-1.6162639113948218
20130715,2059.389892578125,2059.389892578125,2076.6650390625,2037.248046875,2046.1190185546875,101400,0.9759287896927926
20130716,2065.719970703125,2065.719970703125,2066.363037109375,2038.5350341796875,2054.60009765625,96800,0.3073763811220598
20130717,2044.9219970703125,2044.9219970703125,2075.81298828125,2043.23095703125,2061.18603515625,103200,-1.0068147632679048
20130718,2023.39599609375,2023.39599609375,2043.3719482421875,2016.8990478515625,2038.4000244140625,92200,-1.052656336398261
20130719,1992.64794921875,1992.64794921875,2035.219970703125,1990.2530517578125,2025.3170166015625,104600,-1.5196257645246125
20130722,2004.761962890625,2004.761962890625,2005.4739990234375,1970.6390380859375,1977.7330322265625,83000,0.6079354698166561
20130723,2043.8759765625,2043.8759765625,2051.52587890625,2005.092041015625,2008.9549560546875,109600,1.9510552572275186
20130724,2033.3289794921875,2033.3289794921875,2042.77294921875,2010.4239501953125,2035.6910400390625,106600,-0.5160292107376785
20130725,2021.1739501953125,2021.1739501953125,2045.364990234375,2016.4310302734375,2037.3360595703125,98600,-0.5977896060828658
20130726,2010.8499755859375,2010.8499755859375,2021.573974609375,2000.7969970703125,2013.18994140625,73800,-0.5107909988834591
20130729,1976.3060302734375,1976.3060302734375,1997.8380126953125,1969.85302734375,1997.8380126953125,78700,-1.7178777995327188
20130730,1990.06396484375,1990.06396484375,2006.2320556640625,1965.3609619140625,1981.4520263671875,77200,0.6961439351783394
20130731,1993.7989501953125,1993.7989501953125,2015.4720458984375,1987.8800048828125,2000.7939453125,70200,0.18768167343081732
20130801,2029.0670166015625,2029.0670166015625,2029.927978515625,1997.0579833984375,2000.8179931640625,91200,1.7688878009889164
20130802,2029.41796875,2029.41796875,2047.083984375,2025.654052734375,2039.5140380859375,93600,0.017296232483499097
20130805,2050.48095703125,2050.48095703125,2050.910888671875,2025.2259521484375,2031.7239990234375,85500,1.0378832061994414
20130806,2060.5,2060.5,2066.739990234375,2034.95703125,2043.6529541015625,105600,0.48861916685418727
20130807,2046.7779541015625,2046.7779541015625,2069.56103515625,2043.75,2056.366943359375,107700,-0.6659570928627789
20130808,2044.89501953125,2044.89501953125,2058.56103515625,2037.2509765625,2044.43603515625,84100,-0.09199505821035903
20130809,2052.235107421875,2052.235107421875,2061.7080078125,2030.126953125,2052.243896484375,95300,0.35894692981879306
20130812,2101.282958984375,2101.282958984375,2102.346923828125,2055.715087890625,2058.416015625,135100,2.38997234698497
20130813,2106.156005859375,2106.156005859375,2106.39599609375,2093.7958984375,2101.323974609375,117700,0.23190817087077598
20130814,2100.136962890625,2100.136962890625,2122.965087890625,2093.04296875,2109.22509765625,114400,-0.2857833395059517
20130815,2081.8798828125,2081.8798828125,2108.405029296875,2079.968994140625,2099.279052734375,99400,-0.8693280676797421
20130816,2068.451904296875,2068.451904296875,2198.847900390625,2061.654052734375,2075.98291015625,153100,-0.6449929521142539
20130819,2085.60205078125,2085.60205078125,2091.132080078125,2052.702880859375,2055.1279296875,97400,0.829129575057963
20130820,2072.594970703125,2072.594970703125,2098.97998046875,2066.072021484375,2081.965087890625,107400,-0.6236606870065442
20130821,2072.9609375,2072.9609375,2076.31689453125,2056.9130859375,2076.27099609375,87400,0.0176574199034496
20130822,2067.1240234375,2067.1240234375,2083.3330078125,2062.366943359375,2069.31298828125,90900,-0.2815737603593882
20130823,2057.4580078125,2057.4580078125,2079.845947265625,2029.364990234375,2075.928955078125,112400,-0.46760695127164853
20130826,2096.47412109375,2096.47412109375,2097.343017578125,2056.133056640625,2061.4169921875,119900,1.896326104012802
20130827,2103.56591796875,2103.56591796875,2105.375,2090.425048828125,2095.43994140625,126400,0.33827256934133576
20130828,2101.301025390625,2101.301025390625,2113.81591796875,2080.861083984375,2092.31103515625,161400,-0.10766919918117068
20130829,2097.22705078125,2097.22705078125,2110.89404296875,2088.236083984375,2108.43603515625,133200,-0.1938786761224609
20130830,2098.382080078125,2098.382080078125,2114.39306640625,2089.094970703125,2097.217041015625,170000,0.05507411781879856
20130902,2098.447998046875,2098.447998046875,2108.68310546875,2078.455078125,2104.090087890625,149200,0.003141371124715242
20130903,2123.112060546875,2123.112060546875,2123.845947265625,2095.455078125,2100.448974609375,138800,1.1753478057572098
20130904,2127.617919921875,2127.617919921875,2132.99609375,2115.7529296875,2121.679931640625,142000,0.21222899434896192
20130905,2122.429931640625,2122.429931640625,2127.85498046875,2115.236083984375,2125.2548828125,126500,-0.24384022303405306
20130906,2139.992919921875,2139.992919921875,2143.243896484375,2119.02099609375,2119.3330078125,143200,0.8274943742276442
20130909,2212.51611328125,2212.51611328125,2218.529052734375,2151.346923828125,2151.346923828125,219400,3.388945481278638
20130910,2237.98388671875,2237.98388671875,2238.551025390625,2202.81591796875,2214.81396484375,237200,1.1510774219732234
20130911,2241.26806640625,2241.26806640625,2258.074951171875,2233.0029296875,2244.9619140625,244300,0.14674724456194
20130912,2255.60400390625,2255.60400390625,2270.26806640625,2226.2880859375,2236.1708984375,209700,0.6396351116975785
20130913,2236.217041015625,2236.217041015625,2259.424072265625,2228.48291015625,2251.4619140625,172000,-0.8595020605146386
20130916,2231.40087890625,2231.40087890625,2248.470947265625,2226.1708984375,2244.462890625,154800,-0.21537096002038902
20130917,2185.56005859375,2185.56005859375,2230.927978515625,2184.922119140625,2230.387939453125,154500,-2.0543516293212827
20130918,2191.85107421875,2191.85107421875,2195.904052734375,2172.04296875,2185.93603515625,115100,0.28784455500379114
20130923,2221.0439453125,2221.0439453125,2223.068115234375,2198.3359375,2199.361083984375,133200,1.3318820533532616
20130924,2207.531005859375,2207.531005859375,2219.54296875,2187.236083984375,2219.467041015625,160400,-0.6084048666233688
20130925,2198.514892578125,2198.514892578125,2217.97412109375,2193.721923828125,2206.22509765625,160200,-0.40842521610426896
20130926,2155.80908203125,2155.80908203125,2192.22607421875,2154.720947265625,2192.22607421875,140400,-1.9424844785470352
20130927,2160.027099609375,2160.027099609375,2165.777099609375,2149.593994140625,2150.9609375,105400,0.19565821543672257
20130930,2174.6650390625,2174.6650390625,2176.302978515625,2165.162109375,2167.73388671875,92800,0.6776738799143756
20131008,2198.198974609375,2198.198974609375,2200.01806640625,2161.489013671875,2171.904052734375,126700,1.0821866873355512
20131009,2211.76904296875,2211.76904296875,2212.346923828125,2185.180908203125,2191.39208984375,130900,0.6173266622411466
20131010,2190.928955078125,2190.928955078125,2214.592041015625,2186.47998046875,2214.405029296875,149800,-0.9422361686847847
20131011,2228.14599609375,2228.14599609375,2228.87109375,2200.530029296875,2201.408935546875,156900,1.6986877155173552
20131014,2237.77294921875,2237.77294921875,2242.98388671875,2226.403076171875,2232.218017578125,166000,0.4320611459876167
20131015,2233.412109375,2233.412109375,2240.25,2221.138916015625,2237.930908203125,153700,-0.19487409771721254
20131016,2193.073974609375,2193.073974609375,2228.113037109375,2183.403076171875,2228.113037109375,154600,-1.8061214317009022
20131017,2188.5419921875,2188.5419921875,2211.030029296875,2183.24609375,2201.7099609375,126800,-0.206649774441936
20131018,2193.780029296875,2193.780029296875,2203.291015625,2184.360107421875,2188.714111328125,103700,0.23933911837530353
20131021,2229.237060546875,2229.237060546875,2230.284912109375,2190.39404296875,2198.114013671875,136700,1.6162528045879032
20131022,2210.652099609375,2210.652099609375,2227.341064453125,2204.243896484375,2227.341064453125,149100,-0.8336915470506634
20131023,2183.10693359375,2183.10693359375,2226.846923828125,2177.72509765625,2213.27392578125,146300,-1.246019942282739
20131024,2164.322021484375,2164.322021484375,2183.412109375,2159.87109375,2178.820068359375,103000,-0.8604668795793691
20131025,2132.955078125,2132.955078125,2170.612060546875,2122.677978515625,2163.68896484375,113900,-1.4492734005387198
20131028,2133.868896484375,2133.868896484375,2140.95703125,2123.069091796875,2135.87890625,88400,0.04284283193523031
20131029,2128.864013671875,2128.864013671875,2163.656982421875,2093.197021484375,2135.22607421875,143100,-0.2345450004330507
20131030,2160.462890625,2160.462890625,2161.93505859375,2121.841064453125,2126.68994140625,119600,1.4843069707690226
20131031,2141.614013671875,2141.614013671875,2155.510986328125,2137.466064453125,2155.510986328125,108100,-0.8724462259878107
20131101,2149.56201171875,2149.56201171875,2157.31298828125,2132.62890625,2139.8798828125,89100,0.3711218733224442
20131104,2149.634033203125,2149.634033203125,2160.577880859375,2143.20703125,2156.0869140625,76100,0.003350519035150157
20131105,2157.239990234375,2157.239990234375,2158.14794921875,2124.844970703125,2139.8369140625,91900,0.3538256704987308
20131106,2139.60693359375,2139.60693359375,2166.1708984375,2138.780029296875,2149.389892578125,100500,-0.8173896608837272
20131107,2129.39990234375,2129.39990234375,2141.60009765625,2119.18603515625,2136.626953125,81800,-0.47705169999874286
20131108,2106.126953125,2106.126953125,2128.5810546875,2103.510009765625,2120.923095703125,83100,-1.0929346429073394
20131111,2109.470947265625,2109.470947265625,2117.280029296875,2093.6259765625,2103.299072265625,69700,0.15877457603699074
20131112,2126.77197265625,2126.77197265625,2127.93798828125,2108.39599609375,2110.72412109375,79400,0.8201594533952417
20131113,2087.94091796875,2087.94091796875,2117.912109375,2086.006103515625,2117.885986328125,88300,-1.825821253371207
20131114,2100.506103515625,2100.506103515625,2102.3798828125,2078.988037109375,2087.118896484375,83800,0.6017979454657763
20131115,2135.826904296875,2135.826904296875,2153.212890625,2100.785888671875,2100.89990234375,125900,1.6815376409586857
20131118,2197.218994140625,2197.218994140625,2198.31591796875,2143.76806640625,2147.373046875,157500,2.8743944427444434
20131119,2193.125,2193.125,2203.2958984375,2186.114013671875,2198.318115234375,125000,-0.18632617647774685
20131120,2206.613037109375,2206.613037109375,2207.10498046875,2186.64208984375,2201.47412109375,119000,0.6150145162439502
20131121,2205.76611328125,2205.76611328125,2206.531005859375,2177.735107421875,2197.008056640625,137200,-0.03838116669674374
20131122,2196.3779296875,2196.3779296875,2211.06591796875,2188.76708984375,2206.469970703125,113800,-0.42562008443335353
20131125,2186.114990234375,2186.114990234375,2209.14794921875,2181.41796875,2186.05810546875,108300,-0.46726655346537305
20131126,2183.072998046875,2183.072998046875,2192.5791015625,2176.177001953125,2184.33203125,100500,-0.13915060283146152
20131127,2201.070068359375,2201.070068359375,2207.616943359375,2176.846923828125,2181.72509765625,115400,0.8243915951780645
20131128,2219.3720703125,2219.3720703125,2234.386962890625,2202.623046875,2204.3779296875,134500,0.8315047401815212
20131129,2220.50390625,2220.50390625,2224.944091796875,2212.262939453125,2221.617919921875,107000,0.050998025641568745
20131202,2207.37109375,2207.37109375,2231.9208984375,2172.633056640625,2203.1220703125,174300,-0.5914338841303213
20131203,2222.669921875,2222.669921875,2227.925048828125,2193.2509765625,2196.823974609375,113500,0.6930791187905516
20131204,2251.761962890625,2251.761962890625,2260.87109375,2215.916015625,2219.965087890625,157300,1.3088781527705873
20131205,2247.06298828125,2247.06298828125,2255.260986328125,2239.14404296875,2252.722900390625,122000,-0.20867989986573798
20131206,2237.10791015625,2237.10791015625,2248.14697265625,2228.632080078125,2242.56298828125,103700,-0.4430262158611975
20131209,2238.199951171875,2238.199951171875,2249.1689453125,2231.73388671875,2241.79296875,93300,0.048814856479073576
20131210,2237.491943359375,2237.491943359375,2250.50390625,2231.679931640625,2239.864013671875,109000,-0.031632911622991866
20131211,2204.166015625,2204.166015625,2228.633056640625,2193.159912109375,2228.633056640625,109400,-1.489432300897553
20131212,2202.7958984375,2202.7958984375,2214.548095703125,2194.90087890625,2199.31689453125,86100,-0.06216034444717078
20131213,2196.074951171875,2196.074951171875,2204.636962890625,2183.842041015625,2188.259033203125,85100,-0.3051098501859584
20131216,2160.861083984375,2160.861083984375,2201.696044921875,2159.987060546875,2197.23388671875,101400,-1.6034911362523885
20131217,2151.0791015625,2151.0791015625,2165.54296875,2146.31396484375,2161.535888671875,78600,-0.4526890920650062
20131218,2148.284912109375,2148.284912109375,2156.593017578125,2142.6240234375,2150.412109375,64200,-0.12989710378830122
20131219,2127.7919921875,2127.7919921875,2159.14208984375,2126.24609375,2153.674072265625,73100,-0.9539200227288824
20131220,2084.7939453125,2084.7939453125,2131.737060546875,2082.85498046875,2128.3740234375,86800,-2.0207824370461758
20131223,2089.70703125,2089.70703125,2099.52197265625,2068.54296875,2089.5390625,68100,0.23566290321144212
20131224,2092.905029296875,2092.905029296875,2111.804931640625,2079.81005859375,2094.072998046875,70300,0.15303571261671145
20131225,2106.35400390625,2106.35400390625,2107.23193359375,2088.297119140625,2095.01904296875,65200,0.6425984180416178
20131226,2073.09912109375,2073.09912109375,2102.659912109375,2070.5458984375,2102.659912109375,78500,-1.5787888812055617
20131227,2101.2509765625,2101.2509765625,2110.35693359375,2069.590087890625,2074.592041015625,76800,1.3579599345880489
20131230,2097.529052734375,2097.529052734375,2112.009033203125,2095.06298828125,2108.883056640625,74100,-0.17712895173587206
20131231,2115.97802734375,2115.97802734375,2120.27392578125,2087.4150390625,2090.678955078125,80500,0.8795575243796705
20140102,2109.386962890625,2109.386962890625,2113.110107421875,2101.01611328125,2112.1259765625,68500,-0.3114902124668584
20140103,2083.135009765625,2083.135009765625,2102.1669921875,2075.89892578125,2101.5419921875,84500,-1.2445299789387798
20140106,2045.708984375,2045.708984375,2078.68408203125,2034.0059814453125,2078.68408203125,89600,-1.7966202485760085
20140107,2047.3170166015625,2047.3170166015625,2052.279052734375,2029.2459716796875,2034.2239990234375,63400,0.07860513097632804
20140108,2044.3399658203125,2044.3399658203125,2062.951904296875,2037.1099853515625,2047.2559814453125,71600,-0.14541230093382262
20140109,2027.6219482421875,2027.6219482421875,2057.196044921875,2026.446044921875,2041.77294921875,75900,-0.8177709117679344
20140110,2013.2979736328125,2013.2979736328125,2029.2969970703125,2008.0069580078125,2023.5350341796875,75600,-0.7064420772221802
20140113,2009.56396484375,2009.56396484375,2027.1810302734375,2000.404052734375,2014.97802734375,66500,-0.18546727001989005
20140114,2026.842041015625,2026.842041015625,2027.427978515625,2001.135009765625,2007.156005859375,70400,0.8597922969433069
20140115,2023.3480224609375,2023.3480224609375,2027.4090576171875,2010.2039794921875,2024.22802734375,67400,-0.17238731405713192
20140116,2023.7010498046875,2023.7010498046875,2034.70703125,2014.406982421875,2022.5379638671875,72800,0.01744768274321018
20140117,2004.948974609375,2004.948974609375,2017.8680419921875,2001.3299560546875,2017.52197265625,67300,-0.9266227932787974
20140120,1991.2530517578125,1991.2530517578125,2005.93798828125,1984.823974609375,2001.89404296875,56300,-0.6831058059335815
20140121,2008.31298828125,2008.31298828125,2014.1519775390625,1992.0150146484375,1992.0150146484375,59800,0.8567437728910221
20140122,2051.7490234375,2051.7490234375,2052.339111328125,2008.9300537109375,2009.968994140625,98900,2.1628120422316988
20140123,2042.1800537109375,2042.1800537109375,2052.528076171875,2039.052001953125,2048.3310546875,84200,-0.466381103012814
20140124,2054.39208984375,2054.39208984375,2060.986083984375,2034.4530029296875,2037.6669921875,92900,0.5979901777329211
20140127,2033.300048828125,2033.300048828125,2044.845947265625,2029.6259765625,2044.27197265625,88800,-1.02668040438324
20140128,2038.512939453125,2038.512939453125,2047.1290283203125,2026.987060546875,2036.4019775390625,72500,0.256375866808467
20140129,2049.9140625,2049.9140625,2051.5830078125,2039.77099609375,2042.176025390625,73900,0.5592862731562454
20140130,2033.0830078125,2033.0830078125,2045.9310302734375,2031.4659423828125,2045.9310302734375,62600,-0.8210614774247449
20140207,2044.4969482421875,2044.4969482421875,2044.72998046875,2014.697998046875,2022.322998046875,73600,0.5614104483598226
20140210,2086.06689453125,2086.06689453125,2087.97509765625,2049.98388671875,2049.98388671875,124300,2.033260373648549
20140211,2103.6708984375,2103.6708984375,2111.06103515625,2082.52099609375,2086.177001953125,142200,0.8438849181874319
20140212,2109.955078125,2109.955078125,2110.904052734375,2096.509033203125,2103.827880859375,126300,0.29872446741396885
20140213,2098.40087890625,2098.40087890625,2122.825927734375,2096.966064453125,2106.93408203125,146500,-0.5476040385190339
20140214,2115.847900390625,2115.847900390625,2116.18603515625,2095.090087890625,2097.320068359375,111500,0.8314436797924429
20140217,2135.4150390625,2135.4150390625,2136.447021484375,2117.68896484375,2124.8798828125,140200,0.9247894741518214
20140218,2119.06591796875,2119.06591796875,2134.14306640625,2113.1279296875,2134.14306640625,142900,-0.7656179615990522
20140219,2142.553955078125,2142.553955078125,2152.9609375,2111.16796875,2116.9189453125,151300,1.1084146514842574
20140220,2138.781982421875,2138.781982421875,2177.97802734375,2136.48095703125,2152.89111328125,157100,-0.17605029956467844
20140221,2113.693115234375,2113.693115234375,2132.702880859375,2098.327880859375,2131.592041015625,117700,-1.1730446297799069
20140224,2076.68603515625,2076.68603515625,2099.717041015625,2058.791015625,2099.717041015625,123600,-1.750825595797123
20140225,2034.218994140625,2034.218994140625,2087.615966796875,2026.54296875,2077.284912109375,140100,-2.0449427740496073
20140226,2041.2540283203125,2041.2540283203125,2041.626953125,2014.3809814453125,2026.6099853515625,110100,0.34583465201885044
20140227,2047.35400390625,2047.35400390625,2068.31396484375,2036.3909912109375,2045.095947265625,132200,0.29883471147180707
20140228,2056.302001953125,2056.302001953125,2058.489013671875,2020.93505859375,2040.6240234375,111600,0.43705182541966536
20140303,2075.235107421875,2075.235107421875,2078.3330078125,2047.0670166015625,2052.074951171875,127500,0.9207356434398628
20140304,2071.472900390625,2071.472900390625,2074.02490234375,2050.125,2068.10693359375,115900,-0.18129064113241444
20140305,2053.083984375,2053.083984375,2074.81494140625,2050.175048828125,2073.294921875,107700,-0.8877217757547018
20140306,2059.577880859375,2059.577880859375,2065.7900390625,2030.946044921875,2050.031982421875,109300,0.31629960263666046
20140307,2057.907958984375,2057.907958984375,2079.489990234375,2050.469970703125,2058.375,103700,-0.08108078313130429
20140310,1999.06494140625,1999.06494140625,2042.634033203125,1995.5489501953125,2042.35205078125,115700,-2.8593609991753643
20140311,2001.156982421875,2001.156982421875,2008.071044921875,1985.5989990234375,1994.4150390625,92700,0.10465097817948799
20140312,1997.6920166015625,1997.6920166015625,2011.06005859375,1974.3819580078125,1996.239013671875,101400,-0.17314812634634524
20140313,2019.1109619140625,2019.1109619140625,2029.1199951171875,1996.529052734375,2000.6949462890625,101000,1.072184557704614
20140314,2004.3389892578125,2004.3389892578125,2017.9129638671875,1990.97998046875,2008.824951171875,87800,-0.7316077687105738
20140317,2023.6729736328125,2023.6729736328125,2024.3719482421875,1999.2490234375,2009.8819580078125,86300,0.9646065101073242
20140318,2025.196044921875,2025.196044921875,2034.9169921875,2020.4100341796875,2026.2239990234375,96800,0.07526271828042219
20140319,2021.7340087890625,2021.7340087890625,2022.1810302734375,2002.4410400390625,2019.97998046875,95200,-0.17094819740999245
20140320,1993.47900390625,1993.47900390625,2030.8470458984375,1993.001953125,2017.219970703125,110300,-1.3975629217285679
20140321,2047.6190185546875,2047.6190185546875,2052.471923828125,1986.071044921875,1987.678955078125,144500,2.715855774871434
20140324,2066.279052734375,2066.279052734375,2074.055908203125,2043.3299560546875,2050.826904296875,147700,0.9113040077572077
20140325,2067.31103515625,2067.31103515625,2079.551025390625,2057.490966796875,2063.322998046875,131800,0.04994400056996806
20140326,2063.669921875,2063.669921875,2074.572021484375,2057.64794921875,2070.573974609375,102600,-0.17612798554885734
20140327,2046.5880126953125,2046.5880126953125,2073.98095703125,2042.7130126953125,2060.81201171875,119100,-0.8277442530231438
20140328,2041.7120361328125,2041.7120361328125,2060.134033203125,2035.2430419921875,2046.8509521484375,121700,-0.23824905316818246
20140331,2033.3060302734375,2033.3060302734375,2048.134033203125,2024.18505859375,2043.0450439453125,94400,-0.41171358696090454
20140401,2047.4599609375,2047.4599609375,2050.680908203125,2028.095947265625,2031.0050048828125,83300,0.6961042977952081
20140402,2058.988037109375,2058.988037109375,2060.778076171875,2046.741943359375,2049.423095703125,102700,0.5630428136234045
20140403,2043.7020263671875,2043.7020263671875,2066.007080078125,2037.447021484375,2063.4970703125,108600,-0.7424040580462865
20140404,2058.8310546875,2058.8310546875,2060.10400390625,2035.220947265625,2037.552001953125,83200,0.7402756431770685
20140408,2098.283935546875,2098.283935546875,2102.451904296875,2052.89990234375,2054.530029296875,133400,1.9162757803535824
20140409,2105.237060546875,2105.237060546875,2108.75,2095.639892578125,2100.65087890625,105300,0.33137197889225867
20140410,2134.300048828125,2134.300048828125,2146.669921875,2098.0791015625,2105.8759765625,156800,1.3805090564812827
20140411,2130.5419921875,2130.5419921875,2138.65087890625,2120.178955078125,2130.367919921875,131800,-0.17607911515011843
20140414,2131.5390625,2131.5390625,2134.43408203125,2116.610107421875,2127.408935546875,102100,0.04679890451144697
20140415,2101.60107421875,2101.60107421875,2125.902099609375,2098.14990234375,2125.902099609375,107500,-1.4045244963109882
20140416,2105.1220703125,2105.1220703125,2112.050048828125,2092.156982421875,2097.212890625,89400,0.16753874638453237
20140417,2098.885009765625,2098.885009765625,2110.716064453125,2095.714111328125,2108.947021484375,89900,-0.296280231670798
20140418,2097.748046875,2097.748046875,2099.636962890625,2081.18505859375,2091.47998046875,88200,-0.054169851389429535
20140421,2065.825927734375,2065.825927734375,2103.077880859375,2065.23388671875,2085.97998046875,96400,-1.5217327547118464
20140422,2072.8310546875,2072.8310546875,2073.6630859375,2047.33203125,2062.787109375,98700,0.3390957030347419
20140423,2067.382080078125,2067.382080078125,2076.34912109375,2059.10888671875,2068.083984375,78500,-0.2628759636272626
20140424,2057.032958984375,2057.032958984375,2075.757080078125,2056.193115234375,2064.156005859375,78200,-0.500590635542264
20140425,2036.51904296875,2036.51904296875,2065.64306640625,2035.5660400390625,2060.5380859375,93000,-0.9972575269651229
20140428,2003.487060546875,2003.487060546875,2035.989990234375,2000.136962890625,2033.3370361328125,89800,-1.62198249684532
20140429,2020.3409423828125,2020.3409423828125,2021.6800537109375,1997.6400146484375,2001.89599609375,76200,0.841227386381882
20140430,2026.3580322265625,2026.3580322265625,2029.5379638671875,2016.5770263671875,2020.43798828125,74500,0.29782546685677147
20140505,2027.35302734375,2027.35302734375,2028.95703125,2007.3509521484375,2022.177978515625,79900,0.04910263148778515
20140506,2028.0379638671875,2028.0379638671875,2038.7049560546875,2021.4849853515625,2024.2559814453125,74600,0.03378476832596178
20140507,2010.0830078125,2010.0830078125,2024.6309814453125,2008.4510498046875,2023.1519775390625,74400,-0.8853362892896732
20140508,2015.2740478515625,2015.2740478515625,2036.9410400390625,2005.68505859375,2006.85302734375,77900,0.2582500334009419
20140509,2011.135009765625,2011.135009765625,2020.4539794921875,2001.300048828125,2016.5009765625,76200,-0.20538338646052257
20140512,2052.87109375,2052.87109375,2055.506103515625,2016.637939453125,2022.9320068359375,115700,2.0752502334111744
20140513,2050.72802734375,2050.72802734375,2061.05908203125,2043.5469970703125,2055.0791015625,97200,-0.10439361793219692
20140514,2047.9100341796875,2047.9100341796875,2056.573974609375,2042.7440185546875,2049.27001953125,72000,-0.13741428051347038
20140515,2024.9739990234375,2024.9739990234375,2047.3160400390625,2022.8609619140625,2044.376953125,75800,-1.1199727904764756
20140516,2026.5040283203125,2026.5040283203125,2027.7559814453125,2012.6939697265625,2023.595947265625,66400,0.07555797247831286
20140519,2005.1829833984375,2005.1829833984375,2023.2669677734375,1996.0150146484375,2023.0140380859375,65300,-1.0521096737985292
20140520,2008.1190185546875,2008.1190185546875,2018.156005859375,2002.759033203125,2011.845947265625,61300,0.14642230562289527
20140521,2024.9510498046875,2024.9510498046875,2025.1939697265625,1991.0550537109375,2001.3060302734375,61800,0.838198886344621
20140522,2021.2850341796875,2021.2850341796875,2041.9599609375,2018.876953125,2023.14794921875,74700,-0.18104218496312052
20140523,2034.5689697265625,2034.5689697265625,2034.5689697265625,2017.739013671875,2020.114990234375,63500,0.65720248862704
20140526,2041.4759521484375,2041.4759521484375,2045.3809814453125,2035.093994140625,2042.0279541015625,70300,0.3394813606541591
20140527,2034.56494140625,2034.56494140625,2044.14794921875,2032.8389892578125,2039.791015625,67600,-0.3385301078327352
20140528,2050.22802734375,2050.22802734375,2052.656005859375,2029.3360595703125,2034.56103515625,81300,0.7698493972216891
20140529,2040.594970703125,2040.594970703125,2057.076904296875,2039.238037109375,2051.840087890625,81200,-0.4698529388999506
20140530,2039.2120361328125,2039.2120361328125,2046.9599609375,2031.373046875,2040.39404296875,75100,-0.06777114469884715
20140603,2038.3050537109375,2038.3050537109375,2049.575927734375,2037.300048828125,2039.196044921875,71600,-0.04447710222400536
20140604,2024.833984375,2024.833984375,2038.48095703125,2012.9129638671875,2037.989013671875,72400,-0.660895645203452
20140605,2040.8780517578125,2040.8780517578125,2041.7010498046875,2016.175048828125,2019.4420166015625,68000,0.7923645842878635
20140606,2029.9560546875,2029.9560546875,2041.572998046875,2022.157958984375,2040.864013671875,66000,-0.5351616702872208
20140609,2030.501953125,2030.501953125,2045.2550048828125,2023.197998046875,2024.9420166015625,64800,0.02689213080446784
20140610,2052.531982421875,2052.531982421875,2052.764892578125,2026.3890380859375,2033.20703125,79600,1.0849548439473278
20140611,2054.947998046875,2054.947998046875,2056.631103515625,2045.406982421875,2049.1279296875,74400,0.11770903672589927
20140612,2051.712890625,2051.712890625,2057.10498046875,2045.9620361328125,2051.58203125,81700,-0.157430135699288
20140613,2070.715087890625,2070.715087890625,2073.595947265625,2048.617919921875,2049.2060546875,97200,0.9261625908991711
20140616,2085.98291015625,2085.98291015625,2087.322021484375,2069.44091796875,2070.698974609375,95900,0.7373212449607314
20140617,2066.697998046875,2066.697998046875,2080.48193359375,2064.666015625,2080.48193359375,87800,-0.924500005032658
20140618,2055.51904296875,2055.51904296875,2066.9130859375,2051.74609375,2064.383056640625,87200,-0.5409089808326883
20140619,2023.7349853515625,2023.7349853515625,2059.2548828125,2017.6529541015625,2054.6201171875,92900,-1.5462789180139325
20140620,2026.6739501953125,2026.6739501953125,2027.14794921875,2010.530029296875,2013.4139404296875,67200,0.14522478807863504
20140623,2024.364990234375,2024.364990234375,2033.3199462890625,2022.9169921875,2026.2259521484375,70500,-0.11392853599934138
20140624,2033.9310302734375,2033.9310302734375,2034.70703125,2021.75,2023.698974609375,71200,0.4725452220923243
20140625,2025.501953125,2025.501953125,2030.615966796875,2018.3599853515625,2030.4329833984375,67500,-0.4144229584473358
20140626,2038.677001953125,2038.677001953125,2040.7540283203125,2025.31396484375,2025.6619873046875,81000,0.6504584608174824
20140627,2036.510009765625,2036.510009765625,2043.9820556640625,2025.072998046875,2031.906982421875,97600,-0.10629404194112402
20140630,2048.326904296875,2048.326904296875,2052.342041015625,2038.5269775390625,2038.613037109375,96700,0.58025221946294
20140701,2050.381103515625,2050.381103515625,2052.635009765625,2041.93701171875,2051.22509765625,98500,0.10028668834261012
20140702,2059.41796875,2059.41796875,2060.594970703125,2044.0350341796875,2049.485107421875,109600,0.44074075882187813
20140703,2063.22900390625,2063.22900390625,2066.64111328125,2048.0810546875,2051.632080078125,122900,0.18505399166557357
20140704,2059.375,2059.375,2065.077880859375,2054.217041015625,2062.35791015625,105000,-0.18679477163966451
20140707,2059.927001953125,2059.927001953125,2064.04296875,2050.886962890625,2058.1279296875,97200,0.0268043437025689
20140708,2064.02099609375,2064.02099609375,2064.43310546875,2047.2039794921875,2058.134033203125,95100,0.1987446223455036
20140709,2038.612060546875,2038.612060546875,2062.47412109375,2037.6009521484375,2061.635009765625,113300,-1.2310405560293503
20140710,2038.342041015625,2038.342041015625,2045.5269775390625,2034.9560546875,2036.5400390625,97900,-0.013245263111882899
20140711,2046.9610595703125,2046.9610595703125,2051.737060546875,2033.0040283203125,2033.8690185546875,105100,0.42284456589007924
20140714,2066.64599609375,2066.64599609375,2067.342041015625,2044.9010009765625,2047.7440185546875,115100,0.9616663898613487
20140715,2070.35693359375,2070.35693359375,2070.35791015625,2059.678955078125,2065.89990234375,124500,0.179563287907758
20140716,2067.27587890625,2067.27587890625,2075.492919921875,2061.572021484375,2068.343017578125,137100,-0.14881756075517671
20140717,2055.591064453125,2055.591064453125,2062.886962890625,2046.18896484375,2062.886962890625,104500,-0.5652276298655945
20140718,2059.06689453125,2059.06689453125,2067.23291015625,2045.9959716796875,2047.498046875,106600,0.16909151524502342
20140721,2054.47900390625,2054.47900390625,2061.822998046875,2049.175048828125,2057.76708984375,93900,-0.22281406384537794
20140722,2075.48095703125,2075.48095703125,2078.0849609375,2049.81494140625,2050.5,123200,1.0222520203452268
20140723,2078.489013671875,2078.489013671875,2088.19189453125,2072.22900390625,2074.195068359375,137300,0.1449329915764519
20140724,2105.06201171875,2105.06201171875,2107.946044921875,2079.632080078125,2079.632080078125,165700,1.278476714193988
20140725,2126.614013671875,2126.614013671875,2127.217041015625,2106.714111328125,2108.714111328125,142500,1.0238179128760239
20140728,2177.947998046875,2177.947998046875,2181.49609375,2135.2490234375,2135.2490234375,236200,2.4138834807340137
20140729,2183.19189453125,2183.19189453125,2193.52294921875,2172.10205078125,2179.825927734375,200300,0.24077234576205253
20140730,2181.242919921875,2181.242919921875,2194.572021484375,2177.243896484375,2178.178955078125,184900,-0.08927179577100652
20140731,2201.56201171875,2201.56201171875,2202.1259765625,2173.89990234375,2179.54296875,164700,0.9315373180719622
20140801,2185.302978515625,2185.302978515625,2218.7890625,2184.64111328125,2194.169921875,191500,-0.7385226087922803
20140804,2223.3310546875,2223.3310546875,2224.068115234375,2186.9169921875,2190.035888671875,174100,1.740174087791968
20140805,2219.945068359375,2219.945068359375,2226.837890625,2206.85009765625,2224.632080078125,175400,-0.15229339422873078
20140806,2217.465087890625,2217.465087890625,2223.89306640625,2192.992919921875,2212.0029296875,177700,-0.1117135961649196
20140807,2187.6689453125,2187.6689453125,2220.568115234375,2185.762939453125,2216.658935546875,175200,-1.3437028948432572
20140808,2194.425048828125,2194.425048828125,2199.577880859375,2180.596923828125,2188.708984375,135200,0.30882659508886245
20140811,2224.654052734375,2224.654052734375,2225.9609375,2198.31396484375,2199.43310546875,150600,1.3775364040067295
20140812,2221.594970703125,2221.594970703125,2222.97900390625,2210.0,2222.696044921875,154800,-0.13750821290573478
20140813,2222.876953125,2222.876953125,2230.990966796875,2202.443115234375,2223.051025390625,178100,0.05770549712169615
20140814,2206.466064453125,2206.466064453125,2230.89404296875,2204.384033203125,2221.541015625,170100,-0.7382724738228985
20140815,2226.73388671875,2226.73388671875,2230.8720703125,2203.241943359375,2207.22607421875,150000,0.9185648758504028
20140818,2239.466064453125,2239.466064453125,2242.034912109375,2228.134033203125,2229.803955078125,163900,0.5717871277890696
20140819,2245.330078125,2245.330078125,2246.01611328125,2227.925048828125,2242.340087890625,177700,0.2618487399721703
20140820,2240.2109375,2240.2109375,2248.93896484375,2233.89208984375,2241.6640625,167700,-0.22799056026875375
20140821,2230.4580078125,2230.4580078125,2240.076904296875,2211.6298828125,2239.568115234375,165700,-0.43535764977489233
20140822,2240.81201171875,2240.81201171875,2243.302978515625,2225.26708984375,2228.97412109375,160100,0.4642097663342559
20140825,2229.27392578125,2229.27392578125,2241.552978515625,2222.009033203125,2241.10009765625,162100,-0.5149064659221492
20140826,2207.10595703125,2207.10595703125,2232.784912109375,2200.617919921875,2225.291015625,163500,-0.9944030876434917
20140827,2209.465087890625,2209.465087890625,2216.669921875,2204.048095703125,2207.030029296875,120900,0.10688797480971068
20140828,2195.818115234375,2195.818115234375,2219.472900390625,2194.861083984375,2210.48388671875,124200,-0.6176595743035196
20140829,2217.199951171875,2217.199951171875,2218.696044921875,2193.262939453125,2198.946044921875,105200,0.9737525976835082
20140901,2235.510986328125,2235.510986328125,2236.285888671875,2217.68505859375,2220.12890625,129200,0.825863050672182
20140902,2266.0458984375,2266.0458984375,2267.509033203125,2234.3779296875,2239.68408203125,192100,1.365903021551662
20140903,2288.626953125,2288.626953125,2290.547119140625,2268.10009765625,2268.39501953125,212500,0.9964959095960957
20140904,2306.862060546875,2306.862060546875,2307.700927734375,2283.277099609375,2290.029052734375,199500,0.7967706312719924
20140905,2326.431884765625,2326.431884765625,2327.556884765625,2307.447021484375,2311.304931640625,213200,0.8483309233544123
20140909,2326.527099609375,2326.527099609375,2331.9169921875,2315.89404296875,2328.426025390625,197000,0.004092741522909726
20140910,2318.304931640625,2318.304931640625,2321.907958984375,2306.4208984375,2318.49609375,189800,-0.3534095076790811
20140911,2311.678955078125,2311.678955078125,2343.594970703125,2304.60205078125,2315.73193359375,222200,-0.28581126115324595
20140912,2331.949951171875,2331.949951171875,2331.949951171875,2302.77490234375,2308.345947265625,193500,0.8768949533074277
20140915,2339.139892578125,2339.139892578125,2340.448974609375,2321.593017578125,2330.18701171875,215100,0.30832314401245675
20140916,2296.554931640625,2296.554931640625,2347.93505859375,2293.868896484375,2341.027099609375,302700,-1.8205392962010625
20140917,2307.89306640625,2307.89306640625,2309.048095703125,2282.794921875,2298.98193359375,210800,0.49370187533572807
20140918,2315.927978515625,2315.927978515625,2319.875,2297.930908203125,2303.85009765625,189100,0.3481492373425432
20140919,2329.450927734375,2329.450927734375,2331.56103515625,2305.51708984375,2312.98388671875,174600,0.5839106113920467
20140922,2289.865966796875,2289.865966796875,2323.553955078125,2284.3779296875,2323.553955078125,175800,-1.6993258139161749
20140923,2309.718017578125,2309.718017578125,2311.52490234375,2289.02392578125,2289.091064453125,156900,0.8669525233836906
20140924,2343.574951171875,2343.574951171875,2345.7470703125,2297.8759765625,2302.23095703125,222500,1.4658470573499338
20140925,2345.10302734375,2345.10302734375,2365.154052734375,2336.804931640625,2352.864990234375,225700,0.06520278649977396
20140926,2347.718017578125,2347.718017578125,2350.10888671875,2329.955078125,2339.2880859375,174700,0.11150854371362318
20140929,2357.7109375,2357.7109375,2363.05908203125,2346.5791015625,2353.7080078125,200100,0.42564395924276077
20140930,2363.8701171875,2363.8701171875,2365.490966796875,2354.26806640625,2361.318115234375,193900,0.26123557343424864
20141008,2382.7939453125,2382.7939453125,2382.7939453125,2354.2900390625,2368.575927734375,204400,0.8005443271779766
20141009,2389.37109375,2389.37109375,2391.347900390625,2367.111083984375,2383.85888671875,235900,0.2760267395524707
20141010,2374.5400390625,2374.5400390625,2386.277099609375,2365.074951171875,2380.7548828125,224700,-0.6207095551751807
20141013,2366.009033203125,2366.009033203125,2366.862060546875,2341.1240234375,2366.426025390625,200900,-0.35926982569404187
20141014,2359.47509765625,2359.47509765625,2380.514892578125,2349.194091796875,2362.802001953125,196800,-0.27615852074872604
20141015,2373.669921875,2373.669921875,2374.80810546875,2344.373046875,2358.23291015625,202800,0.6016094101968017
20141016,2356.4990234375,2356.4990234375,2389.675048828125,2353.406005859375,2361.1298828125,248200,-0.7233903197432112
20141017,2341.18408203125,2341.18408203125,2360.596923828125,2312.825927734375,2352.783935546875,212300,-0.6499023022682904
20141020,2356.72802734375,2356.72802734375,2357.509033203125,2340.458984375,2346.052001953125,160000,0.6639352040619384
20141021,2339.656982421875,2339.656982421875,2361.653076171875,2337.551025390625,2355.032958984375,168800,-0.7243536260361672
20141022,2326.552978515625,2326.552978515625,2352.1240234375,2324.590087890625,2339.222900390625,152700,-0.5600822686702367
20141023,2302.41796875,2302.41796875,2329.927001953125,2297.330078125,2322.31591796875,162600,-1.0373720258467278
20141024,2302.280029296875,2302.280029296875,2314.875,2296.656982421875,2303.080078125,132200,-0.005991069171507046
20141027,2290.43701171875,2290.43701171875,2293.64404296875,2279.8359375,2293.572998046875,130300,-0.5144038703989384
20141028,2337.87109375,2337.87109375,2338.278076171875,2294.011962890625,2294.011962890625,178600,2.0709620822820796
20141029,2373.030029296875,2373.030029296875,2381.64306640625,2339.7119140625,2343.719970703125,265600,1.5038868328056232
20141030,2391.075927734375,2391.075927734375,2397.256103515625,2365.9189453125,2371.89111328125,294600,0.7604580732106125
20141031,2420.177978515625,2420.177978515625,2423.595947265625,2384.48291015625,2393.177978515625,325800,1.2171111106799914
20141103,2430.970947265625,2430.970947265625,2436.784912109375,2418.1669921875,2425.22509765625,298800,0.4459576463306192
20141104,2430.737060546875,2430.737060546875,2435.222900390625,2417.220947265625,2428.27099609375,309000,-0.009621123568470669
20141105,2420.39599609375,2420.39599609375,2434.363037109375,2415.501953125,2432.1689453125,263600,-0.4254291680071076
20141106,2425.80908203125,2425.80908203125,2426.889892578125,2401.75,2419.616943359375,222000,0.22364464105195658
20141107,2419.14599609375,2419.14599609375,2454.423095703125,2407.44189453125,2427.89794921875,291200,-0.2746747873464406
20141110,2473.18310546875,2473.18310546875,2474.156005859375,2428.18505859375,2436.6279296875,300600,2.233726673059633
20141111,2470.594970703125,2470.594970703125,2508.623046875,2445.9599609375,2483.64794921875,411900,-0.10464792355657782
20141112,2494.27587890625,2494.27587890625,2494.9169921875,2444.81396484375,2454.60205078125,252900,0.9585103379525339
20141113,2486.669921875,2486.669921875,2507.742919921875,2471.406982421875,2494.998046875,295000,-0.3049364785817188
20141114,2479.18505859375,2479.18505859375,2481.02490234375,2457.044921875,2477.966064453125,220600,-0.3009994698293661
20141117,2475.1201171875,2475.1201171875,2508.76708984375,2472.446044921875,2506.864013671875,215700,-0.1639628067360066
20141118,2457.529052734375,2457.529052734375,2477.052001953125,2449.81298828125,2474.181884765625,201100,-0.7107155863253167
20141119,2451.1669921875,2451.1669921875,2461.490966796875,2442.7099609375,2452.14990234375,186200,-0.25888037985944967
20141120,2452.616943359375,2452.616943359375,2458.319091796875,2437.47607421875,2443.27587890625,165500,0.059153504289843895
20141121,2487.111083984375,2487.111083984375,2488.200927734375,2446.64599609375,2452.635009765625,212200,1.406421851500106
20141124,2533.887939453125,2533.887939453125,2546.74609375,2495.52099609375,2505.531982421875,363500,1.8807706567658844
20141125,2567.596923828125,2567.596923828125,2568.381103515625,2527.076904296875,2531.998046875,314300,1.3303265645707718
20141126,2604.886962890625,2604.886962890625,2605.070068359375,2570.404052734375,2572.64892578125,337100,1.4523322845745978
20141127,2630.0458984375,2630.0458984375,2631.39892578125,2599.10791015625,2615.366943359375,364100,0.965835980804175
20141128,2682.9189453125,2682.9189453125,2683.179931640625,2622.06103515625,2629.6259765625,465900,2.010346926128226
20141201,2680.739990234375,2680.739990234375,2720.742919921875,2668.841064453125,2691.72509765625,446800,-0.08121583702451751
20141202,2763.31689453125,2763.31689453125,2777.3720703125,2665.68603515625,2667.820068359375,437700,3.080377231573861
20141203,2779.736083984375,2779.736083984375,2824.178955078125,2733.867919921875,2768.677978515625,562100,0.594184093964012
20141204,2900.362060546875,2900.362060546875,2900.508056640625,2772.431884765625,2783.468994140625,532700,4.339475868140652
20141205,2938.781005859375,2938.781005859375,2978.029052734375,2813.052001953125,2926.572998046875,640500,1.3246258401703015
20141208,3021.52392578125,3021.52392578125,3041.656982421875,2879.846923828125,2907.81494140625,587600,2.815552426563972
20141209,2859.9189453125,2859.9189453125,3091.323974609375,2834.592041015625,2992.489990234375,772000,-5.348459401226324
20141210,2940.876953125,2940.876953125,2946.70703125,2807.677978515625,2855.93994140625,512900,2.830779800427319
20141211,2925.742919921875,2925.742919921875,2965.675048828125,2892.611083984375,2912.345947265625,482600,-0.5146095346506563
20141212,2938.173095703125,2938.173095703125,2962.510009765625,2914.9560546875,2929.360107421875,409500,0.42485536567860027
20141215,2953.4208984375,2953.4208984375,2960.22705078125,2890.904052734375,2921.446044921875,400400,0.518955222776829
20141216,3021.51806640625,3021.51806640625,3021.89697265625,2943.912109375,2953.81103515625,453800,2.3057048185978646
20141217,3061.02001953125,3061.02001953125,3076.59912109375,2993.3330078125,3031.951904296875,542500,1.3073545236809814
20141218,3057.52099609375,3057.52099609375,3089.791015625,3030.319091796875,3062.801025390625,435900,-0.11430906740805824
20141219,3108.595947265625,3108.595947265625,3117.527099609375,3018.4208984375,3053.074951171875,521100,1.6704693520380731
20141222,3127.445068359375,3127.445068359375,3189.866943359375,3090.509033203125,3129.26708984375,679400,0.6063548114167094
20141223,3032.612060546875,3032.612060546875,3136.837890625,3025.6669921875,3085.080078125,437800,-3.0322837248824452
20141224,2972.531982421875,2972.531982421875,3050.507080078125,2934.910888671875,3039.2060546875,376800,-1.98113299444459
20141226,3157.60302734375,3157.60302734375,3164.155029296875,3064.176025390625,3078.0048828125,460700,6.226040493972684
20141229,3168.01611328125,3168.01611328125,3223.860107421875,3126.944091796875,3212.55908203125,510100,0.3297781845066128
20141230,3165.81494140625,3165.81494140625,3190.299072265625,3130.35302734375,3160.801025390625,397700,-0.06948108204917203
20141231,3234.677001953125,3234.677001953125,3239.35693359375,3157.259033203125,3172.596923828125,406000,2.1751764339164703
20150105,3350.51904296875,3350.51904296875,3369.281005859375,3253.883056640625,3258.626953125,531400,3.581255282851381
20150106,3351.446044921875,3351.446044921875,3394.22412109375,3303.18408203125,3330.799072265625,501700,0.02766741335407108
20150107,3373.9541015625,3373.9541015625,3374.89599609375,3312.2109375,3326.64892578125,391900,0.6715923914314414
20150108,3293.4560546875,3293.4560546875,3381.56591796875,3285.094970703125,3371.95703125,371100,-2.38586668495937
20150109,3285.412109375,3285.412109375,3404.833984375,3267.509033203125,3276.965087890625,410200,-0.24424025033068508
20150112,3229.31591796875,3229.31591796875,3275.18505859375,3191.58203125,3258.212890625,322100,-1.7074324175703315
20150113,3235.301025390625,3235.301025390625,3259.385986328125,3214.412109375,3223.5419921875,230700,0.18533669587952328
20150114,3222.43701171875,3222.43701171875,3268.48291015625,3193.97802734375,3242.3369140625,240200,-0.39761411908562083
20150115,3336.455078125,3336.455078125,3337.083984375,3207.544921875,3224.070068359375,282500,3.5382558601335212
20150116,3376.4951171875,3376.4951171875,3400.318115234375,3340.489990234375,3343.60302734375,339900,1.2000772713835373
20150119,3116.35107421875,3116.35107421875,3262.20703125,3095.06591796875,3189.72705078125,401100,-7.704558541919071
20150120,3173.052001953125,3173.052001953125,3190.2451171875,3100.47705078125,3114.56005859375,357100,1.8194653421258034
20150121,3323.611083984375,3323.611083984375,3337.00390625,3178.343017578125,3189.0849609375,411000,4.7449295485411325
20150122,3343.343994140625,3343.343994140625,3352.384033203125,3293.97802734375,3327.319091796875,353400,0.5937189899064332
20150123,3351.763916015625,3351.763916015625,3406.785888671875,3328.29296875,3357.095947265625,366200,0.2518413268199904
20150126,3383.181884765625,3383.181884765625,3384.798095703125,3321.31494140625,3347.257080078125,317500,0.9373562559068294
20150127,3352.9599609375,3352.9599609375,3390.216064453125,3290.218994140625,3389.85302734375,374500,-0.8932988192037028
20150128,3305.738037109375,3305.738037109375,3354.802001953125,3294.655029296875,3325.721923828125,301900,-1.4083652765994104
20150129,3262.304931640625,3262.304931640625,3286.785888671875,3234.240966796875,3258.9970703125,274700,-1.3138701548997878
20150130,3210.363037109375,3210.363037109375,3288.5029296875,3210.30810546875,3273.7470703125,258300,-1.5921839196413878
20150202,3128.300048828125,3128.300048828125,3175.134033203125,3122.572021484375,3148.135986328125,250900,-2.5561902916481305
20150203,3204.906982421875,3204.906982421875,3207.93505859375,3129.73193359375,3156.0859375,248200,2.448835866062371
20150204,3174.1259765625,3174.1259765625,3238.98193359375,3171.14404296875,3212.822021484375,249100,-0.9604336733702756
20150205,3136.531005859375,3136.531005859375,3251.2119140625,3135.819091796875,3251.2119140625,306100,-1.1844196160052722
20150206,3075.906982421875,3075.906982421875,3129.5390625,3052.93896484375,3120.090087890625,246700,-1.9328367334564112
20150209,3095.1240234375,3095.1240234375,3119.033935546875,3049.111083984375,3063.510009765625,206100,0.6247601479968612
20150210,3141.593017578125,3141.593017578125,3142.09912109375,3084.2529296875,3090.489990234375,193800,1.5013612956619404
20150211,3157.7041015625,3157.7041015625,3166.4208984375,3139.052001953125,3145.764892578125,172800,0.512831671519165
20150212,3173.416015625,3173.416015625,3181.76611328125,3134.243896484375,3157.958984375,194600,0.4975739827783654
20150213,3203.826904296875,3203.826904296875,3237.158935546875,3182.7939453125,3186.80810546875,261300,0.9583013548220665
20150216,3222.363037109375,3222.363037109375,3228.845947265625,3195.884033203125,3206.136962890625,223800,0.5785622434108406
20150217,3246.906005859375,3246.906005859375,3255.72509765625,3230.77197265625,3230.884033203125,228300,0.761645055735749
20150225,3228.843017578125,3228.843017578125,3257.222900390625,3215.552001953125,3256.47900390625,233300,-0.5563138646038301
20150226,3298.35888671875,3298.35888671875,3300.615966796875,3202.18798828125,3222.15087890625,301300,2.1529652808196076
20150227,3310.302978515625,3310.302978515625,3324.5458984375,3291.007080078125,3296.8310546875,299200,0.36212226161833616
20150302,3336.284912109375,3336.284912109375,3336.760009765625,3298.6689453125,3332.720947265625,346400,0.7848808330348289
20150303,3263.052001953125,3263.052001953125,3317.695068359375,3260.428955078125,3317.695068359375,382000,-2.195043651411299
20150304,3279.532958984375,3279.532958984375,3286.587890625,3250.48388671875,3264.181884765625,293600,0.5050779767342028
20150305,3248.47607421875,3248.47607421875,3266.637939453125,3221.666015625,3264.0849609375,320700,-0.9469910854392749
20150306,3241.18701171875,3241.18701171875,3266.93310546875,3234.532958984375,3248.035888671875,282900,-0.22438405989346766
20150309,3302.407958984375,3302.407958984375,3307.701904296875,3198.3701171875,3224.31396484375,321500,1.888843409660601
20150310,3286.068115234375,3286.068115234375,3309.9150390625,3277.094970703125,3289.0849609375,285800,-0.4947857427955449
20150311,3290.89990234375,3290.89990234375,3325.053955078125,3278.470947265625,3289.593994140625,283000,0.14703855610826988
20150312,3349.322998046875,3349.322998046875,3360.053955078125,3300.488037109375,3314.81298828125,357300,1.7752923952963906
20150313,3372.910888671875,3372.910888671875,3391.2548828125,3352.14990234375,3359.488037109375,328400,0.7042584617474867
20150316,3449.304931640625,3449.304931640625,3449.304931640625,3377.0869140625,3391.157958984375,399100,2.264929181062092
20150317,3502.846923828125,3502.846923828125,3504.123046875,3459.694091796875,3469.60302734375,520900,1.5522545338441107
20150318,3577.301025390625,3577.301025390625,3577.662109375,3503.85302734375,3510.5009765625,545200,2.1255311231565877
20150319,3582.27099609375,3582.27099609375,3600.68408203125,3546.843994140625,3576.01904296875,537300,0.13893073766646502
20150320,3617.318115234375,3617.318115234375,3632.337890625,3569.3798828125,3587.083984375,516700,0.9783491862799254
20150323,3687.72802734375,3687.72802734375,3688.2490234375,3635.485107421875,3640.10400390625,536100,1.9464672408225026
20150324,3691.409912109375,3691.409912109375,3715.873046875,3600.697998046875,3692.569091796875,639600,0.09984154846356397
20150325,3660.72705078125,3660.72705078125,3693.15087890625,3634.55908203125,3680.952880859375,521900,-0.8311962653476224
20150326,3682.094970703125,3682.094970703125,3707.318115234375,3615.010986328125,3641.94189453125,488600,0.5837069966009745
20150327,3691.095947265625,3691.095947265625,3710.47705078125,3656.8310546875,3686.134033203125,408900,0.2444525910960227
20150330,3786.568115234375,3786.568115234375,3795.93505859375,3710.612060546875,3710.612060546875,564700,2.5865534067050167
20150331,3747.89892578125,3747.89892578125,3835.56689453125,3737.04296875,3822.987060546875,561700,-1.0212199616203566
20150401,3810.2939453125,3810.2939453125,3817.08203125,3742.212890625,3748.340087890625,447500,1.6647999523691448
20150402,3825.783935546875,3825.783935546875,3835.450927734375,3775.89404296875,3827.68896484375,479300,0.40653005927353547
20150403,3863.928955078125,3863.928955078125,3864.405029296875,3792.2109375,3803.383056640625,473000,0.9970510664972343
20150407,3961.3779296875,3961.3779296875,3961.666015625,3891.72802734375,3899.419921875,570400,2.522017763326212
20150408,3994.81103515625,3994.81103515625,4000.219970703125,3903.64794921875,3976.531982421875,618100,0.843976668274804
20150409,3957.533935546875,3957.533935546875,4016.39599609375,3900.027099609375,4006.1298828125,585200,-0.9331379952973617
20150410,4034.31005859375,4034.31005859375,4040.347900390625,3929.319091796875,3947.491943359375,484300,1.9399991079612988
20150413,4121.71484375,4121.71484375,4128.07177734375,4057.29296875,4072.722900390625,589800,2.16653613348492
20150414,4135.56494140625,4135.56494140625,4168.34619140625,4091.257080078125,4125.7822265625,610700,0.33602755603658885
20150415,4084.1630859375,4084.1630859375,4175.494140625,4069.007080078125,4135.64794921875,613000,-1.2429222173276133
20150416,4194.8232421875,4194.8232421875,4195.30517578125,4031.243896484375,4055.916015625,551200,2.709494060876816
20150417,4287.2958984375,4287.2958984375,4317.22314453125,4238.91015625,4254.72314453125,701700,2.204447026992673
20150420,4217.0771484375,4217.0771484375,4356.0009765625,4190.68115234375,4301.35205078125,857100,-1.6378330692218168
20150421,4293.623046875,4293.623046875,4294.375,4188.56884765625,4212.18505859375,634500,1.8151410501432652
20150422,4398.494140625,4398.494140625,4400.19287109375,4297.951171875,4304.59716796875,680300,2.442484880602813
20150423,4414.5078125,4414.5078125,4444.41015625,4358.84423828125,4414.48486328125,667300,0.3640716882420181
20150424,4393.68603515625,4393.68603515625,4416.3759765625,4318.119140625,4355.951171875,628600,-0.47166701766370167
20150427,4527.39599609375,4527.39599609375,4529.73486328125,4441.92919921875,4441.92919921875,671100,3.0432297589680912
20150428,4476.21484375,4476.21484375,4572.39111328125,4432.90380859375,4527.634765625,767700,-1.1304766004102462
20150429,4476.6201171875,4476.6201171875,4499.94482421875,4398.63916015625,4446.119140625,519800,0.009053931762581513
20150430,4441.65478515625,4441.65478515625,4507.34423828125,4441.05419921875,4483.01318359375,526700,-0.7810654269502226
20150504,4480.4638671875,4480.4638671875,4487.56982421875,4387.42578125,4441.3427734375,494200,0.8737527770268816
20150505,4298.7060546875,4298.7060546875,4488.865234375,4282.23681640625,4479.84814453125,572900,-4.056673993759796
20150506,4229.26611328125,4229.26611328125,4376.35302734375,4187.3681640625,4311.64111328125,481700,-1.615368450944199
20150507,4112.2138671875,4112.2138671875,4213.76416015625,4108.0087890625,4197.89599609375,394600,-2.7676727583106797
20150508,4205.9169921875,4205.9169921875,4206.85986328125,4099.0419921875,4152.98388671875,397400,2.278653981196932
20150511,4333.583984375,4333.583984375,4334.876953125,4187.81982421875,4231.27099609375,488800,3.035413975707124
20150512,4401.21923828125,4401.21923828125,4402.30908203125,4317.97509765625,4342.3701171875,521900,1.5607232754715872
20150513,4375.759765625,4375.759765625,4415.62890625,4342.48095703125,4402.3779296875,510500,-0.5784640863787605
20150514,4378.31103515625,4378.31103515625,4397.7451171875,4329.0419921875,4372.81591796875,449100,0.058304606923176294
20150515,4308.69091796875,4308.69091796875,4366.82177734375,4278.55322265625,4366.82177734375,439700,-1.5901135535706712
20150518,4283.4912109375,4283.4912109375,4324.826171875,4260.5087890625,4277.89501953125,380100,-0.5848576171049613
20150519,4417.5517578125,4417.5517578125,4418.40283203125,4285.77685546875,4285.77685546875,436700,3.129702858562866
20150520,4446.2880859375,4446.2880859375,4520.5380859375,4432.27880859375,4434.97900390625,514100,0.6505034847453572
20150521,4529.421875,4529.421875,4530.47802734375,4438.2578125,4456.43505859375,465000,1.86973465181961
20150522,4657.59619140625,4657.59619140625,4658.27294921875,4562.98876953125,4584.98388671875,655600,2.829816253453976
20150525,4813.7978515625,4813.7978515625,4814.671875,4656.8251953125,4660.0751953125,682500,3.353696922984839
20150526,4910.89697265625,4910.89697265625,4911.68505859375,4779.0751953125,4854.85009765625,704900,2.017100096179414
20150527,4941.7138671875,4941.7138671875,4958.15576171875,4857.05615234375,4932.84619140625,681200,0.6275206892516261
20150528,4620.26611328125,4620.26611328125,4986.5029296875,4614.2412109375,4943.7421875,783000,-6.504782805023012
20150529,4611.744140625,4611.744140625,4698.19287109375,4431.56298828125,4603.46484375,611300,-0.18444765836653776
20150601,4828.73779296875,4828.73779296875,4829.501953125,4615.23095703125,4633.09814453125,593400,4.705240484445916
20150602,4910.52685546875,4910.52685546875,4911.57421875,4797.5517578125,4844.7041015625,623700,1.6937979655696989
20150603,4909.97802734375,4909.97802734375,4942.06494140625,4822.44189453125,4924.380859375,611500,-0.011176562946368929
20150604,4947.10205078125,4947.10205078125,4947.96484375,4647.4072265625,4912.94482421875,675000,0.7560934739576419
20150605,5023.09619140625,5023.09619140625,5051.6259765625,4898.06787109375,5016.087890625,772200,1.5361344852993009
20150608,5131.880859375,5131.880859375,5146.94921875,4997.48095703125,5045.69384765625,855000,2.165689523423109
20150609,5113.5341796875,5113.5341796875,5147.4541015625,5042.962890625,5145.97802734375,729900,-0.3575040066252533
20150610,5106.0361328125,5106.0361328125,5164.162109375,5001.48876953125,5049.19677734375,597000,-0.1466314023045867
20150611,5121.5927734375,5121.5927734375,5122.45703125,5050.76513671875,5101.43994140625,564000,0.30467157341542705
20150612,5166.35009765625,5166.35009765625,5178.19091796875,5103.40087890625,5143.3427734375,625600,0.8738946300236528
20150615,5062.9931640625,5062.9931640625,5176.794921875,5048.7421875,5174.41796875,637800,-2.000579357574672
20150616,4887.43212890625,4887.43212890625,5029.68408203125,4842.10009765625,5004.412109375,550800,-3.4675345090804277
20150617,4967.89794921875,4967.89794921875,4983.658203125,4767.2158203125,4890.55078125,537100,1.6463823576514214
20150618,4785.35595703125,4785.35595703125,4966.76708984375,4780.873046875,4942.52001953125,507400,-3.674431199139394
20150619,4478.36376953125,4478.36376953125,4744.0810546875,4476.5009765625,4689.92919921875,452700,-6.415242465901172
20150623,4576.4921875,4576.4921875,4577.93896484375,4264.77197265625,4471.61279296875,473500,2.1911667523833334
20150624,4690.14990234375,4690.14990234375,4691.76806640625,4552.12890625,4604.5791015625,543000,2.4835116107963406
20150625,4527.77880859375,4527.77880859375,4720.701171875,4483.5478515625,4711.76318359375,572800,-3.4619595776429257
20150626,4192.873046875,4192.873046875,4456.89599609375,4139.52978515625,4399.93310546875,565200,-7.396689985895444
20150629,4053.030029296875,4053.030029296875,4297.47509765625,3875.050048828125,4289.77099609375,673800,-3.335255229879941
20150630,4277.22216796875,4277.22216796875,4279.96923828125,3847.8798828125,4006.75390625,709200,5.53146996324545
20150701,4053.699951171875,4053.699951171875,4317.05322265625,4043.366943359375,4214.14990234375,598800,-5.225873429507299
20150702,3912.76708984375,3912.76708984375,4080.386962890625,3795.2529296875,4058.6240234375,586000,-3.4766475818562514
20150703,3686.9150390625,3686.9150390625,3927.1279296875,3629.555908203125,3793.7119140625,548200,-5.77218233529635
20150706,3775.912109375,3775.912109375,3975.214111328125,3653.037109375,3975.214111328125,831100,2.4138627923232514
20150707,3727.125,3727.125,3750.570068359375,3585.39892578125,3654.778076171875,698800,-1.2920615724574036
20150708,3507.19189453125,3507.19189453125,3599.2529296875,3421.52490234375,3467.39892578125,680400,-5.900878169332935
20150709,3709.330078125,3709.330078125,3748.47900390625,3373.5400390625,3432.4541015625,656900,5.763533609579308
20150710,3877.802978515625,3877.802978515625,3959.219970703125,3677.43505859375,3707.4580078125,586400,4.541868662057302
20150713,3970.387939453125,3970.387939453125,4030.195068359375,3858.636962890625,3918.989990234375,643500,2.3875622730306967
20150714,3924.487060546875,3924.487060546875,4035.43505859375,3855.56005859375,3958.373046875,670600,-1.1560804537546598
20150715,3805.702880859375,3805.702880859375,3914.27294921875,3741.25,3874.968017578125,601300,-3.0267440777584698
20150716,3823.176025390625,3823.176025390625,3877.513916015625,3688.44189453125,3758.5048828125,492300,0.45913054902761985
20150717,3957.35205078125,3957.35205078125,3994.47705078125,3814.14697265625,3831.4208984375,481700,3.50954349210002
20150720,3992.110107421875,3992.110107421875,4021.325927734375,3927.12109375,3948.4208984375,539100,0.878316010165503
20150721,4017.675048828125,4017.675048828125,4041.819091796875,3912.801025390625,3939.89794921875,504300,0.6403866806860226
20150722,4026.044921875,4026.044921875,4042.337890625,3960.864013671875,3996.427001953125,520700,0.2083262818708187
20150723,4123.9228515625,4123.9228515625,4132.61181640625,4019.0380859375,4022.26806640625,563600,2.431118668241705
20150724,4070.907958984375,4070.907958984375,4184.44921875,4044.8310546875,4124.7548828125,627400,-1.285545207472505
20150727,3725.55810546875,3725.55810546875,4051.158935546875,3720.444091796875,3985.570068359375,556000,-8.483361869025996
20150728,3663.001953125,3663.001953125,3762.52587890625,3537.35791015625,3573.14306640625,563300,-1.6791082187638917
20150729,3789.16796875,3789.16796875,3792.072021484375,3612.06396484375,3689.824951171875,434400,3.444333834366775
20150730,3705.76611328125,3705.76611328125,3844.3740234375,3685.9560546875,3773.7880859375,457900,-2.2010598674057524
20150731,3663.72607421875,3663.72607421875,3729.511962890625,3620.1650390625,3655.6669921875,351000,-1.1344493359100816
20150803,3622.905029296875,3622.905029296875,3648.943115234375,3549.49609375,3614.989990234375,364000,-1.1141947868081203
20150804,3756.544921875,3756.544921875,3757.029052734375,3601.2890625,3621.85498046875,362900,3.6887495393182146
20150805,3694.572998046875,3694.572998046875,3782.35205078125,3676.389892578125,3745.64599609375,366400,-1.6497053839886755
20150806,3661.5390625,3661.5390625,3710.570068359375,3614.741943359375,3625.50390625,274100,-0.8941205266302266
20150807,3744.205078125,3744.205078125,3756.739990234375,3686.300048828125,3692.614013671875,340800,2.257684930133119
20150810,3928.4150390625,3928.4150390625,3943.6240234375,3775.85400390625,3786.032958984375,497300,4.919868359073631
20150811,3927.907958984375,3927.907958984375,3970.3369140625,3891.178955078125,3928.80810546875,538900,-0.012908006742740064
20150812,3886.320068359375,3886.320068359375,3937.77197265625,3871.135986328125,3881.22802734375,442700,-1.058779662335907
20150813,3954.555908203125,3954.555908203125,3955.7890625,3838.158935546875,3869.910888671875,430100,1.7557956792929819
20150814,3965.3349609375,3965.3349609375,4000.68408203125,3939.8349609375,3976.405029296875,468000,0.2725730267718607
20150817,3993.66796875,3993.66796875,3994.537109375,3907.39892578125,3947.843994140625,460400,0.7145173886092371
20150818,3748.1640625,3748.1640625,4006.3369140625,3743.39404296875,3999.134033203125,543800,-6.1473289259658115
20150819,3794.10888671875,3794.10888671875,3811.427001953125,3558.383056640625,3646.802978515625,475400,1.2257954415182404
20150820,3664.291015625,3664.291015625,3788.0048828125,3663.60693359375,3754.56689453125,390100,-3.4215641925348095
20150821,3507.743896484375,3507.743896484375,3652.8369140625,3490.5400390625,3609.958984375,369900,-4.272234887269821
20150824,3209.905029296875,3209.905029296875,3388.364013671875,3191.87890625,3373.47802734375,334700,-8.490895458075142
20150825,2964.967041015625,2964.967041015625,3123.033935546875,2947.944091796875,3004.1259765625,352300,-7.630692685474971
20150826,2927.2880859375,2927.2880859375,3092.041015625,2850.714111328125,2980.7939453125,466700,-1.2708051913190355
20150827,3083.591064453125,3083.591064453125,3085.422119140625,2906.489990234375,2978.030029296875,400300,5.3395147292299106
20150828,3232.35009765625,3232.35009765625,3235.839111328125,3102.945068359375,3125.263916015625,443100,4.824214044397213
20150831,3205.986083984375,3205.986083984375,3207.862060546875,3109.1630859375,3203.55908203125,397400,-0.8156298938964301
20150901,3166.6240234375,3166.6240234375,3180.3310546875,3053.738037109375,3157.83203125,432400,-1.2277676669748994
20150902,3160.1669921875,3160.1669921875,3194.485107421875,3019.0869140625,3027.677978515625,438200,-0.20390899589621814
20150907,3080.419921875,3080.419921875,3217.5791015625,3066.303955078125,3149.3798828125,296500,-2.523508109212236
20150908,3170.451904296875,3170.451904296875,3174.708984375,3011.116943359375,3054.444091796875,255400,2.9227178341021176
20150909,3243.089111328125,3243.089111328125,3256.742919921875,3165.696044921875,3182.552001953125,375300,2.291067936807556
20150910,3197.89306640625,3197.89306640625,3243.281005859375,3178.904052734375,3190.552978515625,273300,-1.3936109484011694
20150911,3200.23388671875,3200.23388671875,3223.761962890625,3163.448974609375,3189.47900390625,224600,0.07319883010130646
20150914,3114.798095703125,3114.798095703125,3229.48193359375,3049.22998046875,3221.1650390625,346600,-2.669673343882484
20150915,3005.172119140625,3005.172119140625,3081.702880859375,2983.919921875,3043.804931640625,249200,-3.519521111616497
20150916,3152.262939453125,3152.262939453125,3182.93408203125,2983.534912109375,2998.035888671875,277500,4.894588878142625
20150917,3086.06103515625,3086.06103515625,3204.701904296875,3085.31396484375,3131.98193359375,317600,-2.1001390292765376
20150918,3097.9169921875,3097.9169921875,3122.048095703125,3070.3359375,3100.280029296875,209200,0.3841776587108159
20150921,3156.5400390625,3156.5400390625,3159.883056640625,3060.85595703125,3072.093994140625,239900,1.8923375617500016
20150922,3185.618896484375,3185.618896484375,3213.47607421875,3152.48095703125,3161.318115234375,274800,0.9212256794471463
20150923,3115.887939453125,3115.887939453125,3164.041015625,3104.743896484375,3137.722900390625,236300,-2.1889296647569667
20150924,3142.68701171875,3142.68701171875,3151.1650390625,3109.69091796875,3126.490966796875,212900,0.860078179523005
20150925,3092.346923828125,3092.346923828125,3149.947998046875,3062.9951171875,3130.85107421875,236300,-1.6018167798101501
20150928,3100.756103515625,3100.756103515625,3103.069091796875,3042.31005859375,3085.56689453125,156700,0.2719351966204986
20150929,3038.136962890625,3038.136962890625,3068.298095703125,3021.156982421875,3055.218017578125,163200,-2.019479718317818
20150930,3052.781005859375,3052.781005859375,3073.300048828125,3039.741943359375,3052.841064453125,146600,0.48200733369232474
20151008,3143.35693359375,3143.35693359375,3172.281005859375,3133.126953125,3156.074951171875,234300,2.9669972251703536
20151009,3183.152099609375,3183.152099609375,3192.717041015625,3137.7880859375,3146.64404296875,234900,1.2660085016221068
20151012,3287.662109375,3287.662109375,3318.714111328125,3188.406982421875,3193.5400390625,386300,3.2832238766865807
20151013,3293.22998046875,3293.22998046875,3298.6259765625,3253.2490234375,3262.156005859375,297200,0.16935654907701547
20151014,3262.44091796875,3262.44091796875,3307.31494140625,3256.2529296875,3280.02001953125,295100,-0.9349199018167997
20151015,3338.072998046875,3338.072998046875,3338.297119140625,3254.39208984375,3255.031982421875,316300,2.3182666592232115
20151016,3391.35205078125,3391.35205078125,3393.01806640625,3334.85400390625,3358.297119140625,395500,1.5961020854112107
20151019,3386.699951171875,3386.699951171875,3423.402099609375,3355.56591796875,3401.626953125,378100,-0.13717536663004903
20151020,3425.330078125,3425.330078125,3425.51611328125,3357.861083984375,3377.547119140625,319000,1.1406421445678383
20151021,3320.676025390625,3320.676025390625,3447.258056640625,3265.43603515625,3428.56103515625,458500,-3.0552983317643334
20151022,3368.739013671875,3368.739013671875,3373.77587890625,3282.992919921875,3292.291015625,323700,1.4473856502034366
20151023,3412.43408203125,3412.43408203125,3422.02197265625,3360.218017578125,3377.548095703125,347400,1.2970749049433739
20151026,3429.5810546875,3429.5810546875,3457.51708984375,3402.0,3448.64892578125,365600,0.5024850955082316
20151027,3434.3359375,3434.3359375,3441.56494140625,3332.615966796875,3409.136962890625,328200,0.13864325515797749
20151028,3375.196044921875,3375.196044921875,3439.758056640625,3367.23095703125,3417.010986328125,293500,-1.7220182781878757
20151029,3387.31494140625,3387.31494140625,3411.714111328125,3362.509033203125,3387.77392578125,235700,0.359057557637521
20151030,3382.56103515625,3382.56103515625,3417.200927734375,3346.591064453125,3380.283935546875,243600,-0.14034438285878137
20151102,3325.0849609375,3325.0849609375,3391.06396484375,3322.31201171875,3337.577880859375,231000,-1.6991880891838784
20151103,3316.695068359375,3316.695068359375,3346.27490234375,3302.18408203125,3330.31591796875,192900,-0.25232114898380287
20151104,3459.639892578125,3459.639892578125,3459.64599609375,3325.618896484375,3325.618896484375,339100,4.30985729084401
20151105,3522.819091796875,3522.819091796875,3585.656982421875,3455.52490234375,3459.215087890625,553300,1.8261784804333825
20151106,3590.031982421875,3590.031982421875,3596.382080078125,3508.826904296875,3514.43603515625,429200,1.9079291009155064
20151109,3646.881103515625,3646.881103515625,3673.760009765625,3588.498046875,3588.498046875,503000,1.5835268702926397
20151110,3640.485107421875,3640.485107421875,3669.532958984375,3607.89111328125,3617.39599609375,429700,-0.17538263278131794
20151111,3650.2490234375,3650.2490234375,3654.876953125,3605.62109375,3635.00390625,361000,0.2682037071300991
20151112,3632.902099609375,3632.902099609375,3659.31494140625,3603.22802734375,3656.81689453125,361700,-0.47522576450932386
20151113,3580.839111328125,3580.839111328125,3632.555908203125,3564.80908203125,3600.763916015625,345900,-1.4330963745719405
20151116,3606.95703125,3606.95703125,3607.612060546875,3519.4208984375,3522.4609375,276200,0.7293798774496763
20151117,3604.794921875,3604.794921875,3678.27294921875,3598.068115234375,3629.97705078125,383600,-0.05994275385783343
20151118,3568.468017578125,3568.468017578125,3617.069091796875,3558.697021484375,3605.06103515625,297600,-1.0077384451590343
20151119,3617.06201171875,3617.06201171875,3618.212890625,3561.0439453125,3573.77587890625,247900,1.36176067436371
20151120,3630.5,3630.5,3640.529052734375,3607.9150390625,3620.791015625,310800,0.3715166684373328
20151123,3610.31494140625,3610.31494140625,3654.75390625,3598.87109375,3630.866943359375,316000,-0.5559856381696759
20151124,3616.113037109375,3616.113037109375,3616.48388671875,3563.10400390625,3602.886962890625,248800,0.16059805854129472
20151125,3647.929931640625,3647.929931640625,3648.366943359375,3607.51806640625,3614.068115234375,273000,0.8798644899851826
20151126,3635.552001953125,3635.552001953125,3668.3759765625,3629.864990234375,3659.573974609375,306800,-0.33931380041428705
20151127,3436.302978515625,3436.302978515625,3621.89697265625,3412.427001953125,3616.5439453125,354300,-5.480571405125212
20151130,3445.405029296875,3445.405029296875,3470.37109375,3327.81201171875,3433.85498046875,304200,0.264879169216381
20151201,3456.30908203125,3456.30908203125,3483.4140625,3417.544921875,3442.44091796875,252400,0.3164810128752915
20151202,3536.905029296875,3536.905029296875,3538.846923828125,3427.660888671875,3450.278076171875,301500,2.331850113886791
20151203,3584.823974609375,3584.823974609375,3591.72998046875,3517.22998046875,3525.72705078125,281100,1.3548270285907549
20151204,3524.991943359375,3524.991943359375,3568.969970703125,3510.412109375,3558.14892578125,251700,-1.6690367971699316
20151207,3536.927001953125,3536.927001953125,3543.945068359375,3506.625,3529.805908203125,208300,0.3385839963757631
20151208,3470.070068359375,3470.070068359375,3518.64794921875,3466.7900390625,3518.64794921875,224400,-1.8902548329900792
20151209,3472.43896484375,3472.43896484375,3495.701904296875,3454.87890625,3462.5830078125,195700,0.06826653173304109
20151210,3455.4951171875,3455.4951171875,3503.654052734375,3446.27294921875,3469.805908203125,200400,-0.48795235359917477
20151211,3434.5810546875,3434.5810546875,3455.548095703125,3410.924072265625,3441.596923828125,182900,-0.6052406902841256
20151214,3520.66796875,3520.66796875,3521.779052734375,3399.280029296875,3403.507080078125,215400,2.50647495842351
20151215,3510.35400390625,3510.35400390625,3529.9609375,3496.85400390625,3518.1259765625,200500,-0.29295477265389724
20151216,3516.18701171875,3516.18701171875,3538.68896484375,3506.291015625,3522.091064453125,193500,0.1661657999737054
20151217,3579.9990234375,3579.9990234375,3583.407958984375,3533.6279296875,3533.6279296875,283900,1.8148071051419468
20151218,3578.964111328125,3578.964111328125,3614.697998046875,3568.160888671875,3574.93994140625,273700,-0.02890816736540458
20151221,3642.471923828125,3642.471923828125,3651.055908203125,3565.7509765625,3568.5810546875,299800,1.7744746950377532
20151222,3651.76708984375,3651.76708984375,3652.635009765625,3616.8701171875,3645.989990234375,261200,0.25518840529197284
20151223,3636.089111328125,3636.089111328125,3684.56689453125,3633.02490234375,3653.281982421875,298200,-0.4293258066547678
20151224,3612.485107421875,3612.485107421875,3640.220947265625,3572.277099609375,3631.31298828125,227800,-0.649159115289899
20151225,3628.0009765625,3628.0009765625,3635.256103515625,3601.738037109375,3614.053955078125,192500,0.4295067987615475
20151228,3533.779052734375,3533.779052734375,3641.587890625,3533.779052734375,3635.76904296875,270000,-2.597075481423916
20151229,3563.736083984375,3563.736083984375,3564.1708984375,3515.52001953125,3528.39501953125,182600,0.8477335680288078
20151230,3572.8759765625,3572.8759765625,3573.68408203125,3538.112060546875,3566.73095703125,187900,0.25646940072807656
20151231,3539.181884765625,3539.181884765625,3580.60205078125,3538.35302734375,3570.467041015625,177000,-0.9430523762342435
20160104,3296.258056640625,3296.258056640625,3538.68896484375,3295.740966796875,3536.589111328125,184400,-6.8638413066777755
20160105,3287.7109375,3287.7109375,3328.138916015625,3189.60498046875,3196.65087890625,266900,-0.25929763367300573
20160106,3361.840087890625,3361.840087890625,3362.97412109375,3288.93310546875,3291.195068359375,238900,2.2547344276864445
20160107,3125.001953125,3125.001953125,3309.656982421875,3115.885009765625,3309.656982421875,70600,-7.04489590741445
20160108,3186.412109375,3186.412109375,3235.450927734375,3056.8779296875,3194.625,286400,1.96512377179765
20160111,3016.7041015625,3016.7041015625,3166.215087890625,3016.697021484375,3131.85302734375,271600,-5.325990549470627
20160112,3022.861083984375,3022.861083984375,3047.6640625,2978.462890625,3026.158935546875,207700,0.20409633210913825
20160113,2949.596923828125,2949.596923828125,3059.014892578125,2949.2900390625,3041.10693359375,194300,-2.4236694350400656
20160114,3007.64892578125,3007.64892578125,3012.29296875,2867.552978515625,2874.049072265625,212900,1.9681333908425191
20160115,2900.969970703125,2900.969970703125,3001.7080078125,2883.867919921875,2988.048095703125,198700,-3.546921788766111
20160118,2913.8369140625,2913.8369140625,2945.449951171875,2844.7041015625,2847.5390625,164700,0.44353935026277824
20160119,3007.739013671875,3007.739013671875,3012.068115234375,2906.404052734375,2914.407958984375,205300,3.2226271537776574
20160120,2976.694091796875,2976.694091796875,3016.282958984375,2951.922119140625,2993.013916015625,216500,-1.0321680748855977
20160121,2880.48193359375,2880.48193359375,2998.7900390625,2880.0849609375,2934.39111328125,191700,-3.232181582523541
20160122,2916.56201171875,2916.56201171875,2931.35888671875,2851.73291015625,2911.112060546875,159800,1.2525708876773178
20160125,2938.514892578125,2938.514892578125,2955.782958984375,2911.8291015625,2934.077880859375,153000,0.7526972089456185
20160126,2749.784912109375,2749.784912109375,2911.990966796875,2743.839111328125,2907.718017578125,210800,-6.422631409676693
20160127,2735.55810546875,2735.55810546875,2768.77197265625,2638.302001953125,2756.08203125,215700,-0.5173788894532683
20160128,2655.660888671875,2655.660888671875,2740.535888671875,2647.492919921875,2711.157958984375,171100,-2.920691636458006
20160129,2737.60009765625,2737.60009765625,2755.366943359375,2649.791015625,2652.85400390625,186700,3.0854545222207763
20160201,2688.85400390625,2688.85400390625,2735.2548828125,2655.623046875,2730.98388671875,156400,-1.780614114959056
20160202,2749.570068359375,2749.570068359375,2755.158935546875,2687.98193359375,2687.98193359375,158100,2.2580647504445883
20160203,2739.2470703125,2739.2470703125,2746.072021484375,2696.884033203125,2719.573974609375,148400,-0.3754404430593272
20160204,2781.02294921875,2781.02294921875,2793.298095703125,2751.31396484375,2751.431884765625,170400,1.5250861946339178
20160205,2763.491943359375,2763.491943359375,2790.06103515625,2762.159912109375,2783.075927734375,141200,-0.6303797623928187
20160215,2746.196044921875,2746.196044921875,2760.35888671875,2682.090087890625,2684.9609375,129300,-0.6258711366632252
20160216,2836.571044921875,2836.571044921875,2840.6220703125,2758.5791015625,2758.5791015625,196000,3.2909158167027774
20160217,2867.337890625,2867.337890625,2868.700927734375,2824.35595703125,2829.763916015625,216900,1.0846492196345592
20160218,2862.89306640625,2862.89306640625,2893.215087890625,2857.698974609375,2881.777099609375,219200,-0.1550157110287831
20160219,2860.02099609375,2860.02099609375,2872.72412109375,2840.488037109375,2854.904052734375,163400,-0.10032055846589394
20160222,2927.175048828125,2927.175048828125,2933.964111328125,2880.346923828125,2888.597900390625,232200,2.3480265643537113
20160223,2903.3310546875,2903.3310546875,2928.048095703125,2872.281982421875,2925.7080078125,199700,-0.8145735647128727
20160224,2928.89599609375,2928.89599609375,2929.87109375,2872.27392578125,2889.885009765625,213400,0.8805382825694208
20160225,2741.2451171875,2741.2451171875,2922.237060546875,2729.85107421875,2922.237060546875,270300,-6.406880925663416
20160226,2767.2099609375,2767.2099609375,2784.7529296875,2715.8740234375,2760.05810546875,191100,0.947191609652176
20160229,2687.97900390625,2687.97900390625,2755.889892578125,2638.962890625,2754.81396484375,207400,-2.8632072791616947
20160301,2733.169921875,2733.169921875,2747.56201171875,2668.757080078125,2688.3798828125,187200,1.6812228779717886
20160302,2849.680908203125,2849.680908203125,2852.699951171875,2732.5390625,2733.76708984375,271000,4.262851914022114
20160303,2859.758056640625,2859.758056640625,2878.445068359375,2840.8740234375,2847.3310546875,287500,0.3536237481358562
20160304,2874.14697265625,2874.14697265625,2880.3720703125,2808.84912109375,2848.5380859375,312500,0.5031515159896971
20160307,2897.340087890625,2897.340087890625,2911.839111328125,2871.345947265625,2886.639892578125,217500,0.8069564797843487
20160308,2901.386962890625,2901.386962890625,2902.62109375,2802.56298828125,2895.666015625,233500,0.1396755257318194
20160309,2862.555908203125,2862.555908203125,2863.014892578125,2811.718017578125,2839.410888671875,183400,-1.3383617967598793
20160310,2804.72607421875,2804.72607421875,2863.176025390625,2803.47607421875,2847.56689453125,139000,-2.020216751702708
20160311,2810.306884765625,2810.306884765625,2815.60693359375,2772.551025390625,2781.60009765625,127200,0.1989788093095468
20160314,2859.4990234375,2859.4990234375,2889.81591796875,2823.028076171875,2830.083984375,194800,1.7504187510104519
20160315,2864.367919921875,2864.367919921875,2865.787109375,2819.794921875,2853.97802734375,163400,0.1702709616078879
20160316,2870.429931640625,2870.429931640625,2881.529052734375,2854.19189453125,2858.708984375,186500,0.21163523291083397
20160317,2904.83203125,2904.83203125,2921.0,2857.19091796875,2875.410888671875,200300,1.198499891258864
20160318,2955.14990234375,2955.14990234375,2971.551025390625,2908.741943359375,2915.51806640625,313300,1.732212759720131
20160321,3018.802001953125,3018.802001953125,3028.322021484375,2973.758056640625,2978.455078125,352400,2.153938098331065
20160322,2999.363037109375,2999.363037109375,3019.10107421875,2988.426025390625,3001.6298828125,270400,-0.6439297718490056
20160323,3009.9599609375,3009.9599609375,3012.56005859375,2980.85498046875,2991.1689453125,217000,0.35330580850052584
20160324,2960.969970703125,2960.969970703125,2998.154052734375,2960.537109375,2986.801025390625,237000,-1.6275960766971909
20160325,2979.1259765625,2979.1259765625,2981.407958984375,2952.10595703125,2956.199951171875,169800,0.613177642428564
20160328,2957.820068359375,2957.820068359375,3008.16796875,2948.52587890625,2988.010009765625,202000,-0.7151731202622469
20160329,2919.83203125,2919.83203125,2962.202880859375,2905.2509765625,2956.705078125,183000,-1.2843254907809798
20160330,3000.64501953125,3000.64501953125,3001.10595703125,2941.218017578125,2941.218017578125,210400,2.767727301308276
20160331,3003.9150390625,3003.9150390625,3023.408935546875,2992.916015625,3009.366943359375,220400,0.10897722022982226
20160401,3009.530029296875,3009.530029296875,3009.673095703125,2956.2470703125,2997.087890625,206500,0.18692240497346635
20160405,3053.06494140625,3053.06494140625,3057.330078125,2993.14794921875,3000.93798828125,256700,1.4465684570539539
20160406,3050.592041015625,3050.592041015625,3059.7939453125,3029.0048828125,3039.7451171875,232300,-0.08099730723336585
20160407,3008.419921875,3008.419921875,3062.35791015625,3007.06005859375,3058.339111328125,220900,-1.3824240860008552
20160408,2984.9580078125,2984.9580078125,2996.1708984375,2960.4599609375,2988.199951171875,187900,-0.7798749733008425
20160411,3033.95703125,3033.95703125,3048.97705078125,3006.908935546875,3006.908935546875,220000,1.6415314154924587
20160412,3023.64599609375,3023.64599609375,3036.824951171875,3001.31494140625,3031.301025390625,182700,-0.3398543568694401
20160413,3066.637939453125,3066.637939453125,3097.1650390625,3041.35791015625,3041.35791015625,310000,1.421857698120621
20160414,3082.362060546875,3082.362060546875,3086.697998046875,3056.989013671875,3080.090087890625,208200,0.5127478823455212
20160415,3078.116943359375,3078.116943359375,3089.950927734375,3066.8720703125,3085.02587890625,189600,-0.1377228600700775
20160418,3033.659912109375,3033.659912109375,3058.462890625,3022.969970703125,3058.462890625,183300,-1.4442931203738074
20160419,3042.822998046875,3042.822998046875,3054.5029296875,3024.89501953125,3047.133056640625,156500,0.3020472367691651
20160420,2972.583984375,2972.583984375,3055.68896484375,2905.049072265625,3050.381103515625,283100,-2.308350295661621
20160421,2952.89111328125,2952.89111328125,2990.673095703125,2943.464111328125,2954.3701171875,189400,-0.6624832535350733
20160422,2959.239990234375,2959.239990234375,2960.208984375,2926.77587890625,2933.034912109375,137200,0.21500545430102047
20160425,2946.669921875,2946.669921875,2954.092041015625,2917.02001953125,2949.972900390625,125900,-0.42477353647749627
20160426,2964.699951171875,2964.699951171875,2965.428955078125,2933.970947265625,2944.716064453125,117700,0.611878146345024
20160427,2953.6708984375,2953.6708984375,2976.02197265625,2949.431884765625,2967.18994140625,130900,-0.37201244362066177
20160428,2945.589111328125,2945.589111328125,2959.511962890625,2916.3740234375,2955.741943359375,138700,-0.2736184018893306
20160429,2938.323974609375,2938.323974609375,2950.575927734375,2930.35693359375,2935.3759765625,109300,-0.24664460806193
20160503,2992.64306640625,2992.64306640625,2993.534912109375,2929.81494140625,2940.39208984375,168700,1.8486420240333201
20160504,2991.27197265625,2991.27197265625,3004.41796875,2978.330078125,2983.027099609375,165400,-0.045815478811728205
20160505,2997.842041015625,2997.842041015625,2999.117919921875,2977.199951171875,2987.02197265625,144800,0.21964129037523872
20160506,2913.248046875,2913.248046875,3003.590087890625,2913.035888671875,2998.402099609375,206800,-2.821829602201653
20160509,2832.113037109375,2832.113037109375,2896.162109375,2821.825927734375,2896.162109375,180400,-2.785036099231486
20160510,2832.591064453125,2832.591064453125,2845.238037109375,2820.1640625,2822.326904296875,120800,0.016878822896071455
20160511,2837.037109375,2837.037109375,2857.25390625,2818.698974609375,2843.544921875,135800,0.15696035257857233
20160512,2835.862060546875,2835.862060546875,2839.27587890625,2781.236083984375,2812.10791015625,136300,-0.04141816912588414
20160513,2827.10888671875,2827.10888671875,2850.093017578125,2814.114990234375,2828.4619140625,114300,-0.3086600702446374
20160516,2850.862060546875,2850.862060546875,2851.22900390625,2804.990966796875,2816.77490234375,114700,0.8401931011470021
20160517,2843.68408203125,2843.68408203125,2860.321044921875,2832.458984375,2850.926025390625,123400,-0.25178273670133366
20160518,2807.513916015625,2807.513916015625,2828.2548828125,2781.4169921875,2828.177978515625,140500,-1.2719474094952443
20160519,2806.906005859375,2806.906005859375,2829.402099609375,2801.548095703125,2802.31494140625,111600,-0.021652970365781954
20160520,2825.48291015625,2825.48291015625,2825.951904296875,2785.080078125,2792.887939453125,108700,0.6618285136052338
20160523,2843.64501953125,2843.64501953125,2848.071044921875,2826.256103515625,2826.31201171875,120500,0.6427966458305567
20160524,2821.666015625,2821.666015625,2839.695068359375,2807.18798828125,2839.681884765625,111500,-0.7729165826004913
20160525,2815.0859375,2815.0859375,2843.1650390625,2807.7490234375,2835.029052734375,103500,-0.23319833348677266
20160526,2822.443115234375,2822.443115234375,2827.092041015625,2780.762939453125,2813.54296875,114800,0.26134824647339183
20160527,2821.0458984375,2821.0458984375,2832.799072265625,2809.799072265625,2817.968017578125,109800,-0.04950380715676994
20160530,2822.450927734375,2822.450927734375,2830.969970703125,2794.660888671875,2814.65087890625,106300,0.04980526185884848
20160531,2916.615966796875,2916.615966796875,2917.135009765625,2822.593017578125,2822.593017578125,215300,3.3362861383063214
20160601,2913.508056640625,2913.508056640625,2929.075927734375,2909.511962890625,2917.154052734375,188400,-0.10655877193400665
20160602,2925.22900390625,2925.22900390625,2925.669921875,2906.52392578125,2911.218994140625,159700,0.40229671714515636
20160603,2938.681884765625,2938.681884765625,2945.51904296875,2915.18505859375,2929.7880859375,172000,0.4598915449494978
20160606,2934.097900390625,2934.097900390625,2945.94189453125,2922.282958984375,2940.993896484375,142000,-0.15598777121007545
20160607,2936.044921875,2936.044921875,2938.444091796875,2923.501953125,2936.281982421875,133000,0.06635843623745696
20160608,2927.158935546875,2927.158935546875,2937.986083984375,2908.366943359375,2932.3759765625,143000,-0.3026515794060214
20160613,2833.071044921875,2833.071044921875,2911.157958984375,2832.507080078125,2897.27294921875,169300,-3.214307548606743
20160614,2842.18896484375,2842.18896484375,2843.4560546875,2822.06103515625,2824.22900390625,119800,0.3218387317966531
20160615,2887.2099609375,2887.2099609375,2894.263916015625,2811.781005859375,2814.693115234375,166700,1.5840254342914584
20160616,2872.81689453125,2872.81689453125,2887.742919921875,2865.387939453125,2878.402099609375,173900,-0.4985112479168774
20160617,2885.10498046875,2885.10498046875,2900.299072265625,2872.18505859375,2873.009033203125,171500,0.42773648264502473
20160620,2888.80908203125,2888.80908203125,2891.657958984375,2864.02001953125,2887.635986328125,136600,0.12838706347171325
20160621,2878.55810546875,2878.55810546875,2919.302001953125,2869.176025390625,2898.384033203125,164400,-0.35485129932131265
20160622,2905.550048828125,2905.550048828125,2905.97802734375,2869.512939453125,2872.73388671875,130600,0.937689717226653
20160623,2891.9599609375,2891.9599609375,2904.112060546875,2878.660888671875,2902.39794921875,136100,-0.46772857676660173
20160624,2854.285888671875,2854.285888671875,2899.569091796875,2807.597900390625,2883.759033203125,190800,-1.3027176300674626
20160627,2895.702880859375,2895.702880859375,2895.73095703125,2840.277099609375,2840.55908203125,156700,1.4510456836813734
20160628,2912.556884765625,2912.556884765625,2913.58203125,2878.823974609375,2885.010986328125,173900,0.5820349876934916
20160629,2931.592041015625,2931.592041015625,2933.9970703125,2915.06201171875,2918.533935546875,193200,0.6535548318237216
20160630,2929.60595703125,2929.60595703125,2938.136962890625,2922.31201171875,2931.48095703125,154500,-0.06774762506474019
20160701,2932.47607421875,2932.47607421875,2944.989013671875,2925.81005859375,2931.802001953125,141200,0.09796939348145628
20160704,2988.60400390625,2988.60400390625,2992.498046875,2922.52001953125,2924.29296875,222000,1.914011513374514
20160705,3006.39208984375,3006.39208984375,3010.27490234375,2990.64208984375,2991.751953125,235200,0.5951971527258237
20160706,3017.2919921875,3017.2919921875,3017.652099609375,2984.827880859375,2998.52099609375,212400,0.36255757792114096
20160707,3016.846923828125,3016.846923828125,3024.10888671875,2994.64306640625,3009.35302734375,222700,-0.014750589619016985
20160708,2988.093994140625,2988.093994140625,3001.551025390625,2983.881103515625,3000.325927734375,169000,-0.9530788407061452
20160711,2994.9169921875,2994.9169921875,3022.944091796875,2990.906982421875,2993.7490234375,224300,0.22833947192606452
20160712,3049.381103515625,3049.381103515625,3049.680908203125,2984.4208984375,2992.52001953125,259500,1.8185516149595848
20160713,3060.68896484375,3060.68896484375,3069.047119140625,3048.198974609375,3049.512939453125,253700,0.37082479835295334
20160714,3054.01806640625,3054.01806640625,3057.0458984375,3036.52294921875,3054.97509765625,180200,-0.2179541441199806
20160715,3054.2958984375,3054.2958984375,3062.68310546875,3044.5380859375,3056.681884765625,172900,0.009097262203727752
20160718,3043.56396484375,3043.56396484375,3058.321044921875,3031.638916015625,3047.636962890625,177500,-0.3513717711253861
20160719,3036.597900390625,3036.597900390625,3043.60009765625,3014.2890625,3040.22607421875,155400,-0.22887852969709632
20160720,3027.89990234375,3027.89990234375,3042.9970703125,3022.631103515625,3034.714111328125,138200,-0.2864389139489276
20160721,3039.009033203125,3039.009033203125,3053.333984375,3027.367919921875,3027.60400390625,163800,0.3668922757577242
20160722,3012.81591796875,3012.81591796875,3039.27001953125,3007.45703125,3038.117919921875,162000,-0.8618965902436715
20160725,3015.827880859375,3015.827880859375,3027.123046875,3003.2919921875,3008.093994140625,144200,0.09997168670881074
20160726,3050.166015625,3050.166015625,3050.614990234375,3013.802001953125,3014.0400390625,156700,1.138597298060673
20160727,2991.9990234375,2991.9990234375,3057.424072265625,2939.22705078125,3050.367919921875,280200,-1.9070106967794431
20160728,2994.322998046875,2994.322998046875,3003.363037109375,2968.181884765625,2980.5009765625,190600,0.07767297352607727
20160729,2979.339111328125,2979.339111328125,3000.054931640625,2972.9169921875,2992.535888671875,150100,-0.5004098331583995
20160801,2953.385009765625,2953.385009765625,2972.875,2931.962890625,2971.948974609375,147400,-0.8711362014420132
20160802,2971.279052734375,2971.279052734375,2971.279052734375,2946.636962890625,2950.080078125,115500,0.6058825012513314
20160803,2978.4609375,2978.4609375,2981.156005859375,2956.785888671875,2963.215087890625,141100,0.2417102075624955
20160804,2982.426025390625,2982.426025390625,2982.860107421875,2958.93310546875,2976.409912109375,133900,0.1331253950892286
20160805,2976.696044921875,2976.696044921875,2991.677001953125,2971.56396484375,2978.778076171875,141900,-0.19212481449558672
20160808,3004.277099609375,3004.277099609375,3004.718017578125,2959.048095703125,2972.625,155700,0.9265660407132392
20160809,3025.680908203125,3025.680908203125,3025.910888671875,2998.677001953125,3001.305908203125,170000,0.7124445543499558
20160810,3018.74609375,3018.74609375,3033.196044921875,3017.090087890625,3023.471923828125,164700,-0.22919847345183042
20160811,3002.637939453125,3002.637939453125,3038.048095703125,3001.16796875,3013.677978515625,161900,-0.5336041454504947
20160812,3050.6669921875,3050.6669921875,3051.053955078125,2999.0390625,3000.27294921875,168200,1.5995619086569768
20160815,3125.195068359375,3125.195068359375,3137.47607421875,3053.87109375,3056.48388671875,297600,2.4430092292188954
20160816,3110.037109375,3110.037109375,3140.44091796875,3102.06494140625,3130.532958984375,278300,-0.48502441136681895
20160817,3109.554931640625,3109.554931640625,3114.2548828125,3090.281005859375,3106.990966796875,213800,-0.01550392221756347
20160818,3104.114013671875,3104.114013671875,3125.5810546875,3093.31689453125,3107.7529296875,229400,-0.17497417117116054
20160819,3108.10205078125,3108.10205078125,3113.343994140625,3082.77099609375,3100.39111328125,194300,0.1284758579037426
20160822,3084.804931640625,3084.804931640625,3112.739990234375,3083.593017578125,3107.381103515625,185400,-0.7495609461976693
20160823,3089.7060546875,3089.7060546875,3101.110107421875,3073.529052734375,3081.572021484375,161400,0.15887951282120838
20160824,3085.8798828125,3085.8798828125,3097.14794921875,3079.548095703125,3092.02001953125,145700,-0.1238361127976928
20160825,3068.3291015625,3068.3291015625,3073.444091796875,3041.5048828125,3073.444091796875,174000,-0.5687447961844838
20160826,3070.30908203125,3070.30908203125,3087.652099609375,3063.89404296875,3069.85009765625,149700,0.064529599114449
20160829,3070.027099609375,3070.027099609375,3074.943115234375,3058.784912109375,3068.4599609375,144500,-0.00918417052945264
20160830,3074.677001953125,3074.677001953125,3082.988037109375,3065.970947265625,3071.43994140625,140400,0.15146128007605952
20160831,3085.490966796875,3085.490966796875,3087.697998046875,3063.39599609375,3072.916015625,141400,0.35171059714176334
20160901,3063.304931640625,3063.304931640625,3088.7041015625,3062.8759765625,3083.9609375,155200,-0.7190439186176567
20160902,3067.35205078125,3067.35205078125,3072.52587890625,3050.491943359375,3057.4951171875,150400,0.13211610436894006
20160905,3072.094970703125,3072.094970703125,3085.485107421875,3065.3291015625,3070.70703125,145000,0.1546258741531581
20160906,3090.712890625,3090.712890625,3095.509033203125,3053.18701171875,3071.054931640625,172900,0.6060333453042244
20160907,3091.927978515625,3091.927978515625,3105.677978515625,3087.87890625,3091.3291015625,187000,0.03931416257751952
20160908,3095.9541015625,3095.9541015625,3096.782958984375,3083.902099609375,3089.952880859375,145900,0.13021399834829417
20160909,3078.85498046875,3078.85498046875,3101.7919921875,3078.218017578125,3095.427001953125,160700,-0.5523053809202261
20160912,3021.97705078125,3021.97705078125,3040.951904296875,2999.928955078125,3037.507080078125,206000,-1.8473728073688078
20160913,3023.510009765625,3023.510009765625,3029.720947265625,3008.740966796875,3025.034912109375,135400,0.05072702269459661
20160914,3002.84912109375,3002.84912109375,3017.945068359375,2995.416015625,3008.904052734375,133400,-0.6833411698701997
20160919,3026.051025390625,3026.051025390625,3026.65087890625,3005.322998046875,3005.322998046875,119200,0.7726630064058604
20160920,3023.0,3023.0,3027.81689453125,3015.8798828125,3027.172119140625,118900,-0.10082531209899548
20160921,3025.8740234375,3025.8740234375,3032.449951171875,3017.541015625,3021.575927734375,115700,0.09507189670856508
20160922,3042.31298828125,3042.31298828125,3054.43505859375,3035.070068359375,3038.422119140625,139300,0.543279882652703
20160923,3033.89599609375,3033.89599609375,3046.804931640625,3032.802001953125,3044.785888671875,125600,-0.27666424263123046
20160926,2980.429931640625,2980.429931640625,3028.242919921875,2980.116943359375,3028.242919921875,144300,-1.7622906164866725
20160927,2998.172119140625,2998.172119140625,2998.23291015625,2969.132080078125,2974.593017578125,121700,0.5952895356353238
20160928,2987.85791015625,2987.85791015625,3000.695068359375,2984.321044921875,3000.695068359375,104600,-0.34401657324901747
20160929,2998.48291015625,2998.48291015625,3009.197998046875,2991.908935546875,2992.16796875,113200,0.35560593306274146
20160930,3004.702880859375,3004.702880859375,3009.195068359375,2993.06201171875,2994.2509765625,101300,0.20743725708947114
20161010,3048.14306640625,3048.14306640625,3048.236083984375,3014.6201171875,3020.45703125,160100,1.4457398042115432
20161011,3065.25,3065.25,3066.10400390625,3048.01806640625,3051.6220703125,167300,0.5612247595031317
20161012,3058.498046875,3058.498046875,3060.513916015625,3048.887939453125,3057.31591796875,142500,-0.2202741415871512
20161013,3061.345947265625,3061.345947265625,3064.9990234375,3052.639892578125,3057.971923828125,154800,0.09311434393541873
20161014,3063.80908203125,3063.80908203125,3064.7900390625,3043.18408203125,3056.992919921875,155400,0.0804592100355439
20161017,3041.166015625,3041.166015625,3068.81201171875,3033.7529296875,3064.69091796875,163700,-0.7390495229956717
20161018,3083.875,3083.875,3084.18701171875,3037.404052734375,3037.404052734375,182000,1.4043621477935808
20161019,3084.718994140625,3084.718994140625,3096.222900390625,3076.77099609375,3085.7490234375,182500,0.0273679750516731
20161020,3084.4580078125,3084.4580078125,3089.681884765625,3076.294921875,3084.907958984375,160700,-0.00846061922077368
20161021,3090.94091796875,3090.94091796875,3101.84912109375,3069.26708984375,3081.388916015625,187400,0.2101798805439925
20161024,3128.2470703125,3128.2470703125,3137.033935546875,3090.785888671875,3092.047119140625,240500,1.2069513243322172
20161025,3131.93896484375,3131.93896484375,3132.5048828125,3121.050048828125,3127.968017578125,203400,0.11801799692507942
20161026,3116.31201171875,3116.31201171875,3129.837890625,3110.386962890625,3129.837890625,191700,-0.4989545869320433
20161027,3112.35009765625,3112.35009765625,3114.759033203125,3100.39208984375,3112.60302734375,158000,-0.12713470434286833
20161028,3104.27001953125,3104.27001953125,3128.64306640625,3101.237060546875,3111.7041015625,181800,-0.2596134069584477
20161031,3100.491943359375,3100.491943359375,3102.302001953125,3081.072021484375,3097.18798828125,151500,-0.12170578422960876
20161101,3122.43603515625,3122.43603515625,3122.614990234375,3097.0419921875,3101.6640625,160200,0.7077616132457498
20161102,3102.73291015625,3102.73291015625,3118.97705078125,3099.820068359375,3115.72900390625,182700,-0.6310177303284314
20161103,3128.93603515625,3128.93603515625,3140.929931640625,3094.10302734375,3096.764892578125,223000,0.8445175836511387
20161104,3125.31689453125,3125.31689453125,3141.333984375,3119.534912109375,3126.34912109375,197700,-0.11566681403313295
20161107,3133.3330078125,3133.3330078125,3139.201904296875,3117.095947265625,3124.89208984375,179400,0.25648961534994186
20161108,3147.887939453125,3147.887939453125,3156.881103515625,3134.955078125,3140.944091796875,190800,0.4645191431722928
20161109,3128.3701171875,3128.3701171875,3146.949951171875,3096.947021484375,3146.077880859375,241100,-0.6200291319460316
20161110,3171.281982421875,3171.281982421875,3172.30908203125,3148.5439453125,3148.5439453125,244200,1.371700394355968
20161111,3196.0439453125,3196.0439453125,3202.739990234375,3166.070068359375,3169.40087890625,310900,0.7808187044822334
20161114,3210.37109375,3210.37109375,3221.4580078125,3186.7958984375,3187.708984375,329600,0.44827757949050806
20161115,3206.986083984375,3206.986083984375,3214.2919921875,3195.034912109375,3209.955078125,240900,-0.10543982819354314
20161116,3205.056884765625,3205.056884765625,3210.89306640625,3195.410888671875,3208.4970703125,221800,-0.06015614562172589
20161117,3208.452880859375,3208.452880859375,3211.052978515625,3187.2060546875,3198.4990234375,214200,0.10595743588490691
20161118,3192.85595703125,3192.85595703125,3212.39404296875,3187.49609375,3207.193115234375,209800,-0.48611977196770795
20161121,3218.14794921875,3218.14794921875,3229.757080078125,3188.280029296875,3188.49609375,230700,0.7921432262486539
20161122,3248.35205078125,3248.35205078125,3249.677001953125,3220.98291015625,3220.98291015625,261600,0.9385554063737978
20161123,3241.136962890625,3241.136962890625,3262.87890625,3231.5859375,3247.945068359375,250000,-0.222115330414685
20161124,3241.736083984375,3241.736083984375,3257.85693359375,3232.868896484375,3237.427978515625,232300,0.018484905161675336
20161125,3261.93798828125,3261.93798828125,3262.43798828125,3209.597900390625,3241.242919921875,233900,0.6231816462999973
20161128,3277.0,3277.0,3288.3369140625,3267.674072265625,3270.047119140625,281600,0.46175040030991266
20161129,3282.924072265625,3282.924072265625,3301.212890625,3263.39697265625,3269.23388671875,320800,0.1807773044133265
20161130,3250.033935546875,3250.033935546875,3277.26904296875,3239.52099609375,3272.14208984375,243600,-1.0018549316022307
20161201,3273.30908203125,3273.30908203125,3279.6708984375,3256.256103515625,3257.027099609375,237800,0.7161508755279655
20161202,3243.843017578125,3243.843017578125,3279.714111328125,3235.277099609375,3270.12109375,259600,-0.9001919377207068
20161205,3204.708984375,3204.708984375,3219.51806640625,3194.87890625,3203.783935546875,223000,-1.2064095885978676
20161206,3199.64697265625,3199.64697265625,3215.31103515625,3196.52490234375,3202.029052734375,157600,-0.1579554257010729
20161207,3222.241943359375,3222.241943359375,3222.427978515625,3189.485107421875,3198.47509765625,169100,0.7061707399665718
20161208,3215.365966796875,3215.365966796875,3228.1220703125,3211.470947265625,3225.550048828125,170700,-0.21339107004892943
20161209,3232.883056640625,3232.883056640625,3244.801025390625,3207.04296875,3209.340087890625,204000,0.5447930352139752
20161212,3152.969970703125,3152.969970703125,3245.094970703125,3149.89599609375,3233.666015625,274700,-2.4718829768169748
20161213,3155.037109375,3155.037109375,3162.49609375,3118.7119140625,3138.988037109375,185200,0.06556163525446301
20161214,3140.531005859375,3140.531005859375,3170.02099609375,3136.347900390625,3149.376953125,201400,-0.4597760030308651
20161215,3117.677001953125,3117.677001953125,3138.779052734375,3100.9130859375,3125.757080078125,190000,-0.7277114559165576
20161216,3122.98193359375,3122.98193359375,3128.8740234375,3106.345947265625,3111.514892578125,165000,0.17015655044771982
20161219,3118.0849609375,3118.0849609375,3125.283935546875,3110.08203125,3120.696044921875,154200,-0.15680438633260962
20161220,3102.8759765625,3102.8759765625,3117.014892578125,3084.800048828125,3115.89794921875,157400,-0.48776683655300523
20161221,3137.429931640625,3137.429931640625,3140.2509765625,3107.239990234375,3107.239990234375,186700,1.1136105773845717
20161222,3139.55810546875,3139.55810546875,3143.1689453125,3126.886962890625,3132.156005859375,167800,0.06783175638960248
20161223,3110.154052734375,3110.154052734375,3138.404052734375,3103.748046875,3134.928955078125,166200,-0.9365666041713516
20161226,3122.569091796875,3122.569091796875,3122.881103515625,3068.4150390625,3095.5791015625,152600,0.3991776243876144
20161227,3114.6640625,3114.6640625,3127.883056640625,3113.7451171875,3117.386962890625,141500,-0.25315786663109296
20161228,3102.236083984375,3102.236083984375,3118.781982421875,3094.549072265625,3113.76708984375,135700,-0.3990150547937277
20161229,3096.096923828125,3096.096923828125,3111.799072265625,3087.343994140625,3095.844970703125,132600,-0.1978946795166303
20161230,3103.636962890625,3103.636962890625,3108.839111328125,3089.989013671875,3097.344970703125,133300,0.24353368928700103
20170103,3135.9208984375,3135.9208984375,3136.4560546875,3105.30908203125,3105.30908203125,141600,1.0401969023080104
20170104,3158.7939453125,3158.7939453125,3160.10302734375,3130.114990234375,3133.787109375,167900,0.7293885150737367
20170105,3165.410888671875,3165.410888671875,3168.501953125,3154.281005859375,3157.906005859375,174700,0.20947689130512703
20170106,3154.321044921875,3154.321044921875,3172.034912109375,3153.02490234375,3163.77587890625,183700,-0.35034452524591586
20170109,3171.236083984375,3171.236083984375,3173.135986328125,3147.735107421875,3148.531982421875,171700,0.536249760934493
20170110,3161.6708984375,3161.6708984375,3174.577880859375,3157.33203125,3167.570068359375,179800,-0.30162325647030697
20170111,3136.75390625,3136.75390625,3167.029052734375,3136.26708984375,3156.68603515625,178400,-0.7880956933188132
20170112,3119.2890625,3119.2890625,3144.969970703125,3115.97900390625,3133.60205078125,148900,-0.5567808081852088
20170113,3112.763916015625,3112.763916015625,3130.514892578125,3102.1630859375,3116.0830078125,156300,-0.20918697669991548
20170116,3103.427978515625,3103.427978515625,3105.14208984375,3044.291015625,3104.491943359375,257900,-0.29992436792155575
20170117,3108.77490234375,3108.77490234375,3108.906982421875,3072.337890625,3087.030029296875,136200,0.17229089462171832
20170118,3113.011962890625,3113.011962890625,3123.719970703125,3098.5859375,3104.76611328125,131800,0.13629357801623332
20170119,3101.299072265625,3101.299072265625,3115.778076171875,3094.006103515625,3104.971923828125,123900,-0.3762558822332229
20170120,3123.138916015625,3123.138916015625,3125.659912109375,3095.215087890625,3095.819091796875,122400,0.7042159830797923
20170123,3136.77490234375,3136.77490234375,3145.841064453125,3125.4208984375,3125.4208984375,132700,0.4366115851651253
20170124,3142.552978515625,3142.552978515625,3149.531005859375,3131.218017578125,3134.592041015625,126000,0.18420436122330575
20170125,3149.554931640625,3149.554931640625,3151.471923828125,3133.19091796875,3137.64599609375,112100,0.22281098116307962
20170126,3159.166015625,3159.166015625,3163.10400390625,3148.907958984375,3149.217041015625,113900,0.3051568933699622
20170203,3140.169921875,3140.169921875,3162.677001953125,3136.012939453125,3160.08203125,92200,-0.6013009020749971
20170206,3156.98388671875,3156.98388671875,3158.843017578125,3135.386962890625,3143.093017578125,127200,0.5354476115009277
20170207,3153.087890625,3153.087890625,3159.5439453125,3140.035888671875,3154.405029296875,128300,-0.12340880516179542
20170208,3166.98193359375,3166.98193359375,3167.447021484375,3132.032958984375,3148.0859375,144900,0.440648768785068
20170209,3183.178955078125,3183.178955078125,3186.837890625,3162.573974609375,3164.68798828125,191600,0.5114339716487004
20170210,3196.698974609375,3196.698974609375,3205.049072265625,3182.802001953125,3183.007080078125,239300,0.42473325320531163
20170213,3216.839111328125,3216.839111328125,3219.406982421875,3198.9951171875,3198.9951171875,220200,0.6300291919482781
20170214,3217.927978515625,3217.927978515625,3219.405029296875,3205.284912109375,3216.136962890625,188800,0.03384897875886583
20170215,3212.986083984375,3212.986083984375,3235.998046875,3206.56103515625,3215.464111328125,241500,-0.15357380787401897
20170216,3229.617919921875,3229.617919921875,3230.27490234375,3207.784912109375,3210.35693359375,217000,0.5176441946139754
20170217,3202.075927734375,3202.075927734375,3238.39599609375,3199.425048828125,3227.70703125,226200,-0.8527941344890211
20170220,3239.9609375,3239.9609375,3241.4580078125,3198.962890625,3198.962890625,232200,1.183139020455104
20170221,3253.325927734375,3253.325927734375,3254.3359375,3239.8779296875,3242.222900390625,211700,0.41250467188309603
20170222,3261.218017578125,3261.218017578125,3261.381103515625,3243.840087890625,3252.68994140625,207500,0.2425852810033824
20170223,3251.375,3251.375,3264.08203125,3236.35498046875,3258.83203125,209200,-0.30182028693177543
20170224,3253.43310546875,3253.43310546875,3253.9560546875,3233.534912109375,3246.860107421875,186400,0.0632995415401183
20170227,3228.659912109375,3228.659912109375,3251.654052734375,3224.087890625,3249.195068359375,182600,-0.7614477555334842
20170228,3241.73291015625,3241.73291015625,3242.678955078125,3225.968994140625,3225.968994140625,151200,0.40490477172412387
20170301,3246.93408203125,3246.93408203125,3259.97802734375,3237.87109375,3240.072998046875,190700,0.1604441827611769
20170302,3230.028076171875,3230.028076171875,3256.806884765625,3228.6650390625,3250.51806640625,181200,-0.5206759802403704
20170303,3218.31201171875,3218.31201171875,3221.155029296875,3206.613037109375,3219.201904296875,157100,-0.3627233007525543
20170306,3233.865966796875,3233.865966796875,3234.6630859375,3215.06689453125,3217.3349609375,156100,0.4832954362873787
20170307,3242.406005859375,3242.406005859375,3242.658935546875,3226.822021484375,3233.093994140625,164100,0.2640814167990557
20170308,3240.6650390625,3240.6650390625,3245.303955078125,3230.60791015625,3240.531982421875,160700,-0.053693670494348034
20170309,3216.74609375,3216.74609375,3233.875,3205.279052734375,3233.700927734375,167400,-0.7380875537639553
20170310,3212.760009765625,3212.760009765625,3222.319091796875,3208.447021484375,3213.72900390625,136700,-0.1239166495645927
20170313,3237.02392578125,3237.02392578125,3237.12109375,3193.156982421875,3209.448974609375,163700,0.7552358701512496
20170314,3239.327880859375,3239.327880859375,3246.3291015625,3231.52099609375,3235.251953125,146900,0.07117510191305687
20170315,3241.760009765625,3241.760009765625,3243.712890625,3227.738037109375,3235.403076171875,144100,0.07508128215798493
20170316,3268.93505859375,3268.93505859375,3269.77001953125,3247.1630859375,3247.1630859375,189400,0.8382807100544731
20170317,3237.447021484375,3237.447021484375,3274.18994140625,3232.281005859375,3271.866943359375,200600,-0.9632506166372345
20170320,3250.80810546875,3250.80810546875,3251.126953125,3228.117919921875,3241.110107421875,170500,0.41270432830895487
20170321,3261.611083984375,3261.611083984375,3262.220947265625,3246.696044921875,3250.2470703125,162700,0.3323167091115353
20170322,3245.219970703125,3245.219970703125,3255.778076171875,3229.1279296875,3246.222900390625,189700,-0.5025465286691011
20170323,3248.550048828125,3248.550048828125,3262.091064453125,3221.93408203125,3245.80810546875,193000,0.10261486602027858
20170324,3269.445068359375,3269.445068359375,3275.20703125,3241.123046875,3247.35009765625,219800,0.6432106391215164
20170327,3266.955078125,3266.955078125,3283.239013671875,3262.117919921875,3268.924072265625,201900,-0.0761594148949718
20170328,3252.947998046875,3252.947998046875,3265.634033203125,3246.0859375,3265.634033203125,161700,-0.42875031162546984
20170329,3241.31396484375,3241.31396484375,3262.097900390625,3233.280029296875,3252.864990234375,216100,-0.3576458403303784
20170330,3210.237060546875,3210.237060546875,3240.01708984375,3195.85205078125,3235.136962890625,247100,-0.9587748867880164
20170331,3222.513916015625,3222.513916015625,3226.248046875,3205.537109375,3206.2529296875,196400,0.3824283140840157
20170405,3270.304931640625,3270.304931640625,3270.64501953125,3233.237060546875,3235.659912109375,248300,1.4830351976909295
20170406,3281.0048828125,3281.0048828125,3286.674072265625,3265.764892578125,3272.193115234375,245300,0.3271851217405253
20170407,3286.615966796875,3286.615966796875,3295.18701171875,3275.051025390625,3280.6240234375,236100,0.17101723968069305
20170410,3269.39306640625,3269.39306640625,3285.458984375,3265.011962890625,3285.458984375,232700,-0.5240314221259701
20170411,3288.966064453125,3288.966064453125,3290.388916015625,3244.405029296875,3266.221923828125,281300,0.5986737492041483
20170412,3273.830078125,3273.830078125,3284.93408203125,3262.277099609375,3283.8369140625,269400,-0.4602050015569792
20170413,3275.9599609375,3275.9599609375,3281.136962890625,3261.489990234375,3265.218017578125,207300,0.06505783017669575
20170414,3244.48291015625,3244.48291015625,3276.7109375,3238.89599609375,3276.137939453125,208100,-0.9608496793789278
20170417,3222.1669921875,3222.1669921875,3229.948974609375,3199.912109375,3229.948974609375,212700,-0.6878112348471355
20170418,3196.712890625,3196.712890625,3225.054931640625,3196.488037109375,3215.39599609375,188700,-0.7899684164171639
20170419,3170.68701171875,3170.68701171875,3189.43701171875,3147.06591796875,3184.666015625,213200,-0.8141450232385883
20170420,3172.10009765625,3172.10009765625,3178.18310546875,3148.18408203125,3165.6650390625,190900,0.044567184722965614
20170421,3173.15087890625,3173.15087890625,3180.7939453125,3158.62890625,3170.2900390625,164800,0.033125727992522336
20170424,3129.531005859375,3129.531005859375,3164.248046875,3111.215087890625,3164.248046875,186300,-1.374654868661973
20170425,3134.56689453125,3134.56689453125,3145.26708984375,3117.448974609375,3123.89404296875,153400,0.1609151231429351
20170426,3140.846923828125,3140.846923828125,3152.952880859375,3131.41796875,3132.91796875,169900,0.20034759212927966
20170427,3152.18701171875,3152.18701171875,3155.0029296875,3097.3330078125,3131.35009765625,211800,0.36105191260971115
20170428,3154.657958984375,3154.657958984375,3154.72705078125,3136.577880859375,3144.02197265625,162900,0.0783883461367818
20170502,3143.7119140625,3143.7119140625,3154.781005859375,3136.5390625,3147.22802734375,154200,-0.346980403713848
20170503,3135.345947265625,3135.345947265625,3148.285888671875,3123.7509765625,3138.306884765625,163800,-0.2661174759510332
20170504,3127.368896484375,3127.368896484375,3143.818115234375,3111.39111328125,3127.10595703125,178000,-0.25442330496916465
20170505,3103.0380859375,3103.0380859375,3117.614013671875,3092.092041015625,3114.77392578125,176200,-0.777996179927043
20170508,3078.613037109375,3078.613037109375,3093.451904296875,3067.694091796875,3090.06494140625,180500,-0.7871333883659237
20170509,3080.527099609375,3080.527099609375,3084.2080078125,3056.55810546875,3064.847900390625,135100,0.06217288359817719
20170510,3052.784912109375,3052.784912109375,3090.819091796875,3051.590087890625,3078.173095703125,160800,-0.9005662538569381
20170511,3061.5,3061.5,3063.56396484375,3016.531005859375,3036.7890625,191300,0.2854799188785062
20170512,3083.512939453125,3083.512939453125,3090.490966796875,3051.87109375,3054.112060546875,159700,0.7190246432508651
20170515,3090.22900390625,3090.22900390625,3098.9130859375,3085.931884765625,3085.931884765625,135700,0.2178056192725375
20170516,3112.964111328125,3112.964111328125,3113.511962890625,3060.533935546875,3082.8720703125,173800,0.7357094698527522
20170517,3104.44189453125,3104.44189453125,3119.58203125,3101.294921875,3107.802001953125,168700,-0.2737653404310869
20170518,3090.138916015625,3090.138916015625,3103.44091796875,3077.962890625,3082.3291015625,148600,-0.46072624328453715
20170519,3090.631103515625,3090.631103515625,3095.48291015625,3081.278076171875,3086.705078125,129600,0.015927682003202825
20170522,3075.676025390625,3075.676025390625,3103.93798828125,3063.153076171875,3087.1708984375,153700,-0.48388428201568967
20170523,3061.947021484375,3061.947021484375,3084.235107421875,3050.842041015625,3069.39404296875,178300,-0.446373538464806
20170524,3064.075927734375,3064.075927734375,3064.81298828125,3022.302978515625,3047.568115234375,139800,0.06952786037976999
20170525,3107.8310546875,3107.8310546875,3114.657958984375,3052.8310546875,3055.343017578125,191400,1.4280040046356968
20170526,3110.05908203125,3110.05908203125,3120.6630859375,3100.387939453125,3101.285888671875,155900,0.07169074845267964
20170531,3117.177978515625,3117.177978515625,3143.279052734375,3111.555908203125,3125.324951171875,153000,0.2288990754389708
20170601,3102.623046875,3102.623046875,3113.52099609375,3097.678955078125,3108.4208984375,163000,-0.46692655154569884
20170602,3105.5400390625,3105.5400390625,3110.388916015625,3081.84912109375,3094.22509765625,142500,0.09401697026771849
20170605,3091.656005859375,3091.656005859375,3105.506103515625,3084.830078125,3102.110107421875,132600,-0.44707307033517996
20170606,3102.1259765625,3102.1259765625,3102.863037109375,3078.787109375,3084.5400390625,113400,0.3386525112522909
20170607,3140.324951171875,3140.324951171875,3140.77392578125,3098.950927734375,3101.760986328125,173200,1.2313805080122364
20170608,3150.333984375,3150.333984375,3153.263916015625,3132.827880859375,3136.470947265625,152300,0.3187260350044241
20170609,3158.39990234375,3158.39990234375,3165.919921875,3146.10791015625,3147.452880859375,160100,0.2560337414621916
20170612,3139.876953125,3139.876953125,3164.949951171875,3135.31396484375,3149.527099609375,146700,-0.5864662421311673
20170613,3153.742919921875,3153.742919921875,3155.989990234375,3131.04296875,3134.009033203125,128300,0.441608604537036
20170614,3130.674072265625,3130.674072265625,3149.173095703125,3125.35498046875,3146.748046875,138300,-0.7314752103136368
20170615,3132.486083984375,3132.486083984375,3137.5849609375,3117.083984375,3125.5869140625,147000,0.05787928340426074
20170616,3123.166015625,3123.166015625,3134.2509765625,3117.85693359375,3126.373046875,129700,-0.29752944177553475
20170619,3144.3740234375,3144.3740234375,3146.77001953125,3121.779052734375,3122.157958984375,134900,0.6790547702683059
20170620,3140.013916015625,3140.013916015625,3150.465087890625,3134.611083984375,3148.01904296875,141200,-0.13866376548641313
20170621,3156.2119140625,3156.2119140625,3157.028076171875,3132.616943359375,3148.986083984375,136700,0.5158575242057761
20170622,3147.452880859375,3147.452880859375,3186.98193359375,3146.64306640625,3152.241943359375,191300,-0.2775172720215324
20170623,3157.873046875,3157.873046875,3158.047119140625,3118.094970703125,3138.444091796875,154800,0.33106662466635406
20170626,3185.444091796875,3185.444091796875,3187.888916015625,3156.97705078125,3157.001953125,173600,0.8730890859959928
20170627,3191.197021484375,3191.197021484375,3193.4609375,3172.462890625,3183.419921875,148200,0.18060055432504996
20170628,3173.200927734375,3173.200927734375,3193.43994140625,3170.785888671875,3183.633056640625,146500,-0.5639292600501777
20170629,3188.06298828125,3188.06298828125,3188.77392578125,3174.283935546875,3174.98095703125,128800,0.46836178626377123
20170630,3192.427001953125,3192.427001953125,3193.240966796875,3171.570068359375,3176.947998046875,121500,0.1368860555113427
20170703,3195.912109375,3195.912109375,3196.285888671875,3177.02392578125,3191.998046875,140300,0.10916795966651183
20170704,3182.803955078125,3182.803955078125,3193.06396484375,3174.31396484375,3192.888916015625,141100,-0.410153779211353
20170705,3207.134033203125,3207.134033203125,3207.31005859375,3174.7080078125,3179.217041015625,148300,0.7644227689921568
20170706,3212.444091796875,3212.444091796875,3215.949951171875,3188.77294921875,3203.863037109375,175800,0.16557021124703475
20170707,3217.95703125,3217.95703125,3219.52294921875,3195.291015625,3203.822998046875,176700,0.17161199683450867
20170710,3212.632080078125,3212.632080078125,3223.340087890625,3203.208984375,3208.462890625,198900,-0.1654761427876017
20170711,3203.0380859375,3203.0380859375,3226.907958984375,3199.22412109375,3201.51708984375,187800,-0.2986334538622848
20170712,3197.5439453125,3197.5439453125,3215.196044921875,3177.93505859375,3201.928955078125,186900,-0.17152904453809903
20170713,3218.1630859375,3218.1630859375,3219.26806640625,3190.339111328125,3192.362060546875,195300,0.6448430726097465
20170714,3222.4169921875,3222.4169921875,3222.97802734375,3204.85302734375,3212.031982421875,160100,0.1321842969546294
20170717,3176.465087890625,3176.465087890625,3230.35400390625,3139.50390625,3219.791015625,266200,-1.4260073853967992
20170718,3187.56689453125,3187.56689453125,3187.6708984375,3150.1279296875,3159.73193359375,190600,0.3495019253618503
20170719,3230.97607421875,3230.97607421875,3232.94091796875,3179.72998046875,3181.402099609375,272400,1.3618280376162417
20170720,3244.864990234375,3244.864990234375,3246.236083984375,3225.43310546875,3227.506103515625,232100,0.42986749813624936
20170721,3237.98193359375,3237.98193359375,3247.7119140625,3231.9560546875,3236.587890625,206000,-0.21212151079752495
20170724,3250.59912109375,3250.59912109375,3261.10498046875,3230.071044921875,3230.89794921875,233100,0.38966207220298976
20170725,3243.68896484375,3243.68896484375,3261.64501953125,3233.137939453125,3249.137939453125,205600,-0.21258100407272051
20170726,3247.675048828125,3247.675048828125,3264.847900390625,3228.0390625,3244.4609375,213500,0.12288736767234187
20170727,3249.781005859375,3249.781005859375,3251.926025390625,3220.636962890625,3243.764892578125,228500,0.06484506607302709
20170728,3253.239990234375,3253.239990234375,3256.37109375,3232.962890625,3240.173095703125,182200,0.10643746051697267
20170731,3273.028076171875,3273.028076171875,3276.946044921875,3251.194091796875,3252.751953125,246000,0.608257798284173
20170801,3292.637939453125,3292.637939453125,3292.637939453125,3273.50390625,3274.368896484375,237200,0.599135199114631
20170802,3285.056884765625,3285.056884765625,3305.430908203125,3282.0380859375,3288.51806640625,266700,-0.23024258442333467
20170803,3272.928955078125,3272.928955078125,3293.368896484375,3262.155029296875,3279.986083984375,233300,-0.3691847694858197
20170804,3262.0810546875,3262.0810546875,3287.193115234375,3261.306884765625,3269.318115234375,275900,-0.3314431978058696
20170807,3279.45703125,3279.45703125,3280.10400390625,3243.715087890625,3257.669921875,231200,0.532665383575659
20170808,3281.873046875,3281.873046875,3285.48291015625,3269.657958984375,3277.18896484375,252000,0.073671208434134
20170809,3275.572998046875,3275.572998046875,3277.943115234375,3263.846923828125,3277.80810546875,235600,-0.19196503759107975
20170810,3261.7490234375,3261.7490234375,3282.51904296875,3236.18310546875,3269.735107421875,240700,-0.42203225565780045
20170811,3208.541015625,3208.541015625,3245.115966796875,3200.748046875,3237.922119140625,263000,-1.6312722845985617
20170814,3237.360107421875,3237.360107421875,3240.052001953125,3206.0439453125,3206.0439453125,190300,0.8981992642927539
20170815,3251.261962890625,3251.261962890625,3263.589111328125,3235.10107421875,3235.22998046875,182300,0.4294194963630815
20170816,3246.450927734375,3246.450927734375,3248.784912109375,3228.87109375,3247.85302734375,176900,-0.14797439305606064
20170817,3268.429931640625,3268.429931640625,3269.138916015625,3251.458984375,3253.845947265625,203600,0.6770163601883983
20170818,3268.72412109375,3268.72412109375,3275.075927734375,3248.0830078125,3253.242919921875,191100,0.009000941102543791
20170821,3286.906005859375,3286.906005859375,3287.51904296875,3270.47509765625,3274.5810546875,186100,0.5562379721278266
20170822,3290.22607421875,3290.22607421875,3293.47607421875,3274.94091796875,3287.614990234375,186500,0.101008923086221
20170823,3287.705078125,3287.705078125,3299.45703125,3274.43994140625,3283.797119140625,179800,-0.07662075604785157
20170824,3271.511962890625,3271.511962890625,3297.989013671875,3266.35888671875,3287.958984375,163500,-0.49253551792456385
20170825,3331.52197265625,3331.52197265625,3331.9150390625,3271.4609375,3271.4609375,205800,1.8343203523731422
20170828,3362.65087890625,3362.65087890625,3375.033935546875,3336.1259765625,3336.1259765625,257500,0.9343749345042118
20170829,3365.22607421875,3365.22607421875,3374.594970703125,3354.462890625,3362.06005859375,219500,0.07658229787261828
20170830,3363.626953125,3363.626953125,3376.64794921875,3357.080078125,3361.821044921875,246900,-0.04751897966086549
20170831,3360.81005859375,3360.81005859375,3367.35791015625,3340.68701171875,3361.4619140625,234400,-0.08374574738833074
20170901,3367.118896484375,3367.118896484375,3381.925048828125,3358.471923828125,3365.990966796875,282500,0.1877177757931614
20170904,3379.8359375,3379.8359375,3381.403076171875,3359.131103515625,3369.718994140625,259400,0.37768315900288396
20170905,3384.31689453125,3384.31689453125,3390.822998046875,3371.571044921875,3377.197021484375,216600,0.13257912851722953
20170906,3385.388916015625,3385.388916015625,3391.010986328125,3364.764892578125,3372.427978515625,229100,0.03167615556649572
20170907,3365.4970703125,3365.4970703125,3387.7958984375,3363.177001953125,3383.6279296875,221100,-0.5875793356863834
20170908,3365.242919921875,3365.242919921875,3380.889892578125,3353.68798828125,3364.427978515625,198400,-0.007551644981862449
20170911,3376.4189453125,3376.4189453125,3384.81005859375,3360.0458984375,3365.35107421875,219000,0.3321015943444694
20170912,3379.488037109375,3379.488037109375,3391.069091796875,3370.85205078125,3381.487060546875,272900,0.09089783722295852
20170913,3384.14697265625,3384.14697265625,3387.139892578125,3366.541015625,3374.718994140625,194600,0.13785921109104038
20170914,3371.426025390625,3371.426025390625,3391.64404296875,3361.333984375,3383.469970703125,221300,-0.3758981914322779
20170915,3353.618896484375,3353.618896484375,3365.528076171875,3345.327880859375,3365.14501953125,219800,-0.5281779511738471
20170918,3362.85888671875,3362.85888671875,3371.7490234375,3352.512939453125,3352.512939453125,190300,0.27552296547652677
20170919,3356.844970703125,3356.844970703125,3370.40087890625,3344.705078125,3365.531982421875,191100,-0.17883343364113458
20170920,3365.99609375,3365.99609375,3370.097900390625,3346.535888671875,3352.18505859375,192200,0.27261083328964375
20170921,3357.81201171875,3357.81201171875,3377.884033203125,3356.875,3364.697998046875,197400,-0.24313997412077626
20170922,3352.529052734375,3352.529052734375,3356.450927734375,3334.985107421875,3347.156982421875,179200,-0.1573333756010653
20170925,3341.549072265625,3341.549072265625,3350.9609375,3334.944091796875,3344.589111328125,169600,-0.327513357708098
20170926,3343.5830078125,3343.5830078125,3347.1630859375,3332.59912109375,3336.35009765625,132600,0.06086804361953302
20170927,3345.27197265625,3345.27197265625,3349.695068359375,3340.299072265625,3340.822021484375,143100,0.05051362086132549
20170928,3339.64208984375,3339.64208984375,3344.60107421875,3336.177978515625,3343.844970703125,149400,-0.16829372495025252
20170929,3348.943115234375,3348.943115234375,3357.014892578125,3340.31103515625,3340.31103515625,144900,0.27850365818871126
20171009,3374.3779296875,3374.3779296875,3410.169921875,3366.965087890625,3403.24609375,191700,0.7594878019104634
20171010,3382.988037109375,3382.988037109375,3384.02587890625,3358.794921875,3373.344970703125,179400,0.25516132458442975
20171011,3388.283935546875,3388.283935546875,3395.779052734375,3379.1630859375,3381.488037109375,181500,0.15654499452575354
20171012,3386.10009765625,3386.10009765625,3390.2041015625,3372.532958984375,3385.532958984375,161800,-0.06445262357485104
20171013,3390.52294921875,3390.52294921875,3395.748046875,3383.239013671875,3384.488037109375,140000,0.13061786228827366
20171016,3378.469970703125,3378.469970703125,3400.510986328125,3374.76904296875,3393.2060546875,174300,-0.35549025021058833
20171017,3372.041015625,3372.041015625,3382.406982421875,3365.56494140625,3373.23388671875,125400,-0.19029191124605438
20171018,3381.7939453125,3381.7939453125,3383.23193359375,3371.925048828125,3373.528076171875,157200,0.2892292721917711
20171019,3370.172119140625,3370.172119140625,3378.736083984375,3359.6279296875,3374.64404296875,158500,-0.34365861314478163
20171020,3378.64794921875,3378.64794921875,3379.764892578125,3360.10009765625,3363.513916015625,127200,0.2514954660620239
20171023,3380.698974609375,3380.698974609375,3385.284912109375,3374.705078125,3382.280029296875,130800,0.06070550768981775
20171024,3388.248046875,3388.248046875,3388.68896484375,3374.125,3376.59912109375,139900,0.22329915565750813
20171025,3396.89794921875,3396.89794921875,3398.303955078125,3382.033935546875,3384.85791015625,123100,0.25529129579895393
20171026,3407.56689453125,3407.56689453125,3414.241943359375,3391.455078125,3397.51904296875,183800,0.3140790648407332
20171027,3416.81201171875,3416.81201171875,3421.10302734375,3402.114013671875,3404.498046875,170300,0.2713113923702437
20171030,3390.3369140625,3390.3369140625,3419.73193359375,3357.27587890625,3413.867919921875,208300,-0.7748479449688039
20171031,3393.342041015625,3393.342041015625,3397.09912109375,3376.1240234375,3380.9990234375,153500,0.08863800351699425
20171101,3395.9130859375,3395.9130859375,3410.35205078125,3388.597900390625,3393.968017578125,180600,0.07576733765115584
20171102,3383.31005859375,3383.31005859375,3391.652099609375,3372.212890625,3391.652099609375,166900,-0.3711233775663847
20171103,3371.743896484375,3371.743896484375,3380.570068359375,3347.360107421875,3377.736083984375,172700,-0.34185935988918503
20171106,3388.174072265625,3388.174072265625,3389.383056640625,3356.533935546875,3369.68505859375,154600,0.48729014675110705
20171107,3413.574951171875,3413.574951171875,3415.14794921875,3387.946044921875,3389.471923828125,190600,0.7496922638707604
20171108,3415.4599609375,3415.4599609375,3434.491943359375,3404.881103515625,3409.14697265625,185400,0.05522098657824159
20171109,3427.794921875,3427.794921875,3428.77001953125,3408.618896484375,3410.672119140625,158700,0.3611507989721652
20171110,3432.673095703125,3432.673095703125,3438.7919921875,3414.3291015625,3423.18505859375,189300,0.14231230103627368
20171113,3447.8359375,3447.8359375,3449.1640625,3435.0849609375,3435.18408203125,205400,0.4417211127926812
20171114,3429.548095703125,3429.548095703125,3450.4951171875,3419.69189453125,3446.544921875,196500,-0.5304150814709363
20171115,3402.52490234375,3402.52490234375,3423.75,3396.381103515625,3416.2109375,168800,-0.7879520159881248
20171116,3399.25,3399.25,3409.653076171875,3390.589111328125,3393.194091796875,156700,-0.09624918076261979
20171117,3382.907958984375,3382.907958984375,3403.285888671875,3373.2958984375,3392.68310546875,249500,-0.4807543139111581
20171120,3392.39892578125,3392.39892578125,3393.10595703125,3337.115966796875,3361.35595703125,176500,0.2805564594705823
20171121,3410.498046875,3410.498046875,3419.802001953125,3377.59912109375,3382.360107421875,196900,0.533519833301499
20171122,3430.464111328125,3430.464111328125,3442.177978515625,3404.287109375,3417.3310546875,213600,0.585429581800212
20171123,3352.989013671875,3352.989013671875,3429.424072265625,3342.33203125,3425.009033203125,208800,-2.2584436140990594
20171124,3353.821044921875,3353.821044921875,3360.74609375,3328.333984375,3340.384033203125,159600,0.024814613069334968
20171127,3322.22998046875,3322.22998046875,3347.051025390625,3315.263916015625,3346.656982421875,166400,-0.9419424599579673
20171128,3333.656982421875,3333.656982421875,3333.800048828125,3300.781005859375,3311.23193359375,138200,0.3439557773033064
20171129,3337.862060546875,3337.862060546875,3343.06201171875,3305.572021484375,3335.56689453125,183800,0.1261400962118575
20171130,3317.18798828125,3317.18798828125,3340.919921875,3306.282958984375,3328.64306640625,156600,-0.6193806661452528
20171201,3317.616943359375,3317.616943359375,3324.51611328125,3302.43994140625,3315.10498046875,139200,0.012931286367856565
20171204,3309.617919921875,3309.617919921875,3323.99609375,3304.10302734375,3310.381103515625,148100,-0.2411075049972511
20171205,3303.675048828125,3303.675048828125,3315.737060546875,3300.511962890625,3301.69091796875,208300,-0.17956366074698416
20171206,3293.965087890625,3293.965087890625,3296.200927734375,3254.611083984375,3291.31298828125,151600,-0.2939139229490628
20171207,3272.053955078125,3272.053955078125,3291.281982421875,3259.1640625,3283.279052734375,132100,-0.6651901956414297
20171208,3289.991943359375,3289.991943359375,3297.1298828125,3258.759033203125,3264.47802734375,133200,0.5482179856298064
20171211,3322.196044921875,3322.196044921875,3322.674072265625,3288.294921875,3290.488037109375,132000,0.978850468843917
20171212,3280.81396484375,3280.81396484375,3320.31005859375,3280.3291015625,3320.31005859375,124600,-1.2456242653524074
20171213,3303.037109375,3303.037109375,3304.010009765625,3273.324951171875,3278.39697265625,112000,0.6773667988915877
20171214,3292.43896484375,3292.43896484375,3309.530029296875,3282.572998046875,3302.931884765625,120500,-0.3208605952736421
20171215,3266.136962890625,3266.136962890625,3287.529052734375,3259.387939453125,3287.529052734375,130900,-0.7988607301145034
20171218,3267.922119140625,3267.922119140625,3280.5439453125,3254.177978515625,3268.033935546875,120700,0.05465650308860148
20171219,3296.5380859375,3296.5380859375,3296.93994140625,3266.01904296875,3266.01904296875,115100,0.8756624470720231
20171220,3287.60595703125,3287.60595703125,3300.2119140625,3276.1201171875,3296.739990234375,137700,-0.27095482210118815
20171221,3300.05908203125,3300.05908203125,3309.222900390625,3267.404052734375,3281.117919921875,142100,0.3787900728603466
20171222,3297.06298828125,3297.06298828125,3307.327880859375,3293.44189453125,3297.68505859375,124000,-0.09078909424118375
20171225,3280.839111328125,3280.839111328125,3312.300048828125,3270.44091796875,3296.2109375,142500,-0.492070579506354
20171226,3306.125,3306.125,3307.299072265625,3274.326904296875,3277.8369140625,142400,0.7707140708170579
20171227,3275.782958984375,3275.782958984375,3307.080078125,3270.34912109375,3302.4609375,162700,-0.9177523843056479
20171228,3296.385009765625,3296.385009765625,3304.095947265625,3263.72802734375,3272.291015625,175400,0.6289198960738762
20171229,3307.172119140625,3307.172119140625,3308.22509765625,3292.77001953125,3295.24609375,141600,0.32724057848347865
20180102,3348.325927734375,3348.325927734375,3349.052978515625,3314.031005859375,3314.031005859375,202300,1.244380610116047
20180103,3369.10791015625,3369.10791015625,3379.9150390625,3345.2890625,3347.742919921875,213800,0.6206678462731707
20180104,3385.7099609375,3385.7099609375,3392.825927734375,3365.294921875,3371.0,207000,0.49277290083831193
20180105,3391.75,3391.75,3402.069091796875,3380.2451171875,3386.464111328125,213100,0.17839800609582568
20180108,3409.47998046875,3409.47998046875,3412.73095703125,3384.55908203125,3391.552978515625,236200,0.5227384231959897
20180109,3413.89990234375,3413.89990234375,3417.22802734375,3403.5869140625,3406.112060546875,191500,0.129636246592435
20180110,3421.833984375,3421.833984375,3430.214111328125,3398.842041015625,3414.113037109375,209100,0.23240523325838147
20180111,3425.344970703125,3425.344970703125,3426.48291015625,3405.638916015625,3415.5849609375,173800,0.10260539652586775
20180112,3428.94091796875,3428.94091796875,3435.424072265625,3417.97998046875,3423.87890625,174100,0.10498058725123549
20180115,3410.488037109375,3410.488037109375,3442.5009765625,3402.31201171875,3428.950927734375,232000,-0.5381510297443715
20180116,3436.593994140625,3436.593994140625,3437.5830078125,3401.9609375,3403.468994140625,211500,0.7654610351126356
20180117,3444.6708984375,3444.6708984375,3465.205078125,3430.510986328125,3438.575927734375,261000,0.23502643345842955
20180118,3474.75390625,3474.75390625,3476.5458984375,3448.7890625,3449.881103515625,220000,0.8733202299861409
20180119,3487.864013671875,3487.864013671875,3498.43408203125,3474.2919921875,3481.6201171875,247500,0.3772959978056045
20180122,3501.362060546875,3501.362060546875,3503.385986328125,3475.673095703125,3476.993896484375,217500,0.3870003767947994
20180123,3546.5048828125,3546.5048828125,3547.221923828125,3504.343994140625,3504.343994140625,238700,1.2892931803394792
20180124,3559.465087890625,3559.465087890625,3569.489013671875,3527.112060546875,3553.47900390625,253000,0.365435985748519
20180125,3548.306884765625,3548.306884765625,3571.48095703125,3528.034912109375,3555.16796875,243400,-0.3134797743335249
20180126,3558.12890625,3558.12890625,3574.905029296875,3534.195068359375,3535.492919921875,222700,0.27680868096682243
20180129,3523.0009765625,3523.0009765625,3587.031982421875,3510.26904296875,3563.639892578125,236000,-0.9872584893087066
20180130,3488.009033203125,3488.009033203125,3523.051025390625,3484.656005859375,3511.5009765625,186400,-0.9932425109208332
20180131,3480.8330078125,3480.8330078125,3495.452880859375,3454.72607421875,3470.509033203125,207300,-0.20573414008722146
20180201,3446.97998046875,3446.97998046875,3495.093017578125,3424.4189453125,3478.669921875,260500,-0.9725553414303145
20180202,3462.0810546875,3462.0810546875,3463.1640625,3388.860107421875,3419.22509765625,208100,0.43809579122349174
20180205,3487.4970703125,3487.4970703125,3487.720947265625,3406.240966796875,3411.669921875,217700,0.7341253778731627
20180206,3370.652099609375,3370.652099609375,3440.1240234375,3364.216064453125,3418.010009765625,280600,-3.350396239692177
20180207,3309.260009765625,3309.260009765625,3425.5380859375,3304.007080078125,3412.743896484375,260900,-1.8213712963988438
20180208,3262.050048828125,3262.050048828125,3307.162109375,3225.7119140625,3281.0458984375,201300,-1.4266017417242316
20180209,3129.85107421875,3129.85107421875,3180.110107421875,3062.742919921875,3172.85107421875,256400,-4.052634773548824
20180212,3154.125,3154.125,3168.1259765625,3113.60498046875,3128.37109375,153300,0.7755616866629733
20180213,3184.958984375,3184.958984375,3219.217041015625,3176.10693359375,3176.10693359375,151500,0.9775764871398529
20180214,3199.158935546875,3199.158935546875,3203.4970703125,3171.384033203125,3188.248046875,100300,0.44584408281356236
20180222,3268.55908203125,3268.55908203125,3269.916015625,3234.114990234375,3237.569091796875,138700,2.169324746990453
20180223,3289.02392578125,3289.02392578125,3294.134033203125,3258.488037109375,3275.428955078125,145800,0.6261120951585264
20180226,3329.573974609375,3329.573974609375,3335.986083984375,3281.614990234375,3307.294921875,188600,1.2328900531939135
20180227,3292.068115234375,3292.068115234375,3328.672119140625,3284.62890625,3328.672119140625,174200,-1.1264461958500283
20180228,3259.407958984375,3259.407958984375,3277.83203125,3239.843994140625,3264.05908203125,151000,-0.9920862845717471
20180301,3273.7548828125,3273.7548828125,3280.14892578125,3228.5849609375,3235.089111328125,159100,0.4401696261610466
20180302,3254.528076171875,3254.528076171875,3269.93798828125,3242.26708984375,3248.446044921875,150900,-0.5873013505552138
20180305,3256.926025390625,3256.926025390625,3269.39990234375,3236.717041015625,3255.87109375,144800,0.07368039736104226
20180306,3289.64208984375,3289.64208984375,3290.2529296875,3243.654052734375,3266.487060546875,195400,1.0045074465331538
20180307,3271.66796875,3271.66796875,3308.406005859375,3264.763916015625,3288.864990234375,168700,-0.5463853088833681
20180308,3288.406005859375,3288.406005859375,3289.4970703125,3261.552001953125,3268.346923828125,149800,0.5116056173563921
20180309,3307.166015625,3307.166015625,3309.715087890625,3283.55908203125,3291.426025390625,168400,0.5704894630467638
20180312,3326.698974609375,3326.698974609375,3333.56103515625,3313.554931640625,3319.208984375,206500,0.5906252934412715
20180313,3310.239013671875,3310.239013671875,3333.875,3307.3759765625,3324.1220703125,177100,-0.49478359969232777
20180314,3291.382080078125,3291.382080078125,3304.97900390625,3287.35595703125,3298.666015625,157500,-0.5696547444419386
20180315,3291.112060546875,3291.112060546875,3297.097900390625,3273.200927734375,3277.513916015625,148600,-0.00820383427632132
20180316,3269.882080078125,3269.882080078125,3300.56494140625,3269.282958984375,3290.208984375,141200,-0.6450701184943064
20180319,3279.251953125,3279.251953125,3280.56689453125,3251.047119140625,3264.927978515625,138000,0.28655079349684254
20180320,3290.639892578125,3290.639892578125,3292.573974609375,3252.43310546875,3257.218994140625,139900,0.3472724760374968
20180321,3280.951904296875,3280.951904296875,3314.208984375,3268.8779296875,3299.73095703125,168400,-0.294410467189099
20180322,3263.47998046875,3263.47998046875,3288.797119140625,3242.761962890625,3281.264892578125,150400,-0.5325260576128255
20180323,3152.760986328125,3152.760986328125,3188.235107421875,3110.6640625,3172.77197265625,275500,-3.392666564625957
20180326,3133.721923828125,3133.721923828125,3134.27587890625,3091.4580078125,3117.319091796875,186400,-0.6038853748369322
20180327,3166.64892578125,3166.64892578125,3172.778076171875,3143.570068359375,3164.798095703125,189100,1.0507314545925572
20180328,3122.2900390625,3122.2900390625,3165.212890625,3117.533935546875,3130.571044921875,163500,-1.4008147969167828
20180329,3160.531005859375,3160.531005859375,3174.509033203125,3098.2470703125,3127.262939453125,170300,1.2247730453752936
20180330,3168.89697265625,3168.89697265625,3177.720947265625,3152.888916015625,3161.785888671875,154600,0.26470130434934624
20180402,3163.178955078125,3163.178955078125,3192.340087890625,3159.986083984375,3169.779052734375,177700,-0.18044188963745045
20180403,3136.633056640625,3136.633056640625,3144.33203125,3119.132080078125,3130.012939453125,152200,-0.839215827320916
20180404,3131.111083984375,3131.111083984375,3163.340087890625,3128.866943359375,3147.049072265625,147000,-0.17604777340974875
20180409,3138.2939453125,3138.2939453125,3146.093017578125,3110.302978515625,3125.44189453125,139600,0.22940295426965296
20180410,3190.322021484375,3190.322021484375,3190.64892578125,3139.0810546875,3144.257080078125,168200,1.657845857606377
20180411,3208.08203125,3208.08203125,3220.844970703125,3191.5869140625,3197.3720703125,175900,0.5566839223760223
20180412,3180.157958984375,3180.157958984375,3205.251953125,3177.049072265625,3203.278076171875,148200,-0.8704288728784371
20180413,3159.052001953125,3159.052001953125,3197.89599609375,3155.506103515625,3192.0419921875,127600,-0.663676374050004
20180416,3110.64892578125,3110.64892578125,3153.10595703125,3096.10009765625,3152.887939453125,154400,-1.5322025766574598
20180417,3066.797119140625,3066.797119140625,3118.760009765625,3064.028076171875,3112.97509765625,147200,-1.4097317854541047
20180418,3091.39892578125,3091.39892578125,3096.888916015625,3041.625,3091.909912109375,159300,0.80219870062741
20180419,3117.3759765625,3117.3759765625,3127.43896484375,3090.287109375,3094.27392578125,160100,0.84030082835993
20180420,3071.54296875,3071.54296875,3111.1708984375,3065.9208984375,3105.4619140625,155100,-1.4702431839177632
20180423,3068.011962890625,3068.011962890625,3085.056884765625,3045.93701171875,3063.443115234375,131700,-0.11495869975772788
20180424,3128.927001953125,3128.927001953125,3136.0400390625,3069.74609375,3069.74609375,162300,1.9854889680777754
20180425,3117.97412109375,3117.97412109375,3122.907958984375,3107.0009765625,3112.39794921875,127300,-0.35005229756200906
20180426,3075.030029296875,3075.030029296875,3121.93310546875,3067.928955078125,3119.49609375,134000,-1.377307512155057
20180427,3082.23193359375,3082.23193359375,3088.034912109375,3049.9140625,3082.4150390625,131200,0.2342059826492715
20180502,3081.177001953125,3081.177001953125,3097.60400390625,3064.762939453125,3087.408935546875,134200,-0.03422622513014062
20180503,3100.85888671875,3100.85888671875,3105.659912109375,3056.156982421875,3074.51708984375,140000,0.6387781277462867
20180504,3091.032958984375,3091.032958984375,3104.093017578125,3086.784912109375,3093.116943359375,118700,-0.31687761660036395
20180507,3136.64501953125,3136.64501953125,3136.8359375,3091.657958984375,3094.89892578125,138900,1.4756251761825823
20180508,3161.498046875,3161.498046875,3169.700927734375,3134.06201171875,3135.2958984375,146900,0.7923442783290824
20180509,3159.14990234375,3159.14990234375,3165.373046875,3145.656982421875,3160.137939453125,122600,-0.07427316090139469
20180510,3174.4130859375,3174.4130859375,3176.137939453125,3155.532958984375,3169.050048828125,133000,0.48314211308637667
20180511,3163.262939453125,3163.262939453125,3180.756103515625,3162.2119140625,3179.797119140625,130700,-0.351250646419321
20180514,3174.031982421875,3174.031982421875,3183.81591796875,3163.47607421875,3167.0419921875,129300,0.3404409679143461
20180515,3192.117919921875,3192.117919921875,3192.806884765625,3164.51806640625,3180.425048828125,124500,0.5698095545401571
20180516,3169.56494140625,3169.56494140625,3191.947998046875,3166.81103515625,3180.22607421875,130500,-0.7065208454509975
20180517,3154.282958984375,3154.282958984375,3172.76611328125,3148.62109375,3170.006103515625,114000,-0.482147635539365
20180518,3193.302978515625,3193.302978515625,3193.452880859375,3144.77587890625,3151.08203125,136500,1.2370488012214853
20180521,3213.840087890625,3213.840087890625,3219.739990234375,3203.3359375,3206.176025390625,164500,0.643130624095889
20180522,3214.35009765625,3214.35009765625,3214.589111328125,3192.22802734375,3211.2470703125,144300,0.015869170577165193
20180523,3168.964111328125,3168.964111328125,3205.43701171875,3168.964111328125,3205.43701171875,157800,-1.4119801810393406
20180524,3154.65087890625,3154.65087890625,3173.531005859375,3152.069091796875,3167.93896484375,124100,-0.4516691233803938
20180525,3141.302978515625,3141.302978515625,3156.72607421875,3131.068115234375,3148.409912109375,128600,-0.4231181485050084
20180528,3135.08203125,3135.08203125,3149.6650390625,3115.958984375,3136.80908203125,128800,-0.19803716190931464
20180529,3120.4609375,3120.4609375,3143.2080078125,3112.153076171875,3129.62109375,135700,-0.4663703725854451
20180530,3041.443115234375,3041.443115234375,3085.39697265625,3041.0,3081.14208984375,155100,-2.5322484033058035
20180531,3095.47412109375,3095.47412109375,3098.075927734375,3054.26904296875,3061.8291015625,140500,1.7764924022000361
20180601,3075.136962890625,3075.136962890625,3102.087890625,3059.785888671875,3084.75390625,129900,-0.6569965506912134
20180604,3091.19091796875,3091.19091796875,3098.402099609375,3076.993896484375,3083.427001953125,114600,0.5220565871327576
20180605,3114.2060546875,3114.2060546875,3114.76904296875,3080.0458984375,3088.008056640625,118700,0.744539477809858
20180606,3115.179931640625,3115.179931640625,3117.52490234375,3103.532958984375,3109.175048828125,120200,0.03127207821265188
20180607,3109.4990234375,3109.4990234375,3128.715087890625,3105.577880859375,3121.18408203125,127800,-0.18236212121889306
20180608,3067.14794921875,3067.14794921875,3100.68505859375,3053.2880859375,3100.60400390625,134700,-1.361990272372926
20180611,3052.782958984375,3052.782958984375,3063.610107421875,3037.9140625,3057.339111328125,108600,-0.468350091753289
20180612,3079.802001953125,3079.802001953125,3081.447021484375,3034.10107421875,3053.028076171875,113300,0.8850626897412672
20180613,3049.797119140625,3049.797119140625,3071.464111328125,3044.1201171875,3071.464111328125,119600,-0.974247136454609
20180614,3044.159912109375,3044.159912109375,3066.047119140625,3032.406005859375,3038.070068359375,115500,-0.1848387552034425
20180615,3021.90087890625,3021.90087890625,3048.797119140625,3008.73193359375,3037.451904296875,144500,-0.731204465132751
20180619,2907.822021484375,2907.822021484375,2984.970947265625,2871.35498046875,2982.64990234375,230600,-3.775069467638026
20180620,2915.73095703125,2915.73095703125,2925.56103515625,2872.1630859375,2889.98388671875,144300,0.2719882953096775
20180621,2875.81005859375,2875.81005859375,2940.5859375,2872.618896484375,2912.0029296875,154400,-1.3691557631965723
20180622,2889.760009765625,2889.760009765625,2891.968994140625,2837.14404296875,2855.5849609375,126100,0.4850790173081432
20180625,2859.3359375,2859.3359375,2908.6240234375,2857.87109375,2903.449951171875,121900,-1.0528234927056346
20180626,2844.508056640625,2844.508056640625,2850.239990234375,2803.784912109375,2829.9951171875,125900,-0.5185777811172243
20180627,2813.177978515625,2813.177978515625,2854.258056640625,2798.800048828125,2842.39599609375,129400,-1.101423427219994
20180628,2786.89697265625,2786.89697265625,2825.987060546875,2782.446044921875,2799.904052734375,118400,-0.9342105639985943
20180629,2847.41796875,2847.41796875,2848.3720703125,2782.381103515625,2789.81103515625,125700,2.1716266043400267
20180702,2775.556884765625,2775.556884765625,2845.679931640625,2756.81494140625,2841.580078125,137000,-2.52372797998186
20180703,2786.887939453125,2786.887939453125,2786.887939453125,2722.448974609375,2774.570068359375,142500,0.40824436889379534
20180704,2759.1259765625,2759.1259765625,2793.178955078125,2754.155029296875,2776.632080078125,123300,-0.9961635879795261
20180705,2733.882080078125,2733.882080078125,2777.52294921875,2727.93994140625,2755.339111328125,129200,-0.9149236641896819
20180706,2747.22900390625,2747.22900390625,2768.8740234375,2691.02099609375,2731.35302734375,136300,0.488204078931731
20180709,2815.110107421875,2815.110107421875,2815.7900390625,2752.447021484375,2752.447021484375,121500,2.4708935228590523
20180710,2827.625,2827.625,2828.492919921875,2800.625,2819.7119140625,117100,0.44456138838513404
20180711,2777.77099609375,2777.77099609375,2794.360107421875,2752.43505859375,2780.7041015625,126800,-1.7631052174970185
20180712,2837.658935546875,2837.658935546875,2844.193115234375,2771.041015625,2771.041015625,147000,2.155971083913788
20180713,2831.18408203125,2831.18408203125,2835.462890625,2818.847900390625,2831.427978515625,117700,-0.22817588944589184
20180716,2814.0419921875,2814.0419921875,2837.509033203125,2804.492919921875,2827.08203125,107800,-0.6054742237548649
20180717,2798.1259765625,2798.1259765625,2806.9189453125,2774.761962890625,2806.885009765625,105400,-0.5655926837334624
20180718,2787.257080078125,2787.257080078125,2818.39501953125,2786.0400390625,2801.777099609375,121000,-0.388434851590469
20180719,2772.544921875,2772.544921875,2805.010986328125,2764.486083984375,2791.01611328125,114500,-0.527836427729611
20180720,2829.27099609375,2829.27099609375,2837.862060546875,2753.840087890625,2769.75390625,145900,2.045992970977273
20180723,2859.5419921875,2859.5419921875,2863.571044921875,2809.615966796875,2815.200927734375,173400,1.0699221154687466
20180724,2905.56201171875,2905.56201171875,2911.465087890625,2862.26708984375,2862.26708984375,229600,1.6093493173725104
20180725,2903.64697265625,2903.64697265625,2912.31298828125,2894.0390625,2911.452880859375,167800,-0.06590941975342934
20180726,2882.22509765625,2882.22509765625,2915.297119140625,2875.700927734375,2905.7939453125,168400,-0.7377575580547746
20180727,2873.593994140625,2873.593994140625,2889.694091796875,2864.110107421875,2879.68994140625,146400,-0.29945973070054643
20180730,2869.050048828125,2869.050048828125,2896.010986328125,2850.2958984375,2871.93994140625,151700,-0.15812760333454579
20180731,2876.40087890625,2876.40087890625,2884.679931640625,2854.320068359375,2866.89892578125,118900,0.2562112878137901
20180801,2824.533935546875,2824.533935546875,2897.39990234375,2823.928955078125,2882.506103515625,149500,-1.8031889692335712
20180802,2768.02392578125,2768.02392578125,2815.343994140625,2726.48291015625,2815.343994140625,174200,-2.0006843980326927
20180803,2740.443115234375,2740.443115234375,2777.656982421875,2740.431884765625,2763.39599609375,127000,-0.9964079533413162
20180806,2705.156982421875,2705.156982421875,2760.47412109375,2692.322021484375,2736.52587890625,129800,-1.2876068332285828
20180807,2779.3740234375,2779.3740234375,2779.3740234375,2696.0390625,2711.736083984375,149600,2.743539154950625
20180808,2744.070068359375,2744.070068359375,2779.912109375,2741.06689453125,2771.12890625,147700,-1.2702124572086748
20180809,2794.382080078125,2794.382080078125,2801.658935546875,2726.215087890625,2729.5791015625,151700,1.8334813057026
20180810,2795.31005859375,2795.31005859375,2806.114990234375,2777.506103515625,2791.402099609375,121500,0.03320871981826734
20180813,2785.8720703125,2785.8720703125,2789.798095703125,2742.56005859375,2769.01708984375,127500,-0.337636544190667
20180814,2780.965087890625,2780.965087890625,2789.444091796875,2766.569091796875,2780.736083984375,109600,-0.17613811036644167
20180815,2723.258056640625,2723.258056640625,2777.702880859375,2721.239990234375,2777.2490234375,116200,-2.075072121591104
20180816,2705.19189453125,2705.19189453125,2732.948974609375,2672.740966796875,2691.426025390625,120300,-0.6634025029438884
20180817,2668.966064453125,2668.966064453125,2730.3330078125,2665.592041015625,2723.886962890625,112400,-1.3391223798710272
20180820,2698.466064453125,2698.466064453125,2698.466064453125,2653.112060546875,2673.06591796875,110800,1.1052969310062943
20180821,2733.825927734375,2733.825927734375,2739.173095703125,2696.2919921875,2700.342041015625,113600,1.3103690184229189
20180822,2714.60791015625,2714.60791015625,2731.9580078125,2709.06201171875,2731.9580078125,93700,-0.70297151633395
20180823,2724.6240234375,2724.6240234375,2736.010009765625,2700.803955078125,2714.866943359375,98400,0.36897090160890045
20180824,2729.430908203125,2729.430908203125,2748.823974609375,2705.323974609375,2717.0810546875,100500,0.17642378266784497
20180827,2780.89892578125,2780.89892578125,2780.89892578125,2736.319091796875,2736.319091796875,132800,1.8856684528427259
20180828,2777.98095703125,2777.98095703125,2791.389892578125,2769.40087890625,2782.29296875,118700,-0.10492897540964607
20180829,2769.294921875,2769.294921875,2778.5390625,2762.35009765625,2774.864990234375,100200,-0.3126743952029276
20180830,2737.737060546875,2737.737060546875,2780.527099609375,2736.345947265625,2769.33203125,106100,-1.1395630374665289
20180831,2725.25,2725.25,2744.631103515625,2710.537109375,2730.113037109375,109800,-0.4561088326130447
20180903,2720.73388671875,2720.73388671875,2722.85205078125,2692.364013671875,2716.404052734375,102200,-0.1657137246582896
20180904,2750.580078125,2750.580078125,2756.60693359375,2712.3759765625,2720.64794921875,109000,1.0969904683417964
20180905,2704.3369140625,2704.3369140625,2745.467041015625,2704.3369140625,2741.3798828125,105000,-1.6812149709897861
20180906,2691.593017578125,2691.593017578125,2719.406005859375,2683.7451171875,2697.577880859375,99000,-0.4712392312550606
20180907,2702.301025390625,2702.301025390625,2728.5458984375,2683.718994140625,2696.677978515625,107500,0.39783160910913384
20180910,2669.485107421875,2669.485107421875,2703.428955078125,2667.31689453125,2698.010986328125,103600,-1.2143694451659526
20180911,2664.800048828125,2664.800048828125,2680.572998046875,2652.7041015625,2668.487060546875,99900,-0.17550420418994683
20180912,2656.110107421875,2656.110107421875,2672.073974609375,2647.169921875,2659.743896484375,90000,-0.32610106751054246
20180913,2686.577880859375,2686.577880859375,2689.06201171875,2653.18896484375,2679.2080078125,107300,1.147082470427896
20180914,2681.64306640625,2681.64306640625,2694.919921875,2675.2900390625,2688.779052734375,100000,-0.18368402748654145
20180917,2651.7890625,2651.7890625,2671.291015625,2647.9150390625,2671.291015625,88200,-1.1132728393364544
20180918,2699.949951171875,2699.949951171875,2700.193115234375,2644.2958984375,2644.2958984375,115800,1.8161658992013052
20180919,2730.85009765625,2730.85009765625,2746.080078125,2690.993896484375,2694.799072265625,141600,1.1444710843978134
20180920,2729.243896484375,2729.243896484375,2743.965087890625,2724.083984375,2732.169921875,111400,-0.0588168927050825
20180921,2797.485107421875,2797.485107421875,2797.485107421875,2722.031982421875,2733.8740234375,158000,2.500370561436571
20180925,2781.138916015625,2781.138916015625,2790.031982421875,2771.159912109375,2775.06591796875,112000,-0.5843173700150417
20180926,2806.81298828125,2806.81298828125,2827.341064453125,2783.342041015625,2785.31689453125,139600,0.9231495815536839
20180927,2791.77490234375,2791.77490234375,2810.506103515625,2786.322021484375,2805.79296875,124000,-0.5357708547126472
20180928,2821.35009765625,2821.35009765625,2821.7548828125,2791.8359375,2794.263916015625,134300,1.0593689085631963
20181008,2716.510009765625,2716.510009765625,2771.93798828125,2710.177978515625,2768.2080078125,149500,-3.7159545700378604
20181009,2721.012939453125,2721.012939453125,2734.31396484375,2711.197021484375,2713.73193359375,116800,0.1657615716972316
20181010,2725.8369140625,2725.8369140625,2743.548095703125,2703.06298828125,2723.72412109375,113500,0.17728598565005527
20181011,2583.4580078125,2583.4580078125,2661.285888671875,2560.31591796875,2643.073974609375,197200,-5.2233097848030425
20181012,2606.9130859375,2606.9130859375,2615.9169921875,2536.6650390625,2574.0419921875,170100,0.9078946920782371
20181015,2568.097900390625,2568.097900390625,2611.968994140625,2564.738037109375,2605.912109375,118600,-1.4889328591833784
20181016,2546.330078125,2546.330078125,2597.715087890625,2536.44091796875,2567.763916015625,119400,-0.8476243161257169
20181017,2561.614013671875,2561.614013671875,2582.549072265625,2517.572998046875,2574.31298828125,130000,0.6002338690563436
20181018,2486.4189453125,2486.4189453125,2544.910888671875,2485.618896484375,2544.910888671875,125400,-2.9354566284398476
20181019,2550.465087890625,2550.465087890625,2553.386962890625,2449.197021484375,2460.0810546875,147300,2.57583874587457
20181022,2654.8759765625,2654.8759765625,2675.406005859375,2565.64404296875,2565.64404296875,211900,4.093797996593174
20181023,2594.825927734375,2594.825927734375,2659.81201171875,2583.260986328125,2652.64794921875,178300,-2.2618777433768167
20181024,2603.294921875,2603.294921875,2640.402099609375,2577.77294921875,2579.971923828125,160100,0.3263800492397495
20181025,2603.800048828125,2603.800048828125,2606.10107421875,2531.534912109375,2540.93505859375,162000,0.01940337027819261
20181026,2598.846923828125,2598.846923828125,2626.115966796875,2580.844970703125,2610.89794921875,158900,-0.19022678036392238
20181029,2542.10302734375,2542.10302734375,2595.537109375,2529.18798828125,2593.591064453125,134200,-2.183425886461632
20181030,2568.048095703125,2568.048095703125,2586.9189453125,2521.783935546875,2538.573974609375,166700,1.0206143527740963
20181031,2602.782958984375,2602.782958984375,2612.922119140625,2567.027099609375,2573.014892578125,180600,1.3525783780828915
20181101,2606.237060546875,2606.237060546875,2636.799072265625,2603.65087890625,2617.032958984375,200900,0.1327080135735903
20181102,2676.47607421875,2676.47607421875,2676.47607421875,2628.8701171875,2649.2509765625,225000,2.695035487567532
20181105,2665.430908203125,2665.430908203125,2673.18798828125,2639.27099609375,2665.427001953125,193800,-0.4126756865872272
20181106,2659.35595703125,2659.35595703125,2660.863037109375,2635.321044921875,2660.718994140625,163700,-0.22791628750078452
20181107,2641.342041015625,2641.342041015625,2675.677001953125,2639.24609375,2659.844970703125,173200,-0.677378895743419
20181108,2635.632080078125,2635.632080078125,2662.368896484375,2632.301025390625,2660.0869140625,159600,-0.21617650606524652
20181109,2598.8720703125,2598.8720703125,2621.238037109375,2598.160888671875,2621.238037109375,152400,-1.3947322178797905
20181112,2630.52001953125,2630.52001953125,2631.169921875,2590.2109375,2593.199951171875,175000,1.217757102408834
20181113,2654.8798828125,2654.8798828125,2666.485107421875,2597.347900390625,2600.5,249300,0.9260474393040674
20181114,2632.242919921875,2632.242919921875,2658.306884765625,2627.95703125,2648.30908203125,238400,-0.8526548804401735
20181115,2668.169921875,2668.169921875,2668.169921875,2631.887939453125,2632.137939453125,207800,1.3648817015031067
20181116,2679.110107421875,2679.110107421875,2695.569091796875,2657.033935546875,2669.780029296875,242200,0.41002581796540927
20181119,2703.511962890625,2703.511962890625,2703.511962890625,2674.177978515625,2681.89892578125,231700,0.9108194322118512
20181120,2645.85498046875,2645.85498046875,2690.830078125,2643.35888671875,2684.287109375,215900,-2.1326697722553245
20181121,2651.5048828125,2651.5048828125,2653.7958984375,2617.77587890625,2619.821044921875,182600,0.21353786906148642
20181122,2645.43408203125,2645.43408203125,2658.0009765625,2634.48291015625,2655.89599609375,149300,-0.22895680187511314
20181123,2579.48291015625,2579.48291015625,2642.035888671875,2577.35107421875,2640.6669921875,191500,-2.4930189084265697
20181126,2575.81005859375,2575.81005859375,2594.9970703125,2568.034912109375,2580.842041015625,134300,-0.14238712526603026
20181127,2574.678955078125,2574.678955078125,2592.534912109375,2566.166015625,2585.825927734375,123700,-0.043912535858425805
20181128,2601.737060546875,2601.737060546875,2601.962890625,2561.56201171875,2575.4541015625,146000,1.050931240004993
20181129,2567.443115234375,2567.443115234375,2617.548095703125,2567.443115234375,2613.781005859375,157200,-1.31811726221448
20181130,2588.18798828125,2588.18798828125,2590.2099609375,2555.322021484375,2564.56396484375,139300,0.807997377771752
20181203,2654.798095703125,2654.798095703125,2665.298095703125,2629.18408203125,2647.132080078125,207500,2.573619370906255
20181204,2665.9580078125,2665.9580078125,2666.077880859375,2644.89599609375,2651.56103515625,167900,0.4203676402901424
20181205,2649.804931640625,2649.804931640625,2660.388916015625,2625.9130859375,2629.8330078125,154500,-0.6059013729600715
20181206,2605.180908203125,2605.180908203125,2633.677978515625,2603.132080078125,2629.820068359375,141700,-1.684049376792085
20181207,2605.887939453125,2605.887939453125,2614.58203125,2599.278076171875,2609.341064453125,109100,0.027139430040112877
20181210,2584.58203125,2584.58203125,2599.761962890625,2576.241943359375,2589.194091796875,113200,-0.8176064626783663
20181211,2594.087890625,2594.087890625,2596.14599609375,2583.196044921875,2587.014892578125,101300,0.3677909720049666
20181212,2602.153076171875,2602.153076171875,2610.009033203125,2595.074951171875,2608.114013671875,103500,0.31090641053537205
20181213,2634.049072265625,2634.049072265625,2645.8369140625,2599.458984375,2607.14404296875,150700,1.2257540259957844
20181214,2593.740966796875,2593.740966796875,2629.1640625,2593.740966796875,2627.282958984375,145900,-1.5302716222397428
20181217,2597.97412109375,2597.97412109375,2598.967041015625,2573.866943359375,2587.262939453125,117400,0.16320651719137214
20181218,2576.64990234375,2576.64990234375,2599.14794921875,2563.572998046875,2583.634033203125,117000,-0.8208018154169494
20181219,2549.56298828125,2549.56298828125,2579.8740234375,2547.077880859375,2578.675048828125,107700,-1.0512454190172105
20181220,2536.26806640625,2536.26806640625,2554.85888671875,2516.01904296875,2544.5048828125,120600,-0.5214588514231067
20181221,2516.2509765625,2516.2509765625,2527.4208984375,2498.694091796875,2526.553955078125,115700,-0.7892339973397666
20181224,2527.007080078125,2527.007080078125,2529.43994140625,2500.443115234375,2506.737060546875,97300,0.42746544823279997
20181225,2504.819091796875,2504.819091796875,2513.964111328125,2462.844970703125,2503.949951171875,136500,-0.8780342744652669
20181226,2498.2939453125,2498.2939453125,2513.825927734375,2492.075927734375,2501.1201171875,108800,-0.26050370287197255
20181227,2483.0859375,2483.0859375,2532.001953125,2483.0859375,2527.717041015625,135400,-0.6087357270762483
20181228,2493.89599609375,2493.89599609375,2505.114013671875,2478.324951171875,2483.616943359375,119200,0.4353477433259423
20190102,2465.291015625,2465.291015625,2500.278076171875,2456.423095703125,2497.881103515625,109900,-1.1469997350953998
20190103,2464.363037109375,2464.363037109375,2488.47900390625,2455.926025390625,2461.782958984375,124400,-0.03764174329697889
20190104,2514.867919921875,2514.867919921875,2515.31591796875,2440.906982421875,2446.01904296875,168900,2.0494092003481956
20190107,2533.089111328125,2533.089111328125,2536.97802734375,2515.508056640625,2528.698974609375,177300,0.7245387028840922
20190108,2526.4619140625,2526.4619140625,2531.344970703125,2520.1650390625,2530.300048828125,158100,-0.2616251136206671
20190109,2544.344970703125,2544.344970703125,2574.407958984375,2536.156982421875,2536.4169921875,191900,0.7078300504387736
20190110,2535.09912109375,2535.09912109375,2551.825927734375,2531.6640625,2543.85302734375,159900,-0.36338820858949905
20190111,2553.8310546875,2553.8310546875,2554.787109375,2533.35888671875,2539.549072265625,149400,0.7389033997877048
20190114,2535.764892578125,2535.764892578125,2556.2939453125,2533.010009765625,2553.327880859375,144800,-0.7074141445736926
20190115,2570.344970703125,2570.344970703125,2571.501953125,2532.43310546875,2537.3701171875,160300,1.3636941747325215
20190116,2570.422119140625,2570.422119140625,2574.236083984375,2563.006103515625,2569.070068359375,149300,0.0030014818391821407
20190117,2559.636962890625,2559.636962890625,2582.555908203125,2557.7109375,2573.575927734375,162500,-0.4195869686028808
20190118,2596.006103515625,2596.006103515625,2598.884033203125,2565.904052734375,2567.739013671875,190800,1.4208710513356593
20190121,2610.509033203125,2610.509033203125,2618.97998046875,2599.05810546875,2599.05810546875,163400,0.5586631582976453
20190122,2579.7041015625,2579.7041015625,2609.64208984375,2573.06201171875,2609.64208984375,152500,-1.1800354355727682
20190123,2581.00390625,2581.00390625,2589.512939453125,2572.405029296875,2575.258056640625,131400,0.050385805360875224
20190124,2591.694091796875,2591.694091796875,2597.2890625,2569.699951171875,2584.64794921875,154000,0.4141871122700813
20190125,2601.722900390625,2601.722900390625,2617.001953125,2595.62890625,2596.261962890625,159400,0.3869595808198456
20190128,2596.97705078125,2596.97705078125,2630.318115234375,2591.10009765625,2615.7119140625,147000,-0.18241180137448243
20190129,2594.25390625,2594.25390625,2601.736083984375,2559.98193359375,2592.35498046875,155600,-0.10485824395062293
20190130,2575.575927734375,2575.575927734375,2598.81494140625,2575.408935546875,2584.74609375,120500,-0.7199749596840332
20190131,2584.572021484375,2584.572021484375,2606.6279296875,2571.5791015625,2581.33203125,154300,0.34928474261342046
20190201,2618.23193359375,2618.23193359375,2618.47705078125,2590.553955078125,2597.778076171875,132000,1.3023398779208106
20190211,2653.89599609375,2653.89599609375,2654.095947265625,2613.174072265625,2613.174072265625,154900,1.3621429806276897
20190212,2671.89404296875,2671.89404296875,2674.47802734375,2648.830078125,2654.034912109375,184100,0.6781745366619907
20190213,2721.068115234375,2721.068115234375,2727.074951171875,2666.52197265625,2674.52001953125,243800,1.8404199970065926
20190214,2719.699951171875,2719.699951171875,2729.455078125,2707.487060546875,2715.535888671875,197000,-0.05028040477340623
20190215,2682.385009765625,2682.385009765625,2715.632080078125,2679.784912109375,2712.785888671875,196000,-1.3720241966460933
20190218,2754.35693359375,2754.35693359375,2754.35693359375,2699.81689453125,2699.81689453125,260400,2.6831317490256135
20190219,2755.64599609375,2755.64599609375,2780.783935546875,2737.5859375,2759.49609375,288000,0.04680085156276714
20190220,2761.218994140625,2761.218994140625,2767.410888671875,2739.97802734375,2761.05908203125,246000,0.20223925913469554
20190221,2751.801025390625,2751.801025390625,2794.012939453125,2744.97607421875,2759.93798828125,298600,-0.34108010882096806
20190222,2804.22607421875,2804.22607421875,2804.22607421875,2736.33203125,2749.4619140625,301500,1.9051177154308707
20190225,2961.282958984375,2961.282958984375,2961.794921875,2838.389892578125,2838.389892578125,528700,5.600721218933136
20190226,2941.51611328125,2941.51611328125,2995.676025390625,2938.623046875,2969.097900390625,565600,-0.6675095212753446
20190227,2953.823974609375,2953.823974609375,2997.488037109375,2924.64306640625,2939.928955078125,475000,0.41841896675505197
20190228,2940.9541015625,2940.9541015625,2965.303955078125,2930.195068359375,2950.054931640625,350200,-0.43570209861868436
20190301,2994.0048828125,2994.0048828125,2994.0048828125,2930.8349609375,2954.402099609375,345800,1.803862944403467
20190304,3027.575927734375,3027.575927734375,3090.7958984375,3006.94189453125,3015.943115234375,525600,1.1212755568500876
20190305,3054.2470703125,3054.2470703125,3054.9619140625,3009.447998046875,3019.8798828125,424100,0.88094050206311
20190306,3102.09912109375,3102.09912109375,3103.824951171875,3050.111083984375,3060.43310546875,555000,1.566738043113003
20190307,3106.41796875,3106.41796875,3129.93994140625,3074.97802734375,3103.66796875,583800,0.13922339318181987
20190308,2969.861083984375,2969.861083984375,3075.0458984375,2969.58203125,3038.3359375,577900,-4.395959788391723
20190311,3026.992919921875,3026.992919921875,3028.25390625,2963.5830078125,2969.080078125,426200,1.9237208179734733
20190312,3060.306884765625,3060.306884765625,3093.39111328125,3029.89990234375,3049.083984375,511200,1.100563024924739
20190313,3026.950927734375,3026.950927734375,3065.2880859375,3013.931884765625,3062.326904296875,453200,-1.0899546446566433
20190314,2990.68505859375,2990.68505859375,3041.156005859375,2968.823974609375,3013.596923828125,373100,-1.1980990113959145
20190315,3021.7509765625,3021.7509765625,3048.12109375,2999.431884765625,3000.87890625,341200,1.0387559157886583
20190318,3096.41796875,3096.41796875,3096.41796875,3009.507080078125,3027.801025390625,397800,2.4709842990582986
20190319,3090.97509765625,3090.97509765625,3113.43310546875,3076.363037109375,3099.89697265625,350900,-0.17577959915880959
20190320,3090.639892578125,3090.639892578125,3102.52001953125,3053.451904296875,3084.169921875,358600,-0.010844638586027244
20190321,3101.455078125,3101.455078125,3125.01904296875,3086.85009765625,3094.125,414300,0.34993353877450506
20190322,3104.14892578125,3104.14892578125,3107.27490234375,3064.884033203125,3100.72607421875,364800,0.08685754229522669
20190325,3043.031005859375,3043.031005859375,3086.99609375,3041.949951171875,3058.802001953125,380300,-1.9689106864127948
20190326,2997.094970703125,2997.094970703125,3062.68994140625,2988.490966796875,3057.55908203125,353500,-1.5095487054781809
20190327,3022.719970703125,3022.719970703125,3022.761962890625,2987.77197265625,3012.257080078125,291400,0.8549945947821769
20190328,2994.943115234375,2994.943115234375,3025.779052734375,2991.779052734375,3009.799072265625,288100,-0.9189357842595225
20190329,3090.758056640625,3090.758056640625,3093.032958984375,2999.987060546875,3000.677978515625,375100,3.1992240827169116
20190401,3170.361083984375,3170.361083984375,3176.6220703125,3111.662109375,3111.662109375,466100,2.575517911300751
20190402,3176.822998046875,3176.822998046875,3193.27197265625,3164.906982421875,3183.27392578125,447100,0.20382265273011235
20190403,3216.294921875,3216.294921875,3219.256103515625,3152.33203125,3159.14697265625,430500,1.242496791681269
20190404,3246.571044921875,3246.571044921875,3254.139892578125,3216.85498046875,3233.68896484375,469100,0.9413354117794981
20190408,3244.81005859375,3244.81005859375,3288.452880859375,3210.514892578125,3271.27197265625,504500,-0.05424142283531053
20190409,3239.6640625,3239.6640625,3251.64599609375,3215.705078125,3240.39404296875,364200,-0.15859159706809178
20190410,3241.929931640625,3241.929931640625,3264.778076171875,3204.87890625,3224.64501953125,380100,0.06994148457715177
20190411,3189.9619140625,3189.9619140625,3254.1259765625,3185.5458984375,3241.547119140625,353000,-1.6029963223735066
20190412,3188.6259765625,3188.6259765625,3199.278076171875,3168.0419921875,3184.860107421875,289800,-0.04187941850060106
20190415,3177.787109375,3177.787109375,3253.97607421875,3177.27001953125,3233.4580078125,348800,-0.33992281525552226
20190416,3253.597900390625,3253.597900390625,3253.597900390625,3153.2060546875,3164.39697265625,357900,2.385647257236667
20190417,3263.117919921875,3263.117919921875,3275.333984375,3239.804931640625,3250.152099609375,357500,0.2925997564144911
20190418,3250.200927734375,3250.200927734375,3271.387939453125,3241.825927734375,3261.073974609375,325500,-0.3958481582488793
20190419,3270.797119140625,3270.797119140625,3274.3349609375,3226.81201171875,3250.14501953125,305700,0.6336897891604298
20190422,3215.04296875,3215.04296875,3279.489013671875,3206.8779296875,3278.490966796875,353200,-1.7046043627821805
20190423,3198.593994140625,3198.593994140625,3231.58203125,3186.757080078125,3211.8720703125,328400,-0.511625342779487
20190424,3201.614013671875,3201.614013671875,3210.65087890625,3156.60693359375,3203.55908203125,274900,0.0944170950355705
20190425,3123.825927734375,3123.825927734375,3193.7490234375,3123.02587890625,3190.5849609375,325900,-2.42965221932816
20190426,3086.39892578125,3086.39892578125,3129.212890625,3085.804931640625,3108.1640625,280900,-1.1981141977482013
20190506,2906.464111328125,2906.464111328125,2986.5400390625,2876.468994140625,2984.72705078125,327000,-5.829927328904139
20190507,2926.39111328125,2926.39111328125,2937.282958984375,2889.072998046875,2914.291015625,253300,0.68560977152472
20190508,2893.757080078125,2893.757080078125,2929.430908203125,2866.7041015625,2873.14306640625,231500,-1.1151630776562116
20190509,2850.9541015625,2850.9541015625,2888.860107421875,2845.037109375,2871.197021484375,200000,-1.4791489862884255
20190510,2939.2109375,2939.2109375,2941.4541015625,2838.385009765625,2878.23388671875,282300,3.0956947321294948
20190513,2903.712890625,2903.712890625,2921.409912109375,2892.175048828125,2905.06689453125,212000,-1.207740704217486
20190514,2883.611083984375,2883.611083984375,2909.2041015625,2872.833984375,2872.833984375,208300,-0.6922794159686441
20190515,2938.677978515625,2938.677978515625,2945.39501953125,2902.64208984375,2902.64208984375,230500,1.9096505363394023
20190516,2955.7109375,2955.7109375,2956.1708984375,2929.06494140625,2933.4951171875,248400,0.5796129793363303
20190517,2882.2958984375,2882.2958984375,2956.782958984375,2873.800048828125,2955.76708984375,266300,-2.483836904720993
20190520,2870.60498046875,2870.60498046875,2882.62890625,2838.452880859375,2874.801025390625,209500,-0.4056113036516318
20190521,2905.968994140625,2905.968994140625,2919.237060546875,2862.4951171875,2867.70703125,211400,1.2319359128994511
20190522,2891.705078125,2891.705078125,2912.39501953125,2879.64404296875,2905.52392578125,200000,-0.49084887156007895
20190523,2852.514892578125,2852.514892578125,2885.138916015625,2846.9560546875,2880.843017578125,197300,-1.3552621891955274
20190524,2852.9951171875,2852.9951171875,2871.85595703125,2846.02197265625,2847.8359375,167200,0.016835130663972464
20190527,2892.3779296875,2892.3779296875,2898.12890625,2833.035888671875,2851.281005859375,196700,1.38040238003716
20190528,2909.910888671875,2909.910888671875,2924.0400390625,2887.083984375,2890.26611328125,223300,0.6061780102944336
20190529,2914.696044921875,2914.696044921875,2934.97705078125,2890.6650390625,2894.830078125,199000,0.1644433947660895
20190530,2905.804931640625,2905.804931640625,2907.845947265625,2881.3798828125,2903.425048828125,205800,-0.3050442702847378
20190531,2898.696044921875,2898.696044921875,2922.907958984375,2895.577880859375,2904.498046875,195200,-0.24464432011050974
20190603,2890.0810546875,2890.0810546875,2920.8291015625,2875.902099609375,2901.741943359375,215900,-0.2972022627024784
20190604,2862.280029296875,2862.280029296875,2888.385986328125,2851.972900390625,2887.64111328125,188500,-0.9619462175821547
20190605,2861.41796875,2861.41796875,2888.76806640625,2858.572021484375,2882.93701171875,181600,-0.030117966727627454
20190606,2827.798095703125,2827.798095703125,2862.3330078125,2822.18505859375,2862.3330078125,177100,-1.1749375104945559
20190610,2852.1298828125,2852.1298828125,2861.131103515625,2824.35498046875,2833.014892578125,166600,0.8604499432384394
20190611,2925.716064453125,2925.716064453125,2927.429931640625,2854.070068359375,2854.070068359375,260500,2.5800431489487963
20190612,2909.3798828125,2909.3798828125,2924.701904296875,2903.883056640625,2917.22412109375,240300,-0.5583652439519526
20190613,2910.740966796875,2910.740966796875,2918.423095703125,2885.923095703125,2905.2880859375,213000,0.046782614825091606
20190614,2881.97412109375,2881.97412109375,2924.320068359375,2879.656982421875,2912.9990234375,215400,-0.988299750176036
20190617,2887.6220703125,2887.6220703125,2902.48095703125,2877.39404296875,2880.423095703125,154000,0.19597501509160953
20190618,2890.157958984375,2890.157958984375,2898.330078125,2874.31298828125,2891.092041015625,147700,0.08781927170962156
20190619,2917.802978515625,2917.802978515625,2953.3359375,2916.215087890625,2944.114990234375,230800,0.9565227895351747
20190620,2987.118896484375,2987.118896484375,2997.388916015625,2915.090087890625,2917.3310546875,291000,2.3756202347840816
20190621,3001.97998046875,3001.97998046875,3010.34912109375,2989.2451171875,2990.368896484375,287000,0.49750560655170695
20190624,3008.14794921875,3008.14794921875,3012.825927734375,2994.422119140625,3004.2890625,210500,0.20546335385744907
20190625,2982.073974609375,2982.073974609375,3004.909912109375,2948.990966796875,3004.909912109375,243700,-0.8667783317022892
20190626,2976.283935546875,2976.283935546875,2986.9140625,2958.462890625,2964.614990234375,174400,-0.1941614833098959
20190627,2996.79296875,2996.79296875,3011.5380859375,2981.044921875,2982.613037109375,195400,0.6890818768390261
20190628,2978.8779296875,2978.8779296875,2992.242919921875,2961.222900390625,2992.242919921875,181400,-0.597807030692965
20190701,3044.903076171875,3044.903076171875,3045.366943359375,3014.68701171875,3024.6240234375,243300,2.2164435080191947
20190702,3043.943115234375,3043.943115234375,3048.48388671875,3033.781005859375,3042.580078125,208100,-0.03152681426913384
20190703,3015.262939453125,3015.262939453125,3031.83203125,3006.324951171875,3031.83203125,205900,-0.9422047224769359
20190704,3005.2490234375,3005.2490234375,3024.501953125,2991.907958984375,3015.678955078125,188600,-0.3321075546877883
20190705,3011.05908203125,3011.05908203125,3014.846923828125,2990.925048828125,3004.738037109375,152100,0.19333035460415982
20190708,2933.363037109375,2933.363037109375,2997.806884765625,2918.716064453125,2997.806884765625,205200,-2.5803560410200044
20190709,2928.22998046875,2928.22998046875,2937.761962890625,2912.805908203125,2928.819091796875,140700,-0.17498879530721823
20190710,2915.302001953125,2915.302001953125,2936.751953125,2908.162109375,2935.18603515625,131400,-0.441494643585183
20190711,2917.760986328125,2917.760986328125,2945.802001953125,2907.885009765625,2928.054931640625,139400,0.08434750064838514
20190712,2930.550048828125,2930.550048828125,2938.530029296875,2905.81005859375,2915.340087890625,133700,0.43831768811517513
20190715,2942.18994140625,2942.18994140625,2955.0,2886.699951171875,2921.550048828125,162600,0.39719139356722
20190716,2937.6201171875,2937.6201171875,2944.820068359375,2931.2900390625,2938.639892578125,127800,-0.1553205030864091
20190717,2931.68994140625,2931.68994140625,2942.070068359375,2924.4599609375,2933.02001953125,145100,-0.20187006980765254
20190718,2901.179931640625,2901.179931640625,2921.739990234375,2901.179931640625,2921.739990234375,145400,-1.0406970169222651
20190719,2924.199951171875,2924.199951171875,2939.60009765625,2909.679931640625,2909.679931640625,145000,0.7934709350561509
20190722,2886.97412109375,2886.97412109375,2927.159912109375,2879.68994140625,2925.7880859375,175300,-1.2730261507325036
20190723,2899.93994140625,2899.93994140625,2901.360107421875,2883.050048828125,2886.89990234375,125400,0.44911453198575035
20190724,2923.280029296875,2923.280029296875,2936.449951171875,2907.7900390625,2907.929931640625,150500,0.8048472851926336
20190725,2937.360107421875,2937.360107421875,2937.360107421875,2916.14990234375,2923.18994140625,141300,0.48165341615893364
20190726,2944.5400390625,2944.5400390625,2948.330078125,2924.449951171875,2928.06005859375,135100,0.24443484550917827
20190729,2941.010009765625,2941.010009765625,2948.469970703125,2932.97998046875,2943.919921875,124200,-0.11988389527890497
20190730,2952.340087890625,2952.340087890625,2965.6298828125,2946.260009765625,2946.260009765625,143900,0.38524445980729904
20190731,2932.510009765625,2932.510009765625,2944.39990234375,2926.489990234375,2944.39990234375,136900,-0.6716732332543773
20190801,2908.77001953125,2908.77001953125,2927.340087890625,2901.75,2920.85009765625,138100,-0.8095450707863883
20190802,2867.840087890625,2867.840087890625,2872.469970703125,2851.43994140625,2861.330078125,179400,-1.4071216138022757
20190805,2821.5,2821.5,2863.68994140625,2821.5,2854.580078125,162400,-1.6158532718157703
20190806,2777.555908203125,2777.555908203125,2787.4189453125,2733.924072265625,2776.989013671875,224200,-1.5574726846314002
20190807,2768.679931640625,2768.679931640625,2792.693115234375,2768.679931640625,2789.01904296875,153000,-0.3195606805352136
20190808,2794.552001953125,2794.552001953125,2799.68603515625,2782.2451171875,2784.18408203125,145000,0.934455081529384
20190809,2774.75,2774.75,2808.330078125,2770.47998046875,2805.590087890625,143800,-0.7085930746425606
20190812,2814.989990234375,2814.989990234375,2814.989990234375,2776.6201171875,2781.97998046875,131600,1.4502203886611387
20190813,2797.260009765625,2797.260009765625,2802.0400390625,2790.610107421875,2798.050048828125,130900,-0.629841687901489
20190814,2808.909912109375,2808.909912109375,2829.889892578125,2807.719970703125,2824.489990234375,144000,0.4164754904112833
20190815,2815.800048828125,2815.800048828125,2815.89990234375,2756.830078125,2762.340087890625,152800,0.24529575295548778
20190816,2823.820068359375,2823.820068359375,2840.320068359375,2811.800048828125,2817.570068359375,148600,0.2848220538453239
20190819,2883.10009765625,2883.10009765625,2883.10009765625,2829.85009765625,2835.52001953125,214500,2.0992849353647536
20190820,2880.0,2880.0,2892.080078125,2875.0,2879.080078125,189700,-0.10752653571654003
20190821,2880.330078125,2880.330078125,2885.590087890625,2872.56005859375,2875.469970703125,159000,0.0114610460069553
20190822,2883.43994140625,2883.43994140625,2888.5,2867.550048828125,2887.659912109375,149200,0.10796898955671708
20190823,2897.429931640625,2897.429931640625,2902.4599609375,2878.739990234375,2885.14990234375,159200,0.48518403430146684
20190826,2863.570068359375,2863.570068359375,2870.489990234375,2849.239990234375,2851.02001953125,169900,-1.1686171565873704
20190827,2902.18994140625,2902.18994140625,2919.639892578125,2879.409912109375,2879.52001953125,208100,1.3486617098565246
20190828,2893.760009765625,2893.760009765625,2905.43994140625,2887.010009765625,2901.6298828125,183100,-0.29046795043815576
20190829,2890.919921875,2890.919921875,2898.60009765625,2878.590087890625,2896.0,178600,-0.09814524635908262
20190830,2886.239990234375,2886.239990234375,2914.580078125,2874.10009765625,2907.3798828125,194000,-0.16188382131282486
20190902,2924.10595703125,2924.10595703125,2928.47900390625,2883.681884765625,2886.94189453125,202800,1.311947964306337
20190903,2930.14990234375,2930.14990234375,2930.14990234375,2915.199951171875,2925.93994140625,189000,0.20669378611151146
20190904,2957.409912109375,2957.409912109375,2957.409912109375,2925.8798828125,2927.75,225500,0.9303281632049076
20190905,2985.860107421875,2985.860107421875,3015.840087890625,2972.659912109375,2972.659912109375,305400,0.9619970230034136
20190906,2999.60009765625,2999.60009765625,2999.93994140625,2981.60009765625,2996.6201171875,216800,0.4601685859368265
20190909,3024.739990234375,3024.739990234375,3026.239990234375,3005.68994140625,3023.780029296875,243400,0.8381081397406343
20190910,3021.199951171875,3021.199951171875,3027.409912109375,3005.3798828125,3027.409912109375,240000,-0.11703614439354526
20190911,3008.81005859375,3008.81005859375,3030.56005859375,3004.219970703125,3029.929931640625,229800,-0.4100983972715633
20190912,3031.239990234375,3031.239990234375,3033.469970703125,3005.18994140625,3016.6298828125,197000,0.7454751614034416
20190916,3030.75,3030.75,3042.929931640625,3020.050048828125,3041.919921875,221900,-0.016164679667518556
20190917,2978.1201171875,2978.1201171875,3023.7099609375,2970.570068359375,3023.7099609375,223300,-1.7365299946382917
20190918,2985.659912109375,2985.659912109375,2996.39990234375,2982.39990234375,2984.080078125,168000,0.25317296231139874
20190919,2999.280029296875,2999.280029296875,2999.280029296875,2975.39990234375,2992.919921875,162700,0.4561844814360505
20190920,3006.449951171875,3006.449951171875,3011.340087890625,2996.18994140625,3004.81005859375,182100,0.23905476664281
20190923,2977.080078125,2977.080078125,2998.39990234375,2960.830078125,2998.39990234375,168100,-0.9768954588925349
20190924,2985.340087890625,2985.340087890625,3002.89990234375,2973.760009765625,2979.47998046875,163900,0.27745339557097015
20190925,2955.429931640625,2955.429931640625,2977.669921875,2955.429931640625,2977.669921875,168500,-1.0019011358646912
20190926,2929.090087890625,2929.090087890625,2970.0400390625,2928.260009765625,2964.47998046875,188900,-0.8912356022386936
20190927,2932.169921875,2932.169921875,2939.080078125,2920.929931640625,2929.489990234375,132900,0.10514644111179194
20190930,2905.18994140625,2905.18994140625,2936.47998046875,2905.18994140625,2927.919921875,116600,-0.9201370039120138
20191008,2913.570068359375,2913.570068359375,2933.02001953125,2905.760009765625,2905.760009765625,125500,0.2884536681642347
20191009,2924.860107421875,2924.860107421875,2924.860107421875,2891.5400390625,2902.080078125,130400,0.38749845713705877
20191010,2947.7099609375,2947.7099609375,2949.239990234375,2918.22998046875,2923.7099609375,134200,0.7812289366470271
20191011,2973.659912109375,2973.659912109375,2980.7900390625,2943.010009765625,2954.820068359375,161200,0.8803427581328904
20191014,3007.8798828125,3007.8798828125,3026.3798828125,2989.81005859375,2993.9599609375,208600,1.1507694798511992
20191015,2991.050048828125,2991.050048828125,3005.659912109375,2986.300048828125,3005.659912109375,155400,-0.5595248028534394
20191016,2978.7099609375,2978.7099609375,3010.419921875,2975.919921875,2992.610107421875,149900,-0.41256708143214693
20191017,2977.330078125,2977.330078125,2986.719970703125,2969.570068359375,2979.989990234375,122500,-0.0463248463460908
20191018,2938.139892578125,2938.139892578125,2987.199951171875,2933.239990234375,2982.340087890625,150000,-1.3162862201545167
20191021,2939.6201171875,2939.6201171875,2940.320068359375,2917.68994140625,2933.89990234375,132500,0.05037965050997961
20191022,2954.3798828125,2954.3798828125,2954.639892578125,2934.389892578125,2945.60009765625,117500,0.5020977213586963
20191023,2941.6201171875,2941.6201171875,2957.300048828125,2934.6298828125,2952.969970703125,123800,-0.4318931935338277
20191024,2940.919921875,2940.919921875,2953.0400390625,2927.06005859375,2944.010009765625,126500,-0.023803050176629537
20191025,2954.929931640625,2954.929931640625,2958.239990234375,2920.52001953125,2940.469970703125,136900,0.4763818851855284
20191028,2980.050048828125,2980.050048828125,2980.1298828125,2956.9599609375,2958.68994140625,173700,0.8501087257102302
20191029,2954.179931640625,2954.179931640625,2979.0400390625,2954.179931640625,2979.0400390625,166100,-0.8681101580046646
20191030,2939.320068359375,2939.320068359375,2953.300048828125,2934.830078125,2949.4599609375,158800,-0.5030114490351179
20191031,2929.06005859375,2929.06005859375,2946.75,2923.52001953125,2944.840087890625,161600,-0.34906065100123174
20191101,2958.199951171875,2958.199951171875,2959.830078125,2917.14990234375,2924.340087890625,159900,0.9948547313882949
20191104,2975.489990234375,2975.489990234375,2983.06005859375,2964.580078125,2964.580078125,167200,0.5844783769822781
20191105,2991.56005859375,2991.56005859375,3008.31005859375,2968.030029296875,2977.699951171875,179900,0.5400814122083153
20191106,2978.60009765625,2978.60009765625,2995.56005859375,2969.719970703125,2992.0400390625,165300,-0.433217474617309
20191107,2978.7099609375,2978.7099609375,2988.9599609375,2969.1201171875,2978.14990234375,137000,0.0036884199841491494
20191108,2964.179931640625,2964.179931640625,2998.760009765625,2962.840087890625,2993.97998046875,149700,-0.4877960421598715
20191111,2909.969970703125,2909.969970703125,2949.9599609375,2906.77001953125,2949.9599609375,157900,-1.828835029845699
20191112,2914.820068359375,2914.820068359375,2918.300048828125,2891.510009765625,2913.0,129700,0.16667174249491712
20191113,2905.239990234375,2905.239990234375,2913.860107421875,2893.969970703125,2913.02001953125,129800,-0.328667907463398
20191114,2909.8701171875,2909.8701171875,2917.3701171875,2899.6201171875,2907.739990234375,129100,0.15937158268124474
20191115,2891.340087890625,2891.340087890625,2917.830078125,2891.199951171875,2911.35009765625,135500,-0.6367991886450541
20191118,2909.199951171875,2909.199951171875,2911.3798828125,2884.090087890625,2889.550048828125,124400,0.6177019215432233
20191119,2933.989990234375,2933.989990234375,2933.989990234375,2902.860107421875,2904.280029296875,135400,0.8521256523641219
20191120,2911.050048828125,2911.050048828125,2930.489990234375,2907.419921875,2928.110107421875,137400,-0.7818684277248522
20191121,2903.639892578125,2903.639892578125,2910.360107421875,2891.530029296875,2902.550048828125,123500,-0.254552691492993
20191122,2885.2900390625,2885.2900390625,2925.02001953125,2873.989990234375,2906.239990234375,158600,-0.6319603736857471
20191125,2906.169921875,2906.169921875,2906.610107421875,2880.64990234375,2885.610107421875,178600,0.7236666861846652
20191126,2907.06005859375,2907.06005859375,2915.0400390625,2897.929931640625,2912.52001953125,170000,0.030629204164900337
20191127,2903.18994140625,2903.18994140625,2914.489990234375,2893.419921875,2905.39990234375,133900,-0.13312821577453615
20191128,2889.693115234375,2889.693115234375,2909.840087890625,2883.43408203125,2902.364013671875,119500,-0.4648964223586849
20191129,2871.97998046875,2871.97998046875,2892.389892578125,2858.580078125,2885.969970703125,122600,-0.6129763286018775
20191202,2875.81005859375,2875.81005859375,2888.889892578125,2870.239990234375,2874.449951171875,128800,0.1333601957899111
20191203,2884.699951171875,2884.699951171875,2884.860107421875,2857.320068359375,2869.8798828125,123800,0.30912655554422575
20191204,2878.115966796875,2878.115966796875,2882.498046875,2869.422119140625,2876.907958984375,125500,-0.22823810054578564
20191205,2899.468994140625,2899.468994140625,2902.001953125,2885.080078125,2886.51611328125,143200,0.7419099018276976
20191206,2912.013916015625,2912.013916015625,2912.013916015625,2894.7509765625,2902.278076171875,134100,0.43266273584410264
20191209,2914.47802734375,2914.47802734375,2919.589111328125,2905.25,2914.4580078125,160800,0.08461880331589455
20191210,2917.31591796875,2917.31591796875,2919.200927734375,2902.7900390625,2908.944091796875,170100,0.09737217430958456
20191211,2924.4169921875,2924.4169921875,2928.256103515625,2915.0009765625,2922.60205078125,165500,0.24341121833983959
20191212,2915.697998046875,2915.697998046875,2926.342041015625,2913.47607421875,2926.342041015625,151800,-0.2981446956407896
20191213,2967.676025390625,2967.676025390625,2969.98095703125,2935.84912109375,2937.77587890625,212000,1.7826958545970273
20191216,2984.39306640625,2984.39306640625,2984.64111328125,2958.7060546875,2970.968994140625,211900,0.5633041097679925
20191217,3022.422119140625,3022.422119140625,3039.383056640625,2982.49609375,2985.261962890625,293000,1.274264210115228
20191218,3017.0439453125,3017.0439453125,3033.23388671875,3011.720947265625,3021.466064453125,244100,-0.17794251153953056
20191219,3017.06591796875,3017.06591796875,3021.41796875,3007.991943359375,3017.153076171875,208600,0.0007282842626077368
20191220,3004.93798828125,3004.93798828125,3027.48388671875,3002.260009765625,3019.639892578125,215100,-0.4019776172363265
20191223,2962.7509765625,2962.7509765625,3009.337890625,2960.43505859375,2999.035888671875,205700,-1.4039228723944475
20191224,2982.680908203125,2982.680908203125,2983.819091796875,2960.68408203125,2965.825927734375,163000,0.672683320275147
20191225,2981.881103515625,2981.881103515625,2988.2919921875,2970.656982421875,2980.427978515625,175700,-0.026814959833632024
20191226,3007.35498046875,3007.35498046875,3007.35498046875,2980.39697265625,2981.2490234375,182400,0.8542888220154587
20191227,3005.035888671875,3005.035888671875,3036.113037109375,3003.631103515625,3006.85205078125,247100,-0.07711400256824597
20191230,3040.02392578125,3040.02392578125,3041.39697265625,2983.343994140625,2998.1689453125,248100,1.1643134526702292
20191231,3050.1240234375,3050.1240234375,3051.677001953125,3030.511962890625,3036.385986328125,217400,0.3322374396660166
20200102,3085.197998046875,3085.197998046875,3098.10009765625,3066.3359375,3066.3359375,292500,1.1499196209682871
20200103,3083.785888671875,3083.785888671875,3093.819091796875,3074.51806640625,3089.02197265625,261500,-0.04577046192477674
20200106,3083.407958984375,3083.407958984375,3107.202880859375,3065.30908203125,3070.908935546875,312600,-0.01225538027423978
20200107,3104.802001953125,3104.802001953125,3105.450927734375,3084.3291015625,3085.488037109375,276600,0.6938440599925322
20200108,3066.89306640625,3066.89306640625,3094.239013671875,3059.131103515625,3094.239013671875,297900,-1.2209775542217471
20200109,3094.882080078125,3094.882080078125,3097.3291015625,3080.131103515625,3082.639892578125,243400,0.9126178535031837
20200110,3092.291015625,3092.291015625,3105.22509765625,3081.39599609375,3102.2939453125,210400,-0.08372094270744368
20200113,3115.570068359375,3115.570068359375,3115.570068359375,3075.384033203125,3091.492919921875,210600,0.7528092477955273
20200114,3106.820068359375,3106.820068359375,3127.1689453125,3105.60498046875,3120.6669921875,230000,-0.28084747920972264
20200115,3090.0400390625,3090.0400390625,3107.93994140625,3082.0400390625,3103.169921875,202300,-0.5401030290671516
20200116,3074.0810546875,3074.0810546875,3096.3720703125,3070.884033203125,3095.73388671875,203400,-0.5164652940821357
20200117,3075.49609375,3075.49609375,3091.951904296875,3067.2529296875,3081.464111328125,190300,0.04603128666182954
20200120,3095.787109375,3095.787109375,3096.31103515625,3070.47998046875,3082.113037109375,210500,0.6597639862471416
20200121,3052.139892578125,3052.139892578125,3085.7900390625,3051.22998046875,3085.7900390625,234800,-1.4098907726793564
20200122,3060.7548828125,3060.7548828125,3069.2529296875,3006.26806640625,3038.487060546875,223900,0.28226066096523894
20200123,2976.528076171875,2976.528076171875,3045.041015625,2955.345947265625,3037.951904296875,272800,-2.7518311614430746
20200203,2746.60595703125,2746.60595703125,2766.576904296875,2716.697998046875,2716.697998046875,215900,-7.724506984537793
20200204,2783.2880859375,2783.2880859375,2786.1640625,2685.26904296875,2685.26904296875,364000,1.3355439214840725
20200205,2818.087890625,2818.087890625,2842.742919921875,2778.864013671875,2792.37109375,309800,1.250312709752377
20200206,2866.510009765625,2866.510009765625,2876.590087890625,2807.610107421875,2826.889892578125,316400,1.718261495736595
20200207,2875.9599609375,2875.9599609375,2875.9599609375,2838.77001953125,2858.929931640625,309500,0.3296674750718154
20200210,2890.488037109375,2890.488037109375,2891.847900390625,2851.050048828125,2860.4990234375,294900,0.505155717367467
20200211,2901.669921875,2901.669921875,2913.820068359375,2882.239990234375,2894.5400390625,269200,0.386851099954999
20200212,2926.89892578125,2926.89892578125,2926.89892578125,2892.424072265625,2895.555908203125,248700,0.8694649834584789
20200213,2906.073974609375,2906.073974609375,2935.406005859375,2901.242919921875,2927.14404296875,274800,-0.7115022315407171
20200214,2917.008056640625,2917.008056640625,2926.943115234375,2899.573974609375,2899.865966796875,250700,0.3762492671137041
20200217,2983.6220703125,2983.6220703125,2983.636962890625,2924.990966796875,2924.990966796875,313200,2.2836417445000423
20200218,2984.971923828125,2984.971923828125,2990.60009765625,2960.77490234375,2981.409912109375,311700,0.04524210787473226
20200219,2975.402099609375,2975.402099609375,2998.27197265625,2971.822021484375,2979.52197265625,315100,-0.3206001417419335
20200220,3030.154052734375,3030.154052734375,3031.37109375,2968.445068359375,2981.8798828125,345700,1.8401530714853065
20200221,3039.6689453125,3039.6689453125,3058.89794921875,3020.14111328125,3022.24609375,364600,0.31400689247265134
20200224,3031.23291015625,3031.23291015625,3042.181884765625,3007.35595703125,3027.89306640625,370400,-0.2775313795029932
20200225,3013.050048828125,3013.050048828125,3016.946044921875,2943.717041015625,2982.070068359375,441600,-0.5998503535377564
20200226,2987.928955078125,2987.928955078125,3028.780029296875,2974.93994140625,2978.419921875,469000,-0.8337429960637577
20200227,2991.330078125,2991.330078125,3009.4599609375,2980.47998046875,2992.489990234375,350500,0.11382877899739352
20200228,2880.303955078125,2880.303955078125,2948.1259765625,2878.5439453125,2924.64111328125,401200,-3.711597187444704
20200302,2970.930908203125,2970.930908203125,2982.507080078125,2899.31005859375,2899.31005859375,367300,3.146437130887514
20200303,2992.89697265625,2992.89697265625,3026.842041015625,2976.623046875,3006.888916015625,410100,0.7393663848753285
20200304,3011.666015625,3011.666015625,3012.00390625,2974.35791015625,2981.805908203125,353300,0.6271195814699926
20200305,3071.677001953125,3071.677001953125,3074.257080078125,3022.926025390625,3036.155029296875,445400,1.992617575015898
20200306,3034.510986328125,3034.510986328125,3052.444091796875,3029.462890625,3039.93994140625,362100,-1.2099584559629117
20200309,2943.291015625,2943.291015625,2989.205078125,2940.714111328125,2987.180908203125,414600,-3.0060847073585584
20200310,2996.761962890625,2996.761962890625,3000.2958984375,2904.799072265625,2918.93505859375,393300,1.8167060947002822
20200311,2968.51708984375,2968.51708984375,3010.029052734375,2968.51708984375,3001.761962890625,352500,-0.9425130656567249
20200312,2923.486083984375,2923.486083984375,2944.465087890625,2906.283935546875,2936.01611328125,307800,-1.5169528925213394
20200313,2887.427001953125,2887.427001953125,2910.881103515625,2799.98388671875,2804.23193359375,366500,-1.233427524378894
20200316,2789.25390625,2789.25390625,2898.034912109375,2784.662109375,2897.301025390625,351900,-3.4000200052406004
20200317,2779.64111328125,2779.64111328125,2826.906982421875,2715.220947265625,2796.283935546875,306100,-0.3446367126065608
20200318,2728.756103515625,2728.756103515625,2815.8740234375,2728.756103515625,2792.322021484375,291200,-1.830632361943929
20200319,2702.1298828125,2702.1298828125,2736.820068359375,2646.804931640625,2719.406005859375,302300,-0.9757640365447351
20200320,2745.617919921875,2745.617919921875,2751.89599609375,2702.492919921875,2727.01904296875,252000,1.6093984743660972
20200323,2660.169921875,2660.169921875,2703.330078125,2656.5,2677.590087890625,249800,-3.1121591036711416
20200324,2722.43798828125,2722.43798828125,2723.406982421875,2667.133056640625,2703.01904296875,257000,2.3407552237249885
20200325,2781.591064453125,2781.591064453125,2788.635009765625,2757.802001953125,2775.302978515625,273100,2.172797926950021
20200326,2764.910888671875,2764.910888671875,2788.50390625,2753.427978515625,2761.89599609375,234100,-0.5996631206654168
20200327,2772.202880859375,2772.202880859375,2805.548095703125,2771.756103515625,2792.98388671875,240800,0.26373335275924337
20200330,2747.214111328125,2747.214111328125,2759.09912109375,2723.053955078125,2739.718994140625,239700,-0.9014047890861243
20200331,2750.2958984375,2750.2958984375,2771.16796875,2743.114990234375,2767.306884765625,218600,0.11217862840275927
20200401,2734.52197265625,2734.52197265625,2773.364013671875,2731.0791015625,2743.541015625,217300,-0.5735355890328586
20200402,2780.637939453125,2780.637939453125,2780.637939453125,2719.904052734375,2720.22802734375,217900,1.6864361397717742
20200403,2763.987060546875,2763.987060546875,2780.5869140625,2754.072998046875,2773.575927734375,200800,-0.598815065780367
20200407,2820.762939453125,2820.762939453125,2823.277099609375,2801.839111328125,2806.968017578125,270200,2.0541296924529107
20200408,2815.368896484375,2815.368896484375,2823.214111328125,2800.2958984375,2805.9169921875,243500,-0.19122638394404312
20200409,2825.904052734375,2825.904052734375,2832.39501953125,2820.43310546875,2825.839111328125,238200,0.374201628182913
20200410,2796.631103515625,2796.631103515625,2833.014892578125,2789.97607421875,2827.18701171875,233500,-1.0358790911681903
20200413,2783.048095703125,2783.048095703125,2792.89111328125,2774.0810546875,2784.597900390625,177100,-0.4856917952255069
20200414,2827.282958984375,2827.282958984375,2827.298095703125,2789.427978515625,2794.801025390625,202700,1.58943941175671
20200415,2811.174072265625,2811.174072265625,2829.75,2808.7041015625,2826.662109375,205600,-0.5697656355038716
20200416,2819.93505859375,2819.93505859375,2823.337890625,2796.839111328125,2798.429931640625,203000,0.31164866005839453
20200417,2838.4951171875,2838.4951171875,2854.9599609375,2830.02197265625,2835.55810546875,245700,0.658173263146189
20200420,2852.552978515625,2852.552978515625,2852.989990234375,2833.261962890625,2840.408935546875,211800,0.49525754837493885
20200421,2827.012939453125,2827.012939453125,2842.237060546875,2808.02099609375,2842.237060546875,233200,-0.8953396923688461
20200422,2843.97998046875,2843.97998046875,2843.97998046875,2808.48193359375,2814.06591796875,217300,0.6001755697272237
20200423,2838.4990234375,2838.4990234375,2853.635986328125,2835.89599609375,2850.510009765625,248800,-0.19272136473853507
20200424,2808.529052734375,2808.529052734375,2834.93896484375,2802.4990234375,2834.93896484375,235200,-1.0558386828976474
20200427,2815.4951171875,2815.4951171875,2832.666015625,2802.9580078125,2812.241943359375,210100,0.2480324868401329
20200428,2810.02392578125,2810.02392578125,2821.7451171875,2758.24609375,2819.990966796875,253900,-0.19432430810660817
20200429,2822.44189453125,2822.44189453125,2831.763916015625,2800.738037109375,2801.383056640625,202100,0.44191683337884147
20200430,2860.08203125,2860.08203125,2865.590087890625,2832.384033203125,2832.384033203125,242500,1.3336018286747242
20200506,2878.139892578125,2878.139892578125,2879.262939453125,2830.654052734375,2831.633056640625,249800,0.6313756434542794
20200507,2871.52294921875,2871.52294921875,2882.02197265625,2864.5810546875,2876.472900390625,226700,-0.2299034656528698
20200508,2895.340087890625,2895.340087890625,2903.800048828125,2879.199951171875,2882.7099609375,226800,0.8294253291047049
20200511,2894.800048828125,2894.800048828125,2914.280029296875,2884.3798828125,2901.570068359375,225100,-0.018652007919850444
20200512,2891.555908203125,2891.555908203125,2897.902099609375,2871.22998046875,2894.616943359375,197100,-0.11206786549258219
20200513,2898.050048828125,2898.050048828125,2900.259033203125,2875.534912109375,2882.955078125,185100,0.22458983437174673
20200514,2870.342041015625,2870.342041015625,2887.05810546875,2869.18310546875,2887.05810546875,197800,-0.9560914182177194
20200515,2868.458984375,2868.458984375,2884.219970703125,2863.3701171875,2880.70703125,189000,-0.06560391109202701
20200518,2875.41796875,2875.41796875,2889.97998046875,2862.27099609375,2872.52392578125,226000,0.2426035865566334
20200519,2898.575927734375,2898.575927734375,2900.218994140625,2887.576904296875,2897.68701171875,197200,0.8053771394647802
20200520,2883.738037109375,2883.738037109375,2896.466064453125,2876.177001953125,2896.466064453125,210500,-0.5119027755328687
20200521,2867.924072265625,2867.924072265625,2891.51806640625,2864.20703125,2890.720947265625,203500,-0.548384237411581
20200522,2813.764892578125,2813.764892578125,2863.0458984375,2808.01806640625,2863.0458984375,209100,-1.8884453814955737
20200525,2817.969970703125,2817.969970703125,2821.498046875,2802.465087890625,2816.240966796875,172900,0.1494466768027225
20200526,2846.547119140625,2846.547119140625,2848.3369140625,2825.90087890625,2827.89697265625,174600,1.014104079695688
20200527,2836.803955078125,2836.803955078125,2848.9970703125,2831.927978515625,2847.320068359375,198100,-0.34228009074521726
20200528,2846.221923828125,2846.221923828125,2861.924072265625,2820.14599609375,2838.20703125,207500,0.3319922313680168
20200529,2852.35107421875,2852.35107421875,2855.3759765625,2829.626953125,2835.583984375,206800,0.21534337640058965
20200601,2915.430908203125,2915.430908203125,2917.15087890625,2871.964111328125,2871.964111328125,260200,2.211503154521477
20200602,2921.39794921875,2921.39794921875,2926.35888671875,2909.1279296875,2916.31689453125,256100,0.20467098015719554
20200603,2923.37109375,2923.37109375,2942.760009765625,2922.660888671875,2930.39111328125,255700,0.06754110756386211
20200604,2919.2509765625,2919.2509765625,2932.968017578125,2910.751953125,2931.837890625,226600,-0.1409371939234294
20200605,2930.799072265625,2930.799072265625,2930.799072265625,2909.117919921875,2923.18896484375,217400,0.39558420279175444
20200608,2937.77099609375,2937.77099609375,2950.06591796875,2934.2099609375,2941.98193359375,231100,0.23788474256392078
20200609,2956.112060546875,2956.112060546875,2957.118896484375,2932.93896484375,2939.534912109375,209000,0.624319066309531
20200610,2943.7529296875,2943.7529296875,2951.330078125,2934.843017578125,2951.278076171875,207900,-0.41808735955323195
20200611,2920.89697265625,2920.89697265625,2952.65087890625,2912.193115234375,2939.791015625,233700,-0.7764223960764371
20200612,2919.740966796875,2919.740966796875,2930.2548828125,2872.616943359375,2876.802978515625,236000,-0.03957708437499763
20200615,2890.030029296875,2890.030029296875,2922.5400390625,2890.030029296875,2908.280029296875,243200,-1.0175881298331246
20200616,2931.75,2931.75,2931.780029296875,2909.1298828125,2912.830078125,223300,1.4435826022636489
20200617,2935.8701171875,2935.8701171875,2936.6201171875,2919.0400390625,2932.669921875,234700,0.14053439711776416
20200618,2939.320068359375,2939.320068359375,2942.89990234375,2920.110107421875,2929.8798828125,258700,0.11751034733034071
20200619,2967.6298828125,2967.6298828125,2973.320068359375,2935.820068359375,2938.7900390625,264300,0.963141604001172
20200622,2965.27197265625,2965.27197265625,2983.43798828125,2959.034912109375,2966.90087890625,267900,-0.07945432042945066
20200623,2970.6201171875,2970.6201171875,2972.403076171875,2949.846923828125,2960.887939453125,225200,0.18035932557172174
20200624,2979.551025390625,2979.551025390625,2982.943115234375,2971.22412109375,2972.98291015625,213200,0.3006412079233023
20200629,2961.51611328125,2961.51611328125,2977.912109375,2951.77001953125,2973.075927734375,220600,-0.6052895874475106
20200630,2984.674072265625,2984.674072265625,2990.824951171875,2965.10498046875,2965.10498046875,215000,0.7819629574365772
20200701,3025.98095703125,3025.98095703125,3026.18603515625,2984.98388671875,2991.180908203125,273300,1.383966348267629
20200702,3090.569091796875,3090.569091796875,3092.443115234375,3021.674072265625,3023.718994140625,391100,2.134452783503016
20200703,3152.81298828125,3152.81298828125,3152.81298828125,3103.9951171875,3103.9951171875,458800,2.0139946603874748
20200706,3332.881103515625,3332.881103515625,3337.27197265625,3187.839111328125,3187.839111328125,643900,5.711347799684718
20200707,3345.3369140625,3345.3369140625,3407.0810546875,3336.241943359375,3380.9541015625,657800,0.37372501928545354
20200708,3403.43994140625,3403.43994140625,3421.531005859375,3327.7060546875,3337.552001953125,587100,1.7368363437328949
20200709,3450.593994140625,3450.593994140625,3456.971923828125,3393.637939453125,3403.48291015625,620000,1.3854821458930022
20200710,3383.322021484375,3383.322021484375,3433.10888671875,3372.507080078125,3418.93505859375,556100,-1.9495765879869675
20200713,3443.285888671875,3443.285888671875,3458.791015625,3369.0380859375,3379.386962890625,558000,1.7723369755147322
20200714,3414.618896484375,3414.618896484375,3451.221923828125,3366.0830078125,3435.02392578125,543200,-0.8325475465691623
20200715,3361.303955078125,3361.303955078125,3432.450927734375,3345.7490234375,3422.077880859375,492000,-1.5613731143215404
20200716,3210.09912109375,3210.09912109375,3373.531982421875,3209.72705078125,3356.35888671875,490600,-4.498398121834257
20200717,3214.12890625,3214.12890625,3252.779052734375,3181.27490234375,3214.402099609375,359700,0.1255346020242909
20200720,3314.14892578125,3314.14892578125,3314.14892578125,3220.68408203125,3243.910888671875,418600,3.111885753454291
20200721,3320.89501953125,3320.89501953125,3336.678955078125,3300.572021484375,3330.547119140625,359300,0.2035543332866263
20200722,3333.1640625,3333.1640625,3381.97607421875,3311.785888671875,3315.181884765625,393300,0.3694498891591458
20200723,3325.110107421875,3325.110107421875,3336.300048828125,3257.826904296875,3306.14892578125,407000,-0.24163092266403785
20200724,3196.76806640625,3196.76806640625,3319.126953125,3184.965087890625,3310.64501953125,427100,-3.859783191213928
20200727,3205.22705078125,3205.22705078125,3221.985107421875,3174.657958984375,3210.385986328125,299300,0.26461051284554227
20200728,3227.9599609375,3227.9599609375,3245.297119140625,3208.493896484375,3226.133056640625,289400,0.7092449238723653
20200729,3294.552001953125,3294.552001953125,3294.552001953125,3209.989990234375,3221.988037109375,324900,2.06297605365231
20200730,3286.822021484375,3286.822021484375,3312.450927734375,3282.162109375,3299.572021484375,340700,-0.23462918369986374
20200731,3310.007080078125,3310.007080078125,3333.785888671875,3261.614013671875,3280.7958984375,353800,0.7053944035363191
20200803,3367.966064453125,3367.966064453125,3368.10302734375,3327.677001953125,3332.18310546875,407500,1.7510229728460835
20200804,3371.68994140625,3371.68994140625,3391.070068359375,3352.5,3376.43994140625,442300,0.11056753191276414
20200805,3377.56005859375,3377.56005859375,3383.639892578125,3333.8798828125,3363.330078125,385800,0.17410014827909936
20200806,3386.4599609375,3386.4599609375,3392.699951171875,3334.330078125,3380.760009765625,415300,0.2635009352714768
20200807,3354.034912109375,3354.034912109375,3374.133056640625,3307.712890625,3370.587890625,403900,-0.9574909847494095
20200810,3379.251953125,3379.251953125,3399.931884765625,3335.04296875,3341.528076171875,381400,0.7518419359494821
20200811,3340.2900390625,3340.2900390625,3409.05908203125,3336.094970703125,3379.487060546875,400500,-1.1529745222598642
20200812,3319.26611328125,3319.26611328125,3335.72900390625,3263.264892578125,3327.492919921875,378300,-0.6294041994973187
20200813,3320.72607421875,3320.72607421875,3338.152099609375,3309.462890625,3328.175048828125,324300,0.04398444980528993
20200814,3360.09912109375,3360.09912109375,3362.027099609375,3302.736083984375,3315.6689453125,306000,1.1856758430236702
20200817,3438.801025390625,3438.801025390625,3450.89892578125,3369.3740234375,3373.902099609375,434600,2.3422494831419227
20200818,3451.089111328125,3451.089111328125,3456.720947265625,3432.639892578125,3441.93408203125,380700,0.35733634620818133
20200819,3408.12890625,3408.12890625,3454.4609375,3406.1640625,3444.56494140625,405700,-1.2448303620184453
20200820,3363.89892578125,3363.89892578125,3394.556884765625,3352.777099609375,3385.965087890625,335600,-1.2977789774218595
20200821,3380.68310546875,3380.68310546875,3393.91796875,3358.0009765625,3380.22705078125,287500,0.4989501782846295
20200824,3385.637939453125,3385.637939453125,3396.56591796875,3368.02587890625,3391.113037109375,266200,0.1465631007047108
20200825,3373.577880859375,3373.577880859375,3408.8701171875,3364.159912109375,3392.8798828125,277100,-0.3562122946819901
20200826,3329.739013671875,3329.739013671875,3382.60302734375,3320.135986328125,3371.80810546875,294500,-1.2994769569787623
20200827,3350.110107421875,3350.110107421875,3351.830078125,3312.989990234375,3333.489990234375,237100,0.6117925058497509
20200828,3403.806884765625,3403.806884765625,3405.876953125,3339.64892578125,3346.2890625,271300,1.6028361940937152
20200831,3395.677978515625,3395.677978515625,3442.736083984375,3395.468017578125,3416.550048828125,323500,-0.2388180800262929
20200901,3410.60693359375,3410.60693359375,3410.60693359375,3381.7109375,3389.741943359375,247000,0.43964578421689104
20200902,3404.802001953125,3404.802001953125,3421.39599609375,3377.2109375,3420.468994140625,261500,-0.1702023057376545
20200903,3384.98095703125,3384.98095703125,3425.62890625,3374.262939453125,3404.031982421875,255300,-0.5821497082798
20200904,3355.366943359375,3355.366943359375,3360.10595703125,3328.552001953125,3336.407958984375,221600,-0.8748650006541681
20200907,3292.591064453125,3292.591064453125,3368.2451171875,3285.633056640625,3349.91796875,260600,-1.8709095000917886
20200908,3316.4169921875,3316.4169921875,3324.39306640625,3276.443115234375,3301.217041015625,271100,0.7236224380124279
20200909,3254.6279296875,3254.6279296875,3289.614990234375,3238.56103515625,3280.9970703125,351500,-1.8631270628982066
20200910,3234.822998046875,3234.822998046875,3285.472900390625,3227.64404296875,3282.23193359375,312500,-0.6085159984025146
20200911,3260.345947265625,3260.345947265625,3262.498046875,3220.535888671875,3225.783935546875,221700,0.7890060517734776
20200914,3278.81396484375,3278.81396484375,3283.532958984375,3261.14794921875,3275.91796875,213900,0.566443496390745
20200915,3295.679931640625,3295.679931640625,3297.68994140625,3263.751953125,3277.1279296875,197700,0.5143923070267453
20200916,3283.924072265625,3283.924072265625,3302.4560546875,3271.074951171875,3293.16796875,200400,-0.3567051297104551
20200917,3270.43505859375,3270.43505859375,3290.408935546875,3248.4990234375,3277.323974609375,202900,-0.4107589997526584
20200918,3338.090087890625,3338.090087890625,3338.323974609375,3268.52587890625,3270.910888671875,256300,2.0686859113467904
20200921,3316.93505859375,3316.93505859375,3350.589111328125,3313.071044921875,3348.89892578125,216500,-0.6337465059321756
20200922,3274.302001953125,3274.302001953125,3320.22802734375,3265.702880859375,3290.666015625,214000,-1.2853147826988098
20200923,3279.7109375,3279.7109375,3289.761962890625,3264.89111328125,3278.8359375,169200,0.1651935448730324
20200924,3223.176025390625,3223.176025390625,3265.344970703125,3221.237060546875,3262.87890625,206700,-1.7237772836306564
20200925,3219.41796875,3219.41796875,3239.466064453125,3208.034912109375,3234.3740234375,164800,-0.1165948310306586
20200928,3217.534912109375,3217.534912109375,3238.18310546875,3210.89306640625,3224.97705078125,156000,-0.05849059236493481
20200929,3224.35888671875,3224.35888671875,3242.7939453125,3219.7900390625,3231.85498046875,151300,0.21208704165702752
20200930,3218.052001953125,3218.052001953125,3244.9130859375,3202.343994140625,3232.7099609375,153500,-0.19560120281905125
20201009,3272.075927734375,3272.075927734375,3280.511962890625,3260.18701171875,3262.611083984375,188300,1.6787772773237064
20201012,3358.465087890625,3358.465087890625,3359.153076171875,3286.111083984375,3287.327880859375,259600,2.640194239504301
20201013,3359.75,3359.75,3361.83203125,3334.4990234375,3353.12109375,204900,0.03825890922635189
20201014,3340.778076171875,3340.778076171875,3353.625,3332.964111328125,3353.625,198700,-0.564682605197564
20201015,3332.18310546875,3332.18310546875,3354.577880859375,3330.0009765625,3342.922119140625,191000,-0.25727451830543924
20201016,3336.35791015625,3336.35791015625,3348.9541015625,3319.110107421875,3334.45703125,194300,0.12528737333337148
20201019,3312.669921875,3312.669921875,3371.090087890625,3307.840087890625,3351.10009765625,212300,-0.7099954177320456
20201020,3328.10009765625,3328.10009765625,3328.10009765625,3293.77001953125,3307.14990234375,165100,0.4657927335095513
20201021,3325.02001953125,3325.02001953125,3332.14990234375,3304.169921875,3332.14990234375,177600,-0.09254764083475031
20201022,3312.5,3312.5,3320.8798828125,3281.3701171875,3315.820068359375,165900,-0.3765396736773674
20201023,3277.9970703125,3277.9970703125,3326.049072265625,3276.6201171875,3308.157958984375,174200,-1.041597877358491
20201026,3251.118896484375,3251.118896484375,3264.446044921875,3226.60205078125,3258.702880859375,167700,-0.819957225451784
20201027,3254.31591796875,3254.31591796875,3258.3369140625,3235.5439453125,3240.739990234375,149100,0.09833603710500682
20201028,3269.239990234375,3269.239990234375,3275.8701171875,3238.3798828125,3256.219970703125,173200,0.458593223332171
20201029,3272.72998046875,3272.72998046875,3289.77001953125,3231.1201171875,3235.760009765625,184700,0.10675234136374723
20201030,3224.532958984375,3224.532958984375,3279.85595703125,3219.422119140625,3278.631103515625,230200,-1.4726855491289825
20201102,3225.1201171875,3225.1201171875,3242.803955078125,3209.908935546875,3228.715087890625,226800,0.01820909293202
20201103,3271.073974609375,3271.073974609375,3278.381103515625,3237.85400390625,3239.805908203125,215300,1.4248727412345064
20201104,3277.43994140625,3277.43994140625,3286.62109375,3254.111083984375,3273.43310546875,188500,0.1946139661251456
20201105,3320.133056640625,3320.133056640625,3320.407958984375,3291.60009765625,3305.580078125,226800,1.3026360817478988
20201106,3312.158935546875,3312.158935546875,3326.465087890625,3292.15087890625,3326.465087890625,234900,-0.240174744738042
20201109,3373.72998046875,3373.72998046875,3380.823974609375,3329.428955078125,3329.428955078125,310200,1.8589399277033403
20201110,3360.14892578125,3360.14892578125,3387.6220703125,3346.172119140625,3387.6220703125,278700,-0.40255310194128313
20201111,3342.202880859375,3342.202880859375,3365.8359375,3339.041015625,3354.02490234375,271200,-0.534084807497115
20201112,3338.679931640625,3338.679931640625,3350.280029296875,3329.489990234375,3344.4599609375,216500,-0.10540800018232765
20201113,3310.10498046875,3310.10498046875,3327.22900390625,3291.64306640625,3327.22900390625,227900,-0.8558757280406115
20201116,3346.968994140625,3346.968994140625,3346.968994140625,3313.64697265625,3325.62109375,279600,1.113681103451114
20201117,3339.89990234375,3339.89990234375,3347.699951171875,3323.949951171875,3347.14990234375,283600,-0.2112087625923742
20201118,3347.302978515625,3347.302978515625,3358.89404296875,3333.991943359375,3337.33203125,287500,0.22165563005884792
20201119,3363.087890625,3363.087890625,3367.3330078125,3330.449951171875,3339.0859375,253300,0.47157105916879605
20201120,3377.72998046875,3377.72998046875,3380.14990234375,3356.31005859375,3359.60009765625,261300,0.43537636600479157
20201123,3414.489990234375,3414.489990234375,3431.64990234375,3377.989990234375,3384.10009765625,373900,1.0883051628811202
20201124,3402.822998046875,3402.822998046875,3413.926025390625,3396.243896484375,3407.408935546875,301000,-0.3416906249796625
20201125,3362.326904296875,3362.326904296875,3423.485107421875,3362.326904296875,3417.514892578125,322100,-1.1900734705638127
20201126,3369.73291015625,3369.73291015625,3371.4541015625,3344.281982421875,3360.06103515625,255900,0.22026430118708973
20201127,3408.306884765625,3408.306884765625,3408.306884765625,3364.491943359375,3373.843017578125,280600,1.1447190515638361
20201130,3391.760009765625,3391.760009765625,3456.739990234375,3391.760009765625,3418.159912109375,385000,-0.48548665244789735
20201201,3451.93994140625,3451.93994140625,3457.639892578125,3386.909912109375,3388.989990234375,316200,1.7742980478381076
20201202,3449.381103515625,3449.381103515625,3465.72900390625,3435.87109375,3453.51806640625,312800,-0.07412753217203027
20201203,3442.135986328125,3442.135986328125,3452.160888671875,3428.803955078125,3448.5400390625,298500,-0.21004107606770184
20201204,3444.5810546875,3444.5810546875,3448.404052734375,3417.048095703125,3436.72900390625,256300,0.07103346204468952
20201207,3416.60400390625,3416.60400390625,3449.577880859375,3414.31396484375,3446.64794921875,254500,-0.8122047452818082
20201208,3410.179931640625,3410.179931640625,3428.659912109375,3403.030029296875,3417.68994140625,226900,-0.18802507572666105
20201209,3371.964111328125,3371.964111328125,3422.535888671875,3371.916015625,3416.077880859375,260700,-1.120639411367208
20201210,3373.27587890625,3373.27587890625,3384.887939453125,3357.7529296875,3365.73095703125,247300,0.038902180889710536
20201211,3347.19091796875,3347.19091796875,3383.177978515625,3325.172119140625,3381.008056640625,298600,-0.7732827635182238
20201214,3369.1201171875,3369.1201171875,3371.12890625,3338.6259765625,3349.533935546875,239800,0.655152327912556
20201215,3367.22998046875,3367.22998046875,3373.56005859375,3348.419921875,3366.580078125,225700,-0.056101790764528925
20201216,3366.98291015625,3366.98291015625,3378.6630859375,3359.1708984375,3371.262939453125,220800,-0.007337494437065217
20201217,3404.873046875,3404.873046875,3406.155029296875,3354.010986328125,3367.277099609375,275500,1.1253438977803398
20201218,3394.89990234375,3394.89990234375,3413.81005859375,3382.75,3400.489990234375,281000,-0.2929079702517323
20201221,3420.569091796875,3420.569091796875,3423.60888671875,3381.115966796875,3394.39501953125,283800,0.7561103476247943
20201222,3356.781982421875,3356.781982421875,3415.75390625,3353.85791015625,3410.968017578125,323000,-1.8648098507342725
20201223,3382.320068359375,3382.320068359375,3394.208984375,3360.201904296875,3362.471923828125,299500,0.7607907237119571
20201224,3363.113037109375,3363.113037109375,3394.074951171875,3354.02197265625,3382.193115234375,275000,-0.5678655733878157
20201225,3396.56298828125,3396.56298828125,3397.007080078125,3348.344970703125,3351.7900390625,294500,0.9946127532075355
20201228,3397.284912109375,3397.284912109375,3412.51904296875,3383.654052734375,3396.35888671875,316200,0.021254539680715112
20201229,3379.035888671875,3379.035888671875,3407.087890625,3376.087890625,3399.2939453125,311800,-0.5371649393447253
20201230,3414.452880859375,3414.452880859375,3414.4541015625,3374.416015625,3375.009033203125,291000,1.0481389767488025
20201231,3473.069091796875,3473.069091796875,3474.91796875,3419.72705078125,3419.72705078125,335700,1.7167087373233025
20210104,3502.9580078125,3502.9580078125,3511.655029296875,3457.2060546875,3474.678955078125,380800,0.8605908844779409
20210105,3528.677001953125,3528.677001953125,3528.677001953125,3484.715087890625,3492.19091796875,408000,0.7342078918235684
20210106,3550.876953125,3550.876953125,3556.802001953125,3513.1259765625,3530.906982421875,370200,0.629129590483557
20210107,3576.205078125,3576.205078125,3576.205078125,3526.616943359375,3552.908935546875,405300,0.713292105988339
20210108,3570.110107421875,3570.110107421875,3588.06005859375,3544.889892578125,3577.68994140625,345600,-0.170431241217317
20210111,3531.498046875,3531.498046875,3597.701904296875,3516.986083984375,3571.321044921875,362500,-1.0815369662298235
20210112,3608.340087890625,3608.340087890625,3608.340087890625,3517.469970703125,3518.010009765625,323400,2.1759049557912746
20210113,3598.652099609375,3598.652099609375,3622.347900390625,3575.594970703125,3613.281005859375,388100,-0.26848878002830867
20210114,3565.905029296875,3565.905029296875,3599.05810546875,3559.60009765625,3584.931884765625,347700,-0.9099815543729406
20210115,3566.3779296875,3566.3779296875,3589.26611328125,3533.7880859375,3566.284912109375,324600,0.013261721407031857
20210118,3596.219970703125,3596.219970703125,3608.77001953125,3544.260009765625,3554.800048828125,301700,0.8367604781089444
20210119,3566.3798828125,3566.3798828125,3603.14990234375,3553.02001953125,3596.360107421875,323400,-0.8297625877649151
20210120,3583.092041015625,3583.092041015625,3589.9619140625,3556.443115234375,3564.12109375,272300,0.4686028620693561
20210121,3621.263916015625,3621.263916015625,3636.243896484375,3585.802001953125,3590.925048828125,327500,1.0653333646762908
20210122,3606.75,3606.75,3616.5400390625,3585.033935546875,3616.5400390625,324500,-0.40079696902053374
20210125,3624.238037109375,3624.238037109375,3637.10009765625,3591.02001953125,3605.361083984375,327300,0.48486967794760805
20210126,3569.428955078125,3569.428955078125,3610.968994140625,3564.741943359375,3610.968994140625,278100,-1.5122925555674738
20210127,3573.340087890625,3573.340087890625,3578.800048828125,3546.489990234375,3567.550048828125,264100,0.10957306789747268
20210128,3505.176025390625,3505.176025390625,3549.5439453125,3496.87890625,3534.6689453125,270900,-1.907572770109267
20210129,3483.069091796875,3483.069091796875,3531.597900390625,3446.547119140625,3521.718017578125,293700,-0.6306939632592767
20210201,3505.283935546875,3505.283935546875,3506.388916015625,3469.875,3477.172119140625,277600,0.637795092905824
20210202,3533.68505859375,3533.68505859375,3535.501953125,3495.568115234375,3510.80810546875,264500,0.810237446355222
20210203,3517.30810546875,3517.30810546875,3544.009033203125,3508.507080078125,3531.14892578125,297400,-0.4634525390193489
20210204,3501.85888671875,3501.85888671875,3524.721923828125,3465.77099609375,3503.779052734375,298800,-0.4392341610898187
20210205,3496.330078125,3496.330078125,3536.5400390625,3492.9599609375,3509.489990234375,290100,-0.15788210697805782
20210208,3532.447021484375,3532.447021484375,3542.2080078125,3492.12890625,3504.56298828125,249800,1.0329958142494267
20210209,3603.489013671875,3603.489013671875,3604.010986328125,3528.676025390625,3539.77294921875,253800,2.0111268974572605
20210210,3655.087890625,3655.087890625,3662.76611328125,3612.5048828125,3612.613037109375,257900,1.4319143684733193
20210218,3675.35693359375,3675.35693359375,3731.68701171875,3663.6640625,3721.0869140625,340300,0.5545432442469744
20210219,3696.16796875,3696.16796875,3699.64990234375,3634.014892578125,3661.782958984375,361100,0.566231675787221
20210222,3642.43994140625,3642.43994140625,3717.27001953125,3642.43994140625,3707.18994140625,488800,-1.4536143324114237
20210223,3636.360107421875,3636.360107421875,3672.14990234375,3617.699951171875,3617.699951171875,398900,-0.1669165197553779
20210224,3564.080078125,3564.080078125,3645.64697265625,3531.593994140625,3638.93603515625,362200,-1.9877027346480447
20210225,3585.050048828125,3585.050048828125,3608.56005859375,3568.469970703125,3595.5400390625,366200,0.5883697965102019
20210226,3509.080078125,3509.080078125,3550.409912109375,3500.699951171875,3514.56005859375,333300,-2.1190769910718
20210301,3551.39990234375,3551.39990234375,3552.56689453125,3511.989013671875,3531.47998046875,315500,1.2060090757849862
20210302,3508.591064453125,3508.591064453125,3566.85205078125,3485.364013671875,3566.85205078125,339800,-1.2054074187019426
20210303,3576.89990234375,3576.89990234375,3577.6201171875,3498.719970703125,3500.159912109375,347700,1.9469022361336963
20210304,3503.489990234375,3503.489990234375,3552.199951171875,3487.3798828125,3546.639892578125,393600,-2.0523334203809696
20210305,3501.987060546875,3501.987060546875,3523.568115234375,3456.6669921875,3463.30908203125,356400,-0.04289807282706892
20210308,3421.409912109375,3421.409912109375,3542.300048828125,3421.219970703125,3524.97998046875,387000,-2.300897948632541
20210309,3359.2900390625,3359.2900390625,3429.14990234375,3328.31005859375,3415.340087890625,407700,-1.8156220576498128
20210310,3357.739990234375,3357.739990234375,3397.030029296875,3354.820068359375,3389.840087890625,299700,-0.04614215533939037
20210311,3436.830078125,3436.830078125,3436.830078125,3369.89990234375,3369.89990234375,322100,2.355455994825384
20210312,3453.080078125,3453.080078125,3454.510009765625,3417.239990234375,3447.199951171875,358000,0.47281941878445366
20210315,3419.949951171875,3419.949951171875,3457.489990234375,3392.510009765625,3441.8798828125,367800,-0.9594369723135543
20210316,3446.73291015625,3446.73291015625,3448.883056640625,3406.175048828125,3424.652099609375,316700,0.7831389162638924
20210317,3445.551025390625,3445.551025390625,3454.055908203125,3410.281982421875,3435.73193359375,280100,-0.034290001471903864
20210318,3463.068115234375,3463.068115234375,3478.14501953125,3449.376953125,3449.64111328125,284400,0.5083973423892107
20210319,3404.659912109375,3404.659912109375,3439.52001953125,3389.2900390625,3423.8701171875,309200,-1.686602780582247
20210322,3443.43994140625,3443.43994140625,3443.659912109375,3404.22998046875,3406.1201171875,312600,1.1390279880509002
20210323,3411.510009765625,3411.510009765625,3445.419921875,3390.050048828125,3445.340087890625,326400,-0.927268434587114
20210324,3367.06005859375,3367.06005859375,3415.2900390625,3362.179931640625,3394.1298828125,317400,-1.3029406639474828
20210325,3363.590087890625,3363.590087890625,3382.22998046875,3344.969970703125,3355.070068359375,270700,-0.10305639468083383
20210326,3418.326904296875,3418.326904296875,3423.222900390625,3373.31689453125,3373.31689453125,274600,1.6273331463102503
20210329,3435.300048828125,3435.300048828125,3449.833984375,3409.886962890625,3429.632080078125,284800,0.49653368464890324
20210330,3456.679931640625,3456.679931640625,3457.6298828125,3423.320068359375,3432.530029296875,285400,0.6223585278902544
20210331,3441.909912109375,3441.909912109375,3452.2099609375,3420.830078125,3452.2099609375,283000,-0.4272891856735961
20210401,3466.330078125,3466.330078125,3470.030029296875,3438.830078125,3444.81005859375,275200,0.7094946305744365
20210402,3484.39208984375,3484.39208984375,3487.5859375,3462.83203125,3472.6279296875,262700,0.5210701609963175
20210406,3482.969970703125,3482.969970703125,3493.280029296875,3471.760009765625,3491.6298828125,234700,-0.04081398143366277
20210407,3479.6298828125,3479.6298828125,3483.419921875,3453.18994140625,3483.419921875,295800,-0.0958976941724976
20210408,3482.550048828125,3482.550048828125,3495.909912109375,3459.320068359375,3467.489990234375,331800,0.08392174208093905
20210409,3450.679931640625,3450.679931640625,3475.449951171875,3442.139892578125,3475.43994140625,280100,-0.9151373775151961
20210412,3412.949951171875,3412.949951171875,3456.159912109375,3403.89990234375,3445.969970703125,309600,-1.0934071318173921
20210413,3396.469970703125,3396.469970703125,3425.389892578125,3387.89990234375,3411.2900390625,270600,-0.48286616283639283
20210414,3416.719970703125,3416.719970703125,3420.030029296875,3392.97998046875,3397.02001953125,233200,0.5962072438346233
20210415,3398.989990234375,3398.989990234375,3409.610107421875,3373.090087890625,3409.610107421875,234000,-0.5189181618855732
20210416,3426.6201171875,3426.6201171875,3432.6298828125,3394.1298828125,3407.18994140625,258600,0.8128922718957377
20210419,3477.550048828125,3477.550048828125,3479.010009765625,3414.360107421875,3427.550048828125,302700,1.4863022424098649
20210420,3472.93994140625,3472.93994140625,3494.300048828125,3463.4599609375,3467.14990234375,285300,-0.13256768003752084
20210421,3472.929931640625,3472.929931640625,3481.25,3450.110107421875,3456.300048828125,253800,-0.00028822167368325324
20210422,3465.110107421875,3465.110107421875,3485.360107421875,3456.320068359375,3482.830078125,251100,-0.2251650442903097
20210423,3474.169921875,3474.169921875,3482.360107421875,3456.330078125,3462.090087890625,249400,0.2614581982177011
20210426,3441.169921875,3441.169921875,3497.1201171875,3438.570068359375,3484.110107421875,277000,-0.9498671838765405
20210427,3442.610107421875,3442.610107421875,3443.85009765625,3417.260009765625,3440.090087890625,253000,0.041851625452138386
20210428,3457.070068359375,3457.070068359375,3457.070068359375,3423.330078125,3432.159912109375,247400,0.4200290037586818
20210429,3474.89990234375,3474.89990234375,3478.22998046875,3447.590087890625,3458.080078125,276600,0.515749858458503
20210430,3446.860107421875,3446.860107421875,3469.090087890625,3426.89990234375,3468.300048828125,312700,-0.8069238167972226
20210506,3441.280029296875,3441.280029296875,3471.239990234375,3426.85009765625,3446.070068359375,310400,-0.1618887320951834
20210507,3418.8701171875,3418.8701171875,3457.889892578125,3416.780029296875,3446.409912109375,353800,-0.651208617682697
20210510,3427.989990234375,3427.989990234375,3429.739990234375,3401.929931640625,3423.590087890625,374200,0.2667510825002495
20210511,3441.85009765625,3441.85009765625,3448.10009765625,3384.699951171875,3406.60009765625,350900,0.4043217005113675
20210512,3462.75,3462.75,3466.3701171875,3428.389892578125,3429.75,311400,0.6072287214943461
20210513,3429.5400390625,3429.5400390625,3448.02001953125,3418.3798828125,3432.139892578125,319300,-0.9590631994079835
20210514,3490.3798828125,3490.3798828125,3490.639892578125,3422.56005859375,3436.090087890625,337000,1.773994269115775
20210517,3517.6201171875,3517.6201171875,3530.510009765625,3490.139892578125,3490.409912109375,322100,0.7804375251283524
20210518,3529.010009765625,3529.010009765625,3529.010009765625,3510.860107421875,3520.64990234375,271300,0.32379541276992274
20210519,3510.9599609375,3510.9599609375,3521.110107421875,3503.820068359375,3521.110107421875,278300,-0.5114762717639221
20210520,3506.93994140625,3506.93994140625,3517.739990234375,3486.070068359375,3500.8798828125,326000,-0.11449915624148765
20210521,3486.56005859375,3486.56005859375,3518.3798828125,3479.669921875,3510.840087890625,283800,-0.5811300778743256
20210524,3497.280029296875,3497.280029296875,3498.300048828125,3469.8701171875,3486.27001953125,289500,0.3074655397575121
20210525,3581.340087890625,3581.340087890625,3584.580078125,3502.43994140625,3502.5400390625,341200,2.403583867736492
20210526,3593.360107421875,3593.360107421875,3603.489990234375,3585.3701171875,3586.840087890625,342000,0.3356291007350132
20210527,3608.85009765625,3608.85009765625,3626.360107421875,3579.260009765625,3585.72998046875,309600,0.4310725830784845
20210528,3600.780029296875,3600.780029296875,3622.179931640625,3582.360107421875,3610.77001953125,349200,-0.22361882984877068
20210531,3615.47998046875,3615.47998046875,3615.659912109375,3580.64990234375,3600.070068359375,331500,0.4082435209113777
20210601,3624.7099609375,3624.7099609375,3626.070068359375,3581.909912109375,3608.60009765625,352800,0.25529059816709054
20210602,3597.139892578125,3597.139892578125,3629.2900390625,3584.60009765625,3626.330078125,348600,-0.7606144672674509
20210603,3584.2099609375,3584.2099609375,3618.510009765625,3584.2099609375,3595.419921875,354200,-0.35945034184805547
20210604,3591.840087890625,3591.840087890625,3618.800048828125,3561.889892578125,3565.469970703125,330900,0.21288169600224283
20210607,3599.5400390625,3599.5400390625,3600.3798828125,3581.89990234375,3597.139892578125,303700,0.21437344045003304
20210608,3580.110107421875,3580.110107421875,3621.52001953125,3563.25,3598.75,304500,-0.5397892905696255
20210609,3591.39990234375,3591.39990234375,3598.7099609375,3572.639892578125,3576.800048828125,298300,0.31534770113550437
20210610,3610.860107421875,3610.860107421875,3624.340087890625,3584.1298828125,3587.530029296875,318200,0.5418556999298607
20210611,3589.75,3589.75,3614.39990234375,3587.14990234375,3614.110107421875,360600,-0.5846282269004188
20210615,3556.56005859375,3556.56005859375,3592.949951171875,3547.18994140625,3587.469970703125,349200,-0.9245752881468117
20210616,3518.330078125,3518.330078125,3561.090087890625,3513.56005859375,3556.7099609375,312600,-1.0749145196177534
20210617,3525.60009765625,3525.60009765625,3534.199951171875,3507.35009765625,3508.320068359375,277200,0.2066326743033864
20210618,3525.10009765625,3525.10009765625,3535.6201171875,3503.179931640625,3520.5,296700,-0.014181982815697491
20210621,3529.179931640625,3529.179931640625,3540.300048828125,3504.010009765625,3515.5,280900,0.11573668467137477
20210622,3557.409912109375,3557.409912109375,3560.18994140625,3536.81005859375,3539.7900390625,307500,0.7999019890047476
20210623,3566.219970703125,3566.219970703125,3577.469970703125,3549.85009765625,3559.39990234375,310700,0.2476537371687293
20210624,3566.64990234375,3566.64990234375,3570.489990234375,3548.820068359375,3568.580078125,335400,0.012055668022648014
20210625,3607.56005859375,3607.56005859375,3614.300048828125,3564.52001953125,3567.3798828125,346100,1.147019117943615
20210628,3606.3701171875,3606.3701171875,3614.360107421875,3594.219970703125,3612.25,321300,-0.0329846596293093
20210629,3573.179931640625,3573.179931640625,3601.830078125,3570.530029296875,3601.679931640625,306100,-0.9203211114881094
20210630,3591.199951171875,3591.199951171875,3594.1201171875,3569.5,3572.6201171875,268200,0.5043132413143248
20210701,3588.780029296875,3588.780029296875,3607.699951171875,3573.93994140625,3600.550048828125,291900,-0.06738477132720577
20210702,3518.760009765625,3518.760009765625,3569.889892578125,3514.340087890625,3569.889892578125,291900,-1.951081397010801
20210705,3534.320068359375,3534.320068359375,3534.320068359375,3510.580078125,3516.919921875,288100,0.4422028939332634
20210706,3530.260009765625,3530.260009765625,3538.35009765625,3496.929931640625,3533.1298828125,314100,-0.11487523810017608
20210707,3553.719970703125,3553.719970703125,3557.8798828125,3504.469970703125,3508.590087890625,318800,0.6645391804740663
20210708,3525.5,3525.5,3558.679931640625,3521.06005859375,3557.219970703125,350900,-0.7940966349563428
20210709,3524.090087890625,3524.090087890625,3529.31005859375,3485.050048828125,3512.22998046875,349900,-0.03999183404835849
20210712,3547.840087890625,3547.840087890625,3565.030029296875,3527.389892578125,3545.199951171875,403600,0.6739328282670431
20210713,3566.52001953125,3566.52001953125,3567.47998046875,3542.820068359375,3547.590087890625,362400,0.5265156032365326
20210714,3528.5,3528.5,3560.830078125,3525.489990234375,3560.830078125,372200,-1.0660256867490392
20210715,3564.590087890625,3564.590087890625,3565.929931640625,3514.260009765625,3519.06005859375,363300,1.0228167178864878
20210716,3539.300048828125,3539.300048828125,3566.0,3537.72998046875,3559.530029296875,366000,-0.7094795878048843
20210719,3539.1201171875,3539.1201171875,3544.8798828125,3506.340087890625,3530.489990234375,336800,-0.005083819911921861
20210720,3536.7900390625,3536.7900390625,3538.639892578125,3509.18994140625,3515.070068359375,293800,-0.06583778023481202
20210721,3562.660888671875,3562.660888671875,3569.090087890625,3543.052978515625,3543.052978515625,339000,0.7314782422377819
20210722,3574.73388671875,3574.73388671875,3576.472900390625,3558.29296875,3563.660888671875,381100,0.3388758690242799
20210723,3550.39990234375,3550.39990234375,3571.85009765625,3541.510009765625,3571.719970703125,446400,-0.6807215626709495
20210726,3467.43994140625,3467.43994140625,3538.013916015625,3424.741943359375,3538.013916015625,442900,-2.336637089324367
20210727,3381.179931640625,3381.179931640625,3483.8740234375,3380.27587890625,3467.447021484375,469100,-2.48771460279833
20210728,3361.590087890625,3361.590087890625,3385.5400390625,3312.719970703125,3355.820068359375,395800,-0.579378919373108
20210729,3411.719970703125,3411.719970703125,3416.610107421875,3382.570068359375,3403.840087890625,344600,1.4912550757774312
20210730,3397.360107421875,3397.360107421875,3404.8798828125,3370.449951171875,3398.199951171875,381400,-0.4208980632806947
20210802,3464.2900390625,3464.2900390625,3464.2900390625,3367.639892578125,3385.68994140625,432900,1.9700570302927156
20210803,3447.989990234375,3447.989990234375,3470.659912109375,3435.4599609375,3446.780029296875,400700,-0.470516286001732
20210804,3477.219970703125,3477.219970703125,3477.60009765625,3440.780029296875,3442.93994140625,348700,0.8477397136168241
20210805,3466.550048828125,3466.550048828125,3486.159912109375,3449.389892578125,3461.719970703125,348400,-0.30685208197634983
20210806,3458.22998046875,3458.22998046875,3466.389892578125,3436.929931640625,3465.47998046875,336800,-0.24001004578565466
20210809,3494.6298828125,3494.6298828125,3502.840087890625,3438.699951171875,3441.75,349900,1.0525587525794355
20210810,3529.929931640625,3529.929931640625,3529.929931640625,3477.06005859375,3488.659912109375,345100,1.010122674270586
20210811,3532.6201171875,3532.6201171875,3544.090087890625,3524.0400390625,3527.110107421875,383800,0.0762107350279484
20210812,3524.739990234375,3524.739990234375,3538.39990234375,3513.449951171875,3522.719970703125,381100,-0.22306748791881548
20210813,3516.300048828125,3516.300048828125,3540.080078125,3500.800048828125,3514.469970703125,378200,-0.2394486240015925
20210816,3517.340087890625,3517.340087890625,3537.85009765625,3510.89990234375,3514.340087890625,391100,0.029577654012968857
20210817,3446.97607421875,3446.97607421875,3531.72509765625,3438.123046875,3512.10888671875,422900,-2.0004893446079253
20210818,3485.285888671875,3485.285888671875,3487.43603515625,3437.69091796875,3442.346923828125,389200,1.1114035499015795
20210819,3465.554931640625,3465.554931640625,3480.4599609375,3446.014892578125,3475.298095703125,382400,-0.566121622773641
20210820,3427.333984375,3427.333984375,3453.153076171875,3394.971923828125,3442.506103515625,391100,-1.1028810109649845
20210823,3477.1298828125,3477.1298828125,3481.25,3436.669921875,3436.800048828125,384700,1.4529047552563013
20210824,3514.470947265625,3514.470947265625,3522.697021484375,3481.14111328125,3482.26611328125,430200,1.0739047925043765
20210825,3540.3798828125,3540.3798828125,3540.389892578125,3510.070068359375,3517.919921875,450000,0.7372072763052184
20210826,3501.6640625,3501.6640625,3537.31591796875,3499.452880859375,3537.31396484375,502900,-1.0935498899554252
20210827,3522.156982421875,3522.156982421875,3530.193115234375,3493.375,3494.41796875,455300,0.5852337504713256
20210830,3528.15087890625,3528.15087890625,3539.493896484375,3512.992919921875,3535.072998046875,512800,0.1701768692959682
20210831,3543.93994140625,3543.93994140625,3543.93994140625,3496.389892578125,3519.02001953125,524200,0.4475166465923497
20210901,3567.10009765625,3567.10009765625,3582.320068359375,3514.669921875,3543.8701171875,667300,0.6535143550093547
20210902,3597.0400390625,3597.0400390625,3597.3701171875,3557.679931640625,3559.89990234375,572700,0.8393356111851658
20210903,3581.72998046875,3581.72998046875,3613.949951171875,3569.39990234375,3602.739990234375,614500,-0.4256293626839991
20210906,3621.860107421875,3621.860107421875,3626.2900390625,3580.139892578125,3580.139892578125,521700,1.1204118448893574
20210907,3676.590087890625,3676.590087890625,3681.929931640625,3615.139892578125,3621.7099609375,547700,1.5111014463700112
20210908,3675.18994140625,3675.18994140625,3695.320068359375,3661.0,3673.39990234375,586400,-0.03808274653697152
20210909,3693.1298828125,3693.1298828125,3693.449951171875,3662.159912109375,3666.820068359375,604800,0.4881364417150591
20210910,3703.110107421875,3703.110107421875,3722.873046875,3681.64208984375,3691.18603515625,635200,0.2702375742543506
20210913,3715.3701171875,3715.3701171875,3716.830078125,3692.820068359375,3699.25,557500,0.33107332512347654
20210914,3662.60009765625,3662.60009765625,3723.85009765625,3655.6298828125,3709.6298828125,565000,-1.4203166270604695
20210915,3656.219970703125,3656.219970703125,3677.530029296875,3638.320068359375,3651.159912109375,475000,-0.17419665764787373
20210916,3607.090087890625,3607.090087890625,3677.919921875,3606.72998046875,3664.840087890625,546700,-1.3437343268778212
20210917,3613.969970703125,3613.969970703125,3620.9599609375,3569.27001953125,3595.27001953125,516900,0.19073221474552593
20210922,3628.489990234375,3628.489990234375,3629.449951171875,3560.5,3563.2099609375,472300,0.40177476982259375
20210923,3642.219970703125,3642.219970703125,3670.949951171875,3632.280029296875,3651.27001953125,535000,0.3783937810412086
20210924,3613.070068359375,3613.070068359375,3651.429931640625,3607.7900390625,3637.8701171875,507300,-0.8003333839862181
20210927,3582.830078125,3582.830078125,3640.81005859375,3559.919921875,3625.9599609375,510800,-0.8369610791441495
20210928,3602.219970703125,3602.219970703125,3610.919921875,3568.820068359375,3577.889892578125,444200,0.5411892876670432
20210929,3536.2900390625,3536.2900390625,3573.52001953125,3518.050048828125,3573.52001953125,452500,-1.830258345598923
20210930,3568.169921875,3568.169921875,3572.429931640625,3541.929931640625,3541.929931640625,395600,0.9015064505554893
20211008,3592.169921875,3592.169921875,3612.550048828125,3571.72998046875,3609.090087890625,407200,0.6726137074601013
20211011,3591.7099609375,3591.7099609375,3614.699951171875,3586.75,3600.360107421875,394400,-0.012804542866939883
20211012,3546.93994140625,3546.93994140625,3583.639892578125,3515.139892578125,3581.300048828125,405400,-1.246482038309249
20211013,3561.760009765625,3561.760009765625,3569.1298828125,3515.64990234375,3543.489990234375,325100,0.4178268762424997
20211014,3558.280029296875,3558.280029296875,3569.68994140625,3547.179931640625,3555.110107421875,295000,-0.09770395701026446
20211015,3572.3701171875,3572.3701171875,3578.77001953125,3542.68994140625,3551.989990234375,320300,0.39598029875713703
20211018,3568.139892578125,3568.139892578125,3571.050048828125,3539.47998046875,3571.050048828125,341000,-0.11841507096429504
20211019,3593.14990234375,3593.14990234375,3596.7900390625,3560.6201171875,3562.300048828125,334200,0.7009257069109598
20211020,3587.0,3587.0,3596.050048828125,3574.300048828125,3583.239990234375,344200,-0.1711562977024239
20211021,3594.780029296875,3594.780029296875,3610.9599609375,3576.35009765625,3590.050048828125,352300,0.21689515742611132
20211022,3582.60009765625,3582.60009765625,3607.580078125,3578.760009765625,3594.75,353200,-0.3388227246552078
20211025,3609.860107421875,3609.860107421875,3611.090087890625,3564.2099609375,3574.260009765625,321200,0.7609001569407248
20211026,3597.639892578125,3597.639892578125,3625.02001953125,3589.7099609375,3612.830078125,337300,-0.3385232247262171
20211027,3562.31005859375,3562.31005859375,3589.860107421875,3553.1298828125,3589.860107421875,350600,-0.9820280806108417
20211028,3518.419921875,3518.419921875,3552.0400390625,3509.489990234375,3548.699951171875,378200,-1.2320695278298155
20211029,3547.340087890625,3547.340087890625,3547.340087890625,3502.800048828125,3519.330078125,358800,0.8219645937035613
20211101,3544.47998046875,3544.47998046875,3556.590087890625,3519.2900390625,3530.39990234375,382300,-0.08062681758759238
20211102,3505.6298828125,3505.6298828125,3559.050048828125,3477.659912109375,3543.3798828125,417600,-1.0960732708416132
20211103,3498.5400390625,3498.5400390625,3512.610107421875,3480.489990234375,3501.110107421875,306600,-0.20224165091586865
20211104,3526.8701171875,3526.8701171875,3527.949951171875,3503.010009765625,3505.889892578125,319400,0.8097685837144653
20211105,3491.570068359375,3491.570068359375,3525.8701171875,3491.4599609375,3520.2099609375,354500,-1.0008888236654134
20211108,3498.6298828125,3498.6298828125,3507.27001953125,3484.239990234375,3491.969970703125,298200,0.20219598389563664
20211109,3507.0,3507.0,3514.949951171875,3489.0400390625,3507.110107421875,287300,0.23923985868352649
20211110,3492.4599609375,3492.4599609375,3498.93994140625,3448.43994140625,3498.93994140625,307000,-0.41460048652695036
20211111,3532.7900390625,3532.7900390625,3534.199951171875,3482.830078125,3486.449951171875,322100,1.154775676058839
20211112,3539.10009765625,3539.10009765625,3543.64990234375,3527.389892578125,3534.14990234375,308700,0.17861402811882865
20211115,3533.300048828125,3533.300048828125,3550.43994140625,3521.2900390625,3542.89990234375,313000,-0.1638848483535682
20211116,3521.7900390625,3521.7900390625,3549.77001953125,3517.81005859375,3530.4599609375,310400,-0.32575806205427105
20211117,3537.3701171875,3537.3701171875,3537.510009765625,3513.52001953125,3518.56005859375,276700,0.4423908850951008
20211118,3520.7099609375,3520.7099609375,3537.97998046875,3513.110107421875,3531.489990234375,312400,-0.47097577290685644
20211119,3560.3701171875,3560.3701171875,3561.909912109375,3517.64990234375,3519.280029296875,318000,1.1264817803804394
20211122,3582.080078125,3582.080078125,3585.18798828125,3562.7509765625,3562.762939453125,330000,0.6097669686838447
20211123,3589.089111328125,3589.089111328125,3598.375,3577.361083984375,3580.506103515625,360000,0.1956693611046667
20211124,3592.702880859375,3592.702880859375,3602.735107421875,3575.2880859375,3590.01904296875,336800,0.10068765135544666
20211125,3584.179931640625,3584.179931640625,3597.14990234375,3579.530029296875,3593.389892578125,306500,-0.23722944817277103
20211126,3564.090087890625,3564.090087890625,3576.110107421875,3554.8798828125,3576.110107421875,301000,-0.5605143752033692
20211129,3562.699951171875,3562.699951171875,3563.679931640625,3526.360107421875,3528.669921875,333600,-0.03900397252788457
20211130,3563.889892578125,3563.889892578125,3582.1201171875,3546.360107421875,3570.75,349200,0.033399989405746844
20211201,3576.889892578125,3576.889892578125,3576.889892578125,3558.68994140625,3561.889892578125,329900,0.36476996741883205
20211202,3573.840087890625,3573.840087890625,3586.8701171875,3567.139892578125,3573.25,354000,-0.08526414787964898
20211203,3607.429931640625,3607.429931640625,3608.469970703125,3573.2099609375,3576.449951171875,377600,0.9398809942228192
20211206,3589.31005859375,3589.31005859375,3626.1298828125,3586.81005859375,3615.239990234375,418700,-0.5022931391666541
20211207,3595.090087890625,3595.090087890625,3614.219970703125,3572.570068359375,3611.219970703125,403800,0.16103454988616317
20211208,3637.570068359375,3637.570068359375,3637.719970703125,3591.989990234375,3602.820068359375,361000,1.1816110147513603
20211209,3673.0400390625,3673.0400390625,3688.39990234375,3638.699951171875,3641.159912109375,431900,0.9751006863524925
20211210,3666.35009765625,3666.35009765625,3667.85009765625,3651.35009765625,3654.3701171875,420000,-0.18213635939448025
20211213,3681.080078125,3681.080078125,3708.93994140625,3678.06005859375,3686.93994140625,424100,0.4017614269342662
20211214,3661.530029296875,3661.530029296875,3671.679931640625,3654.659912109375,3669.81005859375,362200,-0.5310954506070664
20211215,3647.6298828125,3647.6298828125,3668.39990234375,3645.239990234375,3655.050048828125,377500,-0.3796267236143458
20211216,3675.02001953125,3675.02001953125,3675.02001953125,3644.659912109375,3648.929931640625,381300,0.7509023009108384
20211217,3632.360107421875,3632.360107421875,3673.64990234375,3631.659912109375,3670.260009765625,408500,-1.1608076114593913
20211220,3593.60009765625,3593.60009765625,3643.949951171875,3589.360107421875,3620.0400390625,423900,-1.0670750867026624
20211221,3625.1298828125,3625.1298828125,3627.090087890625,3591.449951171875,3591.449951171875,408200,0.8773871410125311
20211222,3622.6201171875,3622.6201171875,3635.89990234375,3616.550048828125,3632.679931640625,394800,-0.06923243321292905
20211223,3643.340087890625,3643.340087890625,3643.550048828125,3618.050048828125,3625.469970703125,382900,0.5719609021332062
20211224,3618.053955078125,3618.053955078125,3648.9560546875,3612.06689453125,3645.39501953125,390300,-0.6940371253439492
20211227,3615.969970703125,3615.969970703125,3632.18994140625,3601.93994140625,3613.050048828125,329200,-0.05759959361786304
20211228,3630.112060546875,3630.112060546875,3631.076904296875,3607.364013671875,3619.64208984375,316200,0.39110086528180155
20211229,3597.0,3597.0,3630.919921875,3596.320068359375,3630.919921875,305100,-0.9121498178182086
20211230,3619.18994140625,3619.18994140625,3628.919921875,3595.5,3596.489990234375,307800,0.6169013457395067
20211231,3639.780029296875,3639.780029296875,3642.840087890625,3624.93994140625,3626.239990234375,329700,0.5689142660090463
20220104,3632.330078125,3632.330078125,3651.889892578125,3610.090087890625,3649.14990234375,405000,-0.20468135744220461
20220105,3595.179931640625,3595.179931640625,3628.260009765625,3583.469970703125,3628.260009765625,423900,-1.022763506766755
20220106,3586.080078125,3586.080078125,3594.489990234375,3559.8798828125,3581.219970703125,371500,-0.2531126032257358
20220107,3579.5400390625,3579.5400390625,3607.22998046875,3577.10009765625,3588.989990234375,436300,-0.18237292308094233
20220110,3593.52001953125,3593.52001953125,3593.52001953125,3555.1298828125,3572.739990234375,356200,0.39055242618297736
20220111,3567.43994140625,3567.43994140625,3602.14990234375,3562.75,3589.89990234375,359800,-0.7257529659846385
20220112,3597.429931640625,3597.429931640625,3599.5,3572.10009765625,3578.159912109375,343100,0.8406585878654838
20220113,3555.260009765625,3555.260009765625,3601.070068359375,3555.159912109375,3601.030029296875,369400,-1.172223578396936
20220114,3521.260009765625,3521.260009765625,3548.419921875,3519.320068359375,3544.070068359375,376900,-0.9563294922624088
20220117,3541.669921875,3541.669921875,3546.090087890625,3519.429931640625,3522.090087890625,312900,0.5796195694941941
20220118,3569.909912109375,3569.909912109375,3579.31005859375,3531.330078125,3541.889892578125,377100,0.7973636972760101
20220119,3558.179931640625,3558.179931640625,3578.72998046875,3541.659912109375,3567.6298828125,333200,-0.3285791730755161
20220120,3555.06005859375,3555.06005859375,3576.260009765625,3540.550048828125,3556.22998046875,379500,-0.08768171106615652
20220121,3522.570068359375,3522.570068359375,3547.0,3514.889892578125,3546.75,326500,-0.9139083362554201
20220124,3524.110107421875,3524.110107421875,3531.610107421875,3500.139892578125,3508.239990234375,280300,0.04371918890508919
20220125,3433.06005859375,3433.06005859375,3519.830078125,3433.06005859375,3509.280029296875,327400,-2.5836323512245296
20220126,3455.669921875,3455.669921875,3462.1201171875,3417.760009765625,3442.68994140625,275100,0.6585921275875206
20220127,3394.25,3394.25,3456.360107421875,3392.02001953125,3456.10009765625,280600,-1.7773665675127392
20220128,3361.43994140625,3361.43994140625,3417.050048828125,3356.56005859375,3407.590087890625,290900,-0.9666364762097701
20220207,3429.580078125,3429.580078125,3434.030029296875,3407.760009765625,3407.760009765625,320500,2.027111532751169
20220208,3452.6298828125,3452.6298828125,3453.18994140625,3390.4599609375,3428.5400390625,366100,0.6720882487777136
20220209,3479.949951171875,3479.949951171875,3484.739990234375,3444.080078125,3450.820068359375,350200,0.7912828564502927
20220210,3485.909912109375,3485.909912109375,3488.860107421875,3464.219970703125,3481.909912109375,355700,0.17126570844769873
20220211,3462.949951171875,3462.949951171875,3500.14990234375,3459.330078125,3472.280029296875,361400,-0.658650438949715
20220214,3428.8798828125,3428.8798828125,3457.260009765625,3415.449951171875,3451.85009765625,315300,-0.9838452429220212
20220215,3446.090087890625,3446.090087890625,3447.489990234375,3421.639892578125,3428.0400390625,275600,0.5019191592097627
20220216,3465.830078125,3465.830078125,3475.06005859375,3453.800048828125,3457.070068359375,275000,0.5728228145787773
20220217,3468.0400390625,3468.0400390625,3480.969970703125,3454.280029296875,3464.2099609375,297300,0.06376426101926125
20220218,3490.760009765625,3490.760009765625,3490.760009765625,3447.030029296875,3451.6298828125,295100,0.6551242329159157
20220221,3490.610107421875,3490.610107421875,3492.199951171875,3471.68994140625,3488.409912109375,301500,-0.004294260944048833
20220222,3457.14990234375,3457.14990234375,3473.389892578125,3437.669921875,3473.2900390625,326300,-0.9585775565990717
20220223,3489.14990234375,3489.14990234375,3490.760009765625,3458.179931640625,3458.510009765625,325600,0.9256179484235183
20220224,3429.9599609375,3429.9599609375,3486.97998046875,3400.2099609375,3474.3701171875,488400,-1.696400070587123
20220225,3451.409912109375,3451.409912109375,3480.179931640625,3440.929931640625,3445.340087890625,377500,0.6253703079966089
20220228,3462.31005859375,3462.31005859375,3462.31005859375,3425.52001953125,3450.320068359375,345800,0.31581720983449024
20220301,3488.830078125,3488.830078125,3491.1298828125,3465.719970703125,3471.360107421875,326000,0.7659631599262751
20220302,3484.18994140625,3484.18994140625,3486.6201171875,3467.0,3478.2900390625,329400,-0.13299979118627236
20220303,3481.110107421875,3481.110107421875,3500.2900390625,3473.340087890625,3495.929931640625,412600,-0.0883945489817961
20220304,3447.64990234375,3447.64990234375,3474.8798828125,3437.699951171875,3459.97998046875,393500,-0.9611935286616302
20220307,3372.860107421875,3372.860107421875,3438.56005859375,3360.739990234375,3438.56005859375,393600,-2.1692978417278463
20220308,3293.530029296875,3293.530029296875,3383.6298828125,3287.340087890625,3372.550048828125,415900,-2.3520121083716594
20220309,3256.389892578125,3256.389892578125,3321.47998046875,3147.679931640625,3303.7099609375,466300,-1.1276695942766035
20220310,3296.090087890625,3296.090087890625,3326.580078125,3291.239990234375,3312.179931640625,378300,1.219147479943472
20220311,3309.75,3309.75,3315.659912109375,3217.419921875,3259.320068359375,384100,0.41442775364544104
20220314,3223.530029296875,3223.530029296875,3297.800048828125,3223.530029296875,3271.889892578125,338000,-2.6050297062655825
20220315,3063.969970703125,3063.969970703125,3196.919921875,3063.969970703125,3192.360107421875,465000,-4.949854884043181
20220316,3170.7099609375,3170.7099609375,3177.7900390625,3023.300048828125,3107.669921875,444700,3.4837152862134735
20220317,3215.0400390625,3215.0400390625,3260.169921875,3202.929931640625,3215.010009765625,420800,1.398112052856848
20220318,3251.070068359375,3251.070068359375,3260.780029296875,3197.360107421875,3207.14990234375,373000,1.1206712469864488
20220321,3253.68994140625,3253.68994140625,3267.5,3223.389892578125,3255.6201171875,354200,0.08058494562674934
20220322,3259.860107421875,3259.860107421875,3279.110107421875,3239.530029296875,3249.5400390625,361200,0.18963595569152503
20220323,3271.030029296875,3271.030029296875,3279.889892578125,3251.97998046875,3264.7900390625,349900,0.34265034409204365
20220324,3250.260009765625,3250.260009765625,3266.889892578125,3236.659912109375,3256.06005859375,329000,-0.634968781858436
20220325,3212.239990234375,3212.239990234375,3257.110107421875,3211.639892578125,3247.159912109375,340000,-1.169753171039123
20220328,3214.5,3214.5,3230.219970703125,3159.830078125,3185.169921875,345000,0.07035619295245876
20220329,3203.93994140625,3203.93994140625,3229.179931640625,3196.4599609375,3216.010009765625,316300,-0.3285132553663139
20220330,3266.60009765625,3266.60009765625,3266.60009765625,3216.300048828125,3217.590087890625,366800,1.955721935989141
20220331,3252.199951171875,3252.199951171875,3272.0400390625,3246.06005859375,3256.139892578125,398400,-0.4408297940940775
20220401,3282.719970703125,3282.719970703125,3287.22998046875,3226.300048828125,3234.669921875,378200,0.9384422848986551
20220406,3283.429931640625,3283.429931640625,3288.110107421875,3255.68994140625,3269.429931640625,429600,0.021627215962261026
20220407,3236.699951171875,3236.699951171875,3290.260009765625,3236.47998046875,3267.81005859375,402600,-1.4232062642311472
20220408,3251.85009765625,3251.85009765625,3257.090087890625,3208.35009765625,3239.8798828125,413800,0.468073862666496
20220411,3167.1298828125,3167.1298828125,3239.860107421875,3156.510009765625,3239.860107421875,424200,-2.6052927502658085
20220412,3213.330078125,3213.330078125,3214.5400390625,3140.89990234375,3165.1201171875,418300,1.45874015345
20220413,3186.820068359375,3186.820068359375,3225.469970703125,3183.530029296875,3199.800048828125,391200,-0.8250011396617518
20220414,3225.639892578125,3225.639892578125,3240.0,3200.22998046875,3203.6298828125,371200,1.2181366812697103
20220415,3211.2451171875,3211.2451171875,3229.865966796875,3200.133056640625,3210.699951171875,407800,-0.4462610790418986
20220418,3195.52001953125,3195.52001953125,3204.030029296875,3166.97998046875,3185.93994140625,347400,-0.4896884878729635
20220419,3194.030029296875,3194.030029296875,3207.830078125,3174.7099609375,3192.090087890625,339900,-0.04662747300182568
20220420,3151.050048828125,3151.050048828125,3191.830078125,3142.050048828125,3189.889892578125,362000,-1.3456348273034657
20220421,3079.81005859375,3079.81005859375,3160.89990234375,3069.679931640625,3138.429931640625,391900,-2.260833345407165
20220422,3086.919921875,3086.919921875,3105.659912109375,3049.360107421875,3058.39990234375,342000,0.23085395352258065
20220425,2928.510009765625,2928.510009765625,3043.820068359375,2928.510009765625,3034.27001953125,433600,-5.131649544480455
20220426,2886.429931640625,2886.429931640625,2957.679931640625,2878.260009765625,2930.449951171875,401600,-1.4369108517531703
20220427,2958.280029296875,2958.280029296875,2959.179931640625,2863.64990234375,2866.820068359375,423100,2.4892375480395135
20220428,2975.47998046875,2975.47998046875,2991.510009765625,2936.7900390625,2945.81005859375,100,0.5814172763071168
20220429,3047.06005859375,3047.06005859375,3048.489990234375,2968.330078125,2986.06005859375,423900,2.4056649211171344
20220505,3067.760009765625,3067.760009765625,3082.22998046875,3042.1201171875,3044.85009765625,383100,0.6793417515186251
20220506,3001.56005859375,3001.56005859375,3030.68994140625,2992.719970703125,3011.320068359375,343300,-2.1579247060115603
20220509,3004.139892578125,3004.139892578125,3015.93994140625,2983.610107421875,2990.199951171875,292100,0.08594977058642428
20220510,3035.840087890625,3035.840087890625,3043.780029296875,2957.39990234375,2965.780029296875,370700,1.0552170153865559
20220511,3058.699951171875,3058.699951171875,3100.89990234375,3034.669921875,3035.389892578125,424000,0.7529995855985128
20220512,3054.989990234375,3054.989990234375,3072.159912109375,3032.949951171875,3044.800048828125,344400,-0.12129208476557851
20220513,3084.280029296875,3084.280029296875,3086.10009765625,3059.25,3068.030029296875,331700,0.9587605575183122
20220516,3073.75,3073.75,3102.580078125,3063.39990234375,3100.550048828125,338100,-0.34140963845217254
20220517,3093.699951171875,3093.699951171875,3093.699951171875,3057.639892578125,3076.5,330400,0.6490427384099329
20220518,3085.97998046875,3085.97998046875,3105.840087890625,3071.31005859375,3095.889892578125,315000,-0.24953844344861587
20220519,3096.9599609375,3096.9599609375,3096.9599609375,3042.669921875,3046.7099609375,336600,0.3558020641171611
20220520,3146.570068359375,3146.570068359375,3146.570068359375,3107.090087890625,3107.090087890625,372300,1.601896958553417
20220523,3146.860107421875,3146.860107421875,3150.510009765625,3127.89990234375,3150.489990234375,353400,0.009217626056279293
20220524,3070.929931640625,3070.929931640625,3153.1298828125,3070.929931640625,3149.06005859375,416300,-2.412886915505663
20220525,3107.4599609375,3107.4599609375,3107.6298828125,3069.949951171875,3070.169921875,342300,1.1895429107807498
20220526,3123.110107421875,3123.110107421875,3133.280029296875,3079.47998046875,3111.47998046875,370300,0.5036314765469507
20220527,3130.239990234375,3130.239990234375,3151.050048828125,3112.5400390625,3135.030029296875,359500,0.22829431455382299
20220530,3149.06005859375,3149.06005859375,3150.889892578125,3123.14990234375,3141.9599609375,349400,0.6012340401403415
20220531,3186.429931640625,3186.429931640625,3188.60009765625,3142.0,3149.93994140625,374500,1.1866992801516485
20220601,3182.159912109375,3182.159912109375,3190.610107421875,3160.0400390625,3179.68994140625,365700,-0.13400638403655574
20220602,3195.4599609375,3195.4599609375,3197.280029296875,3163.760009765625,3170.31005859375,361800,0.41795664565797974
20220606,3236.3701171875,3236.3701171875,3237.070068359375,3181.64990234375,3196.9599609375,422000,1.2802587655643016
20220607,3241.760009765625,3241.760009765625,3253.090087890625,3222.639892578125,3235.419921875,402200,0.16654129110575955
20220608,3263.7900390625,3263.7900390625,3266.6298828125,3216.010009765625,3245.02001953125,434200,0.6795700246320147
20220609,3238.949951171875,3238.949951171875,3270.56005859375,3223.47998046875,3259.489990234375,422700,-0.7610810619962605
20220610,3284.830078125,3284.830078125,3286.6201171875,3210.81005859375,3214.179931640625,439900,1.4165123773068888
20220613,3255.550048828125,3255.550048828125,3272.989990234375,3229.31005859375,3256.280029296875,438600,-0.8913712003510432
20220614,3288.909912109375,3288.909912109375,3289.1298828125,3195.820068359375,3224.2099609375,450400,1.0247074313374016
20220615,3305.409912109375,3305.409912109375,3358.550048828125,3288.85009765625,3289.10009765625,550600,0.5016859823143482
20220616,3285.3798828125,3285.3798828125,3319.68994140625,3277.530029296875,3306.840087890625,433200,-0.605977165600402
20220617,3316.7900390625,3316.7900390625,3323.280029296875,3262.889892578125,3265.510009765625,395300,0.9560585798410237
20220620,3315.429931640625,3315.429931640625,3333.89990234375,3292.929931640625,3315.780029296875,413500,-0.04100673861947568
20220621,3306.719970703125,3306.719970703125,3329.389892578125,3279.830078125,3313.7900390625,394500,-0.2627098481067902
20220622,3267.199951171875,3267.199951171875,3311.02001953125,3266.5400390625,3309.1201171875,375500,-1.1951426150804911
20220623,3320.14990234375,3320.14990234375,3320.14990234375,3262.2900390625,3269.050048828125,400600,1.6206523005389606
20220624,3349.75,3349.75,3356.7099609375,3322.949951171875,3324.739990234375,390800,0.8915289528149017
20220627,3379.18994140625,3379.18994140625,3393.31005859375,3364.0,3364.0,414100,0.878869808381233
20220628,3409.2099609375,3409.2099609375,3412.10009765625,3358.8701171875,3377.679931640625,412100,0.8883791693211851
20220629,3361.52001953125,3361.52001953125,3414.64990234375,3358.469970703125,3399.679931640625,440600,-1.3988560972388986
20220630,3398.6201171875,3398.6201171875,3417.010009765625,3358.929931640625,3358.929931640625,381200,1.1036702872715187
20220701,3387.639892578125,3387.639892578125,3404.050048828125,3378.360107421875,3400.260009765625,350500,-0.32307890351869206
20220704,3405.429931640625,3405.429931640625,3405.6201171875,3364.090087890625,3381.820068359375,357700,0.5251455180190767
20220705,3404.030029296875,3404.030029296875,3424.840087890625,3372.06005859375,3411.1298828125,411700,-0.041107947362040154
20220706,3355.35009765625,3355.35009765625,3391.030029296875,3333.10009765625,3391.030029296875,384600,-1.4300676322376638
20220707,3364.39990234375,3364.39990234375,3375.860107421875,3332.31005859375,3353.1298828125,334400,0.26971268046875885
20220708,3356.080078125,3356.080078125,3386.31005859375,3354.1201171875,3380.3701171875,322900,-0.24728999109036032
20220711,3313.580078125,3313.580078125,3341.10009765625,3297.010009765625,3341.10009765625,342700,-1.2663583410007395
20220712,3281.469970703125,3281.469970703125,3319.25,3277.080078125,3307.219970703125,334600,-0.9690457651485129
20220713,3284.2900390625,3284.2900390625,3297.02001953125,3266.47998046875,3279.60009765625,331800,0.08593917922614658
20220714,3281.739990234375,3281.739990234375,3299.25,3261.489990234375,3277.449951171875,355900,-0.07764383771821093
20220715,3228.06005859375,3228.06005859375,3288.919921875,3228.06005859375,3261.3798828125,380200,-1.6357155594398987
20220718,3278.10009765625,3278.10009765625,3278.469970703125,3226.22998046875,3235.090087890625,348300,1.5501582422323024
20220719,3279.429931640625,3279.429931640625,3283.929931640625,3256.02001953125,3278.719970703125,315700,0.04056721713061595
20220720,3304.719970703125,3304.719970703125,3308.35009765625,3287.739990234375,3291.550048828125,301500,0.7711718069807416
20220721,3272.0,3272.0,3300.530029296875,3272.0,3297.659912109375,332400,-0.9900981321622648
20220722,3269.969970703125,3269.969970703125,3293.639892578125,3246.72998046875,3276.199951171875,300700,-0.062042460173439284
20220725,3250.389892578125,3250.389892578125,3273.179931640625,3243.030029296875,3269.7099609375,271200,-0.5987846463553215
20220726,3277.43994140625,3277.43994140625,3282.409912109375,3246.0400390625,3254.18994140625,259500,0.8322093570956035
20220727,3275.760009765625,3275.760009765625,3282.570068359375,3265.72998046875,3271.780029296875,249100,-0.051257434786255995
20220728,3282.580078125,3282.580078125,3305.7099609375,3277.110107421875,3287.5,288100,0.20819804683624987
20220729,3253.239990234375,3253.239990234375,3294.800048828125,3246.3701171875,3282.81005859375,307300,-0.8938117941477253
20220801,3259.9599609375,3259.9599609375,3264.300048828125,3225.550048828125,3246.6201171875,292200,0.2065624031211133
20220802,3186.27001953125,3186.27001953125,3231.260009765625,3155.18994140625,3231.260009765625,394200,-2.260455413233309
20220803,3163.669921875,3163.669921875,3217.550048828125,3159.4599609375,3188.889892578125,324900,-0.7092963721754719
20220804,3189.0400390625,3189.0400390625,3191.0,3155.699951171875,3179.429931640625,260900,0.801920485196006
20220805,3227.030029296875,3227.030029296875,3228.889892578125,3184.449951171875,3195.22998046875,274700,1.1912672706844818
20220808,3236.929931640625,3236.929931640625,3237.969970703125,3214.080078125,3218.85009765625,254300,0.30678060798545737
20220809,3247.429931640625,3247.429931640625,3248.77001953125,3227.5400390625,3235.739990234375,259600,0.3243814423464553
20220810,3230.02001953125,3230.02001953125,3253.169921875,3217.81005859375,3242.360107421875,257600,-0.5361135567466868
20220811,3281.669921875,3281.669921875,3281.669921875,3237.89990234375,3243.469970703125,300600,1.5990582730581737
20220812,3276.889892578125,3276.889892578125,3288.219970703125,3272.840087890625,3275.77001953125,299900,-0.14565844252074633
20220815,3276.090087890625,3276.090087890625,3286.889892578125,3261.820068359375,3268.3701171875,287100,-0.02440743246550081
20220816,3277.8798828125,3277.8798828125,3295.02001953125,3271.570068359375,3278.679931640625,303600,0.054632042277802384
20220817,3292.530029296875,3292.530029296875,3296.0,3263.35009765625,3282.10009765625,326100,0.4469396990778307
20220818,3277.5400390625,3277.5400390625,3289.139892578125,3270.56005859375,3286.3701171875,301700,-0.4552726961028264
20220819,3258.080078125,3258.080078125,3286.489990234375,3258.06005859375,3275.6201171875,333500,-0.5937367875165966
20220822,3277.7900390625,3277.7900390625,3278.169921875,3247.18994140625,3249.699951171875,314500,0.60495630754549
20220823,3276.219970703125,3276.219970703125,3284.60009765625,3262.6298828125,3274.429931640625,316600,-0.047900211443197005
20220824,3215.199951171875,3215.199951171875,3281.8798828125,3212.389892578125,3279.169921875,366100,-1.862512898306834
20220825,3246.25,3246.25,3248.35009765625,3199.1201171875,3223.4599609375,336200,0.9657268381335848
20220826,3236.219970703125,3236.219970703125,3266.27001953125,3232.280029296875,3250.6298828125,309900,-0.3089727931266828
20220829,3240.72998046875,3240.72998046875,3240.72998046875,3199.0,3203.10009765625,297000,0.13936042068998233
20220830,3227.219970703125,3227.219970703125,3243.75,3212.6298828125,3240.179931640625,294300,-0.41688168551675675
20220831,3202.139892578125,3202.139892578125,3232.02001953125,3184.389892578125,3216.530029296875,344400,-0.7771418853588674
20220901,3184.97998046875,3184.97998046875,3214.56005859375,3181.6298828125,3196.5400390625,274700,-0.5358888957084029
20220902,3186.47998046875,3186.47998046875,3198.280029296875,3173.7900390625,3189.639892578125,250500,0.04709605740691458
20220905,3199.912109375,3199.912109375,3199.912109375,3172.0390625,3183.946044921875,280700,0.42153501633719337
20220906,3243.449951171875,3243.449951171875,3244.639892578125,3203.820068359375,3207.929931640625,318900,1.3605949260081074
20220907,3246.2900390625,3246.2900390625,3253.77001953125,3227.820068359375,3232.139892578125,301000,0.08756379575391993
20220908,3235.590087890625,3235.590087890625,3253.699951171875,3233.800048828125,3245.56005859375,281700,-0.3296055202438142
20220909,3262.050048828125,3262.050048828125,3266.199951171875,3236.510009765625,3241.179931640625,283800,0.8177785262888371
20220913,3263.800048828125,3263.800048828125,3278.169921875,3259.659912109375,3272.050048828125,276200,0.05364724556047307
20220914,3237.5400390625,3237.5400390625,3250.800048828125,3221.9599609375,3224.679931640625,255200,-0.80458390136533
20220915,3199.919921875,3199.919921875,3254.179931640625,3174.389892578125,3248.969970703125,325200,-1.1619969709592781
20220916,3126.39990234375,3126.39990234375,3191.830078125,3126.39990234375,3189.830078125,316500,-2.297558105396924
20220919,3115.60009765625,3115.60009765625,3135.56005859375,3101.219970703125,3122.75,249100,-0.3454390041211175
20220920,3122.409912109375,3122.409912109375,3140.030029296875,3114.0400390625,3127.840087890625,219900,0.21857151879818293
20220921,3117.179931640625,3117.179931640625,3129.820068359375,3091.300048828125,3116.010009765625,233000,-0.16749820222088374
20220922,3108.909912109375,3108.909912109375,3125.679931640625,3092.820068359375,3098.77001953125,221100,-0.265304528856547
20220923,3088.3701171875,3088.3701171875,3124.659912109375,3072.239990234375,3106.81005859375,243100,-0.6606751402435718
20220926,3051.22998046875,3051.22998046875,3102.64990234375,3048.510009765625,3067.570068359375,262700,-1.20258049746228
20220927,3093.860107421875,3093.860107421875,3094.0400390625,3048.3701171875,3056.389892578125,232700,1.397145650311682
20220928,3045.070068359375,3045.070068359375,3089.10009765625,3044.860107421875,3089.10009765625,230100,-1.5769956419638187
20220929,3041.199951171875,3041.199951171875,3076.760009765625,3026.080078125,3067.469970703125,230000,-0.12709452001493649
20220930,3024.389892578125,3024.389892578125,3054.610107421875,3021.929931640625,3042.169921875,204100,-0.5527442740906441
20221010,2974.14990234375,2974.14990234375,3029.449951171875,2968.280029296875,3026.93994140625,243400,-1.6611611603935206
20221011,2979.7900390625,2979.7900390625,2986.909912109375,2953.5,2978.06005859375,208600,0.18963861620779898
20221012,3025.510009765625,3025.510009765625,3025.510009765625,2934.090087890625,2976.719970703125,248000,1.5343353089907419
20221013,3016.360107421875,3016.360107421875,3036.25,3004.5,3008.300048828125,249700,-0.3024251221849017
20221014,3071.989990234375,3071.989990234375,3084.27001953125,3035.030029296875,3035.030029296875,277300,1.8442719314454736
20221017,3084.93994140625,3084.93994140625,3087.18994140625,3052.7099609375,3060.52001953125,262600,0.4215492632802187
20221018,3080.9599609375,3080.9599609375,3099.919921875,3074.219970703125,3094.929931640625,245600,-0.1290132237367292
20221019,3044.3798828125,3044.3798828125,3081.389892578125,3044.3798828125,3073.260009765625,230900,-1.1872948233273783
20221020,3035.050048828125,3035.050048828125,3070.260009765625,3013.68994140625,3029.300048828125,244700,-0.30646089987153013
20221021,3038.929931640625,3038.929931640625,3055.419921875,3026.9599609375,3038.0400390625,245300,0.12783587585312173
20221024,2977.56005859375,2977.56005859375,3064.419921875,2965.169921875,3034.75,298100,-2.0194566649236023
20221025,2976.280029296875,2976.280029296875,3001.719970703125,2944.260009765625,2969.159912109375,255600,-0.042989201617638084
20221026,2999.5,2999.5,3028.35009765625,2977.56005859375,2977.56005859375,268700,0.7801675405056052
20221027,2982.89990234375,2982.89990234375,3017.260009765625,2981.68994140625,3005.0400390625,265600,-0.5534288266794474
20221028,2915.929931640625,2915.929931640625,2974.239990234375,2908.97998046875,2967.02001953125,292500,-2.2451296689675937
20221031,2893.47998046875,2893.47998046875,2926.02001953125,2885.090087890625,2893.199951171875,302000,-0.7699070861844626
20221101,2969.199951171875,2969.199951171875,2969.199951171875,2896.760009765625,2899.5,319800,2.6169170415638376
20221102,3003.3701171875,3003.3701171875,3019.050048828125,2954.949951171875,2960.64990234375,325100,1.150820644535533
20221103,2997.81005859375,2997.81005859375,3003.719970703125,2977.719970703125,2981.199951171875,259300,-0.18512731953784778
20221104,3070.800048828125,3070.800048828125,3081.590087890625,2997.0,2997.0,329800,2.4347770141452507
20221107,3077.820068359375,3077.820068359375,3088.18994140625,3054.4599609375,3062.860107421875,320600,0.22860555619468315
20221108,3064.489990234375,3064.489990234375,3078.280029296875,3047.4599609375,3077.31005859375,256500,-0.43310128041713636
20221109,3048.169921875,3048.169921875,3073.919921875,3046.18994140625,3064.4599609375,235600,-0.5325541415172608
20221110,3036.1298828125,3036.1298828125,3047.97998046875,3022.85009765625,3031.68994140625,270400,-0.3949923846467862
20221111,3087.2900390625,3087.2900390625,3117.739990234375,3070.300048828125,3099.64990234375,409600,1.685045048290501
20221114,3083.39990234375,3083.39990234375,3121.409912109375,3075.219970703125,3100.8701171875,361800,-0.12600489975121976
20221115,3134.080078125,3134.080078125,3135.590087890625,3074.5,3081.1298828125,331500,1.6436458904577123
20221116,3119.97998046875,3119.97998046875,3145.75,3115.35009765625,3133.64990234375,303400,-0.4498958962364963
20221117,3115.429931640625,3115.429931640625,3115.43994140625,3087.169921875,3110.9599609375,287000,-0.1458358340953647
20221118,3097.239990234375,3097.239990234375,3126.7099609375,3096.889892578125,3116.72998046875,300000,-0.5838661695296454
20221121,3085.0439453125,3085.0439453125,3085.242919921875,3056.169921875,3078.056884765625,256000,-0.39377138873091244
20221122,3088.943115234375,3088.943115234375,3118.1201171875,3076.321044921875,3084.23291015625,327600,0.12638944504499428
20221123,3096.906982421875,3096.906982421875,3108.243896484375,3075.323974609375,3084.739990234375,326200,0.25781851236506004
20221124,3089.31005859375,3089.31005859375,3113.239013671875,3084.85498046875,3104.095947265625,267500,-0.24530681325739545
20221125,3101.68994140625,3101.68994140625,3111.419921875,3077.969970703125,3085.4599609375,311400,0.40073293316940095
20221128,3078.550048828125,3078.550048828125,3080.179931640625,3034.699951171875,3055.2900390625,305800,-0.7460414488636435
20221129,3149.75,3149.75,3152.0,3096.110107421875,3096.110107421875,391400,2.31277549634048
20221130,3151.340087890625,3151.340087890625,3158.570068359375,3137.3701171875,3141.39990234375,372700,0.05048298724104061
20221201,3165.469970703125,3165.469970703125,3198.409912109375,3164.530029296875,3187.989990234375,387000,0.44837695768842334
20221202,3156.139892578125,3156.139892578125,3170.89990234375,3149.840087890625,3160.580078125,307800,-0.29474543152678834
20221205,3211.81005859375,3211.81005859375,3213.43994140625,3177.06005859375,3181.919921875,447400,1.7638687735780367
20221206,3212.530029296875,3212.530029296875,3224.820068359375,3195.080078125,3200.280029296875,373600,0.022416353706811165
20221207,3199.6201171875,3199.6201171875,3226.080078125,3188.669921875,3204.93994140625,354100,-0.401861211930854
20221208,3197.35009765625,3197.35009765625,3206.719970703125,3187.260009765625,3196.02001953125,321000,-0.07094653265417028
20221209,3206.949951171875,3206.949951171875,3212.110107421875,3182.909912109375,3197.1201171875,373300,0.30024405280679733
20221212,3179.0400390625,3179.0400390625,3196.719970703125,3176.580078125,3195.8701171875,333400,-0.8702945956227448
20221213,3176.330078125,3176.330078125,3187.199951171875,3171.47998046875,3179.43994140625,285800,-0.0852446305866339
20221214,3176.530029296875,3176.530029296875,3189.840087890625,3168.590087890625,3178.550048828125,265600,0.006295037573456064
20221215,3168.64990234375,3168.64990234375,3179.10009765625,3158.449951171875,3177.199951171875,243000,-0.24807342856661974
20221216,3167.85791015625,3167.85791015625,3175.35302734375,3151.60888671875,3156.135009765625,259800,-0.024994625847252205
20221219,3107.1201171875,3107.1201171875,3170.260009765625,3096.10009765625,3165.31005859375,278500,-1.9173143080067678
20221220,3073.77001953125,3073.77001953125,3100.75,3061.510009765625,3098.949951171875,218800,-1.073344331677717
20221221,3068.409912109375,3068.409912109375,3085.800048828125,3060.550048828125,3078.330078125,189100,-0.1743821882514318
20221222,3054.429931640625,3054.429931640625,3096.239990234375,3044.60009765625,3085.800048828125,223600,-0.4556099370419342
20221223,3045.865966796875,3045.865966796875,3061.866943359375,3031.535888671875,3038.842041015625,192000,-0.280378500584888
20221226,3065.56298828125,3065.56298828125,3071.8359375,3047.34912109375,3048.196044921875,206500,0.6466805072545156
20221227,3095.570068359375,3095.570068359375,3098.080078125,3074.31005859375,3077.75,222200,0.9788440228706285
20221228,3087.39990234375,3087.39990234375,3098.64990234375,3079.429931640625,3088.6201171875,224600,-0.26393090239288375
20221229,3073.699951171875,3073.699951171875,3086.0,3064.4599609375,3076.72998046875,215600,-0.44373750097856934
20221230,3089.260009765625,3089.260009765625,3096.31005859375,3082.199951171875,3084.52001953125,217500,0.506232190549949
20230103,3116.510009765625,3116.510009765625,3119.860107421875,3073.050048828125,3087.510009765625,281400,0.8820882643046701
20230104,3123.52001953125,3123.52001953125,3129.090087890625,3109.449951171875,3117.570068359375,273300,0.22493140543937695
20230105,3155.219970703125,3155.219970703125,3159.429931640625,3130.22998046875,3132.760009765625,257000,1.0148790778882866
20230106,3157.639892578125,3157.639892578125,3170.739990234375,3151.840087890625,3155.070068359375,257400,0.07669582144729237
20230109,3176.080078125,3176.080078125,3183.580078125,3165.429931640625,3169.3701171875,258100,0.5839863370809883
20230110,3169.510009765625,3169.510009765625,3178.159912109375,3165.139892578125,3178.02001953125,233000,-0.2068609165312263
20230111,3161.840087890625,3161.840087890625,3184.760009765625,3160.889892578125,3172.3798828125,237700,-0.2419907762199247
20230112,3163.449951171875,3163.449951171875,3171.590087890625,3153.39990234375,3167.27001953125,216700,0.05091539219252983
20230113,3195.31005859375,3195.31005859375,3195.31005859375,3167.510009765625,3170.35009765625,220200,1.007131704741293
20230116,3227.592041015625,3227.592041015625,3251.3740234375,3197.319091796875,3198.51904296875,306700,1.0102926423385172
20230117,3224.239990234375,3224.239990234375,3231.260009765625,3211.760009765625,3229.43994140625,226600,-0.10385608647724975
20230118,3224.409912109375,3224.409912109375,3234.820068359375,3220.3701171875,3227.590087890625,212100,0.005270137319635104
20230119,3240.280029296875,3240.280029296875,3240.280029296875,3210.3798828125,3221.52001953125,226500,0.4921867138510949
20230120,3264.81005859375,3264.81005859375,3267.06005859375,3247.199951171875,3247.199951171875,273200,0.7570342400992303
20230130,3269.320068359375,3269.320068359375,3310.489990234375,3266.760009765625,3308.8701171875,353300,0.13814003524503793
20230131,3255.669921875,3255.669921875,3277.25,3252.010009765625,3266.139892578125,300200,-0.4175224878249728
20230201,3284.919921875,3284.919921875,3284.919921875,3245.409912109375,3262.199951171875,339500,0.8984326022569933
20230202,3285.669921875,3285.669921875,3295.760009765625,3272.409912109375,3291.780029296875,333400,0.022831606792172998
20230203,3263.409912109375,3263.409912109375,3275.659912109375,3235.35009765625,3275.659912109375,293300,-0.677487705549018
20230206,3238.699951171875,3238.699951171875,3250.35009765625,3226.2099609375,3244.699951171875,267100,-0.7571822603654521
20230207,3248.090087890625,3248.090087890625,3250.030029296875,3233.830078125,3245.22998046875,250900,0.2899353709920671
20230208,3232.110107421875,3232.110107421875,3257.110107421875,3230.43994140625,3251.5,234500,-0.49198082677343047
20230209,3270.3798828125,3270.3798828125,3270.3798828125,3225.77001953125,3227.72998046875,254800,1.1840492470459596
20230210,3260.669921875,3260.669921875,3269.989990234375,3247.22998046875,3266.43994140625,260600,-0.2969062092306407
20230213,3284.159912109375,3284.159912109375,3285.090087890625,3252.6298828125,3256.989990234375,297200,0.7204038064934748
20230214,3293.280029296875,3293.280029296875,3293.72998046875,3279.18994140625,3288.969970703125,271000,0.2777001556432124
20230215,3280.489990234375,3280.489990234375,3296.199951171875,3274.550048828125,3294.02001953125,269900,-0.38836779589711545
20230216,3249.030029296875,3249.030029296875,3308.830078125,3231.340087890625,3281.739990234375,380900,-0.9590018878628648
20230217,3224.02001953125,3224.02001953125,3262.469970703125,3223.260009765625,3244.72998046875,278500,-0.7697685013713929
20230220,3290.340087890625,3290.340087890625,3291.0400390625,3225.840087890625,3230.469970703125,325000,2.0570613072377064
20230221,3306.52001953125,3306.52001953125,3308.7900390625,3282.43994140625,3291.6298828125,324400,0.4917404039835205
20230222,3291.14990234375,3291.14990234375,3307.030029296875,3286.719970703125,3292.050048828125,255400,-0.4648427076415773
20230223,3287.47998046875,3287.47998046875,3307.43994140625,3275.360107421875,3293.52001953125,262300,-0.11150880342418734
20230224,3267.159912109375,3267.159912109375,3288.389892578125,3253.969970703125,3287.260009765625,234200,-0.6181047026932007
20230227,3258.030029296875,3258.030029296875,3276.580078125,3251.719970703125,3257.0,242900,-0.27944401431534427
20230228,3279.610107421875,3279.610107421875,3280.419921875,3246.139892578125,3265.739990234375,251600,0.6623658447266534
20230301,3312.35009765625,3312.35009765625,3315.159912109375,3272.0400390625,3279.139892578125,318400,0.9982891002891847
20230302,3310.64990234375,3310.64990234375,3320.739990234375,3306.4599609375,3308.010009765625,328500,-0.051328973761044505
20230303,3328.389892578125,3328.389892578125,3330.60009765625,3302.6201171875,3314.77001953125,344000,0.5358461558202299
20230306,3322.030029296875,3322.030029296875,3333.06005859375,3308.72998046875,3332.02001953125,340500,-0.19107927516038847
20230307,3285.10009765625,3285.10009765625,3342.860107421875,3284.409912109375,3320.2099609375,390000,-1.1116676042943974
20230308,3283.25,3283.25,3283.25,3263.68994140625,3271.8798828125,260400,-0.056317847287812306
20230309,3276.090087890625,3276.090087890625,3289.06005859375,3260.0,3285.93994140625,264000,-0.21807392398919268
20230310,3230.080078125,3230.080078125,3262.14990234375,3229.5,3255.510009765625,281100,-1.404418331952817
20230313,3268.699951171875,3268.699951171875,3268.699951171875,3228.1201171875,3228.1201171875,294900,1.1956320621404837
20230314,3245.31005859375,3245.31005859375,3262.0,3216.989990234375,3261.919921875,319900,-0.7155717235453052
20230315,3263.31005859375,3263.31005859375,3273.1201171875,3256.860107421875,3261.030029296875,305200,0.5546465414709711
20230316,3226.889892578125,3226.889892578125,3257.429931640625,3224.719970703125,3244.469970703125,327400,-1.1160498194069723
20230317,3250.550048828125,3250.550048828125,3279.919921875,3240.159912109375,3245.260009765625,343000,0.7332185800457136
20230320,3234.909912109375,3234.909912109375,3267.989990234375,3231.64990234375,3253.929931640625,392500,-0.48115354274851363
20230321,3255.64990234375,3255.64990234375,3256.0,3237.889892578125,3240.840087890625,301800,0.6411303806865831
20230322,3265.75,3265.75,3279.389892578125,3255.739990234375,3263.409912109375,290800,0.3102329169048179
20230323,3286.64990234375,3286.64990234375,3286.64990234375,3252.989990234375,3258.780029296875,306100,0.6399725130138645
20230324,3265.64990234375,3265.64990234375,3282.739990234375,3260.840087890625,3282.739990234375,324500,-0.6389484923546185
20230327,3251.39990234375,3251.39990234375,3261.820068359375,3229.699951171875,3261.820068359375,337900,-0.4363603088552992
20230328,3245.3798828125,3245.3798828125,3264.10009765625,3241.739990234375,3256.60009765625,295700,-0.18515161813563719
20230329,3240.06005859375,3240.06005859375,3254.56005859375,3229.580078125,3253.6201171875,296900,-0.16391992342479345
20230330,3261.25,3261.25,3263.739990234375,3220.97998046875,3243.070068359375,299900,0.6539984143209665
20230331,3272.860107421875,3272.860107421875,3278.419921875,3260.0400390625,3263.409912109375,283600,0.356001760732072
20230403,3296.39990234375,3296.39990234375,3299.72998046875,3276.419921875,3277.340087890625,357700,0.7192423186219932
20230404,3312.56005859375,3312.56005859375,3312.56005859375,3290.989990234375,3297.179931640625,385900,0.4902365225320615
20230406,3312.6298828125,3312.6298828125,3314.530029296875,3296.06005859375,3302.75,327200,0.0021078627259640825
20230407,3327.64990234375,3327.64990234375,3328.85009765625,3308.06005859375,3312.47998046875,283000,0.4534167734578709
20230410,3315.360107421875,3315.360107421875,3332.719970703125,3309.919921875,3331.510009765625,340800,-0.36932355513779047
20230411,3313.570068359375,3313.570068359375,3317.449951171875,3298.25,3317.080078125,320600,-0.05399229659827087
20230412,3327.179931640625,3327.179931640625,3330.7099609375,3315.39990234375,3316.860107421875,343000,0.41073111479392743
20230413,3318.360107421875,3318.360107421875,3334.469970703125,3309.25,3321.27001953125,347900,-0.26508407720531313
20230414,3338.14990234375,3338.14990234375,3340.080078125,3316.81005859375,3326.3701171875,338300,0.5963727347617631
20230417,3385.610107421875,3385.610107421875,3385.610107421875,3336.389892578125,3337.06005859375,402800,1.4217517626995413
20230418,3393.330078125,3393.330078125,3396.169921875,3375.780029296875,3379.22998046875,348400,0.22802302858799806
20230419,3370.1298828125,3370.1298828125,3394.9599609375,3364.639892578125,3391.35009765625,346100,-0.6836999283405754
20230420,3367.030029296875,3367.030029296875,3371.3701171875,3344.02001953125,3367.050048828125,350400,-0.09198023884581241
20230421,3301.260009765625,3301.260009765625,3367.610107421875,3301.260009765625,3364.0,387400,-1.9533541120506315
20230424,3275.409912109375,3275.409912109375,3303.090087890625,3264.929931640625,3300.81005859375,354300,-0.7830373124134926
20230425,3264.8701171875,3264.8701171875,3288.570068359375,3229.449951171875,3276.39990234375,380900,-0.3217855231770761
20230426,3264.10009765625,3264.10009765625,3277.97998046875,3239.989990234375,3255.219970703125,357900,-0.02358499736930808
20230427,3285.8798828125,3285.8798828125,3299.300048828125,3253.110107421875,3256.22998046875,341600,0.6672523667974772
20230428,3323.27001953125,3323.27001953125,3324.8798828125,3283.1201171875,3283.1201171875,401600,1.1379033334214972
20230504,3350.4599609375,3350.4599609375,3352.75,3302.030029296875,3306.47998046875,483400,0.818168287453358
20230505,3334.5,3334.5,3364.139892578125,3321.18994140625,3350.64990234375,436500,-0.476351340519654
20230508,3395.0,3395.0,3400.179931640625,3340.989990234375,3340.989990234375,534100,1.8143649722597077
20230509,3357.669921875,3357.669921875,3418.949951171875,3356.1201171875,3402.389892578125,573000,-1.0995604749631793
20230510,3319.14990234375,3319.14990234375,3349.719970703125,3305.25,3347.699951171875,451700,-1.1472247251075651
20230511,3309.550048828125,3309.550048828125,3333.25,3307.2900390625,3323.659912109375,354300,-0.2892262717283822
20230512,3272.360107421875,3272.360107421875,3319.1298828125,3271.429931640625,3304.4599609375,347300,-1.1237159389512308
20230515,3310.739990234375,3310.739990234375,3310.739990234375,3235.8701171875,3269.8798828125,388000,1.1728502228545157
20230516,3290.989990234375,3290.989990234375,3317.89990234375,3282.489990234375,3310.159912109375,322500,-0.5965433727280312
20230517,3284.22998046875,3284.22998046875,3298.52001953125,3269.889892578125,3281.969970703125,285700,-0.20540961187012208
20230518,3297.320068359375,3297.320068359375,3313.860107421875,3284.169921875,3288.409912109375,310000,0.3985740331362786
20230519,3283.5400390625,3283.5400390625,3302.340087890625,3268.219970703125,3288.889892578125,285400,-0.41791603517978837
20230522,3296.469970703125,3296.469970703125,3308.530029296875,3276.5400390625,3278.60009765625,273900,0.3937802337356855
20230523,3246.239990234375,3246.239990234375,3298.22998046875,3246.239990234375,3294.7900390625,275300,-1.523750585176309
20230524,3204.75,3204.75,3237.699951171875,3204.3798828125,3237.699951171875,288700,-1.2780937441220885
20230525,3201.260009765625,3201.260009765625,3207.02001953125,3168.570068359375,3197.360107421875,283600,-0.10890054557687323
20230526,3212.5,3212.5,3220.77001953125,3179.820068359375,3198.8798828125,261700,0.3511114436217877
20230529,3221.449951171875,3221.449951171875,3230.969970703125,3208.9599609375,3219.760009765625,297400,0.27859770184825994
20230530,3224.2099609375,3224.2099609375,3230.6298828125,3186.6298828125,3214.669921875,303500,0.08567600948203857
20230531,3204.56005859375,3204.56005859375,3216.360107421875,3190.27001953125,3214.659912109375,294600,-0.6094485961465224
20230601,3204.6298828125,3204.6298828125,3225.090087890625,3189.52001953125,3196.14990234375,312300,0.0021789018608942
20230602,3230.070068359375,3230.070068359375,3233.989990234375,3211.739990234375,3212.449951171875,294700,0.7938572152534462
20230605,3232.43994140625,3232.43994140625,3244.179931640625,3221.6298828125,3231.81005859375,278100,0.07336909097079847
20230606,3195.340087890625,3195.340087890625,3247.35009765625,3189.27001953125,3228.409912109375,308300,-1.147735277008266
20230607,3197.760009765625,3197.760009765625,3210.330078125,3188.010009765625,3197.469970703125,258100,0.0757328424655368
20230608,3213.590087890625,3213.590087890625,3225.530029296875,3180.5400390625,3194.830078125,293500,0.49503646542130575
20230609,3231.409912109375,3231.409912109375,3231.409912109375,3206.10009765625,3213.030029296875,314200,0.554514537678541
20230612,3228.830078125,3228.830078125,3239.43994140625,3210.7099609375,3225.300048828125,313800,-0.07983617227599327
20230613,3233.669921875,3233.669921875,3235.090087890625,3215.5,3223.89990234375,280600,0.14989465635832921
20230614,3228.989990234375,3228.989990234375,3248.4599609375,3226.77001953125,3238.1201171875,303500,-0.14472508801737227
20230615,3252.97998046875,3252.97998046875,3252.97998046875,3229.14990234375,3230.449951171875,313300,0.7429564757688745
20230616,3273.330078125,3273.330078125,3276.550048828125,3255.5,3256.300048828125,326300,0.6255832430090091
20230619,3255.81005859375,3255.81005859375,3271.159912109375,3251.780029296875,3271.159912109375,327800,-0.5352353448353053
20230620,3240.360107421875,3240.360107421875,3252.840087890625,3237.7900390625,3252.5400390625,298300,-0.47453478224550594
20230621,3197.89990234375,3197.89990234375,3236.360107421875,3197.89990234375,3230.110107421875,294400,-1.3103545183410947
20230626,3150.6201171875,3150.6201171875,3181.080078125,3144.25,3177.22998046875,308100,-1.4784635729717
20230627,3189.43994140625,3189.43994140625,3194.409912109375,3148.27001953125,3153.31005859375,287600,1.2321328111560392
20230628,3189.3798828125,3189.3798828125,3192.659912109375,3157.1201171875,3183.489990234375,276200,-0.0018830451381179891
20230629,3182.3798828125,3182.3798828125,3196.5,3179.530029296875,3185.419921875,250300,-0.21947840198411894
20230630,3202.06005859375,3202.06005859375,3212.989990234375,3177.989990234375,3178.919921875,265400,0.6184106393940958
20230703,3243.97998046875,3243.97998046875,3246.860107421875,3209.159912109375,3209.159912109375,312400,1.3091547662416492
20230704,3245.35009765625,3245.35009765625,3246.9599609375,3233.989990234375,3241.22998046875,279200,0.04223568566232849
20230705,3222.949951171875,3222.949951171875,3241.840087890625,3218.60009765625,3240.050048828125,264000,-0.69022280525457
20230706,3205.570068359375,3205.570068359375,3229.47998046875,3199.719970703125,3215.860107421875,246100,-0.5392538846649031
20230707,3196.610107421875,3196.610107421875,3212.050048828125,3189.2099609375,3197.469970703125,255700,-0.27951224732035707
20230710,3203.699951171875,3203.699951171875,3216.530029296875,3192.659912109375,3208.72998046875,236600,0.22179257124723684
20230711,3221.3701171875,3221.3701171875,3221.679931640625,3200.3798828125,3211.1201171875,227600,0.5515549609807158
20230712,3196.1298828125,3196.1298828125,3224.330078125,3193.43994140625,3220.3798828125,271400,-0.7835248188443722
20230713,3236.47998046875,3236.47998046875,3238.469970703125,3202.699951171875,3202.699951171875,276600,1.2624673944959586
20230714,3237.699951171875,3237.699951171875,3248.3798828125,3234.0,3240.969970703125,273300,0.03769436889728972
20230717,3209.6298828125,3209.6298828125,3219.02001953125,3195.889892578125,3219.02001953125,250200,-0.8669755932514733
20230718,3197.820068359375,3197.820068359375,3210.25,3190.0,3206.7900390625,235000,-0.36794941735700526
20230719,3198.840087890625,3198.840087890625,3204.360107421875,3181.56005859375,3195.010009765625,217400,0.03189733973285591
20230720,3169.52001953125,3169.52001953125,3209.06005859375,3165.669921875,3201.909912109375,238900,-0.9165843728909051
20230721,3167.75,3167.75,3185.639892578125,3157.330078125,3163.419921875,225300,-0.05584503395916762
20230724,3164.159912109375,3164.159912109375,3178.72998046875,3151.1298828125,3157.469970703125,216600,-0.11333242492700402
20230725,3231.52001953125,3231.52001953125,3231.75,3201.4599609375,3201.4599609375,348600,2.1288464961611187
20230726,3223.030029296875,3223.030029296875,3229.889892578125,3212.8798828125,3228.090087890625,317200,-0.26272435829151064
20230727,3216.669921875,3216.669921875,3245.60009765625,3210.469970703125,3225.47998046875,327100,-0.19733317294789998
20230728,3275.929931640625,3275.929931640625,3280.280029296875,3200.989990234375,3206.739990234375,411100,1.8422782319885034
20230731,3291.0400390625,3291.0400390625,3322.12890625,3281.012939453125,3287.208984375,459000,0.4612463556052715
20230801,3290.948974609375,3290.948974609375,3305.340087890625,3279.56591796875,3288.760009765625,459900,-0.002767041787521407
20230802,3261.68994140625,3261.68994140625,3290.820068359375,3252.303955078125,3281.85791015625,405300,-0.8890758692664869
20230803,3280.462890625,3280.462890625,3280.864013671875,3247.27197265625,3254.56494140625,384700,0.5755589757454382
20230804,3288.083984375,3288.083984375,3315.049072265625,3281.73388671875,3296.093994140625,470900,0.23231763333704247
20230807,3268.8310546875,3268.8310546875,3276.77587890625,3258.537109375,3276.77587890625,360300,-0.5855364333450797
20230808,3260.6201171875,3260.6201171875,3274.52001953125,3246.669921875,3260.719970703125,316500,-0.25118879999092014
20230809,3244.489990234375,3244.489990234375,3257.080078125,3240.2900390625,3251.14990234375,271200,-0.49469506944704866
20230810,3254.56005859375,3254.56005859375,3257.030029296875,3234.1201171875,3242.2099609375,287400,0.31037446223243226
20230811,3189.25,3189.25,3254.47998046875,3189.25,3254.47998046875,330100,-2.0067246392118987
20230814,3178.429931640625,3178.429931640625,3180.510009765625,3141.659912109375,3159.7099609375,299800,-0.33926686084110314
20230815,3176.179931640625,3176.179931640625,3186.22998046875,3147.35009765625,3180.56005859375,273300,-0.07078966811889797
20230816,3150.1298828125,3150.1298828125,3176.6298828125,3149.719970703125,3164.699951171875,281700,-0.8201691777162345
20230817,3163.739990234375,3163.739990234375,3167.449951171875,3123.25,3137.35009765625,294700,0.43204908775773543
20230818,3131.949951171875,3131.949951171875,3179.1201171875,3131.949951171875,3165.10009765625,294400,-1.004824643005664
20230821,3092.97998046875,3092.97998046875,3134.9599609375,3092.97998046875,3125.989990234375,265800,-1.244271821410925
20230822,3120.330078125,3120.330078125,3126.780029296875,3074.530029296875,3103.780029296875,309300,0.8842636495857592
20230823,3078.39990234375,3078.39990234375,3116.3798828125,3077.610107421875,3116.27001953125,272200,-1.3437737268630845
20230824,3082.239990234375,3082.239990234375,3106.179931640625,3072.949951171875,3085.909912109375,300000,0.12474298377223025
20230825,3064.070068359375,3064.070068359375,3085.050048828125,3053.0400390625,3068.6201171875,225200,-0.5895038002416642
20230828,3098.639892578125,3098.639892578125,3219.0400390625,3089.1201171875,3219.0400390625,485600,1.1282321698752762
20230829,3135.889892578125,3135.889892578125,3145.760009765625,3090.43994140625,3091.93994140625,398900,1.2021403354814275
20230830,3137.139892578125,3137.139892578125,3153.68994140625,3126.89990234375,3144.409912109375,347500,0.039861093431836636
20230831,3119.8798828125,3119.8798828125,3139.97998046875,3113.949951171875,3134.550048828125,313400,-0.5501829805696246
20230901,3133.25,3133.25,3143.85009765625,3123.18994140625,3126.02001953125,292300,0.4285458956659216
20230904,3177.06005859375,3177.06005859375,3177.06005859375,3143.37890625,3145.944091796875,366400,1.398230546357615
20230905,3154.3701171875,3154.3701171875,3169.739990234375,3150.080078125,3169.739990234375,294100,-0.7141804368751226
20230906,3158.080078125,3158.080078125,3162.14990234375,3136.89990234375,3147.139892578125,267000,0.11761336811064727
20230907,3122.35009765625,3122.35009765625,3152.27001953125,3120.820068359375,3152.199951171875,269300,-1.1313829790523644
20230908,3116.719970703125,3116.719970703125,3126.0400390625,3104.669921875,3114.22998046875,228100,-0.18031696565197208
20230911,3142.780029296875,3142.780029296875,3155.10009765625,3113.820068359375,3119.610107421875,290400,0.8361373122613536
20230912,3137.06005859375,3137.06005859375,3147.510009765625,3134.320068359375,3140.340087890625,234700,-0.182003533489572
20230913,3123.070068359375,3123.070068359375,3143.760009765625,3106.969970703125,3137.77001953125,249700,-0.44595863557187476
20230914,3126.550048828125,3126.550048828125,3135.030029296875,3111.860107421875,3124.85009765625,264000,0.11142819061302767
20230915,3117.739990234375,3117.739990234375,3141.9599609375,3107.449951171875,3133.590087890625,292000,-0.2817821066722459
20230918,3125.929931640625,3125.929931640625,3128.699951171875,3098.5,3110.43994140625,259400,0.2626884035199506
20230919,3124.9599609375,3124.9599609375,3131.1298828125,3113.530029296875,3123.989990234375,253700,-0.0310298287017563
20230920,3108.568115234375,3108.568115234375,3122.1279296875,3108.157958984375,3118.6669921875,228100,-0.5245457832428468
20230921,3084.700927734375,3084.700927734375,3113.493896484375,3084.700927734375,3103.175048828125,228700,-0.7677871809542269
20230922,3132.431884765625,3132.431884765625,3132.55810546875,3078.801025390625,3084.757080078125,286000,1.5473447231821869
20230925,3115.60693359375,3115.60693359375,3131.2080078125,3112.15087890625,3131.2080078125,258100,-0.5371210545296101
20230926,3102.27294921875,3102.27294921875,3120.2890625,3102.27294921875,3114.02099609375,222600,-0.4279738959118262
20230927,3107.31591796875,3107.31591796875,3125.447021484375,3103.843994140625,3104.0400390625,240500,0.16255722280240636
20230928,3110.47509765625,3110.47509765625,3121.8349609375,3105.93994140625,3117.7548828125,236300,0.10166908582520673
20231009,3096.922119140625,3096.922119140625,3103.360107421875,3072.64208984375,3100.0,264400,-0.43572052789739857
20231010,3075.239990234375,3075.239990234375,3109.97998046875,3073.18994140625,3104.3701171875,255300,-0.7001186362499356
20231011,3078.9560546875,3078.9560546875,3095.658935546875,3071.93603515625,3085.698974609375,259900,0.12083819360197978
20231012,3107.90087890625,3107.90087890625,3109.989990234375,3092.177001953125,3101.705078125,274800,0.9400856558080317
20231013,3088.10009765625,3088.10009765625,3094.919921875,3080.550048828125,3092.0,255100,-0.6371110927118284
20231016,3073.81298828125,3073.81298828125,3091.1259765625,3063.68603515625,3091.06494140625,263900,-0.46265046219983175
20231017,3083.5,3083.5,3084.070068359375,3064.889892578125,3076.429931640625,259000,0.31514642418655203
20231018,3058.7099609375,3058.7099609375,3076.580078125,3057.05908203125,3076.580078125,268600,-0.8039578097129851
20231019,3005.39306640625,3005.39306640625,3043.196044921875,3004.77490234375,3043.196044921875,304000,-1.7431170399336726
20231020,2983.06005859375,2983.06005859375,3006.27001953125,2977.169921875,2995.360107421875,267100,-0.7430977352724466
20231023,2939.291015625,2939.291015625,2973.660888671875,2923.510986328125,2969.785888671875,278900,-1.4672531598101113
20231024,2962.243896484375,2962.243896484375,2964.760986328125,2929.087890625,2944.31103515625,311000,0.7808985478933383
20231025,2974.114013671875,2974.114013671875,2993.294921875,2972.41796875,2986.406982421875,332400,0.4007137022575158
20231026,2988.299072265625,2988.299072265625,2990.327880859375,2956.006103515625,2960.10400390625,291800,0.47695073317775005
20231027,3017.783935546875,3017.783935546875,3029.2099609375,2974.8798828125,2978.403076171875,321800,0.9866771219420034
20231030,3021.552978515625,3021.552978515625,3028.263916015625,3002.347900390625,3009.610107421875,360600,0.12489439433864824
20231031,3018.77099609375,3018.77099609375,3023.0009765625,3006.60888671875,3019.64599609375,319900,-0.09207127730859188
20231101,3023.076904296875,3023.076904296875,3038.330078125,3013.93310546875,3038.181884765625,280100,0.14263778897758428
20231102,3009.406005859375,3009.406005859375,3038.64208984375,3009.12109375,3028.6650390625,268800,-0.45221801728129174
20231103,3030.798095703125,3030.798095703125,3040.98095703125,3012.465087890625,3012.465087890625,268500,0.7108409367861723
20231106,3058.410888671875,3058.410888671875,3058.989013671875,3037.694091796875,3047.1298828125,372900,0.9110733244783731
20231107,3057.27001953125,3057.27001953125,3064.576904296875,3042.468994140625,3052.919921875,326900,-0.03730267717952929
20231108,3052.373046875,3052.373046875,3062.990966796875,3037.2890625,3051.153076171875,335700,-0.16017468607502083
20231109,3053.279052734375,3053.279052734375,3063.467041015625,3045.833984375,3047.653076171875,315600,0.029682016105558873
20231110,3038.969970703125,3038.969970703125,3044.0009765625,3027.087890625,3043.55908203125,285500,-0.468646389147942
20231113,3046.532958984375,3046.532958984375,3048.62109375,3028.16796875,3044.031982421875,290400,0.24886683166205348
20231114,3056.070068359375,3056.070068359375,3059.529052734375,3044.426025390625,3046.81689453125,294800,0.3130479631567651
20231115,3072.8349609375,3072.8349609375,3080.1279296875,3064.345947265625,3077.029052734375,304300,0.5485768389834389
20231116,3050.926025390625,3050.926025390625,3071.451904296875,3050.926025390625,3066.85498046875,271100,-0.7129877076180735
20231117,3054.3701171875,3054.3701171875,3055.860107421875,3033.75,3043.6201171875,267600,0.11288676841760825
20231120,3068.319091796875,3068.319091796875,3072.512939453125,3043.514892578125,3056.927001953125,287600,0.4566890741525276
20231121,3067.93310546875,3067.93310546875,3089.77392578125,3063.344970703125,3074.827880859375,330700,-0.012579732308704017
20231122,3043.611083984375,3043.611083984375,3067.962890625,3043.611083984375,3060.498046875,289100,-0.7927820017007425
20231123,3061.85595703125,3061.85595703125,3062.866943359375,3034.297119140625,3041.677978515625,276600,0.5994482390631495
20231124,3040.971923828125,3040.971923828125,3060.3310546875,3037.200927734375,3060.3310546875,287800,-0.6820710541646124
20231127,3031.699951171875,3031.699951171875,3038.35791015625,3015.008056640625,3038.18603515625,310500,-0.3049016198932164
20231128,3038.550048828125,3038.550048828125,3039.68994140625,3020.22998046875,3028.60009765625,268900,0.22594906377861879
20231129,3021.68701171875,3021.68701171875,3038.97705078125,3017.660888671875,3038.464111328125,278000,-0.5549698651789003
20231130,3029.673095703125,3029.673095703125,3030.908935546875,3013.76806640625,3021.10302734375,282900,0.2642922299167072
20231201,3031.635986328125,3031.635986328125,3035.760009765625,3010.23291015625,3027.35302734375,286100,0.06478885883047791
20231204,3022.9140625,3022.9140625,3038.97900390625,3022.347900390625,3033.298095703125,288200,-0.28769693549814956
20231205,2972.2958984375,2972.2958984375,3017.010009765625,2972.2958984375,3017.010009765625,293900,-1.6744824039303996
20231206,2968.93310546875,2968.93310546875,2985.31396484375,2959.60302734375,2966.947998046875,294100,-0.11313789352257464
20231207,2966.2060546875,2966.2060546875,2976.014892578125,2949.14404296875,2965.652099609375,296200,-0.09185288736303088
20231208,2969.55908203125,2969.55908203125,2980.833984375,2962.326904296875,2965.389892578125,369100,0.11304094462525338
20231211,2991.43896484375,2991.43896484375,2995.669921875,2930.422119140625,2956.291015625,360200,0.7368057751366175
20231212,3003.43798828125,3003.43798828125,3003.74609375,2980.446044921875,2986.327880859375,287600,0.4011120928260947
20231213,2968.760986328125,2968.760986328125,2997.3359375,2968.760986328125,2997.3359375,282800,-1.1545769244588056
20231214,2958.986083984375,2958.986083984375,2986.177001953125,2958.06591796875,2979.698974609375,271500,-0.32925864994742815
20231215,2942.556884765625,2942.556884765625,2976.30908203125,2940.027099609375,2966.302001953125,289300,-0.555230702424514
20231218,2930.800048828125,2930.800048828125,2951.14990234375,2924.330078125,2936.580078125,293100,-0.3995448991442885
20231219,2932.39111328125,2932.39111328125,2940.5009765625,2914.125,2928.762939453125,265900,0.054287717572587546
20231220,2902.110107421875,2902.110107421875,2937.10107421875,2902.0400390625,2932.118896484375,265600,-1.0326387132407966
20231221,2918.715087890625,2918.715087890625,2924.256103515625,2882.02001953125,2892.02001953125,282500,0.5721692097858222
20231222,2914.77490234375,2914.77490234375,2935.699951171875,2906.509033203125,2919.2880859375,296600,-0.13499726517406385
20231225,2918.81298828125,2918.81298828125,2920.632080078125,2903.987060546875,2909.875,229800,0.13853851747704926
20231226,2898.8798828125,2898.8798828125,2917.969970703125,2892.840087890625,2917.969970703125,228100,-0.6829182119162613
20231227,2914.614013671875,2914.614013671875,2917.9560546875,2890.1650390625,2900.14892578125,247900,0.542765878388507
20231228,2954.7041015625,2954.7041015625,2961.64794921875,2909.388916015625,2913.110107421875,339200,1.3754853199281492
20231229,2974.93505859375,2974.93505859375,2975.031982421875,2950.01708984375,2950.8369140625,290700,0.6847033183644768
20240102,2962.27587890625,2962.27587890625,2976.26806640625,2962.27587890625,2972.77490234375,304100,-0.42552793382601983
20240103,2967.2470703125,2967.2470703125,2971.282958984375,2953.2900390625,2957.112060546875,285500,0.1678166251039892
20240104,2954.34912109375,2954.34912109375,2966.68310546875,2936.635009765625,2965.509033203125,265000,-0.43467729222129714
20240105,2929.179931640625,2929.179931640625,2967.969970703125,2916.719970703125,2949.820068359375,301000,-0.8519368707448849
20240108,2887.5380859375,2887.5380859375,2924.4560546875,2887.5380859375,2923.45703125,270300,-1.421621295889508
20240109,2893.25,2893.25,2900.72998046875,2878.409912109375,2887.110107421875,263000,0.19781259649240823
20240110,2877.701904296875,2877.701904296875,2903.162109375,2870.416015625,2886.98095703125,244000,-0.5373920574829327
20240111,2886.64990234375,2886.64990234375,2896.178955078125,2867.721923828125,2873.798095703125,267100,0.31094249315797295
20240112,2881.97705078125,2881.97705078125,2904.174072265625,2878.875,2880.0400390625,261600,-0.1618780150203225
20240115,2886.2900390625,2886.2900390625,2904.4599609375,2869.219970703125,2872.56005859375,244600,0.14965380380391746
20240116,2893.989013671875,2893.989013671875,2896.68310546875,2861.1298828125,2881.56005859375,286300,0.26674292968407176
20240117,2833.614990234375,2833.614990234375,2887.489013671875,2833.614990234375,2887.2919921875,261300,-2.086187029469677
20240118,2845.780029296875,2845.780029296875,2849.260009765625,2760.97998046875,2822.669921875,390400,0.42931164270463285
20240119,2832.279052734375,2832.279052734375,2849.8759765625,2822.843017578125,2836.97509765625,266700,-0.47442094692876635
20240122,2756.340087890625,2756.340087890625,2828.320068359375,2735.3701171875,2826.5,350200,-2.681196429795152
20240123,2770.97607421875,2770.97607421875,2784.841064453125,2724.156982421875,2746.89208984375,308700,0.5309934863417354
20240124,2820.77197265625,2820.77197265625,2823.695068359375,2743.39697265625,2782.14208984375,369100,1.7970526306886114
20240125,2906.10888671875,2906.10888671875,2906.7939453125,2821.708984375,2823.825927734375,442000,3.0253035300170206
20240126,2910.222900390625,2910.222900390625,2924.306884765625,2890.48193359375,2897.9150390625,421100,0.14156433334884255
20240129,2883.360107421875,2883.360107421875,2923.89990234375,2883.330078125,2910.610107421875,410600,-0.9230493294910325
20240130,2830.527099609375,2830.527099609375,2881.346923828125,2829.25,2866.280029296875,335700,-1.832341637678414
20240131,2788.548095703125,2788.548095703125,2834.010986328125,2782.5869140625,2815.50390625,377100,-1.4830807983447047
20240201,2770.739990234375,2770.739990234375,2805.014892578125,2752.781982421875,2773.424072265625,352900,-0.6386156830570866
20240202,2730.152099609375,2730.152099609375,2791.676025390625,2666.333984375,2773.294921875,426200,-1.4648754761563465
20240205,2702.18505859375,2702.18505859375,2739.738037109375,2635.090087890625,2716.0810546875,479000,-1.0243766645684826
20240206,2789.486083984375,2789.486083984375,2802.930908203125,2669.673095703125,2680.485107421875,502800,3.2307567208612165
20240207,2829.696044921875,2829.696044921875,2829.696044921875,2770.529052734375,2791.514892578125,547100,1.4414827580019995
20240208,2865.903076171875,2865.903076171875,2867.47412109375,2827.902099609375,2832.486083984375,531100,1.2795378258020573
20240219,2910.5439453125,2910.5439453125,2910.5439453125,2867.7099609375,2886.5869140625,459000,1.5576545317175894
20240220,2922.72998046875,2922.72998046875,2927.30810546875,2887.47412109375,2902.876953125,350100,0.41868583279340843
20240221,2950.9560546875,2950.9560546875,2994.614990234375,2898.050048828125,2906.02392578125,444200,0.9657434798072906
20240222,2988.35791015625,2988.35791015625,2988.35791015625,2944.4990234375,2945.447021484375,354100,1.2674487445971439
20240223,3004.881103515625,3004.881103515625,3009.135986328125,2979.972900390625,2992.912109375,380100,0.552918822180537
20240226,2977.02197265625,2977.02197265625,3009.47900390625,2967.056884765625,3002.117919921875,409000,-0.9271292240741413
20240227,3015.48095703125,3015.48095703125,3015.48095703125,2961.14794921875,2966.4169921875,373000,1.2918609512540868
20240228,2957.85205078125,2957.85205078125,3031.488037109375,2957.85205078125,3016.256103515625,544100,-1.9111016475042097
20240229,3015.1708984375,3015.1708984375,3015.1708984375,2943.6240234375,2943.6240234375,409700,1.9378537760571968
20240301,3027.02001953125,3027.02001953125,3032.23193359375,3003.762939453125,3013.822998046875,379100,0.39298339937847704
20240304,3039.305908203125,3039.305908203125,3040.344970703125,3007.68310546875,3026.60693359375,387800,0.4058740474989442
20240305,3047.79296875,3047.79296875,3052.541015625,3022.177978515625,3027.10302734375,383500,0.2792433800088423
20240306,3039.930908203125,3039.930908203125,3060.56298828125,3034.35400390625,3041.751953125,341000,-0.2579591405153625
20240307,3027.40087890625,3027.40087890625,3063.69189453125,3023.117919921875,3040.2109375,377200,-0.41218138422367545
20240308,3046.01904296875,3046.01904296875,3049.194091796875,3016.903076171875,3026.1650390625,319200,0.6149883945738344
20240311,3068.455078125,3068.455078125,3068.455078125,3035.445068359375,3042.618896484375,356500,0.736569103467688
20240312,3055.93505859375,3055.93505859375,3075.131103515625,3044.85693359375,3068.181884765625,415700,-0.4080235562353596
20240313,3043.8349609375,3043.8349609375,3061.950927734375,3031.89892578125,3053.341064453125,365000,-0.39595401813996567
20240314,3038.23388671875,3038.23388671875,3059.998046875,3020.636962890625,3042.4130859375,364100,-0.18401372908289915
20240315,3054.635986328125,3054.635986328125,3056.447021484375,3023.215087890625,3031.52294921875,360300,0.5398563843644455
20240318,3084.926025390625,3084.926025390625,3085.31201171875,3055.922119140625,3057.208984375,406700,0.9916087939142892
20240319,3062.756103515625,3062.756103515625,3090.0458984375,3062.6279296875,3077.98095703125,384100,-0.718653273774783
20240320,3079.68603515625,3079.68603515625,3081.7548828125,3056.64501953125,3058.64794921875,349200,0.5527678688221904
20240321,3077.113037109375,3077.113037109375,3090.051025390625,3069.27197265625,3084.412109375,366900,-0.08354741416829459
20240322,3048.033935546875,3048.033935546875,3073.2060546875,3027.761962890625,3070.548095703125,394700,-0.94501245848988
20240325,3026.305908203125,3026.305908203125,3065.260986328125,3026.305908203125,3040.5009765625,387500,-0.7128538527853223
20240326,3031.48095703125,3031.48095703125,3036.493896484375,3006.260009765625,3026.922119140625,345900,0.1710021717929333
20240327,2993.138916015625,2993.138916015625,3030.449951171875,2993.138916015625,3026.81396484375,343200,-1.2647957074146898
20240328,3010.6640625,3010.6640625,3033.366943359375,2984.1201171875,2988.590087890625,353200,0.5855106286781986
20240329,3041.1669921875,3041.1669921875,3041.298095703125,3008.1669921875,3008.3759765625,334800,1.013162845613902
20240401,3077.37890625,3077.37890625,3078.488037109375,3049.02099609375,3049.02099609375,375400,1.1907242895745407
20240402,3074.958984375,3074.958984375,3085.537109375,3063.98095703125,3076.875,367300,-0.07863581147207199
20240403,3069.2958984375,3069.2958984375,3079.02001953125,3057.39697265625,3074.89306640625,363200,-0.184167852848649
20240408,3047.052978515625,3047.052978515625,3077.35107421875,3045.468994140625,3057.325927734375,402900,-0.7246912861414989
20240409,3048.537109375,3048.537109375,3051.5849609375,3033.208984375,3044.614013671875,333500,0.048707090747668325
20240410,3027.3349609375,3027.3349609375,3049.60693359375,3013.590087890625,3045.9609375,349000,-0.6954859880923925
20240411,3034.24609375,3034.24609375,3050.3369140625,3009.89697265625,3013.572998046875,340900,0.22829098536092385
20240412,3019.47412109375,3019.47412109375,3043.56005859375,3014.830078125,3035.576904296875,334200,-0.4868416140232479
20240415,3057.3779296875,3057.3779296875,3066.94091796875,2995.5419921875,3013.672119140625,461200,1.255311589821484
20240416,3007.068115234375,3007.068115234375,3052.43505859375,3005.340087890625,3043.551025390625,448100,-1.645521607407796
20240417,3071.381103515625,3071.381103515625,3071.381103515625,3002.055908203125,3008.06103515625,413400,2.1387273522481376
20240418,3074.22509765625,3074.22509765625,3102.552978515625,3057.760986328125,3060.031005859375,416300,0.09259658911653368
20240419,3065.260986328125,3065.260986328125,3080.322998046875,3055.05810546875,3060.299072265625,375500,-0.29158929627368657
20240422,3044.594970703125,3044.594970703125,3078.423095703125,3042.5419921875,3059.06494140625,357200,-0.6742008500149166
20240423,3021.97802734375,3021.97802734375,3044.944091796875,3016.51708984375,3038.612060546875,325600,-0.7428555711681994
20240424,3044.822021484375,3044.822021484375,3045.639892578125,3019.1240234375,3029.403076171875,305300,0.7559285320384745
20240425,3052.89990234375,3052.89990234375,3060.263916015625,3034.64990234375,3037.927001953125,292300,0.265298950230175
20240426,3088.635986328125,3088.635986328125,3092.429931640625,3054.97900390625,3054.97900390625,439400,1.170561928903724
20240429,3113.04296875,3113.04296875,3119.68603515625,3080.5859375,3086.681884765625,506900,0.7902188062922422
20240430,3104.824951171875,3104.824951171875,3123.2880859375,3104.2939453125,3110.158935546875,440200,-0.2639866413866043
20240506,3140.719970703125,3140.719970703125,3142.382080078125,3126.76904296875,3132.511962890625,450700,1.1561044534153853
20240507,3147.738037109375,3147.738037109375,3151.218994140625,3133.68994140625,3139.6640625,379100,0.223454063772488
20240508,3128.47998046875,3128.47998046875,3144.986083984375,3126.173095703125,3141.487060546875,334000,-0.6118062053953488
20240509,3154.320068359375,3154.320068359375,3158.465087890625,3128.1640625,3128.1640625,360900,0.825963025237364
20240510,3154.547119140625,3154.547119140625,3163.14404296875,3137.152099609375,3158.589111328125,384300,0.00719808948772549
20240513,3148.02099609375,3148.02099609375,3157.365966796875,3126.169921875,3139.47509765625,397000,-0.2068798721463705
20240514,3145.77392578125,3145.77392578125,3155.806884765625,3137.60888671875,3148.84912109375,343500,-0.07138041059091549
20240515,3119.902099609375,3119.902099609375,3142.972900390625,3117.928955078125,3141.251953125,321000,-0.8224311976090193
20240516,3122.40087890625,3122.40087890625,3137.8779296875,3116.1630859375,3127.18408203125,367400,0.08009159316850756
20240517,3154.02587890625,3154.02587890625,3154.02587890625,3116.783935546875,3121.712890625,383900,1.0128424000148906
20240520,3171.14501953125,3171.14501953125,3174.26611328125,3155.989990234375,3156.14794921875,426900,0.5427710894666538
20240521,3157.966064453125,3157.966064453125,3165.22412109375,3148.342041015625,3164.68310546875,335800,-0.4155897947572651
20240522,3158.5400390625,3158.5400390625,3166.9189453125,3152.45703125,3157.18896484375,354100,0.01817545209987781
20240523,3116.386962890625,3116.386962890625,3150.6279296875,3110.277099609375,3149.875,353900,-1.3345746975044426
20240524,3088.87109375,3088.87109375,3130.425048828125,3087.7939453125,3110.7529296875,306500,-0.8829413506178496
20240527,3124.04296875,3124.04296875,3125.506103515625,3091.989013671875,3094.139892578125,319400,1.1386643836049481
20240528,3109.572021484375,3109.572021484375,3130.31005859375,3106.364990234375,3122.387939453125,310100,-0.46321217122743397
20240529,3111.01806640625,3111.01806640625,3128.136962890625,3100.97998046875,3108.027099609375,290000,0.04650302073352375
20240530,3091.677978515625,3091.677978515625,3121.218017578125,3085.384033203125,3103.7080078125,302400,-0.6216642744529599
20240531,3086.81298828125,3086.81298828125,3107.60400390625,3086.81298828125,3094.759033203125,276100,-0.15735759895377788
20240603,3078.489013671875,3078.489013671875,3097.2041015625,3061.277099609375,3085.98095703125,357600,-0.2696624201393494
20240604,3091.198974609375,3091.198974609375,3095.322021484375,3063.587890625,3071.320068359375,309300,0.4128636120205087
20240605,3065.403076171875,3065.403076171875,3092.345947265625,3064.736083984375,3086.051025390625,290500,-0.8344949208829111
20240606,3048.7939453125,3048.7939453125,3077.673095703125,3040.830078125,3069.43896484375,369900,-0.5418253471617396
20240607,3051.279052734375,3051.279052734375,3065.02490234375,3031.0439453125,3053.9150390625,316300,0.08151116364212285
20240611,3028.044921875,3028.044921875,3043.199951171875,3013.861083984375,3042.134033203125,310500,-0.7614554571321097
20240612,3037.468017578125,3037.468017578125,3042.0419921875,3021.30908203125,3025.2958984375,279500,0.3111940524743062
20240613,3028.9189453125,3028.9189453125,3040.402099609375,3022.822021484375,3038.0859375,297900,-0.2814539022682916
20240614,3032.633056640625,3032.633056640625,3037.905029296875,3011.576904296875,3020.958984375,348700,0.122621681041446
20240617,3015.89111328125,3015.89111328125,3026.6240234375,3012.044921875,3017.717041015625,295800,-0.5520596473983175
20240618,3030.24609375,3030.24609375,3031.97607421875,3012.52294921875,3015.071044921875,273600,0.475978075121275
20240619,3018.049072265625,3018.049072265625,3030.22607421875,3015.325927734375,3029.09912109375,261300,-0.4025092717562351
20240620,3005.43701171875,3005.43701171875,3028.513916015625,3001.76806640625,3015.721923828125,295500,-0.4178878555280541
20240621,2998.137939453125,2998.137939453125,3011.9140625,2985.928955078125,2998.240966796875,255000,-0.2428622605353037
20240624,2963.09912109375,2963.09912109375,2990.64306640625,2960.126953125,2982.825927734375,298700,-1.168686000009933
20240625,2949.99609375,2949.99609375,2971.653076171875,2935.5380859375,2962.764892578125,273200,-0.44220685195686116
20240626,2972.52490234375,2972.52490234375,2976.6689453125,2933.330078125,2943.447021484375,282400,0.7636894381480852
20240627,2945.85205078125,2945.85205078125,2963.06396484375,2944.89794921875,2962.696044921875,270500,-0.8973129726001394
20240628,2967.403076171875,2967.403076171875,2985.468017578125,2939.98388671875,2940.302978515625,315200,0.7315718854553399
20240701,2994.72998046875,2994.72998046875,2996.408935546875,2961.85595703125,2965.2451171875,297800,0.9209030116706707
20240702,2997.010986328125,2997.010986328125,3004.987060546875,2989.469970703125,2992.85595703125,281400,0.07616732975097573
20240703,2982.3759765625,2982.3759765625,2998.537109375,2978.069091796875,2995.6640625,246300,-0.48832019076298083
20240704,2957.56689453125,2957.56689453125,2995.570068359375,2955.2900390625,2984.830078125,274300,-0.8318562859349843
20240705,2949.93310546875,2949.93310546875,2957.10693359375,2920.205078125,2954.3720703125,272300,-0.2581104446569005
20240708,2922.449951171875,2922.449951171875,2947.610107421875,2917.23193359375,2939.8369140625,277500,-0.9316534753254335
20240709,2959.3720703125,2959.3720703125,2963.781982421875,2904.0390625,2919.572998046875,315100,1.263396114818649
20240710,2939.364013671875,2939.364013671875,2958.85888671875,2935.330078125,2949.02587890625,301500,-0.6760912844092748
20240711,2970.386962890625,2970.386962890625,2971.361083984375,2947.403076171875,2957.25,328400,1.0554306671257008
20240712,2971.294921875,2971.294921875,2977.14208984375,2963.302978515625,2965.612060546875,303700,0.0305670269806102
20240715,2974.010986328125,2974.010986328125,2977.31298828125,2959.12890625,2963.846923828125,269000,0.09141012671374238
20240716,2976.303955078125,2976.303955078125,2977.361083984375,2959.666015625,2963.89990234375,260800,0.07710021114719634
20240717,2962.85498046875,2962.85498046875,2972.794921875,2957.947998046875,2970.80810546875,282300,-0.45186831763027735
20240718,2977.133056640625,2977.133056640625,2978.092041015625,2937.905029296875,2951.14306640625,278000,0.48190263330458727
20240719,2982.30908203125,2982.30908203125,2986.242919921875,2955.1201171875,2963.513916015625,280900,0.17385939063354616
20240722,2964.216064453125,2964.216064453125,2978.60107421875,2946.56103515625,2978.193115234375,278700,-0.6066781504015628
20240723,2915.368896484375,2915.368896484375,2960.5,2915.367919921875,2960.5,296300,-1.6478949883082183
20240724,2901.951904296875,2901.951904296875,2922.030029296875,2894.2890625,2909.152099609375,306100,-0.4602159336912548
20240725,2886.741943359375,2886.741943359375,2897.76708984375,2872.85009765625,2891.89208984375,274600,-0.524128636142418
20240726,2890.89697265625,2890.89697265625,2899.115966796875,2875.39599609375,2885.9951171875,278400,0.14393490580040247
20240729,2891.844970703125,2891.844970703125,2898.950927734375,2878.5830078125,2889.472900390625,256900,0.03279252273054034
20240730,2879.300048828125,2879.300048828125,2885.215087890625,2865.14892578125,2885.215087890625,262500,-0.4338034023985027
20240731,2938.7490234375,2938.7490234375,2940.593017578125,2876.301025390625,2877.541015625,412700,2.0647023096314943
20240801,2932.386962890625,2932.386962890625,2947.876953125,2928.825927734375,2940.1201171875,346600,-0.21648873368006472
20240802,2905.337890625,2905.337890625,2931.259033203125,2902.719970703125,2913.02001953125,312200,-0.9224250621739594
20240805,2860.697998046875,2860.697998046875,2919.02490234375,2860.697998046875,2889.363037109375,355500,-1.5364785184597607
20240806,2867.283935546875,2867.283935546875,2888.200927734375,2845.3349609375,2878.65087890625,297300,0.23022134823376117
20240807,2869.833984375,2869.833984375,2886.94189453125,2857.72509765625,2864.010009765625,263100,0.08893604140527422
20240808,2869.90087890625,2869.90087890625,2886.39892578125,2850.875,2864.758056640625,289100,0.0023309547386496376
20240809,2862.194091796875,2862.194091796875,2887.84912109375,2862.194091796875,2879.873046875,284300,-0.2685384420772152
20240812,2858.205078125,2858.205078125,2869.26904296875,2851.294921875,2858.89501953125,244200,-0.1393690834352479
20240813,2867.946044921875,2867.946044921875,2867.946044921875,2845.31005859375,2860.409912109375,231700,0.34080713351980485
20240814,2850.654052734375,2850.654052734375,2866.242919921875,2850.40087890625,2866.242919921875,217900,-0.6029399408722491
20240815,2877.35791015625,2877.35791015625,2889.0869140625,2839.387939453125,2844.200927734375,271900,0.9367624737298685
20240816,2879.429931640625,2879.429931640625,2888.675048828125,2873.06005859375,2877.93994140625,263700,0.07201125299920452
20240819,2893.674072265625,2893.674072265625,2905.155029296875,2877.77099609375,2877.9541015625,261700,0.49468613451844057
20240820,2866.660888671875,2866.660888671875,2896.51904296875,2855.3291015625,2895.551025390625,263700,-0.9335254392558445
20240821,2856.583984375,2856.583984375,2863.89111328125,2848.15087890625,2858.93896484375,229200,-0.35152062585064314
20240822,2848.77197265625,2848.77197265625,2861.60693359375,2845.501953125,2856.199951171875,245400,-0.27347390314726994
20240823,2854.367919921875,2854.367919921875,2860.73291015625,2839.3369140625,2844.77001953125,226700,0.1964336675359446
20240826,2855.52001953125,2855.52001953125,2860.655029296875,2844.383056640625,2855.47412109375,227400,0.04036268770168938
20240827,2848.73095703125,2848.73095703125,2853.780029296875,2843.157958984375,2850.876953125,230700,-0.23775222914089733
20240828,2837.428955078125,2837.428955078125,2852.56201171875,2830.9619140625,2844.326904296875,228700,-0.39673813089401433
20240829,2823.10595703125,2823.10595703125,2831.430908203125,2815.383056640625,2829.450927734375,277500,-0.504787900371606
20240830,2842.214111328125,2842.214111328125,2867.965087890625,2817.013916015625,2819.64990234375,397500,0.6768486407420893
20240902,2811.034912109375,2811.034912109375,2839.278076171875,2810.3740234375,2832.35009765625,340700,-1.0970038849107078
20240903,2802.97900390625,2802.97900390625,2814.903076171875,2794.910888671875,2809.173095703125,275700,-0.2865815777819636
20240904,2784.278076171875,2784.278076171875,2800.60693359375,2781.93505859375,2786.5048828125,257500,-0.6671804429613348
20240905,2788.31396484375,2788.31396484375,2796.01904296875,2777.470947265625,2785.263916015625,242000,0.1449527870945877
20240906,2765.806884765625,2765.806884765625,2804.093017578125,2765.638916015625,2791.764892578125,253600,-0.8071931770203711
20240909,2736.488037109375,2736.488037109375,2756.555908203125,2726.967041015625,2754.72412109375,261500,-1.0600468101276905
20240910,2744.19189453125,2744.19189453125,2750.117919921875,2718.626953125,2737.881103515625,262200,0.28152351910197826
20240911,2721.794921875,2721.794921875,2732.73095703125,2710.62109375,2732.73095703125,242300,-0.8161591286995562
20240912,2717.123046875,2717.123046875,2734.68310546875,2716.554931640625,2722.137939453125,240100,-0.17164684093030624
20240913,2704.090087890625,2704.090087890625,2728.780029296875,2703.368896484375,2718.986083984375,251300,-0.47966024208452307
20240918,2717.281005859375,2717.281005859375,2724.114013671875,2689.695068359375,2705.344970703125,247800,0.48781355428286766
20240919,2736.02197265625,2736.02197265625,2747.739990234375,2697.77587890625,2723.205078125,315200,0.6896955727605292
20240920,2736.81396484375,2736.81396484375,2741.155029296875,2717.945068359375,2734.22802734375,285600,0.028946850405997537
20240923,2748.91796875,2748.91796875,2760.47998046875,2731.35693359375,2735.389892578125,257600,0.44226622860501497
20240924,2863.1259765625,2863.1259765625,2863.152099609375,2761.3720703125,2770.75390625,477600,4.154653180299639
20240925,2896.305908203125,2896.305908203125,2952.450927734375,2889.048095703125,2901.4189453125,568300,1.1588708255324986
20240926,3000.952880859375,3000.952880859375,3000.952880859375,2889.013916015625,2893.7451171875,576300,3.613118778643565
20240927,3087.529052734375,3087.529052734375,3087.529052734375,3017.445068359375,3049.10302734375,492300,2.8849560560313625
20240930,3336.4970703125,3336.4970703125,3358.587890625,3153.697021484375,3194.721923828125,1102300,8.063665582600233
20241008,3489.77490234375,3489.77490234375,3674.405029296875,3372.18701171875,3674.405029296875,1313500,4.593974722624106
20241009,3258.85791015625,3258.85791015625,3437.156982421875,3249.158935546875,3427.219970703125,992800,-6.6169595074001775
20241010,3301.926025390625,3301.926025390625,3379.804931640625,3228.125,3277.69189453125,834500,1.321570820874185
20241011,3217.738037109375,3217.738037109375,3297.751953125,3187.988037109375,3287.873046875,606000,-2.549663064341068
20241014,3284.322998046875,3284.322998046875,3294.6201171875,3203.90087890625,3241.427978515625,631500,2.069309563724331
20241015,3201.2919921875,3201.2919921875,3285.215087890625,3201.2919921875,3265.74609375,566100,-2.5281011005541143
20241016,3202.947998046875,3202.947998046875,3236.847900390625,3167.736083984375,3169.1689453125,515800,0.05172929752788047
20241017,3169.384033203125,3169.384033203125,3241.568115234375,3169.384033203125,3220.73291015625,528600,-1.0479085162861557
20241018,3261.56298828125,3261.56298828125,3313.97802734375,3152.821044921875,3165.97509765625,693000,2.908418611075181
20241021,3268.110107421875,3268.110107421875,3300.6640625,3239.096923828125,3276.06005859375,668200,0.20073563393221416
20241022,3285.866943359375,3285.866943359375,3294.9609375,3255.137939453125,3263.822021484375,574900,0.5433365264277512
20241023,3302.802978515625,3302.802978515625,3331.08203125,3277.06591796875,3285.2470703125,650400,0.5154206012655926
20241024,3280.262939453125,3280.262939453125,3292.945068359375,3266.882080078125,3287.823974609375,519800,-0.6824518207450003
20241025,3299.699951171875,3299.699951171875,3319.35693359375,3276.1298828125,3280.761962890625,595700,0.5925443196937996
20241028,3322.197998046875,3322.197998046875,3322.197998046875,3279.715087890625,3300.462890625,672400,0.6818209900269823
20241029,3286.406982421875,3286.406982421875,3340.4580078125,3284.2109375,3328.089111328125,725300,-1.0773293959614016
20241030,3266.238037109375,3266.238037109375,3291.679931640625,3244.805908203125,3273.64208984375,669000,-0.6137080836420505
20241031,3279.823974609375,3279.823974609375,3295.741943359375,3252.389892578125,3267.97509765625,784600,0.415950624101602
20241101,3272.013916015625,3272.013916015625,3305.318115234375,3258.735107421875,3275.576904296875,852100,-0.2381243217383422
20241104,3310.20703125,3310.20703125,3310.20703125,3263.842041015625,3275.678955078125,665100,1.1672662835396252
20241105,3386.987060546875,3386.987060546875,3386.987060546875,3302.047119140625,3306.81005859375,821100,2.319493269515571
20241106,3383.805908203125,3383.805908203125,3420.9990234375,3367.0810546875,3395.221923828125,895900,-0.09392277817666939
20241107,3470.660888671875,3470.660888671875,3470.660888671875,3356.258056640625,3359.985107421875,959600,2.566783758435842
20241108,3452.297119140625,3452.297119140625,3509.818115234375,3443.193115234375,3502.133056640625,964000,-0.5291144862694219
20241111,3470.06591796875,3470.06591796875,3471.1220703125,3416.72705078125,3432.366943359375,818000,0.5146949470139495
20241112,3421.969970703125,3421.969970703125,3489.424072265625,3402.0419921875,3469.89111328125,817900,-1.3860240238254162
20241113,3439.278076171875,3439.278076171875,3442.298095703125,3404.52490234375,3406.916015625,673700,0.5057936106082739
20241114,3379.839111328125,3379.839111328125,3441.77490234375,3376.153076171875,3429.5048828125,631600,-1.7282395760772284
20241115,3330.72607421875,3330.72607421875,3391.320068359375,3330.72607421875,3369.80908203125,630300,-1.453117603875409
20241118,3323.84912109375,3323.84912109375,3386.903076171875,3309.008056640625,3344.68994140625,744000,-0.20647009005725359
20241119,3346.010009765625,3346.010009765625,3346.758056640625,3284.133056640625,3324.883056640625,625000,0.6667236647788233
20241120,3367.989013671875,3367.989013671875,3375.248046875,3333.001953125,3337.677978515625,566200,0.6568720309294562
20241121,3370.404052734375,3370.404052734375,3378.51806640625,3348.85498046875,3362.944091796875,530300,0.07170566924941113
20241122,3267.19189453125,3267.19189453125,3372.0029296875,3267.19189453125,3368.04296875,630700,-3.06230815618056
20241125,3263.760009765625,3263.760009765625,3285.4560546875,3232.91796875,3274.884033203125,538900,-0.10504080802139493
20241126,3259.757080078125,3259.757080078125,3285.327880859375,3252.865966796875,3256.85791015625,472200,-0.12264779504383982
20241127,3309.779052734375,3309.779052734375,3309.881103515625,3227.35498046875,3250.591064453125,511200,1.534530685183788
20241128,3295.697998046875,3295.697998046875,3319.256103515625,3290.364013671875,3308.280029296875,512000,-0.4254379057679669
20241129,3326.4560546875,3326.4560546875,3357.5009765625,3293.68994140625,3295.2099609375,580200,0.9332789794105345
20241202,3363.98193359375,3363.98193359375,3369.302978515625,3323.009033203125,3328.48193359375,668500,1.1281038525481124
20241203,3378.805908203125,3378.805908203125,3386.617919921875,3348.3740234375,3366.284912109375,663000,0.44066748579527637
20241204,3364.64990234375,3364.64990234375,3388.02392578125,3352.943115234375,3376.572021484375,621000,-0.41896475393886634
20241205,3368.85498046875,3368.85498046875,3377.054931640625,3353.056884765625,3353.056884765625,543900,0.12497817743446493
20241206,3404.075927734375,3404.075927734375,3418.260986328125,3364.2060546875,3370.94091796875,698200,1.0454871898559537
20241209,3402.533935546875,3402.533935546875,3426.64501953125,3385.958984375,3402.62890625,694900,-0.04529840756302139
20241210,3422.660888671875,3422.660888671875,3494.866943359375,3417.764892578125,3490.2890625,794700,0.5915283581665376
20241211,3432.489990234375,3432.489990234375,3437.81005859375,3416.0869140625,3416.0869140625,681500,0.2871771958195435
20241212,3461.5,3461.5,3464.115966796875,3425.97607421875,3432.279052734375,700100,0.8451593405417013
20241213,3391.8779296875,3391.8779296875,3442.926025390625,3390.75390625,3442.926025390625,777500,-2.011326601545571
20241216,3386.3310546875,3386.3310546875,3401.926025390625,3376.535888671875,3390.0830078125,625600,-0.1635340396967333
20241217,3361.485107421875,3361.485107421875,3396.20703125,3357.76904296875,3381.81396484375,568900,-0.7337128846641283
20241218,3382.2080078125,3382.2080078125,3396.4599609375,3371.2958984375,3371.2958984375,512500,0.6164805057404799
20241219,3370.032958984375,3370.032958984375,3377.531982421875,3346.468994140625,3355.904052734375,513900,-0.35997339016411445
20241220,3368.069091796875,3368.069091796875,3390.617919921875,3362.819091796875,3364.48095703125,491000,-0.05827442079652245
20241223,3351.257080078125,3351.257080078125,3384.991943359375,3348.277099609375,3367.904052734375,556700,-0.49915875418639066
20241224,3393.528076171875,3393.528076171875,3394.904052734375,3352.947021484375,3353.534912109375,472000,1.2613474610776443
20241225,3393.35009765625,3393.35009765625,3406.212890625,3374.010986328125,3395.10693359375,471300,-0.005244645443625018
20241226,3398.076904296875,3398.076904296875,3401.094970703125,3380.2548828125,3389.337890625,422200,0.13929616763945774
20241227,3400.14208984375,3400.14208984375,3418.951904296875,3388.322021484375,3397.2939453125,500500,0.06077512678608343
20241230,3407.325927734375,3407.325927734375,3412.841064453125,3394.965087890625,3395.39599609375,455300,0.21128052007246545
20241231,3351.762939453125,3351.762939453125,3413.455078125,3351.762939453125,3406.965087890625,502700,-1.6306919108908136
20250102,3262.56103515625,3262.56103515625,3351.721923828125,3242.0869140625,3347.93896484375,561400,-2.6613428786055215
20250103,3211.429931640625,3211.429931640625,3273.56591796875,3205.77587890625,3267.076904296875,517600,-1.5672075699014854
20250106,3206.923095703125,3206.923095703125,3219.488037109375,3185.462890625,3209.782958984375,431000,-0.14033735854226403
20250107,3229.64404296875,3229.64404296875,3230.85302734375,3190.4609375,3203.306884765625,409700,0.708496792332447
20250108,3230.16796875,3230.16796875,3246.291015625,3175.72509765625,3218.85791015625,472900,0.016222400186505226
20250109,3211.39306640625,3211.39306640625,3228.972900390625,3205.909912109375,3220.720947265625,382900,-0.581236100580107
20250110,3168.52392578125,3168.52392578125,3220.10693359375,3168.52392578125,3211.70703125,403700,-1.3349079274488584
20250113,3160.7548828125,3160.7548828125,3172.699951171875,3140.97802734375,3148.825927734375,372700,-0.2451943917966326
20250114,3240.93994140625,3240.93994140625,3245.219970703125,3159.431884765625,3165.160888671875,469200,2.5368958228864535
20250115,3227.116943359375,3227.116943359375,3245.904052734375,3222.236083984375,3234.715087890625,404700,-0.426512008762403
20250116,3236.031982421875,3236.031982421875,3265.281982421875,3217.096923828125,3239.02587890625,430700,0.27625398208284135
20250117,3241.821044921875,3241.821044921875,3256.507080078125,3219.77294921875,3226.761962890625,383600,0.17889385925251577
20250120,3244.3779296875,3244.3779296875,3268.262939453125,3238.12109375,3256.14892578125,403300,0.07887186646622357
20250121,3242.623046875,3242.623046875,3258.610107421875,3229.069091796875,3256.8330078125,384600,-0.05408996271495381
20250122,3213.6240234375,3213.6240234375,3235.5009765625,3203.3798828125,3235.492919921875,364800,-0.8943075719346161
20250123,3230.1640625,3230.1640625,3273.52001953125,3229.572021484375,3237.59912109375,458200,0.5146849457768221
20250124,3252.6259765625,3252.6259765625,3260.010986328125,3221.7119140625,3222.876953125,398700,0.6953799753785628
20250127,3250.60107421875,3250.60107421875,3274.39208984375,3250.60107421875,3256.614013671875,387500,-0.06225438640473646
20250205,3229.488037109375,3229.488037109375,3271.02197265625,3220.279052734375,3270.159912109375,406400,-0.6495117865070288
20250206,3270.658935546875,3270.658935546875,3271.427001953125,3225.845947265625,3226.574951171875,460800,1.2748428842099369
20250207,3303.6669921875,3303.6669921875,3324.427978515625,3262.509033203125,3269.22705078125,600600,1.0092173256550874
20250210,3322.169921875,3322.169921875,3325.35595703125,3299.242919921875,3308.0400390625,546600,0.5600724810114199
20250211,3318.056884765625,3318.056884765625,3324.173095703125,3304.444091796875,3323.6689453125,511900,-0.12380574161160451
20250212,3346.385009765625,3346.385009765625,3346.385009765625,3310.389892578125,3312.257080078125,513400,0.8537564599951475
20250213,3332.48291015625,3332.48291015625,3359.180908203125,3332.48291015625,3343.235107421875,568600,-0.41543634605119006
20250214,3346.72412109375,3346.72412109375,3349.083984375,3322.529052734375,3328.48291015625,532300,0.42734535544346475
20250217,3355.830078125,3355.830078125,3357.12109375,3333.195068359375,3355.4169921875,589500,0.2720856784655945
20250218,3324.490966796875,3324.490966796875,3366.011962890625,3314.301025390625,3348.98291015625,562700,-0.9338706251073026
20250219,3351.5390625,3351.5390625,3352.0869140625,3320.5810546875,3320.780029296875,502900,0.8136011188860426
20250220,3350.782958984375,3350.782958984375,3355.556884765625,3338.033935546875,3347.589111328125,504400,-0.02255988969619427
20250221,3379.113037109375,3379.113037109375,3381.05810546875,3339.02587890625,3356.695068359375,608200,0.8454763699045076
20250224,3373.028076171875,3373.028076171875,3384.81103515625,3355.868896484375,3374.0810546875,598200,-0.18007568467449664
20250225,3346.0400390625,3346.0400390625,3369.55810546875,3337.844970703125,3345.653076171875,527600,-0.8001130290028358
20250226,3380.214111328125,3380.214111328125,3380.214111328125,3351.208984375,3351.208984375,554000,1.021328850422254
20250227,3388.06201171875,3388.06201171875,3388.781005859375,3353.571044921875,3378.448974609375,575800,0.23217169481437594
20250228,3320.89697265625,3320.89697265625,3383.19091796875,3318.716064453125,3374.6640625,568300,-1.9824028848996034
20250303,3316.925048828125,3316.925048828125,3349.01708984375,3304.593017578125,3328.39599609375,502400,-0.11960394618770742
20250304,3324.2099609375,3324.2099609375,3327.823974609375,3297.530029296875,3300.498046875,430000,0.21962848126304557
20250305,3341.965087890625,3341.965087890625,3342.714111328125,3314.14794921875,3324.696044921875,461000,0.5341156894950627
20250306,3381.097900390625,3381.097900390625,3387.053955078125,3348.68408203125,3353.570068359375,540000,1.1709521634978959
20250307,3372.5458984375,3372.5458984375,3390.944091796875,3363.928955078125,3373.180908203125,517700,-0.25293565004838037
20250310,3366.1630859375,3366.1630859375,3375.798095703125,3347.18603515625,3373.259033203125,450400,-0.18925798765132562
20250311,3379.827880859375,3379.827880859375,3379.8291015625,3334.8310546875,3335.43896484375,448500,0.4059457184044657
20250312,3371.924072265625,3371.924072265625,3392.408935546875,3370.219970703125,3385.68505859375,502200,-0.2338523993636099
20250313,3358.72900390625,3358.72900390625,3377.117919921875,3341.117919921875,3371.094970703125,519000,-0.3913216334823666
20250314,3419.56201171875,3419.56201171875,3421.23291015625,3360.60595703125,3361.68603515625,582700,1.8111913090264276
20250317,3426.12890625,3426.12890625,3436.35205078125,3422.4619140625,3430.80908203125,515700,0.19203905379534536
20250318,3429.759033203125,3429.759033203125,3437.06494140625,3423.301025390625,3434.56494140625,454900,0.10595418480907615
20250319,3426.428955078125,3426.428955078125,3439.0458984375,3414.593017578125,3424.173095703125,440300,-0.097093646893609
20250320,3408.947998046875,3408.947998046875,3427.044921875,3404.662109375,3425.216064453125,451600,-0.5101800521893907
20250321,3364.8310546875,3364.8310546875,3414.708984375,3355.840087890625,3401.759033203125,520900,-1.2941512567704594
20250324,3370.028076171875,3370.028076171875,3373.694091796875,3340.238037109375,3364.833984375,513300,0.15445118640162736
20250325,3369.97607421875,3369.97607421875,3379.988037109375,3361.0458984375,3370.0009765625,456400,-0.0015430718068087934
20250326,3368.697021484375,3368.697021484375,3382.342041015625,3365.666015625,3365.666015625,428500,-0.037954356535652156
20250327,3373.7490234375,3373.7490234375,3394.034912109375,3351.174072265625,3362.7119140625,414800,0.14996902128345813
20250328,3351.306884765625,3351.306884765625,3375.052978515625,3346.0810546875,3372.0390625,412300,-0.6651988193540515
20250331,3335.74609375,3335.74609375,3361.741943359375,3317.738037109375,3343.343994140625,472600,-0.46432008618373377
20250401,3348.43505859375,3348.43505859375,3357.6220703125,3338.779052734375,3340.7119140625,422600,0.3803936057221069
20250402,3350.126953125,3350.126953125,3361.134033203125,3343.115966796875,3344.1708984375,350100,0.05052791831539061
20250403,3342.008056640625,3342.008056640625,3358.426025390625,3319.60595703125,3319.60595703125,400500,-0.24234593488470235
20250407,3096.575927734375,3096.575927734375,3217.781982421875,3040.693115234375,3193.10205078125,662200,-7.343852101689952
20250408,3145.549072265625,3145.549072265625,3145.549072265625,3085.123046875,3094.261962890625,662200,1.5815257133733995
20250409,3186.81005859375,3186.81005859375,3186.81005859375,3070.077880859375,3110.010009765625,684800,1.3117260414699627
20250410,3223.637939453125,3223.637939453125,3239.94091796875,3201.571044921875,3227.8359375,591200,1.1556346372154414
20250411,3238.22705078125,3238.22705078125,3249.85400390625,3211.35009765625,3219.5048828125,475500,0.45256668404267675
20250414,3262.80810546875,3262.80810546875,3272.719970703125,3244.73291015625,3251.97802734375,471400,0.759089906360022
20250415,3267.662109375,3267.662109375,3268.985107421875,3246.3369140625,3260.68505859375,396700,0.14876767953697634
20250416,3276.00390625,3276.00390625,3276.0048828125,3233.791015625,3267.6650390625,429500,0.25528333700926
20250417,3280.341064453125,3280.341064453125,3285.9150390625,3258.14501953125,3261.718017578125,382000,0.1323917286804921
20250418,3276.72998046875,3276.72998046875,3283.090087890625,3262.39208984375,3270.35302734375,358800,-0.11008257719009595
20250421,3291.43408203125,3291.43408203125,3298.639892578125,3270.012939453125,3273.137939453125,379300,0.4487431570542988
20250422,3299.757080078125,3299.757080078125,3311.153076171875,3288.33203125,3289.166015625,403200,0.25286844091187977
20250423,3296.35498046875,3296.35498046875,3312.19189453125,3293.06298828125,3308.15087890625,411600,-0.10310151707575432
20250424,3297.2880859375,3297.2880859375,3313.509033203125,3286.236083984375,3295.14892578125,392800,0.028307190041076957
20250425,3295.06005859375,3295.06005859375,3305.261962890625,3288.7548828125,3300.39208984375,411000,-0.06757150984932903
20250428,3288.4150390625,3288.4150390625,3296.931884765625,3279.876953125,3292.055908203125,410700,-0.20166611269859525
20250429,3286.655029296875,3286.655029296875,3294.98193359375,3277.626953125,3281.445068359375,389000,-0.05352152160594814
20250430,3279.031005859375,3279.031005859375,3292.199951171875,3277.550048828125,3284.0810546875,435800,-0.23196908009938122
20250506,3316.114013671875,3316.114013671875,3316.447998046875,3286.989013671875,3295.25,474400,1.1309136066794068
20250507,3342.6650390625,3342.6650390625,3356.68798828125,3324.80908203125,3354.97412109375,511200,0.8006668432134267
20250508,3351.99609375,3351.99609375,3359.73095703125,3327.902099609375,3331.205078125,428400,0.27915015649060404
20250509,3341.9990234375,3341.9990234375,3351.219970703125,3335.126953125,3350.405029296875,398900,-0.2982423019865732
20250512,3369.2451171875,3369.2451171875,3372.471923828125,3344.26904296875,3352.969970703125,418200,0.8152633665935438
20250513,3374.87109375,3374.87109375,3386.23388671875,3370.251953125,3386.23388671875,426200,0.1669803284361837
20250514,3403.947998046875,3403.947998046875,3417.31396484375,3368.077880859375,3374.235107421875,464900,0.8615708123111077
20250515,3380.821044921875,3380.821044921875,3402.865966796875,3378.02099609375,3398.427001953125,424100,-0.6794155826783999
20250516,3367.4619140625,3367.4619140625,3380.2900390625,3356.660888671875,3374.7060546875,395400,-0.3951445723352043
20250519,3367.5830078125,3367.5830078125,3373.59912109375,3356.64794921875,3365.882080078125,403100,0.003595994641969469
20250520,3380.47802734375,3380.47802734375,3387.803955078125,3369.962890625,3371.68896484375,405500,0.3829161597898256
20250521,3387.573974609375,3387.573974609375,3394.75390625,3380.208984375,3380.208984375,412500,0.2099095810778273
20250522,3380.18896484375,3380.18896484375,3390.593017578125,3376.23291015625,3381.864990234375,394200,-0.21800290771440967
20250523,3348.3720703125,3348.3720703125,3389.468994140625,3348.3720703125,3376.868896484375,400200,-0.9412756169009273
20250526,3346.839111328125,3346.839111328125,3362.306884765625,3336.35498046875,3346.56103515625,347600,-0.04578221751300182
20250527,3340.68701171875,3340.68701171875,3351.572021484375,3332.489990234375,3346.5029296875,344100,-0.18381820591709674
20250528,3339.931884765625,3339.931884765625,3348.23388671875,3336.72705078125,3341.85205078125,341600,-0.022603941957932694
20250529,3363.446044921875,3363.446044921875,3368.633056640625,3337.4150390625,3340.40087890625,393200,0.704031129003102
20250530,3347.487060546875,3347.487060546875,3361.27490234375,3341.64794921875,3358.80908203125,385600,-0.47448313907383355
20250603,3361.97607421875,3361.97607421875,3366.9970703125,3340.06689453125,3340.06689453125,398100,0.4328325519952214
20250604,3376.202880859375,3376.202880859375,3379.639892578125,3363.39111328125,3363.39111328125,386500,0.42316799187605003
20250605,3384.09912109375,3384.09912109375,3387.764892578125,3371.14599609375,3378.217041015625,406300,0.23387931688410024
20250606,3385.35791015625,3385.35791015625,3391.450927734375,3379.763916015625,3384.294921875,380100,0.03719716880199453
20250609,3399.77197265625,3399.77197265625,3402.050048828125,3383.073974609375,3388.778076171875,427300,0.4257766204500024
20250610,3384.81591796875,3384.81591796875,3406.451904296875,3365.6669921875,3402.012939453125,481600,-0.43991346501438544
20250611,3402.31591796875,3402.31591796875,3413.512939453125,3385.45703125,3385.45703125,424100,0.5170148221975257
20250612,3402.657958984375,3402.657958984375,3408.205078125,3388.865966796875,3397.971923828125,409500,0.010053182122748971
20250613,3376.99609375,3376.99609375,3401.552978515625,3370.592041015625,3397.48388671875,510100,-0.7541711668849205
20250616,3388.72900390625,3388.72900390625,3389.756103515625,3368.8759765625,3369.365966796875,405400,0.3474362963571398
20250617,3387.405029296875,3387.405029296875,3393.31298828125,3376.419921875,3388.179931640625,390000,-0.03906994651531326
20250618,3388.80908203125,3388.80908203125,3391.708984375,3369.986083984375,3386.135986328125,378700,0.041449213254152184
20250619,3362.10791015625,3362.10791015625,3386.9189453125,3353.93603515625,3384.29296875,415300,-0.7879219875967514
20250620,3359.89501953125,3359.89501953125,3370.798095703125,3357.7060546875,3358.9130859375,350200,-0.06581854848606294
20250623,3381.58203125,3381.58203125,3389.451904296875,3347.65087890625,3349.4599609375,384600,0.645466944433748
20250624,3420.56591796875,3420.56591796875,3423.783935546875,3380.080078125,3380.080078125,461000,1.1528298399533288
20250625,3455.97412109375,3455.97412109375,3459.009033203125,3417.410888671875,3419.091064453125,509400,1.035156286244776
20250626,3448.452880859375,3448.452880859375,3462.751953125,3446.18603515625,3451.718994140625,496500,-0.21763010864197518
20250627,3424.22705078125,3424.22705078125,3462.626953125,3421.0400390625,3450.68603515625,523100,-0.7025130084447495
20250630,3444.426025390625,3444.426025390625,3447.4599609375,3420.112060546875,3423.47412109375,457300,0.5898842077299404
20250701,3457.747314453125,3457.747314453125,3459.586669921875,3441.037841796875,3445.845703125,1486000940,0.38674916994303477
