date,adj close,close,high,low,open,volume,change
19920102,3172.39990234375,3172.39990234375,3172.6298828125,3139.31005859375,3152.10009765625,23550000,0.0
19920103,3201.5,3201.5,3210.639892578125,3165.919921875,3172.39990234375,23620000,0.917289703443469
19920106,3200.10009765625,3200.10009765625,3213.330078125,3191.860107421875,3201.5,27280000,-0.04372645146806242
19920107,3204.800048828125,3204.800048828125,3210.199951171875,3184.47998046875,3200.10009765625,25510000,0.146868879986517
19920108,3203.89990234375,3203.89990234375,3229.199951171875,3185.820068359375,3204.800048828125,29040000,-0.02808744603908231
19920109,3209.5,3209.5,3228.31005859375,3192.75,3203.89990234375,29820000,0.17479003174079022
19920110,3199.5,3199.5,3217.1298828125,3185.3798828125,3209.5,23440000,-0.3115750116840621
19920113,3185.60009765625,3185.60009765625,3201.25,3179.110107421875,3199.5,19300000,-0.4344398294655383
19920114,3246.199951171875,3246.199951171875,3248.8798828125,3182.919921875,3185.60009765625,24220000,1.9023057401401422
19920115,3258.5,3258.5,3263.419921875,3232.110107421875,3246.199951171875,29560000,0.3789060751998585
19920116,3249.60009765625,3249.60009765625,3262.75,3222.050048828125,3258.5,38100000,-0.2731288121451625
19920117,3265.0,3265.0,3279.9599609375,3243.2900390625,3249.60009765625,39780000,0.4739014611323089
19920120,3254.0,3254.0,3269.89990234375,3245.080078125,3265.0,18190000,-0.33690658499234694
19920121,3223.39990234375,3223.39990234375,3254.469970703125,3215.340087890625,3254.0,24160000,-0.9403840705669908
19920122,3255.800048828125,3255.800048828125,3256.0400390625,3216.909912109375,3223.39990234375,21590000,1.0051544166399085
19920123,3226.699951171875,3226.699951171875,3266.989990234375,3222.93994140625,3255.800048828125,22140000,-0.8937925308627026
19920124,3232.800048828125,3232.800048828125,3248.429931640625,3216.679931640625,3226.699951171875,22600000,0.18905066317165264
19920127,3240.60009765625,3240.60009765625,3246.64990234375,3230.550048828125,3232.800048828125,19110000,0.24127841840859698
19920128,3272.10009765625,3272.10009765625,3275.489990234375,3239.93994140625,3240.60009765625,24960000,0.9720421851120209
19920129,3225.0,3225.0,3299.18994140625,3218.469970703125,3272.10009765625,32500000,-1.439445501376535
19920130,3244.89990234375,3244.89990234375,3247.320068359375,3216.010009765625,3225.0,22080000,0.6170512354651159
19920131,3223.39990234375,3223.39990234375,3255.3701171875,3222.719970703125,3244.89990234375,20610000,-0.6625782195768481
19920203,3234.10009765625,3234.10009765625,3239.0400390625,3213.550048828125,3223.39990234375,18860000,0.33195370219871734
19920204,3272.800048828125,3272.800048828125,3272.81005859375,3229.429931640625,3234.10009765625,23970000,1.1966219351071006
19920205,3257.60009765625,3257.60009765625,3282.199951171875,3251.7900390625,3272.800048828125,27360000,-0.4644326248197661
19920206,3255.60009765625,3255.60009765625,3265.64990234375,3238.60009765625,3257.60009765625,20490000,-0.061394890104493616
19920207,3225.39990234375,3225.39990234375,3269.89990234375,3207.9599609375,3255.60009765625,21660000,-0.927638358723526
19920210,3245.10009765625,3245.10009765625,3247.989990234375,3223.840087890625,3225.39990234375,16100000,0.610783031840012
19920211,3251.60009765625,3251.60009765625,3259.6201171875,3236.139892578125,3245.10009765625,23400000,0.20030198774745323
19920212,3276.800048828125,3276.800048828125,3286.0,3244.6298828125,3251.60009765625,21580000,0.7750015504686125
19920213,3246.699951171875,3246.699951171875,3283.989990234375,3236.360107421875,3276.800048828125,22200000,-0.9185820681067991
19920214,3246.0,3246.0,3254.699951171875,3221.820068359375,3246.699951171875,21260000,-0.021558849983116524
19920218,3224.699951171875,3224.699951171875,3268.56005859375,3219.139892578125,3246.0,21970000,-0.6561937408541274
19920219,3230.300048828125,3230.300048828125,3241.72998046875,3215.340087890625,3224.699951171875,22930000,0.17366259624294056
19920220,3280.60009765625,3280.60009765625,3283.77001953125,3230.550048828125,3230.60009765625,25840000,1.5571324046623092
19920221,3280.199951171875,3280.199951171875,3286.669921875,3252.909912109375,3280.60009765625,26840000,-0.012197356351384414
19920224,3282.39990234375,3282.39990234375,3289.800048828125,3266.10009765625,3280.199951171875,17880000,0.06706759358034997
19920225,3257.800048828125,3257.800048828125,3282.199951171875,3240.3798828125,3282.199951171875,20980000,-0.7494471803408231
19920226,3283.300048828125,3283.300048828125,3290.919921875,3254.469970703125,3257.800048828125,21160000,0.782736804524653
19920227,3269.5,3269.5,3286.89990234375,3265.8798828125,3283.300048828125,18710000,-0.42031031653809725
19920228,3267.699951171875,3267.699951171875,3293.3798828125,3259.389892578125,3269.5,17960000,-0.055055783089918986
19920302,3275.300048828125,3275.300048828125,3276.6201171875,3261.39990234375,3267.699951171875,17220000,0.2325824821683753
19920303,3290.300048828125,3290.300048828125,3295.6201171875,3272.81005859375,3275.300048828125,19520000,0.4579733085940285
19920304,3268.60009765625,3268.60009765625,3299.639892578125,3268.56005859375,3290.300048828125,22800000,-0.659512836210896
19920305,3241.5,3241.5,3268.340087890625,3235.68994140625,3268.300048828125,18220000,-0.8291041071583516
19920306,3221.60009765625,3221.60009765625,3252.010009765625,3213.77001953125,3241.5,18460000,-0.6139102990513678
19920309,3215.10009765625,3215.10009765625,3227.18994140625,3211.31005859375,3221.60009765625,16530000,-0.20176309296516814
19920310,3231.0,3231.0,3248.2099609375,3214.669921875,3215.10009765625,20730000,0.4945383304034934
19920311,3208.60009765625,3208.60009765625,3233.449951171875,3198.35009765625,3231.0,17670000,-0.693280790583406
19920312,3208.60009765625,3208.60009765625,3213.10009765625,3188.280029296875,3208.60009765625,18080000,0.0
19920313,3235.89990234375,3235.89990234375,3237.030029296875,3208.179931640625,3208.60009765625,16370000,0.8508322588234529
19920316,3236.39990234375,3236.39990234375,3236.580078125,3208.409912109375,3235.89990234375,15050000,0.015451652247899794
19920317,3256.0,3256.0,3260.06005859375,3235.909912109375,3236.39990234375,18020000,0.6056142086166671
19920318,3254.300048828125,3254.300048828125,3271.909912109375,3246.199951171875,3256.0,17890000,-0.05220980257600871
19920319,3261.39990234375,3261.39990234375,3269.89990234375,3251.14990234375,3254.300048828125,17170000,0.21816837443067172
19920320,3276.39990234375,3276.39990234375,3277.280029296875,3255.81005859375,3261.39990234375,28640000,0.4599251992747133
19920323,3272.10009765625,3272.10009765625,3275.93994140625,3261.179931640625,3275.89990234375,15690000,-0.1312356493608835
19920324,3261.0,3261.0,3284.43994140625,3249.110107421875,3272.10009765625,24380000,-0.3392346604616625
19920325,3259.39990234375,3259.39990234375,3276.389892578125,3251.1201171875,3261.0,18960000,-0.049067698750382416
19920326,3267.699951171875,3267.699951171875,3275.0400390625,3251.340087890625,3259.39990234375,18120000,0.2546496004419918
19920327,3231.39990234375,3231.39990234375,3268.110107421875,3226.52001953125,3267.699951171875,15140000,-1.1108746020302984
19920330,3235.199951171875,3235.199951171875,3248.8798828125,3229.429931640625,3231.39990234375,12640000,0.11759760298837296
19920331,3235.5,3235.5,3260.72998046875,3228.97998046875,3235.199951171875,15110000,0.009274506449474806
19920401,3249.300048828125,3249.300048828125,3252.239990234375,3215.340087890625,3235.5,18840000,0.4265198216079513
19920402,3234.10009765625,3234.10009765625,3259.6201171875,3220.260009765625,3249.300048828125,19020000,-0.4677915533641497
19920403,3249.10009765625,3249.10009765625,3250.889892578125,3211.31005859375,3234.10009765625,21150000,0.46380753678187947
19920406,3275.5,3275.5,3276.830078125,3249.300048828125,3249.300048828125,20110000,0.8125296713017205
19920407,3213.60009765625,3213.60009765625,3279.2900390625,3211.090087890625,3275.5,22490000,-1.889784837238595
19920408,3181.39990234375,3181.39990234375,3213.60009765625,3161.22998046875,3213.60009765625,29710000,-1.0019975832084471
19920409,3225.0,3225.0,3231.659912109375,3181.800048828125,3181.800048828125,24490000,1.370468944320069
19920410,3255.39990234375,3255.39990234375,3262.969970703125,3225.60009765625,3225.60009765625,18650000,0.9426326308139554
19920413,3269.89990234375,3269.89990234375,3270.570068359375,3248.429931640625,3255.39990234375,13220000,0.4454137873986186
19920414,3306.10009765625,3306.10009765625,3322.22998046875,3269.449951171875,3269.89990234375,26050000,1.1070735005237697
19920415,3353.800048828125,3353.800048828125,3354.199951171875,3307.0,3307.0,25460000,1.4427860549561133
19920416,3366.5,3366.5,3366.5,3343.25,3353.800048828125,27840000,0.378673474475999
19920420,3336.300048828125,3336.300048828125,3365.610107421875,3315.52001953125,3365.60009765625,22290000,-0.8970726621676861
19920421,3343.300048828125,3343.300048828125,3350.6298828125,3320.889892578125,3336.300048828125,20080000,0.20981326312239368
19920422,3338.800048828125,3338.800048828125,3352.860107421875,3330.719970703125,3343.300048828125,18160000,-0.13459755134982432
19920423,3348.60009765625,3348.60009765625,3352.860107421875,3330.719970703125,3338.800048828125,24810000,0.2935200876004851
19920424,3324.5,3324.5,3361.81005859375,3323.1201171875,3348.60009765625,21220000,-0.7197066521355655
19920427,3304.56005859375,3304.56005859375,3324.02001953125,3303.669921875,3324.0,21610000,-0.5997876795382773
19920428,3307.89990234375,3307.89990234375,3317.080078125,3283.989990234375,3304.5,18860000,0.10106772734586045
19920429,3333.199951171875,3333.199951171875,3338.77001953125,3308.10009765625,3308.10009765625,21280000,0.7648371950493171
19920430,3359.10009765625,3359.10009765625,3361.139892578125,3328.489990234375,3333.199951171875,22960000,0.7770354873330998
19920501,3336.10009765625,3336.10009765625,3362.030029296875,3324.02001953125,3359.10009765625,19380000,-0.6847071933357318
19920504,3378.10009765625,3378.10009765625,3387.52001953125,3335.8701171875,3336.10009765625,18680000,1.2589550304412889
19920505,3359.39990234375,3359.39990234375,3378.1298828125,3358.89990234375,3378.10009765625,18080000,-0.5535713795300046
19920506,3369.39990234375,3369.39990234375,3383.719970703125,3360.0,3360.0,17940000,0.297672212022837
19920507,3363.39990234375,3363.39990234375,3374.780029296875,3357.330078125,3369.39990234375,17570000,-0.17807325262360063
19920508,3369.39990234375,3369.39990234375,3375.669921875,3353.530029296875,3363.39990234375,14560000,0.17839091913569582
19920511,3397.60009765625,3397.60009765625,3397.81005859375,3368.9599609375,3369.39990234375,14110000,0.8369500839862987
19920512,3385.10009765625,3385.10009765625,3440.669921875,3373.909912109375,3397.60009765625,19030000,-0.3679067471366815
19920513,3392.0,3392.0,3396.7900390625,3378.7099609375,3385.10009765625,17720000,0.20383156021079873
19920514,3368.89990234375,3368.89990234375,3393.580078125,3357.2099609375,3392.0,18270000,-0.6810170299601959
19920515,3353.10009765625,3353.10009765625,3368.89990234375,3346.0,3368.89990234375,18430000,-0.4689900307369821
19920518,3376.0,3376.0,3381.639892578125,3353.090087890625,3353.10009765625,14960000,0.6829471735650516
19920519,3398.0,3398.0,3440.18994140625,3368.469970703125,3376.0,20950000,0.6516587677725116
19920520,3393.800048828125,3393.800048828125,3404.340087890625,3388.22998046875,3398.0,34230000,-0.12360068192687201
19920521,3378.699951171875,3378.699951171875,3394.090087890625,3365.5400390625,3393.800048828125,19190000,-0.4449318592432694
19920522,3386.800048828125,3386.800048828125,3392.6201171875,3376.52001953125,3378.699951171875,17690000,0.23974007083524818
19920526,3364.199951171875,3364.199951171875,3386.800048828125,3356.43994140625,3386.800048828125,25940000,-0.6672994369440244
19920527,3370.39990234375,3370.39990234375,3380.330078125,3360.070068359375,3364.199951171875,22390000,0.1842919939914811
19920528,3398.39990234375,3398.39990234375,3398.429931640625,3368.6201171875,3370.39990234375,18350000,0.830761951438741
19920529,3396.89990234375,3396.89990234375,3420.2099609375,3396.10009765625,3398.39990234375,20770000,-0.04413841934745033
19920601,3413.199951171875,3413.199951171875,3413.469970703125,3373.030029296875,3396.89990234375,21280000,0.47985072556535613
19920602,3396.10009765625,3396.10009765625,3420.469970703125,3392.72998046875,3413.199951171875,22350000,-0.5009918481263864
19920603,3407.0,3407.0,3422.280029296875,3389.360107421875,3396.10009765625,22690000,0.32095350638434716
19920604,3399.699951171875,3399.699951171875,3410.10009765625,3392.469970703125,3407.0,24370000,-0.2142661822167602
19920605,3398.699951171875,3398.699951171875,3403.10009765625,3392.469970703125,3399.699951171875,23760000,-0.029414360513058124
19920608,3404.10009765625,3404.10009765625,3404.1298828125,3391.68994140625,3398.699951171875,16280000,0.15888859157788815
19920609,3369.89990234375,3369.89990234375,3405.429931640625,3359.550048828125,3404.10009765625,17510000,-1.0046765468514574
19920610,3343.199951171875,3343.199951171875,3370.949951171875,3338.2900390625,3369.89990234375,20880000,-0.7923069511146408
19920611,3351.5,3351.5,3352.550048828125,3323.780029296875,3343.199951171875,24850000,0.24826659934640283
19920612,3354.39990234375,3354.39990234375,3381.580078125,3352.0,3352.0,19820000,0.08652550630314781
19920615,3354.89990234375,3354.89990234375,3363.18994140625,3337.510009765625,3354.39990234375,17220000,0.014905795807185207
19920616,3329.5,3329.5,3367.199951171875,3329.489990234375,3354.89990234375,19190000,-0.7570986641361688
19920617,3287.800048828125,3287.800048828125,3329.75,3283.75,3329.5,28140000,-1.2524388398220454
19920618,3274.10009765625,3274.10009765625,3290.429931640625,3269.030029296875,3287.800048828125,25690000,-0.4166905215771233
19920619,3285.39990234375,3285.39990234375,3299.530029296875,3274.3798828125,3274.39990234375,26660000,0.3451270379787319
19920622,3280.800048828125,3280.800048828125,3285.889892578125,3254.050048828125,3285.39990234375,20420000,-0.14000893810045545
19920623,3285.60009765625,3285.60009765625,3296.85009765625,3280.5400390625,3280.800048828125,26320000,0.1463072652001296
19920624,3290.699951171875,3290.699951171875,3302.739990234375,3284.010009765625,3285.60009765625,24360000,0.15521832736926644
19920625,3284.0,3284.0,3304.080078125,3271.43994140625,3290.699951171875,21160000,-0.20360261559213555
19920626,3282.39990234375,3282.39990234375,3290.969970703125,3269.840087890625,3284.0,16650000,-0.04872404556180987
19920629,3319.860107421875,3319.860107421875,3319.860107421875,3282.679931640625,3282.699951171875,17130000,1.1412444002139033
19920630,3318.5,3318.5,3331.6298828125,3316.64990234375,3319.89990234375,18630000,-0.040968817295472526
19920701,3354.10009765625,3354.10009765625,3354.10009765625,3318.7900390625,3318.800048828125,22780000,1.0727767863869309
19920702,3330.300048828125,3330.300048828125,3373.889892578125,3326.5400390625,3354.10009765625,25900000,-0.7095807559457046
19920706,3339.199951171875,3339.199951171875,3340.2900390625,3326.780029296875,3330.300048828125,23870000,0.2672402550299324
19920707,3295.199951171875,3295.199951171875,3352.7099609375,3291.389892578125,3339.199951171875,25200000,-1.3176809009163515
19920708,3293.300048828125,3293.300048828125,3303.27001953125,3273.56005859375,3295.199951171875,23540000,-0.057656663386218554
19920709,3324.10009765625,3324.10009765625,3336.5,3293.550048828125,3293.60009765625,23090000,0.9352336067612432
19920710,3330.60009765625,3330.60009765625,3339.75,3315.159912109375,3324.10009765625,15400000,0.19554164462685097
19920713,3337.300048828125,3337.300048828125,3344.070068359375,3327.050048828125,3330.60009765625,13650000,0.20116348331911116
19920714,3358.39990234375,3358.39990234375,3358.929931640625,3328.669921875,3337.300048828125,19130000,0.6322432267675149
19920715,3345.39990234375,3345.39990234375,3363.25,3339.75,3358.39990234375,21110000,-0.3870891012987321
19920716,3361.60009765625,3361.60009765625,3364.330078125,3333.260009765625,3345.39990234375,21500000,0.48425287814322093
19920717,3331.60009765625,3331.60009765625,3361.10009765625,3317.050048828125,3361.10009765625,22830000,-0.892432149229061
19920720,3303.0,3303.0,3331.10009765625,3287.06005859375,3331.10009765625,18060000,-0.8584492981726699
19920721,3308.39990234375,3308.39990234375,3322.72998046875,3303.27001953125,3303.300048828125,16810000,0.1634847818271279
19920722,3277.60009765625,3277.60009765625,3307.89990234375,3275.179931640625,3307.89990234375,19750000,-0.9309577317325068
19920723,3290.0,3290.0,3291.389892578125,3266.530029296875,3277.60009765625,23000000,0.3783226133236006
19920724,3285.699951171875,3285.699951171875,3297.300048828125,3276.800048828125,3290.0,13420000,-0.13070057228343757
19920727,3282.199951171875,3282.199951171875,3299.489990234375,3282.199951171875,3285.699951171875,14760000,-0.10652220385345412
19920728,3334.10009765625,3334.10009765625,3335.14990234375,3282.199951171875,3282.199951171875,22000000,1.5812609608334416
19920729,3379.199951171875,3379.199951171875,3385.1298828125,3334.090087890625,3334.10009765625,30410000,1.352684448416186
19920730,3391.89990234375,3391.89990234375,3395.93994140625,3374.330078125,3379.199951171875,20060000,0.3758271589543227
19920731,3393.800048828125,3393.800048828125,3402.9599609375,3385.669921875,3391.89990234375,13500000,0.05602012261807232
19920803,3395.39990234375,3395.39990234375,3399.989990234375,3384.050048828125,3393.800048828125,17280000,0.047140476533891196
19920804,3384.300048828125,3384.300048828125,3396.75,3377.570068359375,3395.39990234375,16430000,-0.3269085773361491
19920805,3365.10009765625,3365.10009765625,3384.320068359375,3360.280029296875,3384.300048828125,17830000,-0.5673241407340157
19920806,3340.60009765625,3340.60009765625,3365.679931640625,3338.929931640625,3365.10009765625,21950000,-0.7280615520787626
19920807,3332.199951171875,3332.199951171875,3369.72998046875,3331.3701171875,3340.60009765625,22310000,-0.2514562126208597
19920810,3337.56005859375,3337.56005859375,3337.580078125,3316.780029296875,3332.199951171875,15580000,0.16085791670423788
19920811,3331.10009765625,3331.10009765625,3342.179931640625,3314.35009765625,3337.60009765625,18000000,-0.19355339901274693
19920812,3320.800048828125,3320.800048828125,3342.179931640625,3310.840087890625,3331.10009765625,15480000,-0.30920862556402806
19920813,3313.300048828125,3313.300048828125,3337.0400390625,3306.7900390625,3320.800048828125,19900000,-0.22584918964472234
19920814,3328.89990234375,3328.89990234375,3331.909912109375,3311.110107421875,3313.300048828125,15400000,0.47082525837471856
19920817,3324.89990234375,3324.89990234375,3338.929931640625,3321.639892578125,3328.89990234375,13860000,-0.12015981607568227
19920818,3329.5,3329.5,3332.449951171875,3315.699951171875,3324.89990234375,12930000,0.13835296674666875
19920819,3307.10009765625,3307.10009765625,3335.68994140625,3307.06005859375,3329.5,14420000,-0.6727707566826835
19920820,3304.89990234375,3304.89990234375,3315.429931640625,3295.43994140625,3307.10009765625,14690000,-0.06652944415136419
19920821,3254.10009765625,3254.10009765625,3324.080078125,3254.10009765625,3304.89990234375,21610000,-1.5371056972549813
19920824,3228.199951171875,3228.199951171875,3254.10009765625,3223.0400390625,3254.10009765625,18360000,-0.7959234721460873
19920825,3232.199951171875,3232.199951171875,3235.18994140625,3207.10009765625,3228.199951171875,22460000,0.12390806209348071
19920826,3246.800048828125,3246.800048828125,3250.050048828125,3225.469970703125,3232.199951171875,17870000,0.4517077494217592
19920827,3254.60009765625,3254.60009765625,3273.02001953125,3246.800048828125,3246.800048828125,19790000,0.2402380408655036
19920828,3267.60009765625,3267.60009765625,3269.77001953125,3249.780029296875,3254.60009765625,14430000,0.39943463436142856
19920831,3257.39990234375,3257.39990234375,3274.10009765625,3254.3701171875,3267.60009765625,12800000,-0.3121616785302539
19920901,3266.260009765625,3266.260009765625,3266.260009765625,3254.10009765625,3257.39990234375,15460000,0.2719993764198181
19920902,3290.300048828125,3290.300048828125,3292.469970703125,3263.830078125,3266.300048828125,18670000,0.7360111868199182
19920903,3292.199951171875,3292.199951171875,3313.5400390625,3285.179931640625,3290.300048828125,23480000,0.05774252547048331
19920904,3281.89990234375,3281.89990234375,3296.52001953125,3277.610107421875,3292.199951171875,13210000,-0.3128621888369376
19920908,3260.60009765625,3260.60009765625,3282.739990234375,3257.6201171875,3281.89990234375,15630000,-0.6490083586123019
19920909,3271.39990234375,3271.39990234375,3273.02001953125,3258.159912109375,3260.60009765625,18870000,0.33122138146481905
19920910,3305.199951171875,3305.199951171875,3312.72998046875,3270.85009765625,3271.39990234375,22820000,1.033198319896922
19920911,3305.699951171875,3305.699951171875,3317.320068359375,3300.840087890625,3305.199951171875,16780000,0.015127677822412977
19920914,3376.199951171875,3376.199951171875,3376.489990234375,3306.7900390625,3306.800048828125,30720000,2.1326799480094305
19920915,3327.300048828125,3327.300048828125,3375.409912109375,3323.0,3375.39990234375,20210000,-1.4483710399550542
19920916,3319.199951171875,3319.199951171875,3333.889892578125,3307.60009765625,3327.300048828125,26850000,-0.24344355896315228
19920917,3315.699951171875,3315.699951171875,3328.669921875,3311.3798828125,3319.199951171875,20170000,-0.10544709723692147
19920918,3327.10009765625,3327.10009765625,3327.320068359375,3308.679931640625,3315.699951171875,24980000,0.34382322442492175
19920921,3320.800048828125,3320.800048828125,3327.840087890625,3310.570068359375,3327.10009765625,15850000,-0.18935555418254646
19920922,3280.89990234375,3280.89990234375,3321.10009765625,3280.0400390625,3320.800048828125,21070000,-1.2015221000269305
19920923,3278.699951171875,3278.699951171875,3287.60009765625,3264.909912109375,3280.89990234375,23860000,-0.06705328529844623
19920924,3287.89990234375,3287.89990234375,3294.89990234375,3278.9599609375,3279.0,26240000,0.2805975328296517
19920925,3250.300048828125,3250.300048828125,3289.77001953125,3244.840087890625,3287.89990234375,22110000,-1.143582670774812
19920928,3276.260009765625,3276.260009765625,3276.260009765625,3242.760009765625,3250.300048828125,18020000,0.7986942912196593
19920929,3266.800048828125,3266.800048828125,3280.0400390625,3259.239990234375,3276.300048828125,22280000,-0.2887426794363823
19920930,3271.699951171875,3271.699951171875,3276.800048828125,3264.3701171875,3266.800048828125,19290000,0.14999088620399892
19921001,3254.39990234375,3254.39990234375,3280.85009765625,3246.0,3271.699951171875,21020000,-0.5287785886944896
19921002,3200.60009765625,3200.60009765625,3259.239990234375,3198.719970703125,3254.39990234375,20670000,-1.6531405574574443
19921005,3179.0,3179.0,3200.610107421875,3095.7900390625,3200.60009765625,37360000,-0.6748764918199979
19921006,3178.199951171875,3178.199951171875,3191.969970703125,3157.659912109375,3179.0,20220000,-0.02516668223104812
19921007,3152.300048828125,3152.300048828125,3187.909912109375,3145.77001953125,3178.199951171875,19530000,-0.8149236278919503
19921008,3176.0,3176.0,3178.18994140625,3145.77001953125,3152.300048828125,22490000,0.7518304350718541
19921009,3136.60009765625,3136.60009765625,3176.300048828125,3131.719970703125,3176.0,19310000,-1.2405510813523257
19921012,3174.39990234375,3174.39990234375,3174.679931640625,3136.31005859375,3136.60009765625,14260000,1.205120305764984
19921013,3201.39990234375,3201.39990234375,3211.9599609375,3167.64990234375,3174.39990234375,20360000,0.8505544616500549
19921014,3195.5,3195.5,3217.090087890625,3179.0,3201.39990234375,18730000,-0.18429132641101242
19921015,3174.699951171875,3174.699951171875,3198.449951171875,3167.3798828125,3195.5,32240000,-0.6509168777382279
19921016,3174.39990234375,3174.39990234375,3180.35009765625,3142.530029296875,3174.699951171875,40880000,-0.00945124996818425
19921019,3188.5,3188.5,3197.639892578125,3169.0,3174.39990234375,26190000,0.4441815174527797
19921020,3186.0,3186.0,3213.0400390625,3179.0,3188.5,26500000,-0.07840677434530763
19921021,3187.10009765625,3187.10009765625,3199.800048828125,3179.81005859375,3186.0,24690000,0.03452911664312275
19921022,3200.89990234375,3200.89990234375,3202.5,3174.679931640625,3187.10009765625,23070000,0.43298937167515206
19921023,3207.60009765625,3207.60009765625,3215.199951171875,3196.02001953125,3200.89990234375,26490000,0.20932223802418992
19921026,3244.10009765625,3244.10009765625,3244.919921875,3205.199951171875,3207.60009765625,23440000,1.137922399574376
19921027,3235.699951171875,3235.699951171875,3251.39990234375,3221.949951171875,3244.10009765625,24860000,-0.25893610651668286
19921028,3251.39990234375,3251.39990234375,3251.39990234375,3224.1201171875,3235.699951171875,29930000,0.4852103535183838
19921029,3246.300048828125,3246.300048828125,3254.909912109375,3236.81005859375,3251.39990234375,20070000,-0.15685100783662254
19921030,3226.300048828125,3226.300048828125,3230.60009765625,3224.1201171875,3230.60009765625,18450000,-0.6160859963397325
19921102,3262.199951171875,3262.199951171875,3262.2099609375,3221.409912109375,3226.300048828125,23860000,1.1127267086267878
19921103,3252.5,3252.5,3266.800048828125,3236.81005859375,3262.199951171875,25520000,-0.2973438574294218
19921104,3223.0,3223.0,3268.14990234375,3219.52001953125,3252.5,20330000,-0.906994619523438
19921105,3243.800048828125,3243.800048828125,3245.18994140625,3215.199951171875,3223.0,27030000,0.6453629794640037
19921106,3240.10009765625,3240.10009765625,3250.050048828125,3234.35009765625,3243.800048828125,23660000,-0.11406224539677323
19921109,3240.89990234375,3240.89990234375,3259.780029296875,3231.679931640625,3240.10009765625,19980000,0.024684567247734712
19921110,3225.5,3225.5,3252.47998046875,3224.659912109375,3240.89990234375,21540000,-0.4751736495352099
19921111,3240.300048828125,3240.300048828125,3245.72998046875,3219.25,3225.5,22660000,0.45884510395675093
19921112,3239.800048828125,3239.800048828125,3250.050048828125,3230.8701171875,3240.300048828125,22880000,-0.015430669767169114
19921113,3233.0,3233.0,3240.60009765625,3224.1201171875,3239.800048828125,19110000,-0.2098910033224044
19921116,3205.699951171875,3205.699951171875,3233.030029296875,3203.85009765625,3233.0,17400000,-0.8444184605049476
19921117,3193.300048828125,3193.300048828125,3211.9599609375,3184.669921875,3205.699951171875,18600000,-0.3868079524790513
19921118,3207.39990234375,3207.39990234375,3214.929931640625,3191.429931640625,3193.300048828125,23240000,0.44154490026075965
19921119,3209.5,3209.5,3216.820068359375,3200.610107421875,3207.39990234375,21590000,0.06547663902825018
19921120,3227.39990234375,3227.39990234375,3231.139892578125,3209.800048828125,3209.800048828125,34640000,0.5577162281897419
19921123,3223.0,3223.0,3234.110107421875,3214.659912109375,3227.39990234375,23660000,-0.1363296299462191
19921124,3248.699951171875,3248.699951171875,3265.989990234375,3221.679931640625,3223.0,28070000,0.7973922175573911
19921125,3266.300048828125,3266.300048828125,3269.22998046875,3247.080078125,3248.699951171875,23070000,0.5417581777566571
19921127,3282.199951171875,3282.199951171875,3296.25,3266.260009765625,3266.300048828125,12440000,0.48678633640697466
19921130,3305.199951171875,3305.199951171875,3308.409912109375,3282.699951171875,3282.699951171875,23060000,0.7007495077132164
19921201,3294.39990234375,3294.39990234375,3307.8701171875,3286.25,3305.199951171875,32070000,-0.32675931827651494
19921202,3286.300048828125,3286.300048828125,3297.06005859375,3280.31005859375,3294.39990234375,21220000,-0.2458673432409464
19921203,3276.5,3276.5,3291.659912109375,3268.9599609375,3286.300048828125,20720000,-0.298209192177068
19921204,3288.699951171875,3288.699951171875,3298.949951171875,3272.469970703125,3276.5,23710000,0.3723470523996575
19921207,3307.300048828125,3307.300048828125,3307.60009765625,3288.949951171875,3289.0,25690000,0.5655760006206156
19921208,3322.199951171875,3322.199951171875,3323.5400390625,3303.5400390625,3307.300048828125,23040000,0.45051559047475376
19921209,3323.800048828125,3323.800048828125,3335.68994140625,3308.139892578125,3322.199951171875,22660000,0.048163797476585835
19921210,3312.199951171875,3312.199951171875,3323.81005859375,3300.570068359375,3323.800048828125,20230000,-0.34900106762859595
19921211,3304.10009765625,3304.10009765625,3311.919921875,3301.110107421875,3311.89990234375,13550000,-0.24454603088679416
19921214,3292.199951171875,3292.199951171875,3317.050048828125,3292.199951171875,3304.10009765625,16700000,-0.36016301360894953
19921215,3284.39990234375,3284.39990234375,3295.43994140625,3279.5,3292.199951171875,29640000,-0.23692512434879687
19921216,3255.199951171875,3255.199951171875,3295.7099609375,3248.159912109375,3284.39990234375,30870000,-0.8890498124493829
19921217,3269.199951171875,3269.199951171875,3271.929931640625,3251.39990234375,3255.199951171875,28370000,0.4300811074588573
19921218,3313.300048828125,3313.300048828125,3313.5400390625,3270.85009765625,3270.89990234375,48430000,1.3489568798152662
19921221,3312.5,3312.5,3318.39990234375,3303.27001953125,3313.300048828125,26680000,-0.024146585468709514
19921222,3321.10009765625,3321.10009765625,3328.93994140625,3301.64990234375,3312.5,25970000,0.25962558962264737
19921223,3313.5400390625,3313.5400390625,3332.719970703125,3313.5400390625,3321.10009765625,21980000,-0.2276371795925436
19921224,3326.199951171875,3326.199951171875,3328.1298828125,3313.0,3313.5,9930000,0.38206606711042035
19921228,3333.260009765625,3333.260009765625,3333.260009765625,3309.219970703125,3326.199951171875,13930000,0.21225598873761964
19921229,3310.800048828125,3310.800048828125,3352.7099609375,3306.52001953125,3333.300048828125,25400000,-0.673813650051236
19921230,3321.10009765625,3321.10009765625,3328.669921875,3309.760009765625,3310.800048828125,16000000,0.31110452688831725
19921231,3301.110107421875,3301.110107421875,3327.860107421875,3301.110107421875,3321.10009765625,13860000,-0.6019086943053087
19930104,3309.199951171875,3309.199951171875,3319.2099609375,3298.679931640625,3301.10009765625,21400000,0.2450643415925935
19930105,3307.89990234375,3307.89990234375,3320.830078125,3300.570068359375,3309.199951171875,28060000,-0.03928589530121096
19930106,3305.199951171875,3305.199951171875,3312.18994140625,3290.580078125,3307.89990234375,35790000,-0.08162130812852109
19930107,3269.0,3269.0,3313.27001953125,3260.860107421875,3305.199951171875,36820000,-1.0952423970307823
19930108,3251.699951171875,3251.699951171875,3269.0,3231.949951171875,3269.0,30690000,-0.5292153205299743
19930111,3262.75,3262.75,3262.75,3250.050048828125,3251.699951171875,24500000,0.3398237535459758
19930112,3264.60009765625,3264.60009765625,3268.68994140625,3240.06005859375,3262.800048828125,29660000,0.0567036290322509
19930113,3263.60009765625,3263.60009765625,3269.5,3243.840087890625,3264.60009765625,28950000,-0.030631623172405753
19930114,3267.89990234375,3267.89990234375,3279.22998046875,3251.1298828125,3263.60009765625,36150000,0.13175035417445358
19930115,3271.10009765625,3271.10009765625,3285.169921875,3258.159912109375,3267.89990234375,39270000,0.09792819266603026
19930118,3274.89990234375,3274.89990234375,3275.719970703125,3263.02001953125,3271.10009765625,23030000,0.11616289853748629
19930119,3256.0,3256.0,3283.280029296875,3254.3701171875,3274.89990234375,35680000,-0.5771138937780584
19930120,3242.0,3242.0,3264.10009765625,3240.60009765625,3256.0,26680000,-0.4299754299754266
19930121,3253.0,3253.0,3257.6201171875,3231.949951171875,3242.0,27040000,0.33929673041332986
19930122,3256.800048828125,3256.800048828125,3267.340087890625,3250.050048828125,3253.0,30760000,0.1168167484821625
19930125,3292.199951171875,3292.199951171875,3294.89990234375,3257.889892578125,3257.89990234375,35840000,1.0869535069089498
19930126,3299.0,3299.0,3320.02001953125,3291.659912109375,3292.199951171875,47430000,0.2065502985535428
19930127,3291.39990234375,3291.39990234375,3301.64990234375,3274.909912109375,3299.0,32270000,-0.23037580043194783
19930128,3306.300048828125,3306.300048828125,3308.409912109375,3289.77001953125,3291.39990234375,27930000,0.45269936581588954
19930129,3310.0,3310.0,3315.159912109375,3298.949951171875,3306.300048828125,22060000,0.1119060919224868
19930201,3332.199951171875,3332.199951171875,3332.449951171875,3309.489990234375,3310.0,27910000,0.6706933888783961
19930202,3328.699951171875,3328.699951171875,3334.8798828125,3318.669921875,3332.199951171875,27290000,-0.1050357136812563
19930203,3373.800048828125,3373.800048828125,3379.4599609375,3328.89990234375,3328.89990234375,35290000,1.354886241410025
19930204,3416.699951171875,3416.699951171875,3423.77001953125,3374.06005859375,3374.10009765625,36250000,1.2715603095284633
19930205,3442.10009765625,3442.10009765625,3443.219970703125,3411.340087890625,3416.699951171875,38720000,0.7434116793212375
19930208,3437.5,3437.5,3456.72998046875,3429.43994140625,3442.10009765625,29460000,-0.13364218139333417
19930209,3414.60009765625,3414.60009765625,3437.5400390625,3407.830078125,3437.5,23530000,-0.6661789772727245
19930210,3412.39990234375,3412.39990234375,3424.580078125,3394.320068359375,3414.60009765625,26770000,-0.06443493380118293
19930211,3422.699951171875,3422.699951171875,3442.679931640625,3411.8798828125,3412.39990234375,29250000,0.301841786510737
19930212,3392.429931640625,3392.429931640625,3425.659912109375,3392.429931640625,3422.699951171875,22870000,-0.8843901003033006
19930216,3309.5,3309.5,3392.199951171875,3304.6201171875,3392.199951171875,38580000,-2.44455842306871
19930217,3312.199951171875,3312.199951171875,3317.590087890625,3290.31005859375,3309.5,31700000,0.08158184535049795
19930218,3302.199951171875,3302.199951171875,3348.659912109375,3266.800048828125,3312.199951171875,33650000,-0.3019141400706138
19930219,3322.179931640625,3322.179931640625,3322.179931640625,3287.8701171875,3302.199951171875,30520000,0.6050505954873886
19930222,3342.989990234375,3342.989990234375,3345.9599609375,3317.050048828125,3322.199951171875,34140000,0.6263976973538865
19930223,3323.27001953125,3323.27001953125,3353.52001953125,3316.780029296875,3343.0,34930000,-0.5898902108810167
19930224,3356.5,3356.5,3356.77001953125,3322.179931640625,3323.300048828125,29410000,0.9999181611320518
19930225,3365.139892578125,3365.139892578125,3365.139892578125,3343.260009765625,3356.5,25250000,0.2574077931811303
19930226,3370.81005859375,3370.81005859375,3378.110107421875,3351.360107421875,3365.10009765625,21990000,0.16849718575238093
19930301,3355.409912109375,3355.409912109375,3383.780029296875,3350.010009765625,3370.800048828125,21770000,-0.45686782158231853
19930302,3400.530029296875,3400.530029296875,3400.800048828125,3343.260009765625,3355.39990234375,25310000,1.344697618751911
19930303,3404.0400390625,3404.0400390625,3413.77001953125,3391.6201171875,3400.5,25160000,0.10321949035547728
19930304,3398.909912109375,3398.909912109375,3409.449951171875,3388.909912109375,3404.0,21250000,-0.1507070097371055
19930305,3404.580078125,3404.580078125,3433.219970703125,3391.889892578125,3398.89990234375,28020000,0.16682307452233758
19930308,3469.419921875,3469.419921875,3471.0400390625,3391.889892578125,3404.60009765625,32460000,1.9044887258375054
19930309,3472.1201171875,3472.1201171875,3482.1201171875,3462.39990234375,3469.39990234375,28120000,0.07782843741326317
19930310,3478.340087890625,3478.340087890625,3478.340087890625,3449.429931640625,3472.10009765625,28730000,0.17914042409810094
19930311,3457.0,3457.0,3479.68994140625,3450.510009765625,3478.300048828125,24220000,-0.6135135539195202
19930312,3427.820068359375,3427.820068359375,3456.72998046875,3403.77001953125,3456.699951171875,25650000,-0.8440824888812593
19930315,3442.409912109375,3442.409912109375,3442.409912109375,3426.469970703125,3427.800048828125,16910000,0.4256303848814147
19930316,3442.949951171875,3442.949951171875,3449.429931640625,3438.080078125,3442.39990234375,16730000,0.0156878197625554
19930317,3426.739990234375,3426.739990234375,3444.840087890625,3422.9599609375,3443.0,19970000,-0.47081604924238407
19930318,3465.639892578125,3465.639892578125,3477.530029296875,3426.699951171875,3426.699951171875,24480000,1.13518686724432
19930319,3471.580078125,3471.580078125,3477.260009765625,3459.159912109375,3465.60009765625,35360000,0.17140227291347898
19930322,3463.47998046875,3463.47998046875,3470.800048828125,3444.030029296875,3470.800048828125,25670000,-0.23332596322032106
19930323,3461.860107421875,3461.860107421875,3469.68994140625,3453.47998046875,3463.5,21810000,-0.04677009989980663
19930324,3445.3798828125,3445.3798828125,3450.5,3430.25,3450.5,36020000,-0.4760511429691583
19930325,3461.320068359375,3461.320068359375,3472.669921875,3445.3798828125,3445.39990234375,32190000,0.4626539333556057
19930326,3439.97998046875,3439.97998046875,3471.31005859375,3439.43994140625,3461.300048828125,25300000,-0.616530325689868
19930329,3455.10009765625,3455.10009765625,3478.340087890625,3440.25,3440.300048828125,21850000,0.4395408482999352
19930330,3457.27001953125,3457.27001953125,3458.6201171875,3434.840087890625,3455.10009765625,23450000,0.06280344457956222
19930331,3435.110107421875,3435.110107421875,3470.77001953125,3435.110107421875,3457.300048828125,25670000,-0.640965616922784
19930401,3439.43994140625,3439.43994140625,3452.669921875,3432.139892578125,3435.10009765625,20660000,0.12604643953100236
19930402,3370.81005859375,3370.81005859375,3439.43994140625,3365.409912109375,3439.39990234375,53740000,-1.99537959614553
19930405,3379.18994140625,3379.18994140625,3381.35009765625,3364.8701171875,3370.800048828125,35090000,0.24860145385932064
19930406,3377.570068359375,3377.570068359375,3391.6201171875,3363.7900390625,3379.199951171875,34650000,-0.047936726699682186
19930407,3397.02001953125,3397.02001953125,3397.830078125,3372.97998046875,3377.60009765625,33620000,0.5758563339389955
19930408,3396.47998046875,3396.47998046875,3408.10009765625,3378.64990234375,3397.0,35880000,-0.015897435381451164
19930412,3428.090087890625,3428.090087890625,3434.840087890625,3395.669921875,3396.5,24990000,0.9306725670001681
19930413,3444.030029296875,3444.030029296875,3450.780029296875,3428.360107421875,3428.39990234375,30070000,0.4649802367375333
19930414,3455.639892578125,3455.639892578125,3461.860107421875,3441.60009765625,3444.0,24620000,0.3371011048826533
19930415,3455.919921875,3455.919921875,3466.179931640625,3437.5400390625,3455.60009765625,27510000,0.008103543933390966
19930416,3478.610107421875,3478.610107421875,3478.610107421875,3456.4599609375,3456.5,31770000,0.656559933673595
19930419,3466.989990234375,3466.989990234375,3481.580078125,3457.81005859375,3478.60009765625,25050000,-0.3340448290743314
19930420,3443.489990234375,3443.489990234375,3468.610107421875,3420.25,3467.0,32410000,-0.6778213974137026
19930421,3439.43994140625,3439.43994140625,3453.47998046875,3426.739990234375,3443.5,27720000,-0.1176146537266165
19930422,3429.169921875,3429.169921875,3471.0400390625,3423.77001953125,3439.39990234375,34030000,-0.2985956930840028
19930423,3413.77001953125,3413.77001953125,3428.6298828125,3403.5,3428.60009765625,27600000,-0.4490854257618637
19930426,3398.3701171875,3398.3701171875,3425.659912109375,3387.02001953125,3413.800048828125,27070000,-0.4511113008680234
19930427,3415.929931640625,3415.929931640625,3416.739990234375,3383.239990234375,3398.39990234375,29780000,0.5167128313751101
19930428,3413.5,3413.5,3424.580078125,3395.39990234375,3415.89990234375,39030000,-0.07113528934294955
19930429,3425.1201171875,3425.1201171875,3427.010009765625,3392.429931640625,3413.5,27410000,0.3404164988281888
19930430,3427.550048828125,3427.550048828125,3446.18994140625,3422.409912109375,3425.10009765625,23290000,0.07094442114399246
19930503,3446.4599609375,3446.4599609375,3459.429931640625,3439.39990234375,3439.39990234375,22190000,0.5517034569878954
19930504,3446.18994140625,3446.18994140625,3459.429931640625,3439.43994140625,3446.5,22790000,-0.007834692243935404
19930505,3449.10009765625,3449.10009765625,3457.39990234375,3439.409912109375,3446.199951171875,25640000,0.08444561383671445
19930506,3441.89990234375,3441.89990234375,3454.35009765625,3439.1298828125,3449.10009765625,24460000,-0.20875576552251696
19930507,3437.18994140625,3437.18994140625,3447.989990234375,3427.22998046875,3441.89990234375,25390000,-0.13684189172069594
19930510,3443.280029296875,3443.280029296875,3467.919921875,3435.260009765625,3437.199951171875,26170000,0.1771821748126401
19930511,3468.75,3468.75,3468.75,3435.260009765625,3443.300048828125,21360000,0.7397008226579294
19930512,3482.31005859375,3482.31005859375,3483.139892578125,3458.22998046875,3468.800048828125,26630000,0.3909206081081029
19930513,3447.989990234375,3447.989990234375,3482.030029296875,3447.7099609375,3482.0,27250000,-0.9855546399344606
19930514,3443.010009765625,3443.010009765625,3457.1201171875,3437.469970703125,3448.0,18370000,-0.1444314073664521
19930517,3449.929931640625,3449.929931640625,3451.300048828125,3428.89990234375,3437.5,17680000,0.20098465747624417
19930518,3444.389892578125,3444.389892578125,3454.6298828125,3422.52001953125,3449.89990234375,22040000,-0.16058410380136445
19930519,3500.030029296875,3500.030029296875,3503.35009765625,3415.330078125,3444.39990234375,36140000,1.6153843918379263
19930520,3523.280029296875,3523.280029296875,3523.280029296875,3494.77001953125,3500.0,26620000,0.6642800148966455
19930521,3492.830078125,3492.830078125,3524.110107421875,3476.219970703125,3523.300048828125,25660000,-0.8642500998693459
19930524,3507.780029296875,3507.780029296875,3513.590087890625,3485.6298828125,3492.800048828125,17840000,0.4280182785158626
19930525,3516.6298828125,3516.6298828125,3519.1201171875,3501.68994140625,3507.800048828125,19740000,0.25229214607846995
19930526,3540.159912109375,3540.159912109375,3548.18994140625,3513.860107421875,3516.60009765625,24440000,0.6691073579246476
19930527,3554.830078125,3554.830078125,3565.070068359375,3540.989990234375,3541.0,24550000,0.41439275004060416
19930528,3527.429931640625,3527.429931640625,3554.830078125,3510.27001953125,3554.800048828125,17700000,-0.7707863915348501
19930601,3552.340087890625,3552.340087890625,3569.780029296875,3527.39990234375,3527.39990234375,18550000,0.7061842965769172
19930602,3553.449951171875,3553.449951171875,3562.300048828125,3543.760009765625,3552.300048828125,19610000,0.031243159545257804
19930603,3544.8701171875,3544.8701171875,3553.719970703125,3531.580078125,3553.5,19830000,-0.2414508182828179
19930604,3545.139892578125,3545.139892578125,3545.969970703125,3530.199951171875,3544.89990234375,17300000,0.00761030395208806
19930607,3532.1298828125,3532.1298828125,3550.1201171875,3527.699951171875,3545.10009765625,18010000,-0.36698156235983603
19930608,3510.5400390625,3510.5400390625,3533.239990234375,3506.110107421875,3532.10009765625,18590000,-0.6112415020482986
19930609,3511.929931640625,3511.929931640625,3530.75,3505.280029296875,3510.5,19110000,0.03959198763321403
19930610,3491.719970703125,3491.719970703125,3516.909912109375,3483.969970703125,3511.89990234375,22010000,-0.5754659498021009
19930611,3505.010009765625,3505.010009765625,3514.969970703125,3492.0,3492.0,20440000,0.3806158332858356
19930614,3514.68994140625,3514.68994140625,3519.1201171875,3504.449951171875,3505.0,18850000,0.27617415110527954
19930615,3492.0,3492.0,3514.139892578125,3491.719970703125,3514.10009765625,22690000,-0.6455744826575405
19930616,3511.64990234375,3511.64990234375,3512.760009765625,3475.93994140625,3492.0,24410000,0.5627119800615699
19930617,3521.889892578125,3521.889892578125,3525.2099609375,3506.389892578125,3511.699951171875,19950000,0.29160054444894445
19930618,3494.77001953125,3494.77001953125,3528.300048828125,3494.5,3528.300048828125,28860000,-0.7700375046938879
19930621,3510.820068359375,3510.820068359375,3511.929931640625,3491.719970703125,3494.800048828125,20250000,0.4592590853883305
19930622,3497.530029296875,3497.530029296875,3511.3701171875,3489.510009765625,3510.800048828125,22830000,-0.37854514910273807
19930623,3466.81005859375,3466.81005859375,3497.81005859375,3466.81005859375,3497.5,26330000,-0.8783332936615484
19930624,3490.610107421875,3490.610107421875,3493.110107421875,3462.659912109375,3466.800048828125,22990000,0.6865114738296096
19930625,3490.889892578125,3490.889892578125,3501.1298828125,3485.6298828125,3490.60009765625,16030000,0.008015365441571554
19930628,3530.199951171875,3530.199951171875,3531.580078125,3491.169921875,3491.199951171875,19180000,1.1260755796774324
19930629,3518.85009765625,3518.85009765625,3530.469970703125,3505.840087890625,3530.199951171875,21210000,-0.32150738407487056
19930630,3516.080078125,3516.080078125,3525.77001953125,3512.760009765625,3518.89990234375,24110000,-0.07871945250225165
19930701,3510.5400390625,3510.5400390625,3523.0,3503.6201171875,3516.10009765625,22680000,-0.15756293768639518
19930702,3483.969970703125,3483.969970703125,3511.10009765625,3480.929931640625,3510.5,19160000,-0.7568655552628534
19930706,3449.929931640625,3449.929931640625,3492.830078125,3449.929931640625,3484.0,19400000,-0.9770474300509036
19930707,3475.669921875,3475.669921875,3476.5,3449.89990234375,3449.89990234375,23220000,0.7461018265415786
19930708,3514.419921875,3514.419921875,3517.18994140625,3475.389892578125,3475.699951171875,31020000,1.1148929809507324
19930709,3521.06005859375,3521.06005859375,3527.97998046875,3507.219970703125,3514.39990234375,23630000,0.1889397643525692
19930712,3524.3798828125,3524.3798828125,3526.0400390625,3514.969970703125,3521.10009765625,17440000,0.09428479388322586
19930713,3515.43994140625,3515.43994140625,3533.340087890625,3509.85009765625,3524.39990234375,22810000,-0.2536599828482644
19930714,3542.550048828125,3542.550048828125,3550.64990234375,3515.159912109375,3515.39990234375,23040000,0.7711725381099876
19930715,3550.929931640625,3550.929931640625,3550.929931640625,3526.06005859375,3542.60009765625,22820000,0.23654945440423347
19930716,3528.2900390625,3528.2900390625,3550.929931640625,3525.219970703125,3550.89990234375,26990000,-0.6375764381153171
19930719,3535.280029296875,3535.280029296875,3540.8701171875,3524.659912109375,3528.300048828125,22240000,0.19811268793061831
19930720,3544.780029296875,3544.780029296875,3548.969970703125,3511.530029296875,3535.300048828125,30110000,0.268719872860812
19930721,3555.39990234375,3555.39990234375,3556.52001953125,3532.77001953125,3544.800048828125,21030000,0.2995918776088846
19930722,3525.219970703125,3525.219970703125,3555.1201171875,3521.31005859375,3555.10009765625,20720000,-0.8488477377954107
19930723,3546.739990234375,3546.739990234375,3548.68994140625,3524.10009765625,3525.199951171875,19690000,0.6104589134889649
19930726,3567.699951171875,3567.699951171875,3571.050048828125,3546.699951171875,3546.699951171875,19570000,0.590964124666904
19930727,3565.4599609375,3565.4599609375,3583.5,3549.25,3567.699951171875,30150000,-0.06278527524825606
19930728,3553.449951171875,3553.449951171875,3566.02001953125,3544.780029296875,3565.5,32370000,-0.3368432094934315
19930729,3567.419921875,3567.419921875,3579.7099609375,3551.489990234375,3553.5,27590000,0.3931382429775754
19930730,3539.469970703125,3539.469970703125,3567.139892578125,3530.81005859375,3567.10009765625,25300000,-0.7834780256871121
19930802,3560.989990234375,3560.989990234375,3562.669921875,3536.9599609375,3539.5,20980000,0.6080011897084958
19930803,3561.27001953125,3561.27001953125,3566.02001953125,3547.300048828125,3561.0,23060000,0.007863804662266993
19930804,3552.050048828125,3552.050048828125,3562.110107421875,3548.969970703125,3561.300048828125,23760000,-0.25889558086187314
19930805,3548.969970703125,3548.969970703125,3560.14990234375,3537.800048828125,3552.10009765625,18220000,-0.08671268936698562
19930806,3560.429931640625,3560.429931640625,3566.02001953125,3548.68994140625,3549.0,21460000,0.32290949295437077
19930809,3576.080078125,3576.080078125,3585.300048828125,3554.840087890625,3560.39990234375,22450000,0.43955777209083724
19930810,3572.72998046875,3572.72998046875,3579.429931640625,3564.6201171875,3576.10009765625,23000000,-0.09368072255268034
19930811,3583.35009765625,3583.35009765625,3584.179931640625,3573.2900390625,3573.300048828125,22030000,0.29725496316703737
19930812,3569.090087890625,3569.090087890625,3595.080078125,3552.330078125,3583.39990234375,22390000,-0.3979518991167552
19930813,3569.64990234375,3569.64990234375,3576.639892578125,3563.22998046875,3569.10009765625,17740000,0.01568507488853843
19930816,3579.14990234375,3579.14990234375,3591.72998046875,3564.340087890625,3569.699951171875,24820000,0.26613254128262653
19930817,3586.97998046875,3586.97998046875,3590.610107421875,3574.1201171875,3579.199951171875,25650000,0.2187692144403508
19930818,3604.860107421875,3604.860107421875,3617.719970703125,3586.97998046875,3587.0,35860000,0.4984730065537901
19930819,3612.1298828125,3612.1298828125,3612.1298828125,3597.60009765625,3604.89990234375,33920000,0.20166595024471157
19930820,3615.47998046875,3615.47998046875,3615.47998046875,3595.360107421875,3612.10009765625,32040000,0.09274576953035574
19930823,3605.97998046875,3605.97998046875,3614.639892578125,3595.639892578125,3614.60009765625,20750000,-0.262759026500492
19930824,3638.9599609375,3638.9599609375,3639.239990234375,3604.580078125,3606.0,24980000,0.9145913357085034
19930825,3652.090087890625,3652.090087890625,3657.9599609375,3638.9599609375,3639.0,30750000,0.3608208689864778
19930826,3648.179931640625,3648.179931640625,3663.830078125,3640.909912109375,3652.10009765625,26540000,-0.10706625948152526
19930827,3640.6298828125,3640.6298828125,3648.199951171875,3624.97998046875,3648.199951171875,18760000,-0.20695385012793333
19930830,3643.989990234375,3643.989990234375,3655.159912109375,3637.840087890625,3640.60009765625,17750000,0.09229467235156719
19930831,3651.25,3651.25,3651.300048828125,3633.3701171875,3641.300048828125,19700000,0.19923242887827097
19930901,3645.10009765625,3645.10009765625,3655.719970703125,3638.1201171875,3651.300048828125,22410000,-0.16843279270797318
19930902,3626.10009765625,3626.10009765625,3649.85009765625,3623.8701171875,3645.10009765625,24090000,-0.5212476884301931
19930903,3633.929931640625,3633.929931640625,3638.39990234375,3616.60009765625,3626.10009765625,16950000,0.2159298908884555
19930907,3607.10009765625,3607.10009765625,3636.43994140625,3600.389892578125,3633.89990234375,18170000,-0.7383145654727086
19930908,3588.929931640625,3588.929931640625,3608.780029296875,3573.570068359375,3607.10009765625,23420000,-0.5037333460036542
19930909,3589.489990234375,3589.489990234375,3598.989990234375,3575.800048828125,3588.89990234375,19730000,0.015605169351795567
19930910,3621.6298828125,3621.6298828125,3622.469970703125,3588.3798828125,3589.5,21340000,0.8953888342233984
19930913,3634.2099609375,3634.2099609375,3639.239990234375,3621.89990234375,3621.89990234375,20670000,0.3473595737847779
19930914,3615.760009765625,3615.760009765625,3634.2099609375,3606.820068359375,3634.199951171875,18550000,-0.5076743328036981
19930915,3633.64990234375,3633.64990234375,3636.719970703125,3586.139892578125,3615.800048828125,27710000,0.494775442225337
19930916,3630.85009765625,3630.85009765625,3633.699951171875,3617.43994140625,3633.699951171875,18230000,-0.0770521311283745
19930917,3613.25,3613.25,3630.60009765625,3600.669921875,3630.60009765625,50350000,-0.4847376559999228
19930920,3575.800048828125,3575.800048828125,3621.35009765625,3575.52001953125,3613.300048828125,19610000,-1.0364616666954984
19930921,3537.239990234375,3537.239990234375,3584.179931640625,3507.06005859375,3575.800048828125,30360000,-1.0783617111473243
19930922,3547.02001953125,3547.02001953125,3557.080078125,3529.1298828125,3537.199951171875,27420000,0.27648758138762997
19930923,3539.75,3539.75,3554.280029296875,3530.81005859375,3547.0,25320000,-0.20496133349173773
19930924,3543.110107421875,3543.110107421875,3548.419921875,3528.570068359375,3539.800048828125,20370000,0.09492499249594832
19930927,3567.699951171875,3567.699951171875,3573.840087890625,3542.830078125,3543.10009765625,19560000,0.6940186165394824
19930928,3566.02001953125,3566.02001953125,3571.330078125,3559.8701171875,3567.699951171875,18740000,-0.047087245665744515
19930929,3566.300048828125,3566.300048828125,3576.360107421875,3554.280029296875,3566.0,21860000,0.007852712417233398
19930930,3555.1201171875,3555.1201171875,3567.699951171875,3547.860107421875,3566.300048828125,22930000,-0.3134882507796477
19931001,3581.110107421875,3581.110107421875,3587.260009765625,3553.719970703125,3555.10009765625,24150000,0.7310580058525806
19931004,3577.760009765625,3577.760009765625,3584.4599609375,3566.860107421875,3581.10009765625,17830000,-0.09354913855641467
19931005,3587.260009765625,3587.260009765625,3599.27001953125,3575.52001953125,3577.800048828125,24010000,0.2655292689858868
19931006,3598.989990234375,3598.989990234375,3605.97998046875,3584.179931640625,3587.300048828125,21830000,0.32698997108704386
19931007,3583.6298828125,3583.6298828125,3600.669921875,3583.070068359375,3599.0,18000000,-0.4267893898997732
19931008,3584.739990234375,3584.739990234375,3597.0400390625,3557.360107421875,3583.60009765625,19300000,0.030977178396662808
19931011,3593.409912109375,3593.409912109375,3597.0400390625,3583.6298828125,3584.699951171875,14950000,0.24185636611355754
19931012,3593.1298828125,3593.1298828125,3602.6298828125,3588.659912109375,3593.39990234375,21130000,-0.007792857027844047
19931013,3603.18994140625,3603.18994140625,3608.219970703125,3588.659912109375,3593.10009765625,27770000,0.2799803770487497
19931014,3621.6298828125,3621.6298828125,3637.5,3598.43994140625,3603.199951171875,39740000,0.5117671204158958
19931015,3629.72998046875,3629.72998046875,3642.31005859375,3618.840087890625,3621.60009765625,36390000,0.22365890271369704
19931018,3642.31005859375,3642.31005859375,3646.5,3620.22998046875,3629.699951171875,29180000,0.3465844069033386
19931019,3635.320068359375,3635.320068359375,3653.2099609375,3623.8701171875,3642.300048828125,24920000,-0.1919109060438906
19931020,3645.10009765625,3645.10009765625,3645.10009765625,3629.449951171875,3635.300048828125,19670000,0.26902801164598866
19931021,3636.159912109375,3636.159912109375,3656.0,3630.85009765625,3645.10009765625,23140000,-0.24526584476030067
19931022,3649.300048828125,3649.300048828125,3676.9599609375,3637.280029296875,3637.300048828125,27840000,0.36137400544431486
19931025,3673.610107421875,3673.610107421875,3676.9599609375,3644.820068359375,3649.300048828125,25720000,0.6661567497459275
19931026,3672.489990234375,3672.489990234375,3674.72998046875,3654.050048828125,3673.60009765625,27070000,-0.030490910977110097
19931027,3664.659912109375,3664.659912109375,3673.330078125,3654.330078125,3672.5,27130000,-0.21320897118362048
19931028,3687.860107421875,3687.860107421875,3708.820068359375,3664.659912109375,3664.699951171875,34530000,0.6330790815223475
19931029,3680.590087890625,3680.590087890625,3690.929931640625,3675.0,3687.89990234375,24830000,-0.19713382068422547
19931101,3692.610107421875,3692.610107421875,3695.1201171875,3674.449951171875,3680.60009765625,22940000,0.32657859865450334
19931102,3697.639892578125,3697.639892578125,3703.22998046875,3667.4599609375,3692.60009765625,32640000,0.13621219164570153
19931103,3661.8701171875,3661.8701171875,3700.429931640625,3644.5400390625,3697.60009765625,34190000,-0.9673677380650836
19931104,3624.97998046875,3624.97998046875,3670.530029296875,3623.8701171875,3661.89990234375,25030000,-1.0074124842823107
19931105,3643.429931640625,3643.429931640625,3644.5400390625,3600.669921875,3625.0,26950000,0.508966981094594
19931108,3647.89990234375,3647.89990234375,3661.030029296875,3634.47998046875,3643.39990234375,21130000,0.12268578748575454
19931109,3640.070068359375,3640.070068359375,3669.969970703125,3640.070068359375,3647.89990234375,24890000,-0.21463949653180991
19931110,3663.550048828125,3663.550048828125,3663.550048828125,3631.969970703125,3640.10009765625,31390000,0.6450419917145345
19931111,3662.429931640625,3662.429931640625,3679.760009765625,3658.52001953125,3663.60009765625,32580000,-0.030574638603841908
19931112,3684.5,3684.5,3691.2099609375,3662.989990234375,3663.0,29940000,0.6026072517785641
19931115,3677.52001953125,3677.52001953125,3687.820068359375,3669.969970703125,3684.5,23520000,-0.18944172801601544
19931116,3710.77001953125,3710.77001953125,3711.889892578125,3668.580078125,3677.5,29660000,0.9041419169279807
19931117,3704.35009765625,3704.35009765625,3717.760009765625,3684.510009765625,3710.800048828125,34120000,-0.17300780811555505
19931118,3685.340087890625,3685.340087890625,3704.35009765625,3668.02001953125,3704.35009765625,38270000,-0.5131807001085731
19931119,3694.010009765625,3694.010009765625,3694.010009765625,3657.1201171875,3685.300048828125,31060000,0.23525432302673455
19931122,3670.25,3670.25,3693.169921875,3650.68994140625,3693.169921875,28660000,-0.6432037190698514
19931123,3674.169921875,3674.169921875,3684.510009765625,3663.550048828125,3670.300048828125,31770000,0.10680258497377526
19931124,3687.580078125,3687.580078125,3690.64990234375,3672.489990234375,3674.199951171875,20270000,0.36498465055085916
19931126,3683.949951171875,3683.949951171875,3697.919921875,3675.56005859375,3687.60009765625,8880000,-0.09844198298659679
19931129,3677.800048828125,3677.800048828125,3700.7099609375,3676.1201171875,3684.0,25570000,-0.16693772785359995
19931130,3683.949951171875,3683.949951171875,3698.760009765625,3673.610107421875,3677.800048828125,23220000,0.1672168759068171
19931201,3697.080078125,3697.080078125,3711.610107421875,3685.06005859375,3685.10009765625,27910000,0.35641436846742813
19931202,3702.110107421875,3702.110107421875,3707.699951171875,3690.64990234375,3697.10009765625,19520000,0.13605410731125644
19931203,3704.070068359375,3704.070068359375,3709.93994140625,3694.2900390625,3702.10009765625,19750000,0.05294172460108548
19931206,3710.2099609375,3710.2099609375,3721.110107421875,3702.110107421875,3704.10009765625,29020000,0.16576070281641986
19931207,3718.8798828125,3718.8798828125,3723.6298828125,3709.93994140625,3710.199951171875,27120000,0.23367739201500815
19931208,3734.530029296875,3734.530029296875,3735.090087890625,3716.080078125,3718.89990234375,22100000,0.4208295771182424
19931209,3729.780029296875,3729.780029296875,3748.780029296875,3725.860107421875,3734.5,22570000,-0.1271913724815943
19931210,3740.669921875,3740.669921875,3741.22998046875,3723.909912109375,3729.800048828125,21350000,0.2919714431571352
19931213,3764.429931640625,3764.429931640625,3766.659912109375,3732.010009765625,3740.699951171875,21680000,0.6351806029898377
19931214,3742.6298828125,3742.6298828125,3770.02001953125,3741.510009765625,3764.39990234375,29490000,-0.5791062451419804
19931215,3716.919921875,3716.919921875,3743.75,3716.919921875,3742.60009765625,34310000,-0.6869490636936759
19931216,3726.139892578125,3726.139892578125,3734.81005859375,3713.85009765625,3716.89990234375,29050000,0.2480540581157875
19931217,3751.570068359375,3751.570068359375,3751.570068359375,3723.35009765625,3726.10009765625,38900000,0.6824804359037318
19931220,3755.2099609375,3755.2099609375,3760.52001953125,3742.6298828125,3751.60009765625,21960000,0.0970231799433563
19931221,3745.14990234375,3745.14990234375,3756.0400390625,3736.760009765625,3755.199951171875,22390000,-0.2678960350658621
19931222,3762.18994140625,3762.18994140625,3762.75,3744.8701171875,3745.199951171875,23490000,0.45498950661055915
19931223,3757.719970703125,3757.719970703125,3774.2099609375,3757.43994140625,3762.199951171875,22630000,-0.11881299915055266
19931227,3792.929931640625,3792.929931640625,3792.929931640625,3755.760009765625,3757.699951171875,16280000,0.9370033214825213
19931228,3793.77001953125,3793.77001953125,3796.56005859375,3779.800048828125,3792.89990234375,17470000,0.022148784864617355
19931229,3794.330078125,3794.330078125,3799.919921875,3782.030029296875,3793.800048828125,19680000,0.014762586842809178
19931230,3775.8798828125,3775.8798828125,3794.889892578125,3769.739990234375,3794.300048828125,15850000,-0.48625699221237495
19931231,3754.090087890625,3754.090087890625,3792.090087890625,3754.090087890625,3775.89990234375,14730000,-0.5770786041436438
19940103,3756.60009765625,3756.60009765625,3764.989990234375,3745.429931640625,3754.10009765625,24960000,0.06686066947945157
19940104,3783.89990234375,3783.89990234375,3783.89990234375,3742.81005859375,3756.60009765625,30500000,0.7267157530164603
19940105,3798.820068359375,3798.820068359375,3798.820068359375,3771.800048828125,3783.89990234375,43950000,0.3943065726020878
19940106,3803.8798828125,3803.8798828125,3813.169921875,3798.25,3798.800048828125,36320000,0.1331943698852367
19940107,3820.77001953125,3820.77001953125,3826.389892578125,3799.10009765625,3803.89990234375,29210000,0.4440239239694943
19940110,3865.510009765625,3865.510009765625,3865.510009765625,3813.449951171875,3820.800048828125,32390000,1.1709678940546198
19940111,3850.31005859375,3850.31005859375,3864.949951171875,3845.81005859375,3864.949951171875,31440000,-0.39321981144725404
19940112,3848.6298828125,3848.6298828125,3858.47998046875,3824.989990234375,3850.300048828125,31200000,-0.043637415056996254
19940113,3842.429931640625,3842.429931640625,3848.340087890625,3829.2099609375,3848.300048828125,22900000,-0.1610950224016916
19940114,3867.199951171875,3867.199951171875,3873.669921875,3841.8701171875,3842.39990234375,26500000,0.6446446642339732
19940117,3870.2900390625,3870.2900390625,3878.4599609375,3856.219970703125,3867.199951171875,18550000,0.07990504576027568
19940118,3870.2900390625,3870.2900390625,3882.110107421875,3863.820068359375,3870.300048828125,30400000,0.0
19940119,3884.3701171875,3884.3701171875,3885.489990234375,3864.3798828125,3870.300048828125,28700000,0.36379904304046917
19940120,3891.9599609375,3891.9599609375,3893.090087890625,3877.330078125,3884.39990234375,25950000,0.195394453180886
19940121,3914.47998046875,3914.47998046875,3914.47998046875,3884.64990234375,3892.0,30970000,0.5786292705289187
19940124,3912.7900390625,3912.7900390625,3934.4599609375,3902.659912109375,3914.5,27020000,-0.04317154295543357
19940125,3895.340087890625,3895.340087890625,3920.949951171875,3887.179931640625,3912.800048828125,38410000,-0.4459720812429735
19940126,3908.0,3908.0,3911.10009765625,3887.179931640625,3895.300048828125,30050000,0.32500145876173114
19940127,3926.300048828125,3926.300048828125,3930.52001953125,3901.25,3908.0,27770000,0.4682714643839514
19940128,3945.429931640625,3945.429931640625,3953.31005859375,3926.010009765625,3926.300048828125,25890000,0.4872241696915136
19940131,3978.360107421875,3978.360107421875,3985.9599609375,3945.429931640625,3945.429931640625,26450000,0.8346409986187853
19940201,3964.010009765625,3964.010009765625,3982.02001953125,3957.25,3978.39990234375,23150000,-0.3607038394910278
19940202,3975.5400390625,3975.5400390625,3976.949951171875,3956.68994140625,3964.0,26990000,0.2908678148761057
19940203,3967.659912109375,3967.659912109375,3975.5400390625,3948.530029296875,3975.5,25090000,-0.19821525819629926
19940204,3871.419921875,3871.419921875,3968.510009765625,3870.010009765625,3967.699951171875,34480000,-2.4256108730652204
19940207,3906.320068359375,3906.320068359375,3910.260009765625,3859.0400390625,3871.39990234375,36370000,0.9014818125818946
19940208,3906.030029296875,3906.030029296875,3918.699951171875,3892.530029296875,3906.300048828125,30970000,-0.007424866816452269
19940209,3931.919921875,3931.919921875,3936.989990234375,3904.909912109375,3906.0,29380000,0.6628185749710136
19940210,3895.340087890625,3895.340087890625,3938.39990234375,3893.929931640625,3931.89990234375,29890000,-0.9303300858408914
19940211,3894.780029296875,3894.780029296875,3908.89990234375,3867.199951171875,3895.300048828125,21110000,-0.014377655894304286
19940214,3904.06005859375,3904.06005859375,3923.199951171875,3880.139892578125,3894.800048828125,23220000,0.2382683804238006
19940215,3928.27001953125,3928.27001953125,3930.800048828125,3904.10009765625,3904.10009765625,24940000,0.620122656264166
19940216,3937.27001953125,3937.27001953125,3949.64990234375,3927.139892578125,3928.300048828125,25320000,0.22910848682122786
19940217,3922.639892578125,3922.639892578125,3958.10009765625,3906.60009765625,3937.300048828125,31710000,-0.37158048293742807
19940218,3887.4599609375,3887.4599609375,3923.199951171875,3880.139892578125,3922.60009765625,26280000,-0.8968432638231105
19940222,3911.659912109375,3911.659912109375,3911.659912109375,3885.77001953125,3887.5,20610000,0.6225131940918782
19940223,3891.679931640625,3891.679931640625,3914.47998046875,3882.679931640625,3911.699951171875,23560000,-0.5107801014831992
19940224,3839.89990234375,3839.89990234375,3890.840087890625,3837.3701171875,3890.800048828125,27420000,-1.3305315495214964
19940225,3838.780029296875,3838.780029296875,3855.3798828125,3826.389892578125,3839.89990234375,23870000,-0.029164120819702433
19940228,3832.02001953125,3832.02001953125,3852.280029296875,3632.02001953125,3838.800048828125,24200000,-0.1760978673962521
19940301,3809.22998046875,3809.22998046875,3835.679931640625,3786.14990234375,3832.0,30290000,-0.5947265135970659
19940302,3831.739990234375,3831.739990234375,3832.300048828125,3755.760009765625,3809.199951171875,38360000,0.5909333351108215
19940303,3824.419921875,3824.419921875,3832.580078125,3808.659912109375,3831.699951171875,27300000,-0.19103771075362763
19940304,3832.300048828125,3832.300048828125,3847.219970703125,3815.139892578125,3824.39990234375,25710000,0.2060476389648569
19940307,3856.219970703125,3856.219970703125,3861.85009765625,3832.02001953125,3832.300048828125,22150000,0.6241662075054499
19940308,3851.719970703125,3851.719970703125,3859.8798828125,3840.4599609375,3856.199951171875,28660000,-0.11669458781365938
19940309,3853.409912109375,3853.409912109375,3856.510009765625,3829.77001953125,3851.699951171875,24820000,0.04387498102416121
19940310,3830.6201171875,3830.6201171875,3856.510009765625,3814.860107421875,3853.39990234375,24660000,-0.591418910566921
19940311,3862.699951171875,3862.699951171875,3862.699951171875,3815.419921875,3830.60009765625,21390000,0.8374579833807294
19940314,3862.97998046875,3862.97998046875,3871.419921875,3855.93994140625,3862.699951171875,24600000,0.0072495741428202365
19940315,3849.590087890625,3849.590087890625,3872.050048828125,3839.219970703125,3863.0,27500000,-0.3466208120628256
19940316,3848.14990234375,3848.14990234375,3866.2900390625,3836.6298828125,3849.60009765625,25830000,-0.037411400019060626
19940317,3865.139892578125,3865.139892578125,3865.139892578125,3842.969970703125,3848.199951171875,26420000,0.4415106132956703
19940318,3895.64990234375,3895.64990234375,3895.64990234375,3848.14990234375,3865.10009765625,56360000,0.7893636611759014
19940321,3864.85009765625,3864.85009765625,3895.93994140625,3857.93994140625,3895.699951171875,20080000,-0.7906204474116052
19940322,3862.550048828125,3862.550048828125,3879.530029296875,3861.389892578125,3864.89990234375,25090000,-0.05951198028404381
19940323,3869.4599609375,3869.4599609375,3881.550048828125,3857.080078125,3862.60009765625,23340000,0.17889508283450706
19940324,3821.090087890625,3821.090087890625,3869.4599609375,3803.239990234375,3869.4599609375,27440000,-1.2500419576678024
19940325,3774.72998046875,3774.72998046875,3826.85009765625,3774.72998046875,3821.10009765625,21530000,-1.2132691550192476
19940328,3762.35009765625,3762.35009765625,3779.050048828125,3728.3798828125,3774.699951171875,27190000,-0.3279673745289369
19940329,3699.02001953125,3699.02001953125,3762.929931640625,3697.860107421875,3762.39990234375,26850000,-1.6832585081449802
19940330,3626.75,3626.75,3699.02001953125,3626.75,3699.0,44570000,-1.9537612435092555
19940331,3635.9599609375,3635.9599609375,3650.64990234375,3559.090087890625,3626.800048828125,47350000,0.25394529365134755
19940404,3593.35009765625,3593.35009765625,3634.52001953125,3552.469970703125,3634.5,43710000,-1.171901333871217
19940405,3675.409912109375,3675.409912109375,3680.300048828125,3593.929931640625,3593.929931640625,41360000,2.2836576515783413
19940406,3679.72998046875,3679.72998046875,3695.85009765625,3655.830078125,3675.39990234375,34540000,0.11753977005779515
19940407,3693.260009765625,3693.260009765625,3697.2900390625,3657.840087890625,3679.699951171875,26900000,0.3676908188559924
19940408,3674.260009765625,3674.260009765625,3701.030029296875,3655.25,3693.300048828125,26120000,-0.5144506465767584
19940411,3688.830078125,3688.830078125,3701.02001953125,3670.68994140625,3674.300048828125,22680000,0.396544292473866
19940412,3681.68994140625,3681.68994140625,3704.0,3673.9599609375,3688.800048828125,21530000,-0.19356100897928163
19940413,3661.469970703125,3661.469970703125,3685.860107421875,3631.1298828125,3681.699951171875,26330000,-0.5492035186266064
19940414,3663.25,3663.25,3674.550048828125,3640.35009765625,3661.5,26190000,0.04861515487271095
19940415,3661.469970703125,3661.469970703125,3679.31005859375,3655.81005859375,3663.300048828125,29590000,-0.04859153202415589
19940418,3620.419921875,3620.419921875,3668.010009765625,3613.580078125,3661.5,26780000,-1.1211357503020047
19940419,3619.820068359375,3619.820068359375,3642.1298828125,3582.93994140625,3620.39990234375,35380000,-0.01656861713749125
19940420,3598.7099609375,3598.7099609375,3646.0,3570.14990234375,3619.800048828125,38020000,-0.583181125669674
19940421,3652.5400390625,3652.5400390625,3652.840087890625,3599.300048828125,3599.300048828125,38970000,1.4958159648680525
19940422,3648.679931640625,3648.679931640625,3664.139892578125,3640.639892578125,3652.5,27430000,-0.10568282292849895
19940425,3705.780029296875,3705.780029296875,3706.080078125,3648.679931640625,3648.699951171875,24330000,1.5649522217909384
19940426,3699.5400390625,3699.5400390625,3710.840087890625,3692.989990234375,3705.800048828125,23930000,-0.16838533817559176
19940428,3668.31005859375,3668.31005859375,3704.889892578125,3657.300048828125,3699.5,31000000,-0.8441584667012836
19940429,3681.68994140625,3681.68994140625,3689.719970703125,3659.3798828125,3668.300048828125,21890000,0.3647424181376202
19940502,3701.02001953125,3701.02001953125,3713.81005859375,3665.030029296875,3681.699951171875,25070000,0.5250327548662836
19940503,3714.409912109375,3714.409912109375,3714.409912109375,3683.47998046875,3701.0,24260000,0.36178925019219044
19940504,3697.75,3697.75,3715.60009765625,3684.9599609375,3714.39990234375,21300000,-0.4485210976597376
19940505,3695.969970703125,3695.969970703125,3712.330078125,3691.510009765625,3697.800048828125,21220000,-0.04813817312893098
19940506,3669.5,3669.5,3695.669921875,3641.5400390625,3695.669921875,28060000,-0.7161846798795612
19940509,3629.0400390625,3629.0400390625,3669.7900390625,3625.179931640625,3669.5,24440000,-1.1026014698869102
19940510,3656.409912109375,3656.409912109375,3666.52001953125,3629.340087890625,3629.340087890625,30020000,0.7541904402340371
19940511,3629.0400390625,3629.0400390625,3661.760009765625,3623.10009765625,3656.39990234375,26130000,-0.748544985512456
19940512,3652.840087890625,3652.840087890625,3664.139892578125,3629.639892578125,3629.639892578125,24570000,0.6558221615618587
19940513,3659.679931640625,3659.679931640625,3665.030029296875,3637.3701171875,3652.800048828125,23350000,0.18724728116827905
19940516,3671.5,3671.5,3676.10009765625,3647.550048828125,3659.699951171875,20920000,0.32298093221709845
19940517,3720.610107421875,3720.610107421875,3720.610107421875,3667.510009765625,3671.5,28440000,1.3376033616199212
19940518,3732.889892578125,3732.889892578125,3741.179931640625,3700.659912109375,3720.60009765625,31180000,0.33004762126926934
19940519,3758.97998046875,3758.97998046875,3763.280029296875,3723.679931640625,3732.89990234375,29500000,0.6989246573411823
19940520,3766.35009765625,3766.35009765625,3768.800048828125,3740.8701171875,3759.0,32750000,0.19606694437837024
19940523,3742.409912109375,3742.409912109375,3765.72998046875,3727.06005859375,3765.699951171875,24120000,-0.6356335690028581
19940524,3745.169921875,3745.169921875,3766.35009765625,3729.2099609375,3742.39990234375,31440000,0.073749531196321
19940525,3755.300048828125,3755.300048828125,3755.300048828125,3721.22998046875,3745.199951171875,21710000,0.27048510920575364
19940526,3753.4599609375,3753.4599609375,3772.7900390625,3742.7099609375,3755.300048828125,27230000,-0.04899975678905877
19940527,3757.139892578125,3757.139892578125,3757.139892578125,3739.030029296875,3753.5,18130000,0.09804105222708248
19940531,3758.3701171875,3758.3701171875,3767.2900390625,3742.06005859375,3757.10009765625,19630000,0.032743646618138555
19940601,3760.830078125,3760.830078125,3768.52001953125,3732.2099609375,3758.39990234375,25050000,0.0654528654921549
19940602,3758.989990234375,3758.989990234375,3770.360107421875,3753.75,3760.800048828125,23920000,-0.04892770618188935
19940603,3772.219970703125,3772.219970703125,3775.60009765625,3742.669921875,3759.0,24540000,0.3519557248920835
19940606,3768.52001953125,3768.52001953125,3793.43994140625,3768.2099609375,3772.199951171875,24280000,-0.09808418386548778
19940607,3755.909912109375,3755.909912109375,3773.1298828125,3752.2099609375,3768.5,20420000,-0.33461696784201633
19940608,3749.449951171875,3749.449951171875,3767.2900390625,3730.97998046875,3755.89990234375,21210000,-0.17199456559574555
19940609,3753.139892578125,3753.139892578125,3755.2900390625,3740.52001953125,3749.5,23340000,0.09841287266940668
19940610,3773.449951171875,3773.449951171875,3779.60009765625,3751.909912109375,3753.10009765625,19160000,0.5411484563608626
19940613,3783.1201171875,3783.1201171875,3787.239990234375,3759.969970703125,3773.5,22290000,0.2562685643312079
19940614,3814.830078125,3814.830078125,3816.409912109375,3783.429931640625,3783.429931640625,30330000,0.8381959851984311
19940615,3790.409912109375,3790.409912109375,3823.389892578125,3783.75,3814.800048828125,27500000,-0.6401377129653829
19940616,3811.340087890625,3811.340087890625,3811.340087890625,3785.340087890625,3790.39990234375,25210000,0.5521876595558473
19940617,3776.780029296875,3776.780029296875,3812.610107421875,3775.510009765625,3811.300048828125,44450000,-0.9067692149423823
19940620,3741.89990234375,3741.89990234375,3776.139892578125,3729.85009765625,3776.10009765625,23160000,-0.9235413945889448
19940621,3707.969970703125,3707.969970703125,3741.580078125,3686.409912109375,3741.580078125,30140000,-0.9067567953747968
19940622,3724.77001953125,3724.77001953125,3733.340087890625,3707.969970703125,3708.0,22890000,0.45307941975967214
19940623,3699.090087890625,3699.090087890625,3741.260009765625,3694.02001953125,3724.800048828125,24210000,-0.6894367036345717
19940624,3636.93994140625,3636.93994140625,3698.77001953125,3629.02001953125,3698.77001953125,25080000,-1.6801468741686088
19940627,3685.5,3685.5,3687.77001953125,3610.39990234375,3636.89990234375,25190000,1.3351900052265941
19940628,3669.639892578125,3669.639892578125,3694.25,3639.530029296875,3685.5,22910000,-0.43033801171822317
19940629,3667.050048828125,3667.050048828125,3700.070068359375,3661.550048828125,3669.60009765625,23780000,-0.0705748745330026
19940630,3624.9599609375,3624.9599609375,3675.7900390625,3622.699951171875,3667.10009765625,25500000,-1.147791476259663
19940701,3646.64990234375,3646.64990234375,3650.5400390625,3623.02001953125,3625.0,21310000,0.598349820135402
19940705,3652.47998046875,3652.47998046875,3667.699951171875,3636.2900390625,3646.60009765625,19190000,0.15987490658899706
19940706,3674.5,3674.5,3682.909912109375,3643.090087890625,3652.5,20490000,0.60287858246999
19940707,3688.419921875,3688.419921875,3694.25,3668.989990234375,3674.5,22150000,0.37882492515988186
19940708,3709.139892578125,3709.139892578125,3709.4599609375,3674.169921875,3688.39990234375,20580000,0.5617573687920041
19940711,3702.989990234375,3702.989990234375,3718.199951171875,3680.320068359375,3709.10009765625,20550000,-0.1658040009775763
19940712,3702.659912109375,3702.659912109375,3706.8701171875,3672.22998046875,3703.0,24280000,-0.008913827092982274
19940713,3704.280029296875,3704.280029296875,3722.090087890625,3696.18994140625,3702.699951171875,20780000,0.043755495399433464
19940714,3739.25,3739.25,3748.6298828125,3705.89990234375,3705.89990234375,27740000,0.9440423085336436
19940715,3753.81005859375,3753.81005859375,3753.81005859375,3731.14990234375,3739.300048828125,27590000,0.38938446463194776
19940718,3755.429931640625,3755.429931640625,3761.260009765625,3739.25,3753.800048828125,20590000,0.043152770694043774
19940719,3748.31005859375,3748.31005859375,3762.56005859375,3748.31005859375,3755.39990234375,20120000,-0.18958876018130288
19940720,3727.27001953125,3727.27001953125,3753.489990234375,3720.409912109375,3748.300048828125,21100000,-0.5613206680771143
19940721,3732.449951171875,3732.449951171875,3744.10009765625,3714.639892578125,3727.300048828125,27850000,0.13897387668404537
19940722,3735.0400390625,3735.0400390625,3742.47998046875,3724.679931640625,3732.39990234375,24700000,0.06939377418340165
19940725,3741.840087890625,3741.840087890625,3744.10009765625,3731.800048828125,3735.0,19620000,0.1820609352779945
19940726,3735.679931640625,3735.679931640625,3743.780029296875,3727.590087890625,3741.840087890625,23060000,-0.16462906231443641
19940727,3720.469970703125,3720.469970703125,3736.659912109375,3714.9599609375,3735.699951171875,22900000,-0.4071537502095435
19940728,3730.830078125,3730.830078125,3757.050048828125,3717.550048828125,3720.5,21210000,0.27846233146500143
19940729,3764.5,3764.5,3770.0,3730.830078125,3730.830078125,24800000,0.9024780322324899
19940801,3798.169921875,3798.169921875,3798.81005859375,3760.93994140625,3764.5,24680000,0.8944062126444496
19940802,3796.219970703125,3796.219970703125,3811.43994140625,3791.3701171875,3798.199951171875,27140000,-0.051339229470603875
19940803,3792.659912109375,3792.659912109375,3796.550048828125,3780.679931640625,3796.199951171875,22200000,-0.09377903865488424
19940804,3765.7900390625,3765.7900390625,3792.02001953125,3765.7900390625,3792.0,27650000,-0.7084704051919744
19940805,3747.02001953125,3747.02001953125,3765.7900390625,3742.159912109375,3765.7900390625,21170000,-0.49843510489296916
19940808,3753.81005859375,3753.81005859375,3761.909912109375,3747.02001953125,3747.02001953125,19270000,0.1812117102953037
19940809,3755.760009765625,3755.760009765625,3758.669921875,3743.780029296875,3753.800048828125,24700000,0.05194592005024479
19940810,3766.760009765625,3766.760009765625,3777.449951171875,3756.080078125,3756.10009765625,25900000,0.29288346357057016
19940811,3750.89990234375,3750.89990234375,3773.56005859375,3736.330078125,3766.800048828125,23860000,-0.4210543645137066
19940812,3768.7099609375,3768.7099609375,3774.2099609375,3750.25,3750.89990234375,24450000,0.474820951170174
19940815,3760.2900390625,3760.2900390625,3781.330078125,3759.969970703125,3768.699951171875,22820000,-0.22341655267378302
19940816,3784.570068359375,3784.570068359375,3788.1298828125,3740.5400390625,3760.300048828125,31860000,0.6456956523207102
19940817,3776.47998046875,3776.47998046875,3795.25,3772.909912109375,3784.60009765625,30250000,-0.21376504449637235
19940818,3755.429931640625,3755.429931640625,3776.47998046875,3749.280029296875,3776.47998046875,32360000,-0.5573986605778902
19940819,3755.110107421875,3755.110107421875,3762.22998046875,3741.510009765625,3755.39990234375,30960000,-0.008516314365381028
19940822,3751.219970703125,3751.219970703125,3755.110107421875,3737.6298828125,3755.10009765625,18830000,-0.10359580964247606
19940823,3775.830078125,3775.830078125,3791.3701171875,3750.89990234375,3751.199951171875,30060000,0.656056099457758
19940824,3846.72998046875,3846.72998046875,3846.72998046875,3775.830078125,3775.830078125,29410000,1.8777302176415045
19940825,3829.889892578125,3829.889892578125,3856.1201171875,3827.949951171875,3846.699951171875,29800000,-0.43777670842841676
19940826,3881.050048828125,3881.050048828125,3893.669921875,3829.889892578125,3829.89990234375,35580000,1.3358127174659007
19940829,3898.85009765625,3898.85009765625,3911.14990234375,3881.3701171875,3881.39990234375,29030000,0.45864002278197535
19940830,3917.300048828125,3917.300048828125,3920.8701171875,3888.489990234375,3898.89990234375,25830000,0.4732151970388898
19940831,3913.419921875,3913.419921875,3939.320068359375,3906.949951171875,3917.300048828125,37360000,-0.0990510531427291
19940901,3901.43994140625,3901.43994140625,3913.10009765625,3887.52001953125,3913.10009765625,27820000,-0.30612560644935893
19940902,3885.580078125,3885.580078125,3919.889892578125,3880.39990234375,3901.39990234375,21520000,-0.4065130700316111
19940906,3898.699951171875,3898.699951171875,3898.699951171875,3877.169921875,3885.60009765625,19880000,0.33765545383395157
19940907,3886.25,3886.25,3903.409912109375,3881.5400390625,3898.699951171875,28160000,-0.31933596654784013
19940908,3908.4599609375,3908.4599609375,3911.14990234375,3882.889892578125,3886.300048828125,25950000,0.5715010855580571
19940909,3874.81005859375,3874.81005859375,3907.780029296875,3858.330078125,3907.780029296875,27580000,-0.8609504173014093
19940912,3860.340087890625,3860.340087890625,3880.530029296875,3859.0,3874.800048828125,22750000,-0.37343690359822324
19940913,3879.860107421875,3879.860107421875,3992.639892578125,3861.02001953125,3861.02001953125,24040000,0.5056554367445898
19940914,3895.330078125,3895.330078125,3900.719970703125,3869.090087890625,3879.89990234375,27690000,0.39872496107609123
19940915,3953.8798828125,3953.8798828125,3953.8798828125,3894.330078125,3895.300048828125,27340000,1.5030768513379256
19940916,3933.35009765625,3933.35009765625,3953.5400390625,3912.830078125,3953.5,56570000,-0.5192313819520122
19940919,3936.719970703125,3936.719970703125,3953.199951171875,3928.31005859375,3933.39990234375,29440000,0.08567437332576144
19940920,3869.090087890625,3869.090087890625,3936.3798828125,3869.090087890625,3936.3798828125,32960000,-1.7179246508717494
19940921,3851.60009765625,3851.60009765625,3876.159912109375,3821.64990234375,3869.10009765625,37500000,-0.45204401647598313
19940922,3837.1298828125,3837.1298828125,3864.719970703125,3832.760009765625,3851.60009765625,25790000,-0.3756935942689221
19940923,3831.75,3831.75,3851.260009765625,3820.31005859375,3837.10009765625,27120000,-0.1402059084994245
19940926,3849.239990234375,3849.239990234375,3849.909912109375,3826.360107421875,3831.800048828125,24580000,0.4564491481535926
19940927,3863.0400390625,3863.0400390625,3871.780029296875,3844.8701171875,3849.199951171875,27440000,0.35851359912959513
19940928,3878.179931640625,3878.179931640625,3890.9599609375,3863.0400390625,3863.0400390625,27210000,0.3919165327056495
19940929,3854.6298828125,3854.6298828125,3878.179931640625,3847.89990234375,3878.179931640625,22700000,-0.6072448737096781
19940930,3843.18994140625,3843.18994140625,3875.820068359375,3838.81005859375,3854.60009765625,27410000,-0.29678443207374894
19941003,3846.889892578125,3846.889892578125,3852.27001953125,3826.360107421875,3843.199951171875,25880000,0.09627291984743991
19941004,3801.1298828125,3801.1298828125,3858.330078125,3794.070068359375,3846.89990234375,32340000,-1.1895326105878623
19941005,3787.340087890625,3787.340087890625,3802.139892578125,3747.969970703125,3801.10009765625,35610000,-0.36278147148373074
19941006,3775.56005859375,3775.56005859375,3795.070068359375,3768.159912109375,3787.300048828125,22510000,-0.31103700812450397
19941007,3797.429931640625,3797.429931640625,3802.81005859375,3769.169921875,3775.60009765625,30080000,0.5792484481102589
19941010,3821.320068359375,3821.320068359375,3825.35009765625,3798.10009765625,3798.10009765625,18750000,0.6291132989629356
19941011,3876.830078125,3876.830078125,3882.550048828125,3821.320068359375,3821.320068359375,33170000,1.4526396316615564
19941012,3875.14990234375,3875.14990234375,3887.260009765625,3862.030029296875,3876.800048828125,23990000,-0.043338906977907765
19941013,3889.949951171875,3889.949951171875,3927.6298828125,3876.830078125,3876.830078125,28900000,0.38192196950042057
19941014,3910.469970703125,3910.469970703125,3912.159912109375,3878.510009765625,3889.89990234375,21500000,0.5275137158273324
19941017,3923.929931640625,3923.929931640625,3934.030029296875,3901.050048828125,3910.5,26450000,0.3442031530312306
19941018,3917.5400390625,3917.5400390625,3927.969970703125,3903.75,3923.89990234375,23060000,-0.16284420694161472
19941019,3936.0400390625,3936.0400390625,3949.840087890625,3901.050048828125,3917.5,28380000,0.47223512243737
19941020,3911.14990234375,3911.14990234375,3942.10009765625,3894.659912109375,3936.0,41190000,-0.6323649269756482
19941021,3891.300048828125,3891.300048828125,3911.14990234375,3883.89990234375,3911.10009765625,41960000,-0.507519630064035
19941024,3855.300048828125,3855.300048828125,3911.47998046875,3853.6201171875,3891.300048828125,34750000,-0.9251406868725387
19941025,3850.590087890625,3850.590087890625,3863.0400390625,3832.419921875,3855.300048828125,36020000,-0.12216846621138089
19941026,3848.22998046875,3848.22998046875,3870.10009765625,3837.469970703125,3850.60009765625,31250000,-0.06129209726314366
19941027,3875.14990234375,3875.14990234375,3875.14990234375,3848.909912109375,3848.909912109375,31560000,0.6995403604157957
19941028,3930.659912109375,3930.659912109375,3931.669921875,3873.469970703125,3875.10009765625,36980000,1.432460967046767
19941031,3908.1201171875,3908.1201171875,3937.050048828125,3907.780029296875,3930.699951171875,31920000,-0.5734353880994747
19941101,3863.3701171875,3863.3701171875,3907.780029296875,3858.330078125,3907.780029296875,36640000,-1.1450518064476611
19941102,3837.1298828125,3837.1298828125,3875.14990234375,3837.1298828125,3863.39990234375,31240000,-0.6792058119997724
19941103,3845.8798828125,3845.8798828125,3853.6201171875,3833.429931640625,3837.10009765625,26450000,0.2280350227182426
19941104,3807.52001953125,3807.52001953125,3865.050048828125,3807.52001953125,3845.89990234375,28910000,-0.997427492540337
19941107,3808.8701171875,3808.8701171875,3819.300048828125,3798.10009765625,3807.5,24810000,0.03545871457864003
19941108,3830.739990234375,3830.739990234375,3846.550048828125,3808.8701171875,3808.89990234375,27960000,0.5741826939224648
19941109,3831.75,3831.75,3868.800048828125,3810.550048828125,3810.60009765625,35550000,0.026365918026272084
19941110,3821.989990234375,3821.989990234375,3858.659912109375,3814.919921875,3831.800048828125,31050000,-0.2547141584295698
19941111,3801.469970703125,3801.469970703125,3821.64990234375,3795.409912109375,3821.64990234375,19520000,-0.536893596887511
19941114,3829.72998046875,3829.72998046875,3833.429931640625,3800.4599609375,3801.5,25530000,0.743396896027515
19941115,3826.360107421875,3826.360107421875,3856.31005859375,3807.860107421875,3829.699951171875,29980000,-0.08799244500424797
19941116,3845.199951171875,3845.199951171875,3845.5400390625,3820.31005859375,3826.39990234375,27730000,0.49236985597505
19941117,3828.050048828125,3828.050048828125,3849.580078125,3808.530029296875,3845.199951171875,35820000,-0.4460080766027108
19941118,3815.260009765625,3815.260009765625,3828.050048828125,3784.97998046875,3828.050048828125,38500000,-0.3341136844962511
19941121,3769.510009765625,3769.510009765625,3833.429931640625,3763.449951171875,3815.300048828125,23400000,-1.1991319040615123
19941122,3677.989990234375,3677.989990234375,3770.179931640625,3677.989990234375,3769.5,35790000,-2.427902281573735
19941123,3674.6298828125,3674.6298828125,3685.72998046875,3638.6298828125,3678.0,47280000,-0.0913571660280943
19941125,3708.27001953125,3708.27001953125,3713.320068359375,3673.9599609375,3674.60009765625,10610000,0.9154700688658757
19941128,3739.56005859375,3739.56005859375,3741.919921875,3707.93994140625,3708.300048828125,25630000,0.8437907406336986
19941129,3738.550048828125,3738.550048828125,3742.929931640625,3717.68994140625,3739.60009765625,22870000,-0.027008785787618894
19941130,3739.22998046875,3739.22998046875,3763.110107421875,3731.14990234375,3738.60009765625,28000000,0.018187041279227323
19941201,3700.8701171875,3700.8701171875,3743.260009765625,3690.43994140625,3739.199951171875,24680000,-1.0258760087402008
19941202,3745.6201171875,3745.6201171875,3745.949951171875,3690.43994140625,3700.89990234375,24660000,1.2091751016111818
19941205,3741.919921875,3741.919921875,3762.780029296875,3727.110107421875,3745.60009765625,24050000,-0.0987872554272351
19941206,3745.949951171875,3745.949951171875,3749.320068359375,3716.010009765625,3741.89990234375,26430000,0.10769950669751172
19941207,3735.52001953125,3735.52001953125,3744.93994140625,3718.030029296875,3744.89990234375,33820000,-0.2784322208405965
19941208,3685.72998046875,3685.72998046875,3742.929931640625,3677.659912109375,3735.5,26580000,-1.332881066147995
19941209,3691.110107421875,3691.110107421875,3691.110107421875,3655.110107421875,3685.699951171875,27300000,0.14597181512576718
19941212,3718.3701171875,3718.3701171875,3718.3701171875,3682.030029296875,3691.10009765625,25710000,0.7385314708117763
19941213,3715.340087890625,3715.340087890625,3727.449951171875,3710.2900390625,3718.39990234375,24970000,-0.08148810369547066
19941214,3746.2900390625,3746.2900390625,3758.739990234375,3713.659912109375,3715.300048828125,31490000,0.8330314436826303
19941215,3765.469970703125,3765.469970703125,3775.89990234375,3743.60009765625,3746.300048828125,24870000,0.511971348737994
19941216,3807.18994140625,3807.18994140625,3807.18994140625,3765.800048828125,3765.800048828125,59070000,1.1079618487924048
19941219,3790.699951171875,3790.699951171875,3806.85009765625,3780.93994140625,3806.85009765625,22440000,-0.43312759510717447
19941220,3767.14990234375,3767.14990234375,3791.0400390625,3767.14990234375,3790.699951171875,24170000,-0.6212585836777862
19941221,3801.800048828125,3801.800048828125,3817.949951171875,3768.159912109375,3768.199951171875,29310000,0.9197973901388323
19941222,3814.919921875,3814.919921875,3829.06005859375,3800.7900390625,3801.800048828125,28570000,0.34509634589854343
19941223,3833.429931640625,3833.429931640625,3846.889892578125,3812.570068359375,3814.89990234375,18380000,0.48520047981839287
19941227,3861.68994140625,3861.68994140625,3866.39990234375,3833.77001953125,3833.800048828125,17320000,0.7371990689687635
19941228,3839.489990234375,3839.489990234375,3862.360107421875,3826.030029296875,3861.699951171875,15670000,-0.5748765827582436
19941229,3833.429931640625,3833.429931640625,3847.89990234375,3832.419921875,3839.5,16910000,-0.15783498873974677
19941230,3834.43994140625,3834.43994140625,3850.590087890625,3833.090087890625,3833.39990234375,17210000,0.02634741689913067
19950103,3838.47998046875,3838.47998046875,3845.199951171875,3827.7099609375,3834.39990234375,24440000,0.10536190745547014
19950104,3857.64990234375,3857.64990234375,3857.989990234375,3831.070068359375,3838.5,27220000,0.49941440290275363
19950105,3850.919921875,3850.919921875,3860.679931640625,3843.18994140625,3857.60009765625,25810000,-0.1744580415309671
19950106,3867.409912109375,3867.409912109375,3887.260009765625,3841.840087890625,3850.89990234375,30240000,0.42820911805265816
19950109,3861.35009765625,3861.35009765625,3874.47998046875,3853.280029296875,3867.39990234375,20820000,-0.1566892207146453
19950110,3866.739990234375,3866.739990234375,3898.699951171875,3861.35009765625,3861.39990234375,28250000,0.13958570038485885
19950111,3862.030029296875,3862.030029296875,3882.889892578125,3840.159912109375,3866.699951171875,28100000,-0.12180702476491945
19950112,3859.0,3859.0,3864.050048828125,3851.260009765625,3862.0,23740000,-0.07845690670164052
19950113,3908.4599609375,3908.4599609375,3910.139892578125,3859.0,3859.0,30580000,1.2816781792562848
19950116,3932.340087890625,3932.340087890625,3936.719970703125,3907.449951171875,3908.5,29250000,0.6109855849053325
19950117,3930.659912109375,3930.659912109375,3934.699951171875,3916.18994140625,3932.300048828125,26880000,-0.042727122875863
19950118,3928.97998046875,3928.97998046875,3931.330078125,3906.10009765625,3930.699951171875,22990000,-0.04273917556310014
19950119,3882.2099609375,3882.2099609375,3928.31005859375,3878.510009765625,3928.300048828125,24460000,-1.1903857938637352
19950120,3869.429931640625,3869.429931640625,3882.550048828125,3847.219970703125,3882.199951171875,31750000,-0.32919469646068844
19950123,3867.409912109375,3867.409912109375,3871.110107421875,3838.47998046875,3869.39990234375,31630000,-0.052204577080772196
19950124,3862.699951171875,3862.699951171875,3876.489990234375,3862.360107421875,3867.39990234375,26470000,-0.12178592506453256
19950125,3871.449951171875,3871.449951171875,3891.300048828125,3845.8798828125,3862.699951171875,32340000,0.22652549021688895
19950126,3870.43994140625,3870.43994140625,3879.52001953125,3853.280029296875,3871.39990234375,29440000,-0.02608866906104179
19950127,3857.989990234375,3857.989990234375,3887.260009765625,3848.22998046875,3870.39990234375,47930000,-0.3216675974915595
19950130,3832.080078125,3832.080078125,3859.0,3817.260009765625,3858.0,34450000,-0.671590962520896
19950131,3843.860107421875,3843.860107421875,3851.929931640625,3828.050048828125,3832.10009765625,38970000,0.30740561409767775
19950201,3847.56005859375,3847.56005859375,3868.080078125,3831.409912109375,3843.89990234375,37880000,0.09625613493922103
19950202,3870.77001953125,3870.77001953125,3871.110107421875,3843.860107421875,3847.60009765625,25280000,0.6032384312145922
19950203,3928.639892578125,3928.639892578125,3944.4599609375,3872.1201171875,3872.1201171875,43270000,1.4950480848739067
19950206,3937.72998046875,3937.72998046875,3948.830078125,3920.570068359375,3928.60009765625,29340000,0.2313800230913987
19950207,3937.389892578125,3937.389892578125,3942.10009765625,3924.93994140625,3937.699951171875,25000000,-0.008636648330684338
19950208,3935.3701171875,3935.3701171875,3953.5400390625,3930.659912109375,3937.39990234375,27290000,-0.05129731740389776
19950209,3932.679931640625,3932.679931640625,3948.830078125,3928.31005859375,3935.39990234375,26870000,-0.06835914962930456
19950210,3939.070068359375,3939.070068359375,3945.1298828125,3923.929931640625,3932.699951171875,24550000,0.1624880953910779
19950213,3954.2099609375,3954.2099609375,3956.89990234375,3935.030029296875,3939.10009765625,19380000,0.38435194894694824
19950214,3958.25,3958.25,3965.64990234375,3949.5,3954.199951171875,29760000,0.1021705752200841
19950215,3986.169921875,3986.169921875,3997.949951171875,3953.199951171875,3958.300048828125,41530000,0.7053602444262008
19950216,3987.52001953125,3987.52001953125,3987.52001953125,3964.31005859375,3986.199951171875,37770000,0.0338695460231353
19950217,3953.5400390625,3953.5400390625,3969.68994140625,3952.530029296875,3969.68994140625,36110000,-0.8521582412705841
19950221,3963.969970703125,3963.969970703125,3969.68994140625,3952.530029296875,3953.5,30060000,0.26381247028164356
19950222,3973.050048828125,3973.050048828125,3986.85009765625,3962.2900390625,3964.0,28680000,0.22906526013337647
19950223,4003.330078125,4003.330078125,4020.489990234375,3973.72998046875,3973.72998046875,37840000,0.7621356118029832
19950224,4011.739990234375,4011.739990234375,4013.090087890625,3990.8798828125,4003.300048828125,27220000,0.21007291293138053
19950227,3988.570068359375,3988.570068359375,4021.22998046875,3974.739990234375,4011.699951171875,25820000,-0.577552930434222
19950228,4011.050048828125,4011.050048828125,4011.050048828125,3978.889892578125,3988.60009765625,22440000,0.563610017712346
19950301,3994.800048828125,3994.800048828125,4014.510009765625,3985.110107421875,4011.10009765625,33450000,-0.40513082116109267
19950302,3979.929931640625,3979.929931640625,3995.489990234375,3959.179931640625,3994.800048828125,31590000,-0.3722368330265291
19950303,3989.610107421875,3989.610107421875,3989.610107421875,3959.179931640625,3979.89990234375,27300000,0.24322477901663753
19950306,3997.56005859375,3997.56005859375,4001.02001953125,3955.3701171875,3989.60009765625,30840000,0.19926636833724753
19950307,3962.6298828125,3962.6298828125,3997.909912109375,3945.68994140625,3997.60009765625,31540000,-0.8737873920407702
19950308,3979.22998046875,3979.22998046875,3985.4599609375,3956.06005859375,3962.60009765625,29030000,0.41891617807283676
19950309,3983.389892578125,3983.389892578125,3993.760009765625,3971.280029296875,3979.199951171875,23710000,0.10454063046854145
19950310,4035.610107421875,4035.610107421875,4048.39990234375,3984.080078125,3984.10009765625,30910000,1.3109491225312242
19950313,4025.22998046875,4025.22998046875,4042.52001953125,4019.699951171875,4035.60009765625,25950000,-0.25721332529212715
19950314,4048.75,4048.75,4060.510009765625,4025.580078125,4025.60009765625,32390000,0.5843149247465096
19950315,4038.3701171875,4038.3701171875,4054.6298828125,4029.0400390625,4048.800048828125,28270000,-0.2563725301018782
19950316,4069.14990234375,4069.14990234375,4075.3798828125,4038.030029296875,4038.39990234375,33510000,0.7621833626702434
19950317,4073.64990234375,4073.64990234375,4080.219970703125,4058.780029296875,4069.199951171875,45540000,0.11058820903619981
19950320,4083.679931640625,4083.679931640625,4088.8701171875,4071.570068359375,4073.699951171875,27480000,0.24621726307663128
19950321,4072.610107421875,4072.610107421875,4109.27001953125,4061.889892578125,4083.699951171875,31480000,-0.27107472681637823
19950322,4082.989990234375,4082.989990234375,4082.989990234375,4060.510009765625,4072.60009765625,28500000,0.2548705262402473
19950323,4087.830078125,4087.830078125,4094.75,4068.1201171875,4083.0,27750000,0.11854273221834077
19950324,4138.669921875,4138.669921875,4139.35986328125,4087.139892578125,4087.800048828125,30780000,1.243687794706938
19950327,4157.33984375,4157.33984375,4157.33984375,4132.10009765625,4138.7001953125,24330000,0.4511092265734984
19950328,4151.81005859375,4151.81005859375,4156.64990234375,4137.6298828125,4156.64990234375,22290000,-0.13301258410624017
19950329,4160.7998046875,4160.7998046875,4198.83984375,4139.7001953125,4151.7998046875,37490000,0.21652594812573422
19950330,4172.56005859375,4172.56005859375,4183.27978515625,4153.8798828125,4160.7998046875,33970000,0.2826440698492805
19950331,4157.68994140625,4157.68994140625,4172.2099609375,4111.68994140625,4172.2001953125,34440000,-0.3563787453909395
19950403,4168.41015625,4168.41015625,4172.56005859375,4155.9599609375,4157.7001953125,25610000,0.2578406517760756
19950404,4201.60986328125,4201.60986328125,4201.60986328125,4168.41015625,4168.41015625,30290000,0.7964597001442142
19950405,4200.56982421875,4200.56982421875,4210.60009765625,4188.1201171875,4201.60009765625,26740000,-0.024753346844241797
19950406,4205.41015625,4205.41015625,4224.08984375,4197.9599609375,4200.60009765625,25780000,0.11523036715976875
19950407,4192.6201171875,4192.6201171875,4211.2900390625,4169.4501953125,4205.39990234375,28940000,-0.304132976030691
19950410,4198.14990234375,4198.14990234375,4203.68994140625,4180.85986328125,4192.60009765625,22090000,0.13189330303455815
19950411,4187.080078125,4187.080078125,4216.830078125,4182.93017578125,4198.2001953125,22740000,-0.2636833956922269
19950412,4197.81005859375,4197.81005859375,4201.9599609375,4182.240234375,4187.10009765625,24990000,0.25626403767169403
19950413,4208.18017578125,4208.18017578125,4221.31982421875,4195.72998046875,4197.7998046875,27620000,0.24703636045346755
19950417,4195.3798828125,4195.3798828125,4237.22998046875,4189.509765625,4208.2001953125,30900000,-0.3041764476344855
19950418,4179.1298828125,4179.1298828125,4205.06982421875,4169.10009765625,4195.39990234375,27000000,-0.3873308366322825
19950419,4207.490234375,4207.490234375,4210.9501953125,4156.64990234375,4179.10009765625,32680000,0.6786185727114535
19950420,4230.66015625,4230.66015625,4244.83984375,4203.68994140625,4207.5,35080000,0.5506827249580404
19950421,4270.08984375,4270.08984375,4270.43017578125,4231.35009765625,4231.39990234375,40430000,0.9319984599034825
19950424,4303.97998046875,4303.97998046875,4310.89990234375,4255.91015625,4270.10009765625,33280000,0.7936633176080399
19950425,4300.169921875,4300.169921875,4315.39013671875,4294.64013671875,4304.0,31810000,-0.08852407797061979
19950426,4299.830078125,4299.830078125,4307.77978515625,4283.22998046875,4300.2001953125,26790000,-0.007903030721445603
19950427,4314.7001953125,4314.7001953125,4316.080078125,4289.10986328125,4299.7998046875,25210000,0.3458303448582889
19950428,4321.27001953125,4321.27001953125,4328.52978515625,4282.8798828125,4314.7001953125,29590000,0.15226606534302078
19950501,4316.080078125,4316.080078125,4327.14990234375,4301.56005859375,4321.2998046875,27070000,-0.12010222417929706
19950502,4328.8798828125,4328.8798828125,4331.64990234375,4306.39990234375,4316.10009765625,26010000,0.2965608713418666
19950503,4373.14990234375,4373.14990234375,4375.56982421875,4327.83984375,4328.89990234375,33900000,1.0226668498477087
19950504,4359.66015625,4359.66015625,4410.5,4347.2099609375,4373.10009765625,40000000,-0.30846749814179564
19950505,4343.39990234375,4343.39990234375,4371.759765625,4327.5,4359.7001953125,33640000,-0.37297067485728697
19950508,4383.8701171875,4383.8701171875,4395.6298828125,4335.10009765625,4343.39990234375,25670000,0.9317634975750666
19950509,4390.77978515625,4390.77978515625,4403.93017578125,4374.8798828125,4383.89990234375,27790000,0.15761570904346822
19950510,4404.6201171875,4404.6201171875,4407.0400390625,4375.22021484375,4390.7998046875,39920000,0.3152135317293636
19950511,4411.18994140625,4411.18994140625,4420.8701171875,4390.43994140625,4404.60009765625,35260000,0.14915756737143848
19950512,4430.56005859375,4430.56005859375,4435.0498046875,4393.5498046875,4411.2001953125,36660000,0.43911319722780284
19950515,4437.47021484375,4437.47021484375,4446.1201171875,4417.759765625,4430.60009765625,35130000,0.15596575057359452
19950516,4435.0498046875,4435.0498046875,4443.35009765625,4429.52001953125,4437.5,31200000,-0.0545448203382537
19950517,4422.60009765625,4422.60009765625,4436.08984375,4403.22998046875,4435.0,27070000,-0.28071177505361034
19950518,4340.64013671875,4340.64013671875,4422.259765625,4340.64013671875,4422.259765625,32800000,-1.8532075957067518
19950519,4341.330078125,4341.330078125,4345.47998046875,4311.240234375,4340.60009765625,41940000,0.015894922972625736
19950522,4395.6298828125,4395.6298828125,4403.93017578125,4341.330078125,4341.330078125,24330000,1.2507642522070483
19950523,4436.43994140625,4436.43994140625,4436.77978515625,4393.2099609375,4395.60009765625,32210000,0.9284234496931276
19950524,4438.16015625,4438.16015625,4458.56982421875,4404.6201171875,4436.39990234375,33710000,0.038774667672036855
19950525,4412.22998046875,4412.22998046875,4438.16015625,4388.7099609375,4438.16015625,28960000,-0.5842550712085948
19950526,4369.0,4369.0,4412.56982421875,4355.16015625,4412.2001953125,25460000,-0.9797762278963784
19950530,4378.68017578125,4378.68017578125,4390.08984375,4352.39990234375,4377.0,21740000,0.22156502131494005
19950531,4465.14013671875,4465.14013671875,4465.14013671875,4367.60986328125,4378.7001953125,29470000,1.974566706554981
19950601,4472.75,4472.75,4478.6298828125,4437.47021484375,4465.10009765625,32350000,0.17042831911748824
19950602,4444.39013671875,4444.39013671875,4488.66015625,4430.56005859375,4472.7998046875,31720000,-0.6340587620870863
19950605,4476.5498046875,4476.5498046875,4493.83984375,4439.5498046875,4444.39990234375,35950000,0.7236013711544587
19950606,4485.2001953125,4485.2001953125,4493.5,4470.330078125,4476.60009765625,32360000,0.1932378953081626
19950607,4462.02978515625,4462.02978515625,4484.509765625,4448.89013671875,4484.5,26960000,-0.5165970112207097
19950608,4458.56982421875,4458.56982421875,4468.93994140625,4452.68994140625,4462.0,22540000,-0.0775423093097749
19950609,4423.990234375,4423.990234375,4458.22998046875,4406.68994140625,4458.2001953125,30320000,-0.7755758282827707
19950612,4446.4599609375,4446.4599609375,4465.830078125,4423.990234375,4424.0,24860000,0.5079063327922295
19950613,4484.509765625,4484.509765625,4491.77001953125,4447.16015625,4447.2001953125,25490000,0.8557325382837266
19950614,4491.080078125,4491.080078125,4492.81005859375,4463.759765625,4484.5,33960000,0.1465112764468257
19950615,4496.27001953125,4496.27001953125,4510.4501953125,4482.08984375,4491.10009765625,24250000,0.11556109701826855
19950616,4510.7900390625,4510.7900390625,4517.02001953125,4496.60986328125,4496.60986328125,47480000,0.3229347763407553
19950619,4553.68017578125,4553.68017578125,4557.1298828125,4509.06005859375,4510.7998046875,23840000,0.950834251812438
19950620,4550.56005859375,4550.56005859375,4554.3701171875,4535.0,4553.7001953125,29350000,-0.06851858424520296
19950621,4547.10009765625,4547.10009765625,4559.2099609375,4541.919921875,4550.60009765625,30370000,-0.07603373854974116
19950622,4589.64013671875,4589.64013671875,4589.64013671875,4547.7998046875,4547.7998046875,35090000,0.9355421730088409
19950623,4585.83984375,4585.83984375,4589.64013671875,4572.0,4589.60009765625,24240000,-0.08280154555792008
19950626,4551.25,4551.25,4593.10009765625,4549.52978515625,4585.7998046875,23260000,-0.7542750058561754
19950627,4542.60986328125,4542.60986328125,4574.080078125,4535.68994140625,4551.2998046875,28190000,-0.18984096058775046
19950628,4556.7900390625,4556.7900390625,4574.080078125,4528.43017578125,4542.60009765625,31520000,0.3121592258201744
19950629,4550.56005859375,4550.56005859375,4577.8798828125,4521.85986328125,4556.7998046875,25420000,-0.13671862024241532
19950630,4556.10009765625,4556.10009765625,4581.0,4544.33984375,4550.60009765625,22000000,0.12174411481589154
19950703,4585.14990234375,4585.14990234375,4585.14990234375,4551.25,4556.10009765625,11960000,0.6376024245482226
19950705,4615.22998046875,4615.22998046875,4630.10986328125,4583.759765625,4585.10009765625,34190000,0.6560326001473715
19950706,4664.0,4664.0,4664.68994140625,4607.27978515625,4615.2001953125,33910000,1.0567191610741045
19950707,4702.72998046875,4702.72998046875,4704.81005859375,4653.6201171875,4664.0,44200000,0.8304026687124821
19950710,4702.39013671875,4702.39013671875,4728.31982421875,4692.7001953125,4702.7001953125,31430000,-0.007226520582970242
19950711,4680.60009765625,4680.60009765625,4704.1201171875,4670.56982421875,4702.39990234375,27590000,-0.46338220413384423
19950712,4727.2900390625,4727.2900390625,4733.85986328125,4671.259765625,4680.60009765625,33660000,0.9975204125989956
19950713,4727.47998046875,4727.47998046875,4735.580078125,4706.35009765625,4727.2998046875,31170000,0.0040179765717907046
19950714,4708.81982421875,4708.81982421875,4726.080078125,4687.68994140625,4726.080078125,29260000,-0.39471676933785504
19950717,4736.2900390625,4736.2900390625,4747.2099609375,4704.58984375,4708.7998046875,26820000,0.5833779135583583
19950718,4686.27978515625,4686.27978515625,4735.93994140625,4678.18017578125,4735.89990234375,40010000,-1.0558950886409235
19950719,4628.8701171875,4628.8701171875,4688.0400390625,4552.08984375,4686.2998046875,49330000,-1.2250584813692678
19950720,4641.5498046875,4641.5498046875,4650.35009765625,4607.740234375,4628.89990234375,36460000,0.2739261888753175
19950721,4641.5498046875,4641.5498046875,4651.06005859375,4611.60986328125,4641.60009765625,44760000,0.0
19950724,4668.669921875,4668.669921875,4679.22998046875,4640.490234375,4641.5,28140000,0.5842901256841282
19950725,4714.4501953125,4714.4501953125,4719.02978515625,4668.669921875,4668.7001953125,39210000,0.980584924691219
19950726,4707.06005859375,4707.06005859375,4725.3701171875,4691.56005859375,4714.5,38480000,-0.1567550066834511
19950727,4732.77001953125,4732.77001953125,4741.919921875,4707.41015625,4707.41015625,30670000,0.5461999765768999
19950728,4715.509765625,4715.509765625,4738.0498046875,4705.2998046875,4732.7998046875,25080000,-0.36469665407404817
19950731,4708.47021484375,4708.47021484375,4726.77978515625,4687.330078125,4715.5,29250000,-0.14928504299931422
19950801,4700.3701171875,4700.3701171875,4709.52001953125,4666.91015625,4708.5,35540000,-0.17203247098630525
19950802,4690.14990234375,4690.14990234375,4754.9599609375,4682.39990234375,4700.39990234375,37600000,-0.21743425706793884
19950803,4701.419921875,4701.419921875,4701.419921875,4649.2998046875,4690.10009765625,32210000,0.24029124368962762
19950804,4683.4599609375,4683.4599609375,4709.52001953125,4682.0498046875,4701.39990234375,20170000,-0.38201141859154353
19950807,4693.31982421875,4693.31982421875,4702.830078125,4683.4599609375,4683.5,19590000,0.21052519640365475
19950808,4693.31982421875,4693.31982421875,4702.1298828125,4667.9599609375,4693.2998046875,22680000,0.0
19950809,4671.490234375,4671.490234375,4696.83984375,4666.5498046875,4693.2998046875,22270000,-0.4651204405696774
19950810,4643.66015625,4643.66015625,4683.81005859375,4633.10009765625,4671.5,25120000,-0.5957430440550526
19950811,4618.2998046875,4618.2998046875,4647.89013671875,4597.169921875,4647.5,24260000,-0.5461285001308047
19950814,4659.85986328125,4659.85986328125,4660.22021484375,4615.1298828125,4615.7998046875,23130000,0.8998995377382579
19950815,4640.83984375,4640.83984375,4661.27001953125,4614.080078125,4652.5,30780000,-0.4081672000723402
19950816,4639.080078125,4639.080078125,4643.66015625,4627.4599609375,4634.2001953125,33760000,-0.03791911990606023
19950817,4630.6298828125,4630.6298828125,4638.3798828125,4606.68017578125,4628.5,29770000,-0.18215239164216523
19950818,4617.60009765625,4617.60009765625,4647.18017578125,4612.31982421875,4640.5,32160000,-0.2813825653527724
19950821,4614.77978515625,4614.77978515625,4656.33984375,4614.080078125,4628.2001953125,34830000,-0.06107745236386686
19950822,4620.419921875,4620.419921875,4623.58984375,4595.759765625,4618.2998046875,29160000,0.12221897861501851
19950823,4584.85009765625,4584.85009765625,4624.2900390625,4584.490234375,4618.0,27230000,-0.7698396427205156
19950824,4580.6201171875,4580.6201171875,4595.759765625,4573.22021484375,4592.2001953125,26540000,-0.09225995133215203
19950825,4601.39990234375,4601.39990234375,4614.43017578125,4579.919921875,4584.89990234375,24520000,0.4536456773238884
19950828,4594.0,4594.0,4620.77001953125,4580.27001953125,4611.60009765625,22570000,-0.16081850090839955
19950829,4608.43994140625,4608.43994140625,4609.85009765625,4570.85009765625,4591.2001953125,25310000,0.31432175459837897
19950830,4604.60009765625,4604.60009765625,4621.47021484375,4601.0498046875,4615.5,23820000,-0.08332198745826247
19950831,4610.56005859375,4610.56005859375,4615.83984375,4599.990234375,4605.2998046875,20010000,0.12943493052814947
19950901,4647.5400390625,4647.5400390625,4648.9501953125,4607.02978515625,4610.2001953125,21020000,0.8020713318726225
19950905,4670.080078125,4670.080078125,4679.22998046875,4645.77978515625,4660.2001953125,26870000,0.4849885933859932
19950906,4683.81005859375,4683.81005859375,4694.3798828125,4669.72021484375,4675.7001953125,27870000,0.2939988231264401
19950907,4669.72021484375,4669.72021484375,4688.0400390625,4663.740234375,4685.2001953125,24360000,-0.30082013518349937
19950908,4700.72021484375,4700.72021484375,4701.419921875,4664.43994140625,4683.10009765625,27070000,0.6638513352782871
19950911,4704.93994140625,4704.93994140625,4723.60986328125,4698.9599609375,4703.5,26090000,0.08976766047839035
19950912,4747.2099609375,4747.2099609375,4747.2099609375,4704.240234375,4718.7001953125,33210000,0.8984178343967475
19950913,4765.52001953125,4765.52001953125,4771.16015625,4732.77001953125,4741.2001953125,44140000,0.3857014697983496
19950914,4801.7998046875,4801.7998046875,4801.7998046875,4759.89013671875,4765.5,41530000,0.761297508090597
19950915,4797.56982421875,4797.56982421875,4815.18017578125,4784.5400390625,4801.7998046875,53960000,-0.08809156234753646
19950918,4780.41015625,4780.41015625,4795.759765625,4755.83984375,4795.60009765625,32940000,-0.3576741683284257
19950919,4767.0400390625,4767.0400390625,4781.1298828125,4730.5498046875,4780.7998046875,34570000,-0.27968556568351843
19950920,4792.68994140625,4792.68994140625,4796.31005859375,4763.06982421875,4766.2998046875,52430000,0.5380676926052042
19950921,4767.39990234375,4767.39990234375,4794.14013671875,4742.83984375,4788.7001953125,38620000,-0.5276794320452027
19950922,4764.14990234375,4764.14990234375,4773.18017578125,4728.39013671875,4767.7998046875,38200000,-0.0681713316812882
19950925,4769.93017578125,4769.93017578125,4769.93017578125,4744.64013671875,4766.2998046875,34520000,0.12132853826989365
19950926,4765.60009765625,4765.60009765625,4798.10986328125,4755.1201171875,4770.2998046875,35490000,-0.09077864801848579
19950927,4762.35009765625,4762.35009765625,4790.16015625,4692.97998046875,4763.10009765625,49210000,-0.06819707766915206
19950928,4787.64013671875,4787.64013671875,4787.64013671875,4758.3701171875,4763.10009765625,36100000,0.5310411570738305
19950929,4789.080078125,4789.080078125,4816.5400390625,4781.85986328125,4787.60009765625,28990000,0.03007622471886684
19951002,4761.259765625,4761.259765625,4789.7998046875,4761.259765625,4789.7998046875,29050000,-0.5809114077476862
19951003,4749.7001953125,4749.7001953125,4767.39990234375,4716.10009765625,4763.10009765625,32970000,-0.24278386144686026
19951004,4740.669921875,4740.669921875,4749.7001953125,4726.93994140625,4749.2998046875,33080000,-0.19012301968894807
19951005,4762.7099609375,4762.7099609375,4762.7099609375,4735.25,4740.0,32630000,0.46491401902504226
19951006,4769.2099609375,4769.2099609375,4783.66015625,4749.7001953125,4762.39990234375,25080000,0.1364769228718865
19951009,4726.22021484375,4726.22021484375,4768.1298828125,4711.77001953125,4767.0,26780000,-0.9014018348082797
19951010,4720.7998046875,4720.7998046875,4726.580078125,4659.740234375,4721.5,40920000,-0.11468805747193445
19951011,4735.25,4735.25,4738.85986328125,4711.41015625,4719.0,31000000,0.3060963377042869
19951012,4764.8798828125,4764.8798828125,4764.8798828125,4735.25,4737.7998046875,30770000,0.625730063090657
19951013,4793.77978515625,4793.77978515625,4816.89990234375,4765.60009765625,4765.60009765625,31430000,0.6065190110666974
19951016,4784.3798828125,4784.3798828125,4796.669921875,4722.81982421875,4794.10009765625,23080000,-0.19608540160431787
19951017,4795.9501953125,4795.9501953125,4798.10986328125,4771.3798828125,4784.7998046875,33480000,0.24183515488738205
19951018,4777.52001953125,4777.52001953125,4810.759765625,4771.02001953125,4794.5,33800000,-0.38428622130528556
19951019,4802.4501953125,4802.4501953125,4802.4501953125,4770.2900390625,4779.0,32060000,0.5218225288294187
19951020,4794.85986328125,4794.85986328125,4815.81982421875,4786.91015625,4802.5,34640000,-0.1580512389000699
19951023,4755.47998046875,4755.47998046875,4795.22021484375,4746.81005859375,4795.2001953125,28010000,-0.8212937173423751
19951024,4783.66015625,4783.66015625,4788.72021484375,4755.83984375,4758.0,28050000,0.5925832070997838
19951025,4753.68017578125,4753.68017578125,4800.27978515625,4733.81005859375,4784.39990234375,38380000,-0.6267163529495301
19951026,4703.81982421875,4703.81982421875,4755.47998046875,4667.68994140625,4754.39990234375,36360000,-1.0488789678473776
19951027,4741.75,4741.75,4742.47998046875,4676.0,4703.7998046875,30510000,0.8063696569744705
19951030,4756.56982421875,4756.56982421875,4765.60009765625,4742.83984375,4742.83984375,24460000,0.3125391304634295
19951031,4755.47998046875,4755.47998046875,4801.0,4755.47998046875,4756.89990234375,29030000,-0.02291238834445375
19951101,4766.68017578125,4766.68017578125,4770.2900390625,4744.64013671875,4753.7001953125,26950000,0.2355218686336702
19951102,4808.58984375,4808.58984375,4808.58984375,4766.31982421875,4767.0,29070000,0.8792213117566838
19951103,4825.56982421875,4825.56982421875,4825.93017578125,4802.81005859375,4805.7001953125,25330000,0.35311767109478254
19951106,4814.009765625,4814.009765625,4832.43017578125,4810.02978515625,4825.60009765625,25060000,-0.23955841516855036
19951107,4797.02978515625,4797.02978515625,4888.7099609375,4788.72021484375,4814.7001953125,24900000,-0.3527201085049225
19951108,4852.669921875,4852.669921875,4852.669921875,4794.85986328125,4795.89990234375,28100000,1.1598872471236366
19951109,4864.22998046875,4864.22998046875,4876.8701171875,4840.740234375,4851.2001953125,29320000,0.23822058330484897
19951110,4870.3701171875,4870.3701171875,4873.6201171875,4840.02001953125,4864.2001953125,21020000,0.1262303950143151
19951113,4872.89990234375,4872.89990234375,4886.6298828125,4847.60986328125,4867.7998046875,25470000,0.05194235952052928
19951114,4871.81005859375,4871.81005859375,4890.240234375,4861.33984375,4870.39990234375,34310000,-0.022365404006674527
19951115,4922.75,4922.75,4922.75,4860.60986328125,4867.5,36800000,1.0456060641443443
19951116,4969.35986328125,4969.35986328125,4969.35986328125,4920.58984375,4922.39990234375,37180000,0.946825723046052
19951117,4989.9501953125,4989.9501953125,4996.81005859375,4958.52001953125,4969.7001953125,34740000,0.4143457627891367
19951120,4983.08984375,4983.08984375,5003.68017578125,4976.22021484375,4990.2998046875,27370000,-0.13748336744812129
19951121,5023.5498046875,5023.5498046875,5024.6298828125,4976.580078125,4980.60009765625,32370000,0.8119452429348861
19951122,5041.60986328125,5041.60986328125,5067.6201171875,5018.490234375,5022.7998046875,34820000,0.35950790369188024
19951124,5048.83984375,5048.83984375,5057.509765625,5041.60986328125,5042.0,9990000,0.14340618700798835
19951127,5070.8798828125,5070.8798828125,5090.02001953125,5048.83984375,5048.83984375,30890000,0.43653670436354375
19951128,5078.10009765625,5078.10009765625,5078.10009765625,5032.93994140625,5070.5,31610000,0.14238583856467368
19951129,5105.56005859375,5105.56005859375,5105.56005859375,5075.93017578125,5077.0,27690000,0.5407526517678063
19951130,5074.490234375,5074.490234375,5118.93017578125,5074.490234375,5107.0,25980000,-0.608548795081798
19951201,5087.1298828125,5087.1298828125,5107.3701171875,5073.41015625,5075.60009765625,28450000,0.24908213147949443
19951204,5139.52001953125,5139.52001953125,5139.52001953125,5074.1298828125,5086.39990234375,30260000,1.0298564795004905
19951205,5177.4501953125,5177.4501953125,5191.5400390625,5134.81982421875,5138.39990234375,30000000,0.7380100794842193
19951206,5199.1298828125,5199.1298828125,5209.25,5168.77978515625,5176.0,29460000,0.4187329029186726
19951207,5159.39013671875,5159.39013671875,5199.1298828125,5148.18994140625,5199.10009765625,57210000,-0.7643537859118199
19951208,5156.85986328125,5156.85986328125,5175.64990234375,5137.7099609375,5159.39990234375,23630000,-0.04904210324185865
19951211,5184.31982421875,5184.31982421875,5194.43017578125,5145.66015625,5156.10009765625,25470000,0.53249383666647
19951212,5174.919921875,5174.919921875,5188.2900390625,5169.14013671875,5183.2001953125,26070000,-0.18131409061297177
19951213,5216.47021484375,5216.47021484375,5219.35986328125,5166.60986328125,5171.7001953125,33320000,0.8029166363157092
19951214,5182.14990234375,5182.14990234375,5235.6201171875,5172.39013671875,5217.2001953125,36380000,-0.6579221405758173
19951215,5176.72998046875,5176.72998046875,5188.64990234375,5163.0,5185.39990234375,36400000,-0.10458828820348876
19951218,5075.2099609375,5075.2099609375,5176.3701171875,5069.7900390625,5174.2001953125,36780000,-1.961083925842655
19951219,5109.89013671875,5109.89013671875,5114.58984375,5051.72998046875,5075.60009765625,40910000,0.6833249471090541
19951220,5059.31982421875,5059.31982421875,5140.240234375,5059.31982421875,5110.2998046875,33120000,-0.9896555727609613
19951221,5096.52978515625,5096.52978515625,5099.419921875,5057.509765625,5057.509765625,35300000,0.7354735859824046
19951222,5097.97021484375,5097.97021484375,5126.8701171875,5092.91015625,5096.2001953125,21360000,0.02826295044315863
19951226,5110.259765625,5110.259765625,5117.1201171875,5097.97021484375,5098.0,14540000,0.24106752812063093
19951227,5105.919921875,5105.919921875,5126.509765625,5098.330078125,5106.60009765625,19480000,-0.08492413202147997
19951228,5095.7998046875,5095.7998046875,5106.27978515625,5088.22021484375,5106.27978515625,21490000,-0.19820360174751528
19951229,5117.1201171875,5117.1201171875,5117.1201171875,5087.85986328125,5096.5,21530000,0.4183899155612014
19960102,5177.4501953125,5177.4501953125,5184.68017578125,5098.330078125,5115.7001953125,39910000,1.178984990451215
19960103,5194.06982421875,5194.06982421875,5207.080078125,5176.3701171875,5177.10009765625,44760000,0.32100026614059196
19960104,5173.83984375,5173.83984375,5227.31005859375,5139.8798828125,5191.2001953125,52010000,-0.38948225867935227
19960105,5181.43017578125,5181.43017578125,5181.7900390625,5133.3798828125,5173.10009765625,35530000,0.1467059719759023
19960108,5197.7001953125,5197.7001953125,5207.080078125,5179.97998046875,5181.10009765625,11090000,0.3140063453387576
19960109,5130.1298828125,5130.1298828125,5213.580078125,5116.0400390625,5197.7001953125,37100000,-1.3000040394968826
19960110,5032.93994140625,5032.93994140625,5127.60009765625,5014.52001953125,5127.2001953125,45260000,-1.8944928028404528
19960111,5065.10009765625,5065.10009765625,5066.18017578125,5020.2998046875,5033.7001953125,34530000,0.638993443681235
19960112,5061.1201171875,5061.1201171875,5090.02001953125,5022.830078125,5065.7998046875,34010000,-0.07857654127292335
19960115,5043.77978515625,5043.77978515625,5078.81982421875,5036.919921875,5060.39990234375,29900000,-0.34261846448501165
19960116,5088.22021484375,5088.22021484375,5088.580078125,5018.85009765625,5044.10009765625,34400000,0.8810937745197922
19960117,5066.89990234375,5066.89990234375,5097.97021484375,5052.08984375,5086.39990234375,42410000,-0.41901316373459396
19960118,5124.35009765625,5124.35009765625,5125.06982421875,5065.81982421875,5065.81982421875,52130000,1.133833239648685
19960119,5184.68017578125,5184.68017578125,5194.06982421875,5111.7001953125,5124.7001953125,51170000,1.177321552494881
19960122,5219.35986328125,5219.35986328125,5219.35986328125,5175.64990234375,5184.0,37580000,0.6688876907392727
19960123,5192.27001953125,5192.27001953125,5219.72021484375,5177.81005859375,5219.7001953125,38980000,-0.5190261729332013
19960124,5242.83984375,5242.83984375,5260.5498046875,5193.7099609375,5193.7099609375,41720000,0.9739444217755633
19960125,5216.830078125,5216.830078125,5249.7099609375,5209.25,5244.2998046875,39270000,-0.4961007087791569
19960126,5271.75,5271.75,5276.43994140625,5205.990234375,5214.2998046875,31630000,1.0527450779983738
19960129,5304.97998046875,5304.97998046875,5306.06982421875,5271.39013671875,5271.39990234375,28030000,0.6303405978802079
19960130,5381.2099609375,5381.2099609375,5381.56982421875,5304.6201171875,5306.10009765625,44910000,1.4369513315677818
19960131,5395.2998046875,5395.2998046875,5408.669921875,5350.14013671875,5378.7001953125,44700000,0.26183412006368645
19960201,5405.06005859375,5405.06005859375,5405.06005859375,5370.3701171875,5394.89990234375,38250000,0.18090290177703583
19960202,5373.990234375,5373.990234375,5410.83984375,5357.009765625,5402.89990234375,33350000,-0.5748284733552711
19960205,5407.58984375,5407.58984375,5407.9501953125,5348.33984375,5373.2998046875,29360000,0.6252264687806486
19960206,5459.60986328125,5459.60986328125,5460.330078125,5397.10986328125,5407.60009765625,38710000,0.9619816042700347
19960207,5492.1201171875,5492.1201171875,5492.490234375,5452.02001953125,5458.2001953125,37460000,0.5954684440897307
19960208,5539.4501953125,5539.4501953125,5542.7001953125,5471.52978515625,5488.5,48280000,0.8617815545745477
19960209,5541.6201171875,5541.6201171875,5584.97021484375,5513.43994140625,5539.5,49230000,0.03917215244277905
19960212,5600.14990234375,5600.14990234375,5616.39990234375,5541.259765625,5541.2998046875,37010000,1.0561854461065945
19960213,5601.22998046875,5601.22998046875,5627.9599609375,5562.56982421875,5593.60009765625,42720000,0.01928659310614922
19960214,5579.5498046875,5579.5498046875,5610.6201171875,5553.89990234375,5599.10009765625,35430000,-0.38706098226367613
19960215,5551.3701171875,5551.3701171875,5595.81005859375,5547.0400390625,5578.10009765625,34610000,-0.5050530685526966
19960216,5503.31982421875,5503.31982421875,5552.10009765625,5499.35009765625,5552.10009765625,43490000,-0.8655573660992677
19960220,5458.52978515625,5458.52978515625,5502.240234375,5433.240234375,5502.2001953125,35180000,-0.8138730892104484
19960221,5515.97021484375,5515.97021484375,5520.669921875,5454.18994140625,5454.89990234375,36970000,1.0523058762764492
19960222,5608.4599609375,5608.4599609375,5613.8798828125,5516.330078125,5516.330078125,41570000,1.676762971722634
19960223,5630.490234375,5630.490234375,5659.39990234375,5560.41015625,5608.5,41670000,0.39280432758617145
19960226,5565.10009765625,5565.10009765625,5629.77001953125,5559.68017578125,5629.10009765625,31720000,-1.1613577858555435
19960227,5549.2099609375,5549.2099609375,5564.02001953125,5509.10009765625,5564.0,37090000,-0.28553191209340634
19960228,5506.2099609375,5506.2099609375,5593.27978515625,5495.740234375,5547.7998046875,37220000,-0.7748850791858608
19960229,5485.6201171875,5485.6201171875,5530.77978515625,5461.77978515625,5506.2001953125,39810000,-0.3739385874507062
19960301,5536.56005859375,5536.56005859375,5537.27978515625,5436.1298828125,5488.2001953125,41360000,0.9286086225082535
19960304,5600.14990234375,5600.14990234375,5629.0498046875,5535.1201171875,5535.1201171875,31200000,1.1485442779817223
19960305,5642.419921875,5642.419921875,5642.419921875,5577.02001953125,5600.89990234375,30240000,0.7548015726071888
19960306,5629.77001953125,5629.77001953125,5666.97998046875,5624.35009765625,5643.5,33860000,-0.2241928555283157
19960307,5641.68994140625,5641.68994140625,5641.68994140625,5599.7900390625,5630.0,31940000,0.21173017429925167
19960308,5470.4501953125,5470.4501953125,5636.64013671875,5424.2001953125,5636.60009765625,50790000,-3.0352562418746953
19960311,5581.0,5581.0,5583.169921875,5444.080078125,5470.7998046875,46980000,2.020853873822448
19960312,5583.89013671875,5583.89013671875,5584.25,5485.259765625,5580.60009765625,47250000,0.05178528433524843
19960313,5568.72021484375,5568.72021484375,5595.4501953125,5548.85009765625,5581.7001953125,42130000,-0.2716730004275192
19960314,5586.06005859375,5586.06005859375,5629.77001953125,5569.080078125,5569.10009765625,52380000,0.3113793309956536
19960315,5584.97021484375,5584.97021484375,5590.02978515625,5550.64990234375,5586.39990234375,54830000,-0.019510061448824167
19960318,5683.60009765625,5683.60009765625,5683.60009765625,5585.7001953125,5585.7001953125,49300000,1.7659876242555717
19960319,5669.509765625,5669.509765625,5709.97021484375,5652.52978515625,5683.60009765625,51450000,-0.24791209425625294
19960320,5655.419921875,5655.419921875,5683.9599609375,5616.39990234375,5668.7998046875,46260000,-0.24851961337871709
19960321,5626.8798828125,5626.8798828125,5668.7900390625,5613.8798828125,5652.2001953125,32550000,-0.5046493356241855
19960322,5636.64013671875,5636.64013671875,5649.27978515625,5620.3798828125,5628.2998046875,27790000,0.173457655210707
19960325,5643.85986328125,5643.85986328125,5678.5400390625,5619.66015625,5638.39990234375,35660000,0.12808563944801676
19960326,5670.60009765625,5670.60009765625,5678.5400390625,5623.6298828125,5642.7998046875,31410000,0.4737933794028315
19960327,5626.8798828125,5626.8798828125,5680.7099609375,5608.4599609375,5670.60009765625,32660000,-0.7709980265020011
19960328,5630.85009765625,5630.85009765625,5636.27001953125,5591.47998046875,5624.7001953125,29010000,0.07055801663506944
19960329,5587.14013671875,5587.14013671875,5645.31005859375,5576.66015625,5633.39990234375,32020000,-0.7762586497497725
19960401,5637.72021484375,5637.72021484375,5640.25,5587.5,5588.60009765625,32470000,0.9052946030937647
19960402,5671.68017578125,5671.68017578125,5671.68017578125,5623.27001953125,5637.39990234375,34940000,0.6023704554916742
19960403,5689.740234375,5689.740234375,5689.740234375,5641.68994140625,5671.7001953125,28830000,0.3184251938405991
19960404,5682.8798828125,5682.8798828125,5697.68994140625,5671.31982421875,5689.7001953125,29390000,-0.12057407333031511
19960408,5594.3701171875,5594.3701171875,5679.990234375,5542.33984375,5679.990234375,39940000,-1.55748084510271
19960409,5560.41015625,5560.41015625,5618.93017578125,5549.93017578125,5595.10009765625,35270000,-0.6070381513222589
19960410,5485.97998046875,5485.97998046875,5567.990234375,5472.97998046875,5559.2998046875,45430000,-1.3385734809075012
19960411,5487.06982421875,5487.06982421875,5512.35986328125,5415.52978515625,5488.5,58930000,0.019865981171651725
19960412,5532.58984375,5532.58984375,5536.2001953125,5480.2001953125,5487.39990234375,39970000,0.8295870289518614
19960415,5592.919921875,5592.919921875,5592.919921875,5534.759765625,5535.7998046875,27040000,1.090449135555449
19960416,5620.02001953125,5620.02001953125,5627.9599609375,5577.39013671875,5593.60009765625,35270000,0.4845429227451792
19960417,5549.93017578125,5549.93017578125,5620.740234375,5527.89013671875,5618.60009765625,48600000,-1.2471458020864135
19960418,5551.740234375,5551.740234375,5564.3798828125,5522.830078125,5547.7998046875,38770000,0.03261407867163335
19960419,5535.47998046875,5535.47998046875,5572.330078125,5518.85986328125,5551.39990234375,37590000,-0.2928857118632888
19960422,5564.740234375,5564.740234375,5588.22021484375,5536.2001953125,5536.2001953125,30650000,0.5285947019859405
19960423,5588.58984375,5588.58984375,5598.33984375,5562.2099609375,5565.10009765625,31980000,0.42858441491435695
19960424,5553.89990234375,5553.89990234375,5599.06005859375,5530.77978515625,5590.39990234375,36710000,-0.6207279899963614
19960425,5566.91015625,5566.91015625,5582.81005859375,5508.3798828125,5554.2998046875,39790000,0.23425438223616535
19960426,5567.990234375,5567.990234375,5590.39013671875,5546.31982421875,5566.89990234375,29490000,0.019401752402758987
19960429,5573.41015625,5573.41015625,5589.669921875,5552.81982421875,5567.60009765625,27010000,0.09734072164027108
19960430,5569.080078125,5569.080078125,5579.919921875,5547.0400390625,5574.10009765625,28460000,-0.07769171842025857
19960501,5575.22021484375,5575.22021484375,5594.7001953125,5547.7998046875,5567.60009765625,29210000,0.11025405691091894
19960502,5498.27001953125,5498.27001953125,5574.5,5475.509765625,5574.5,43620000,-1.3802180424662636
19960503,5478.02978515625,5478.02978515625,5527.169921875,5458.16015625,5495.39990234375,38880000,-0.36812005054501773
19960506,5464.31005859375,5464.31005859375,5500.06982421875,5423.1201171875,5479.5,36470000,-0.2504500176263358
19960507,5420.9501953125,5420.9501953125,5468.27978515625,5414.4501953125,5464.7001953125,34740000,-0.7935103026055046
19960508,5474.06005859375,5474.06005859375,5475.8701171875,5342.2001953125,5417.2998046875,43880000,0.9797150198349813
19960509,5475.14013671875,5475.14013671875,5504.0498046875,5460.68994140625,5470.7998046875,33030000,0.019730841705034585
19960510,5518.14013671875,5518.14013671875,5533.669921875,5476.22998046875,5476.60009765625,26740000,0.7853680257720264
19960513,5582.60009765625,5582.60009765625,5587.77001953125,5516.47021484375,5516.5,33230000,1.16814650118382
19960514,5624.7099609375,5624.7099609375,5633.56982421875,5577.419921875,5577.419921875,43370000,0.7543055663064457
19960515,5625.43994140625,5625.43994140625,5673.10009765625,5619.52978515625,5622.89990234375,40650000,0.01297809973881403
19960516,5635.0498046875,5635.0498046875,5654.259765625,5607.33984375,5622.10009765625,38130000,0.17082865307149753
19960517,5687.5,5687.5,5698.580078125,5635.419921875,5635.7998046875,43890000,0.9307849465477469
19960520,5748.81982421875,5748.81982421875,5750.2998046875,5671.990234375,5688.2001953125,40740000,1.0781507554945113
19960521,5736.259765625,5736.259765625,5759.16015625,5731.4599609375,5749.89990234375,35570000,-0.21848064433741543
19960522,5778.0,5778.0,5782.43994140625,5715.2099609375,5730.2998046875,41360000,0.727655930526927
19960523,5762.1201171875,5762.1201171875,5796.10009765625,5728.5,5778.0,42450000,-0.27483355507961216
19960524,5762.85986328125,5762.85986328125,5789.080078125,5745.1298828125,5761.7001953125,29270000,0.012838088736533138
19960528,5709.669921875,5709.669921875,5783.91015625,5697.85009765625,5762.10009765625,30460000,-0.9229782203304282
19960529,5673.830078125,5673.830078125,5717.0498046875,5645.39013671875,5709.7001953125,31830000,-0.6277043023571238
19960530,5693.41015625,5693.41015625,5715.580078125,5644.27978515625,5671.60009765625,37340000,0.34509454557847263
19960531,5643.18017578125,5643.18017578125,5698.580078125,5636.89990234375,5693.0,27040000,-0.8822477055093203
19960603,5624.7099609375,5624.7099609375,5643.91015625,5606.240234375,5643.89990234375,23730000,-0.3273015262390211
19960604,5665.7099609375,5665.7099609375,5671.990234375,5625.81005859375,5625.81005859375,30700000,0.7289264741602075
19960605,5697.47998046875,5697.47998046875,5699.31982421875,5656.83984375,5665.7001953125,26980000,0.5607420738140467
19960606,5667.18994140625,5667.18994140625,5723.330078125,5665.33984375,5696.0,39760000,-0.5316392364051459
19960607,5697.10986328125,5697.10986328125,5697.10986328125,5580.3798828125,5665.0,38410000,0.5279498690593742
19960610,5687.8701171875,5687.8701171875,5703.02001953125,5663.85986328125,5697.10009765625,24550000,-0.1621830422000703
19960611,5668.66015625,5668.66015625,5728.8701171875,5657.580078125,5687.89990234375,31220000,-0.33773557661683773
19960612,5668.2900390625,5668.2900390625,5705.22998046875,5662.009765625,5667.60009765625,28700000,-0.006529182863290739
19960613,5657.9501953125,5657.9501953125,5683.43994140625,5639.85009765625,5668.2998046875,29900000,-0.18241557292840715
19960614,5649.4501953125,5649.4501953125,5664.97021484375,5630.990234375,5658.2998046875,30400000,-0.15023108558011034
19960617,5652.77978515625,5652.77978515625,5677.89990234375,5637.27001953125,5650.2001953125,24750000,0.05893652884156886
19960618,5628.02978515625,5628.02978515625,5663.490234375,5622.85986328125,5652.7998046875,26670000,-0.43783768235570175
19960619,5648.35009765625,5648.35009765625,5674.56982421875,5627.66015625,5629.10009765625,25230000,0.36105552521406015
19960620,5659.43017578125,5659.43017578125,5680.47998046875,5632.830078125,5645.0,40390000,0.1961648611263911
19960621,5705.22998046875,5705.22998046875,5705.22998046875,5660.169921875,5660.2001953125,60900000,0.8092653017170104
19960624,5717.7900390625,5717.7900390625,5742.5400390625,5704.490234375,5704.5,33330000,0.22014990871090934
19960625,5719.27001953125,5719.27001953125,5729.97998046875,5698.9501953125,5717.7998046875,33600000,0.025883784795155407
19960626,5682.7001953125,5682.7001953125,5720.75,5673.830078125,5717.7998046875,29930000,-0.6394141926131192
19960627,5677.52978515625,5677.52978515625,5683.06982421875,5646.5,5682.7001953125,36810000,-0.09098509473568495
19960628,5654.6298828125,5654.6298828125,5704.85986328125,5652.0400390625,5677.5,31830000,-0.403342707309462
19960701,5729.97998046875,5729.97998046875,5729.97998046875,5653.89013671875,5654.60009765625,27740000,1.3325381009512194
19960702,5720.3798828125,5720.3798828125,5733.31005859375,5695.6298828125,5729.60009765625,29020000,-0.1675415566716243
19960703,5703.02001953125,5703.02001953125,5720.75,5682.7001953125,5720.0,28910000,-0.3034739586685431
19960705,5588.14013671875,5588.14013671875,5702.27978515625,5581.490234375,5700.39990234375,19020000,-2.0143692713521677
19960708,5550.830078125,5550.830078125,5598.85009765625,5538.64013671875,5586.2998046875,30850000,-0.6676650492100533
19960709,5581.85986328125,5581.85986328125,5596.6298828125,5550.830078125,5552.2998046875,28580000,0.5590116202355722
19960710,5603.64990234375,5603.64990234375,5604.39013671875,5533.47021484375,5582.60009765625,33760000,0.3903723775983581
19960711,5520.5400390625,5520.5400390625,5603.64990234375,5469.93017578125,5603.64990234375,47780000,-1.483138039128551
19960712,5510.56005859375,5510.56005859375,5543.06982421875,5471.41015625,5520.89990234375,34130000,-0.18077906143481037
19960715,5349.509765625,5349.509765625,5509.830078125,5318.77001953125,5509.7998046875,43110000,-2.9225757682758813
19960716,5358.759765625,5358.759765625,5402.0400390625,5182.31982421875,5349.5,69580000,0.17291304073203673
19960717,5376.8798828125,5376.8798828125,5430.14990234375,5357.27978515625,5357.2998046875,43010000,0.3381401290600161
19960718,5464.18017578125,5464.18017578125,5473.06005859375,5368.740234375,5376.89990234375,45800000,1.6236236418040617
19960719,5426.81982421875,5426.81982421875,5469.35986328125,5408.68994140625,5464.2001953125,36050000,-0.683732057886588
19960722,5390.93994140625,5390.93994140625,5426.81982421875,5369.490234375,5426.5,32890000,-0.6611585417370169
19960723,5346.5498046875,5346.5498046875,5434.22021484375,5330.64990234375,5392.7998046875,39370000,-0.823421095416077
19960724,5354.68994140625,5354.68994140625,5379.10009765625,5270.35009765625,5346.60009765625,43600000,0.1522502738422693
19960725,5422.009765625,5422.009765625,5431.259765625,5355.06005859375,5355.7998046875,37190000,1.2572123681370506
19960726,5473.06005859375,5473.06005859375,5474.5400390625,5422.009765625,5422.7998046875,27420000,0.9415381966370484
19960729,5434.58984375,5434.58984375,5473.43017578125,5434.58984375,5473.10009765625,23200000,-0.7029013829903841
19960730,5481.93017578125,5481.93017578125,5481.93017578125,5421.64013671875,5435.7001953125,26540000,0.8710930059550481
19960731,5528.91015625,5528.91015625,5536.31005859375,5473.7998046875,5479.39990234375,34300000,0.8569970605664334
19960801,5594.75,5594.75,5607.330078125,5524.10009765625,5528.89990234375,36710000,1.1908286061688589
19960802,5679.830078125,5679.830078125,5679.830078125,5592.5400390625,5595.89990234375,34470000,1.5207127776039941
19960805,5674.27978515625,5674.27978515625,5696.47998046875,5661.33984375,5680.2001953125,22670000,-0.09771934886091405
19960806,5696.10986328125,5696.10986328125,5700.919921875,5648.02001953125,5674.2998046875,26770000,0.3847198050069167
19960807,5718.669921875,5718.669921875,5719.41015625,5679.830078125,5695.7001953125,31840000,0.3960608052730574
19960808,5713.490234375,5713.490234375,5716.4501953125,5685.75,5716.4501953125,26890000,-0.09057503878981965
19960809,5681.31005859375,5681.31005859375,5729.02978515625,5667.6298828125,5709.7998046875,22460000,-0.5632314830545937
19960812,5704.97998046875,5704.97998046875,5706.10009765625,5648.02001953125,5681.2998046875,45180000,0.4166278839014659
19960813,5647.27978515625,5647.27978515625,5699.43994140625,5635.43994140625,5696.5,37320000,-1.011400487118963
19960814,5666.89990234375,5666.89990234375,5668.0,5630.27001953125,5645.39990234375,27900000,0.3474259808956326
19960815,5665.77978515625,5665.77978515625,5679.08984375,5649.8701171875,5666.5,24030000,-0.019765960345208278
19960816,5689.4501953125,5689.4501953125,5698.7001953125,5666.52001953125,5666.52001953125,28460000,0.417778506292521
19960819,5699.43994140625,5699.43994140625,5704.990234375,5686.490234375,5689.7998046875,24620000,0.17558368121370904
19960820,5721.259765625,5721.259765625,5723.85009765625,5692.77978515625,5699.39990234375,24530000,0.3828415501009097
19960821,5689.81982421875,5689.81982421875,5717.93017578125,5672.7998046875,5717.89990234375,26720000,-0.5495282978610794
19960822,5733.47021484375,5733.47021484375,5733.47021484375,5684.27001953125,5689.7998046875,34760000,0.7671664828331037
19960823,5722.740234375,5722.740234375,5739.02001953125,5700.919921875,5733.7998046875,25410000,-0.18714635406965607
19960826,5693.89013671875,5693.89013671875,5733.47021484375,5675.39013671875,5723.5,23080000,-0.5041308267489608
19960827,5711.27001953125,5711.27001953125,5712.009765625,5690.93017578125,5696.10009765625,20030000,0.3052374105432909
19960828,5712.3798828125,5712.3798828125,5727.18017578125,5702.39990234375,5710.2001953125,23090000,0.019432863048929327
19960829,5647.64990234375,5647.64990234375,5710.89990234375,5625.830078125,5710.89990234375,26800000,-1.1331525878296445
19960830,5616.2099609375,5616.2099609375,5647.27978515625,5588.47021484375,5646.5,22080000,-0.5566906934723836
19960903,5648.39013671875,5648.39013671875,5650.97998046875,5561.4599609375,5611.7998046875,29820000,0.5729874061880302
19960904,5656.89990234375,5656.89990234375,5659.85986328125,5631.009765625,5646.89990234375,27340000,0.15065824808524475
19960905,5606.9599609375,5606.9599609375,5656.52978515625,5601.41015625,5655.7998046875,22650000,-0.8828146558781946
19960906,5659.85986328125,5659.85986328125,5681.31005859375,5605.85009765625,5607.0,28220000,0.9434685232691642
19960909,5733.83984375,5733.83984375,5735.68994140625,5660.22998046875,5660.22998046875,24910000,1.307099155381919
19960910,5727.18017578125,5727.18017578125,5741.60986328125,5709.419921875,5732.39990234375,32860000,-0.11614673848989732
19960911,5754.919921875,5754.919921875,5767.5,5713.490234375,5726.39990234375,28420000,0.4843526000989806
19960912,5771.93994140625,5771.93994140625,5794.1298828125,5751.58984375,5752.7001953125,29020000,0.29574728688326335
19960913,5838.52001953125,5838.52001953125,5855.169921875,5773.0498046875,5773.10009765625,36360000,1.153513009506102
19960916,5889.2001953125,5889.2001953125,5905.47021484375,5837.41015625,5837.7998046875,33160000,0.8680312067392615
19960917,5888.830078125,5888.830078125,5897.7001953125,5849.6201171875,5889.60009765625,38180000,-0.006284676615253559
19960918,5877.35986328125,5877.35986328125,5890.68017578125,5864.41015625,5889.2001953125,34200000,-0.19477917840350356
19960919,5867.740234375,5867.740234375,5881.43017578125,5847.39990234375,5875.10009765625,31640000,-0.16367262053066378
19960920,5888.4599609375,5888.4599609375,5897.330078125,5864.77978515625,5868.10009765625,49820000,0.3531125396642132
19960923,5894.740234375,5894.740234375,5896.58984375,5835.18994140625,5887.7001953125,23310000,0.10665392104491911
19960924,5874.02978515625,5874.02978515625,5929.89013671875,5852.580078125,5894.39990234375,48210000,-0.35133777563221
19960925,5877.35986328125,5877.35986328125,5895.10986328125,5855.52978515625,5874.39990234375,37190000,0.05669154305985025
19960926,5868.85009765625,5868.85009765625,5903.990234375,5851.47021484375,5877.39990234375,36770000,-0.1447889158219584
19960927,5872.919921875,5872.919921875,5876.6201171875,5845.18017578125,5870.0,29400000,0.06934619475755799
19960930,5882.169921875,5882.169921875,5907.31982421875,5872.5498046875,5873.2998046875,27840000,0.1575025732182489
19961001,5904.89990234375,5904.89990234375,5910.8701171875,5861.669921875,5878.39990234375,34710000,0.38642169081550826
19961002,5933.97021484375,5933.97021484375,5939.93017578125,5906.39013671875,5906.39990234375,34610000,0.49230830294788586
19961003,5932.85009765625,5932.85009765625,5942.169921875,5917.2001953125,5933.2001953125,28640000,-0.018876353384755795
19961004,5992.85986328125,5992.85986328125,5995.47021484375,5932.85009765625,5934.7001953125,39940000,1.0114829236745226
19961007,5979.81005859375,5979.81005859375,6002.169921875,5970.5,5992.89990234375,26820000,-0.21775587924985906
19961008,5966.77001953125,5966.77001953125,6010.3701171875,5959.31005859375,5979.39990234375,41980000,-0.21806778032622542
19961009,5930.6201171875,5930.6201171875,5974.97021484375,5915.33984375,5964.2001953125,35770000,-0.605853790667632
19961010,5921.669921875,5921.669921875,5930.990234375,5904.89990234375,5930.990234375,26740000,-0.1509149993701553
19961011,5969.3798828125,5969.3798828125,5973.10009765625,5922.419921875,5923.5,23690000,0.8056842337877734
19961014,6010.0,6010.0,6020.81005859375,5970.1201171875,5970.1201171875,27420000,0.6804746554069485
19961015,6004.77978515625,6004.77978515625,6044.2900390625,5970.5,6010.39990234375,37720000,-0.08685881603577306
19961016,6020.81005859375,6020.81005859375,6021.18017578125,5969.3798828125,6004.0,34680000,0.2669585565340249
19961017,6059.2001953125,6059.2001953125,6065.89990234375,6020.06005859375,6021.2001953125,34330000,0.637624112787849
19961018,6094.22998046875,6094.22998046875,6095.35009765625,6040.18994140625,6059.2001953125,39940000,0.5781255615774139
19961021,6090.8701171875,6090.8701171875,6133.72998046875,6059.93994140625,6093.89990234375,41960000,-0.05513187543000342
19961022,6061.7998046875,6061.7998046875,6091.25,6037.580078125,6090.10009765625,29440000,-0.4772768412507733
19961023,6036.4599609375,6036.4599609375,6060.31005859375,5992.85986328125,6059.89990234375,37480000,-0.41802508440488273
19961024,5992.47998046875,5992.47998046875,6039.06982421875,5988.3798828125,6036.10009765625,34590000,-0.7285723876800043
19961025,6007.02001953125,6007.02001953125,6020.43994140625,5981.68017578125,5990.2998046875,25980000,0.24263809157294425
19961028,5972.72998046875,5972.72998046875,6043.169921875,5972.35986328125,6007.0,30260000,-0.5708327748369268
19961029,6007.02001953125,6007.02001953125,6032.72998046875,5959.68994140625,5974.2001953125,32280000,0.5741099827822671
19961030,5993.22998046875,5993.22998046875,6028.64013671875,5990.990234375,6009.2998046875,30250000,-0.22956539211893556
19961031,6029.3798828125,6029.3798828125,6041.31005859375,5990.6201171875,5992.89990234375,37030000,0.6031789612872984
19961101,6021.93017578125,6021.93017578125,6057.7001953125,5998.81982421875,6027.10009765625,37030000,-0.123556769950528
19961104,6041.68017578125,6041.68017578125,6049.509765625,6011.490234375,6023.39990234375,37310000,0.3279679342585107
19961105,6081.18017578125,6081.18017578125,6093.47998046875,6042.419921875,6042.7998046875,40560000,0.6537916415757961
19961106,6177.7099609375,6177.7099609375,6178.4599609375,6074.10009765625,6079.7001953125,46010000,1.5873528224124467
19961107,6206.0400390625,6206.0400390625,6222.81005859375,6149.759765625,6174.39990234375,39680000,0.45858543544670116
19961108,6219.81982421875,6219.81982421875,6222.06005859375,6181.06982421875,6206.0,32560000,0.22203828962616967
19961111,6255.60009765625,6255.60009765625,6262.31005859375,6220.56982421875,6220.60009765625,30720000,0.575262217374517
19961112,6266.0400390625,6266.0400390625,6278.7099609375,6236.22021484375,6251.5,46090000,0.16688952687626823
19961113,6274.240234375,6274.240234375,6285.0498046875,6243.68017578125,6262.2998046875,39650000,0.13086726642952407
19961114,6313.0,6313.0,6314.1201171875,6254.10986328125,6272.7998046875,41260000,0.6177603052660352
19961115,6348.02978515625,6348.02978515625,6377.85009765625,6312.6201171875,6312.6201171875,50690000,0.554883338448442
19961118,6346.91015625,6346.91015625,6376.35009765625,6324.18017578125,6348.7998046875,31300000,-0.01763742364391252
19961119,6397.60009765625,6397.60009765625,6397.97021484375,6347.27978515625,6347.2998046875,34750000,0.7986554111898636
19961120,6430.02001953125,6430.02001953125,6447.169921875,6389.77001953125,6392.39990234375,38570000,0.506751303303199
19961121,6418.47021484375,6418.47021484375,6438.97021484375,6393.5,6430.0,36250000,-0.1796231528427228
19961122,6471.759765625,6471.759765625,6471.759765625,6418.47021484375,6418.5,32810000,0.83025314440206
19961125,6547.7900390625,6547.7900390625,6548.16015625,6464.31005859375,6471.7998046875,33910000,1.1748006136033995
19961126,6528.41015625,6528.41015625,6589.52978515625,6497.10986328125,6546.7001953125,51000000,-0.2959759353443614
19961127,6499.33984375,6499.33984375,6538.85009765625,6491.14013671875,6526.60009765625,29200000,-0.4452893094066601
19961129,6521.7001953125,6521.7001953125,6532.14013671875,6499.33984375,6500.5,12210000,0.3440403502519285
19961202,6521.7001953125,6521.7001953125,6523.93994140625,6472.8798828125,6520.60009765625,31220000,0.0
19961203,6442.68994140625,6442.68994140625,6554.5,6438.22021484375,6521.0,38390000,-1.2114977926007575
19961204,6422.93994140625,6422.93994140625,6443.06982421875,6367.41015625,6442.0,44900000,-0.3065489753444339
19961205,6437.10009765625,6437.10009765625,6452.009765625,6402.06982421875,6421.7998046875,36900000,0.2204622241399834
19961206,6381.93994140625,6381.93994140625,6433.3798828125,6291.75,6432.60009765625,48660000,-0.8569100280122033
19961209,6463.93994140625,6463.93994140625,6467.2900390625,6383.43994140625,6383.43994140625,31720000,1.2848757705784974
19961210,6473.25,6473.25,6512.39013671875,6463.93994140625,6464.7001953125,35490000,0.14403071003354917
19961211,6402.52001953125,6402.52001953125,6472.8701171875,6343.31005859375,6471.7001953125,49940000,-1.0926502215849898
19961212,6303.7099609375,6303.7099609375,6436.72998046875,6302.18017578125,6399.10009765625,41520000,-1.5432994866447003
19961213,6304.8701171875,6304.8701171875,6344.47021484375,6251.0498046875,6304.5,44530000,0.0184043405738743
19961216,6268.35009765625,6268.35009765625,6355.60986328125,6253.35009765625,6305.2998046875,43480000,-0.5792350810160829
19961217,6308.330078125,6308.330078125,6324.85986328125,6236.0498046875,6268.0,42060000,0.6378070759592402
19961218,6346.77001953125,6346.77001953125,6356.77001953125,6308.330078125,6308.7001953125,38030000,0.6093520936633512
19961219,6473.64013671875,6473.64013671875,6479.02001953125,6343.7001953125,6343.7001953125,43220000,1.9989713948524335
19961220,6484.39990234375,6484.39990234375,6548.990234375,6479.02001953125,6479.39990234375,72430000,0.1662088932619321
19961223,6489.02001953125,6489.02001953125,6508.6201171875,6450.18994140625,6481.7001953125,25220000,0.0712497263752887
19961224,6522.85009765625,6522.85009765625,6523.6201171875,6486.330078125,6490.2001953125,13350000,0.5213434081444479
19961226,6546.68017578125,6546.68017578125,6563.2099609375,6522.080078125,6523.60009765625,20870000,0.3653322975115225
19961227,6560.91015625,6560.91015625,6576.27978515625,6537.4599609375,6543.60009765625,20860000,0.2173617785911075
19961230,6549.3701171875,6549.3701171875,6587.0498046875,6540.52978515625,6561.2998046875,26480000,-0.17589082593223448
19961231,6448.27001953125,6448.27001953125,6553.60009765625,6448.27001953125,6550.89990234375,31910000,-1.5436613880002503
19970102,6442.490234375,6442.490234375,6468.66015625,6352.830078125,6447.5,53850000,-0.08963311304804877
19970103,6544.08984375,6544.08984375,6545.6298828125,6443.64990234375,6443.7001953125,43050000,1.5770238786377622
19970106,6567.18017578125,6567.18017578125,6619.1298828125,6531.0,6546.0,51680000,0.3528425278773062
19970107,6600.66015625,6600.66015625,6603.35009765625,6512.52978515625,6567.60009765625,45470000,0.5098075516828171
19970108,6549.47998046875,6549.47998046875,6627.97998046875,6536.77978515625,6600.2998046875,43040000,-0.775379652485042
19970109,6625.669921875,6625.669921875,6657.22998046875,6544.85986328125,6547.89990234375,40440000,1.163297569172772
19970110,6703.7900390625,6703.7900390625,6708.02978515625,6557.93994140625,6623.7998046875,49590000,1.179052354080934
19970113,6709.18017578125,6709.18017578125,6734.2001953125,6669.5400390625,6706.10009765625,36300000,0.08040431886056076
19970114,6762.2900390625,6762.2900390625,6788.83984375,6707.64013671875,6709.2001953125,40130000,0.7915998958109016
19970115,6726.8798828125,6726.8798828125,6762.2900390625,6704.18017578125,6760.39990234375,42830000,-0.5236414889845387
19970116,6765.3701171875,6765.3701171875,6781.52978515625,6715.72021484375,6725.39990234375,43870000,0.5721855458329816
19970117,6833.10009765625,6833.10009765625,6835.7900390625,6764.60009765625,6764.60009765625,46580000,1.0011274962870242
19970120,6843.8701171875,6843.8701171875,6855.7998046875,6808.080078125,6836.2001953125,34240000,0.1576154216582415
19970121,6883.89990234375,6883.89990234375,6894.2900390625,6800.0,6843.89990234375,48860000,0.584899836946362
19970122,6850.02978515625,6850.02978515625,6888.1298828125,6808.080078125,6882.39990234375,52960000,-0.49201931562032897
19970123,6755.75,6755.75,6906.60009765625,6742.27978515625,6850.7998046875,54650000,-1.37634124395416
19970124,6696.47998046875,6696.47998046875,6759.97998046875,6662.22998046875,6756.5,56480000,-0.8773270107871101
19970127,6660.68994140625,6660.68994140625,6708.7998046875,6635.68017578125,6696.5,47760000,-0.5344604802356878
19970128,6656.080078125,6656.080078125,6761.14013671875,6622.97998046875,6663.39990234375,50600000,-0.06920999658898142
19970129,6740.740234375,6740.740234375,6740.740234375,6657.22998046875,6657.22998046875,41190000,1.2719221412049064
19970130,6823.85986328125,6823.85986328125,6823.85986328125,6740.740234375,6740.740234375,38880000,1.2330934884921652
19970131,6813.08984375,6813.08984375,6873.89013671875,6808.080078125,6824.60009765625,41470000,-0.1578288497570579
19970203,6806.16015625,6806.16015625,6819.240234375,6766.91015625,6810.7998046875,39060000,-0.10171137705393685
19970204,6833.47998046875,6833.47998046875,6833.47998046875,6767.68017578125,6804.2001953125,34110000,0.401398491830407
19970205,6746.89990234375,6746.89990234375,6875.43017578125,6710.72021484375,6833.10009765625,47390000,-1.2669983430471876
19970206,6773.06005859375,6773.06005859375,6773.06005859375,6713.7998046875,6743.10009765625,47520000,0.38773594730392436
19970207,6855.7998046875,6855.7998046875,6868.5,6762.669921875,6775.0,42200000,1.2216006558035675
19970210,6806.5400390625,6806.5400390625,6876.580078125,6798.4599609375,6856.2001953125,40360000,-0.7185123111576264
19970211,6858.10986328125,6858.10986328125,6860.81005859375,6783.4599609375,6806.60009765625,39080000,0.7576510815009208
19970212,6961.6298828125,6961.6298828125,6961.6298828125,6854.64990234375,6855.39990234375,42700000,1.509454085673112
19970213,7022.43994140625,7022.43994140625,7040.91015625,6960.47998046875,6962.0,44740000,0.8735031826940798
19970214,6988.9599609375,6988.9599609375,7024.75,6983.9501953125,7024.0,37820000,-0.4767570922371678
19970218,7067.4599609375,7067.4599609375,7067.4599609375,6977.41015625,6994.0,35870000,1.1232000245923635
19970219,7020.1298828125,7020.1298828125,7073.6201171875,7010.89013671875,7062.7998046875,38330000,-0.6696900779996962
19970220,6927.3798828125,6927.3798828125,7017.81982421875,6905.830078125,7015.10009765625,34310000,-1.3212006266021037
19970221,6931.6201171875,6931.6201171875,6950.85986328125,6906.22021484375,6927.7998046875,38340000,0.06120978561490187
19970224,7008.2001953125,7008.2001953125,7013.580078125,6905.4501953125,6931.60009765625,35560000,1.1047933503325336
19970225,7037.830078125,7037.830078125,7046.68017578125,6972.7900390625,7009.0,40790000,0.4227887615470438
19970226,6983.18017578125,6983.18017578125,7045.52978515625,6915.4501953125,7037.10009765625,49840000,-0.7765163656566987
19970227,6925.06982421875,6925.06982421875,6989.33984375,6920.4599609375,6982.39990234375,36230000,-0.832147389867377
19970228,6877.740234375,6877.740234375,6923.919921875,6868.1201171875,6923.5,41650000,-0.6834528899365977
19970303,6918.919921875,6918.919921875,6918.919921875,6828.10009765625,6874.2998046875,46030000,0.5987386277571671
19970304,6852.72021484375,6852.72021484375,6942.77978515625,6845.41015625,6918.5,54590000,-0.956792501990833
19970305,6945.85009765625,6945.85009765625,6945.85009765625,6851.18994140625,6852.0,66550000,1.3590206500882829
19970306,6944.7001953125,6944.7001953125,6987.7998046875,6937.0,6947.7998046875,44030000,-0.01655524273606046
19970307,7000.89013671875,7000.89013671875,7018.58984375,6944.7001953125,6944.7001953125,39030000,0.8091053584167174
19970310,7079.39013671875,7079.39013671875,7079.39013671875,6993.18994140625,7001.7001953125,32750000,1.1212859860245228
19970311,7085.16015625,7085.16015625,7112.10009765625,7063.60986328125,7079.39990234375,37680000,0.08150447171038078
19970312,7039.3701171875,7039.3701171875,7088.240234375,7010.89013671875,7084.39990234375,36540000,-0.6462809315906259
19970313,6878.89013671875,6878.89013671875,7034.3701171875,6874.66015625,7034.3701171875,44120000,-2.2797491508070866
19970314,6935.4599609375,6935.4599609375,6956.6298828125,6878.509765625,6878.509765625,37890000,0.8223684794264496
19970317,6955.47998046875,6955.47998046875,6969.4501953125,6854.27001953125,6934.2998046875,51520000,0.28866174188890703
19970318,6896.56005859375,6896.56005859375,6970.58984375,6854.64013671875,6954.39990234375,43240000,-0.8471007326661728
19970319,6877.68017578125,6877.68017578125,6913.93994140625,6826.31982421875,6896.2001953125,51040000,-0.27375796994580925
19970320,6820.27978515625,6820.27978515625,6879.56982421875,6798.3701171875,6872.39990234375,47410000,-0.8345894132607001
19970321,6804.7900390625,6804.7900390625,6851.6201171875,6790.06005859375,6819.89990234375,70970000,-0.2271130596058879
19970324,6905.25,6905.25,6906.009765625,6783.64013671875,6805.2001953125,47960000,1.4763124264057348
19970325,6876.169921875,6876.169921875,6952.4599609375,6867.85986328125,6909.0,51530000,-0.42112998262191503
19970326,6880.7001953125,6880.7001953125,6915.06982421875,6846.330078125,6874.2998046875,47450000,0.06588367490873992
19970327,6740.58984375,6740.58984375,6891.27978515625,6663.919921875,6880.0,48610000,-2.036280430557791
19970331,6583.47998046875,6583.47998046875,6739.830078125,6561.2001953125,6739.7998046875,63290000,-2.330802895935369
19970401,6611.0498046875,6611.0498046875,6621.6201171875,6522.669921875,6583.5,54790000,0.41877281165192404
19970402,6517.0,6517.0,6610.2900390625,6499.64013671875,6609.89990234375,47190000,-1.4226152799637792
19970403,6477.39990234375,6477.39990234375,6517.39013671875,6421.4599609375,6516.2998046875,52060000,-0.6076430513464737
19970404,6526.10009765625,6526.10009765625,6527.2099609375,6404.83984375,6477.39990234375,54080000,0.7518479026573432
19970407,6555.89990234375,6555.89990234375,6589.14013671875,6527.2099609375,6528.7001953125,37370000,0.45662500178631493
19970408,6609.2001953125,6609.2001953125,6609.5400390625,6520.02978515625,6556.7001953125,39990000,0.8130126109719082
19970409,6563.7998046875,6563.7998046875,6639.0,6546.08984375,6610.2998046875,43950000,-0.6869271512943365
19970410,6540.0498046875,6540.0498046875,6593.2998046875,6535.14013671875,6563.7998046875,41600000,-0.36183309526044427
19970411,6391.7001953125,6391.7001953125,6537.7001953125,6387.0,6537.7001953125,52070000,-2.2683253767986966
19970414,6451.89990234375,6451.89990234375,6455.10986328125,6356.77978515625,6392.10009765625,45830000,0.9418418447629806
19970415,6587.16015625,6587.16015625,6587.16015625,6452.7001953125,6452.7001953125,52710000,2.0964406756700305
19970416,6679.8701171875,6679.8701171875,6679.8701171875,6558.66015625,6583.10009765625,63490000,1.4074344442579712
19970417,6658.60009765625,6658.60009765625,6713.58984375,6648.169921875,6677.89990234375,49890000,-0.31841965724036525
19970418,6703.35009765625,6703.35009765625,6711.97998046875,6657.39990234375,6657.7998046875,52060000,0.6720631866111271
19970421,6660.2001953125,6660.2001953125,6721.2099609375,6616.85986328125,6705.2001953125,43490000,-0.6437065305426426
19970422,6833.60009765625,6833.60009765625,6834.39990234375,6657.39990234375,6659.7998046875,59680000,2.603523877041858
19970423,6812.7001953125,6812.7001953125,6850.0498046875,6799.080078125,6835.2001953125,51320000,-0.3058402898190926
19970424,6792.2998046875,6792.2998046875,6890.58984375,6777.39990234375,6813.5,51400000,-0.2994464755551207
19970425,6738.89990234375,6738.89990234375,6792.25,6726.02978515625,6791.10009765625,43080000,-0.7861829406719867
19970428,6783.0,6783.0,6788.64013671875,6701.14990234375,6736.5,43720000,0.6544109319818192
19970429,6962.0,6962.0,6970.85986328125,6783.830078125,6783.830078125,58750000,2.638950316968902
19970430,7009.0,7009.0,7057.5498046875,6935.5400390625,6957.60009765625,60410000,0.675093363975865
19970501,6976.5,6976.5,7008.990234375,6913.47021484375,7008.990234375,40180000,-0.4636895420174092
19970502,7071.2001953125,7071.2001953125,7077.6201171875,6976.8798828125,6978.10009765625,46350000,1.357416975739989
19970505,7213.68017578125,7213.68017578125,7215.2900390625,7056.35009765625,7070.0,60160000,2.0149334841799593
19970506,7225.2998046875,7225.2998046875,7269.47021484375,7187.18994140625,7215.7001953125,67150000,0.16107768327824346
19970507,7085.64990234375,7085.64990234375,7225.31982421875,7075.6201171875,7225.2998046875,46820000,-1.9327904186501765
19970508,7136.60009765625,7136.60009765625,7215.2900390625,7056.75,7085.7001953125,55560000,0.7190617094368079
19970509,7169.5,7169.5,7196.02001953125,7094.47998046875,7135.7998046875,47690000,0.4610024646687805
19970512,7292.7998046875,7292.7998046875,7296.4599609375,7169.1201171875,7169.1201171875,52370000,1.7197824769858538
19970513,7274.2001953125,7274.2001953125,7315.830078125,7241.64990234375,7288.60009765625,55940000,-0.2550407233590124
19970514,7286.2001953125,7286.2001953125,7351.68017578125,7263.080078125,7272.60009765625,46000000,0.16496658983531365
19970515,7333.5,7333.5,7336.43017578125,7254.009765625,7285.2998046875,44050000,0.6491697101313587
19970516,7194.7001953125,7194.7001953125,7329.009765625,7190.5498046875,7328.60009765625,68120000,-1.8926815938842267
19970519,7228.89990234375,7228.89990234375,7243.2998046875,7172.419921875,7194.2998046875,38050000,0.47534582543873327
19970520,7303.5,7303.5,7313.35009765625,7152.64013671875,7228.10009765625,50010000,1.0319702674547182
19970521,7290.7001953125,7290.7001953125,7352.91015625,7239.18017578125,7299.7998046875,58380000,-0.175255763503801
19970522,7258.10009765625,7258.10009765625,7310.06005859375,7242.47021484375,7290.7001953125,41950000,-0.44714632042077707
19970523,7345.89990234375,7345.89990234375,7362.7998046875,7259.77978515625,7260.60009765625,39290000,1.209680267648161
19970527,7383.39990234375,7383.39990234375,7394.9501953125,7302.22998046875,7342.2001953125,49620000,0.5104888509035455
19970528,7357.2001953125,7357.2001953125,7391.14013671875,7308.72021484375,7380.7998046875,49170000,-0.3548461058290098
19970529,7330.2001953125,7330.2001953125,7368.81005859375,7306.56982421875,7351.7001953125,38620000,-0.3669874311317822
19970530,7331.0,7331.0,7371.39013671875,7241.759765625,7327.60009765625,51120000,0.01091108927708806
19970602,7289.39990234375,7289.39990234375,7354.22021484375,7279.9599609375,7331.0,43820000,-0.5674546126892666
19970603,7312.10009765625,7312.10009765625,7342.2001953125,7253.77978515625,7287.2998046875,45300000,0.3114137736523581
19970604,7269.7001953125,7269.7001953125,7312.14990234375,7258.93017578125,7312.14990234375,42260000,-0.5798594354218478
19970605,7305.2998046875,7305.2998046875,7351.64990234375,7267.93994140625,7269.7001953125,44730000,0.48969845273612034
19970606,7435.7998046875,7435.7998046875,7445.22021484375,7304.85986328125,7305.7001953125,44840000,1.786374323970441
19970609,7478.5,7478.5,7511.52978515625,7437.97998046875,7442.39990234375,44340000,0.5742515456855335
19970610,7539.27001953125,7539.27001953125,7572.2998046875,7478.06005859375,7479.7998046875,51510000,0.8125963700106986
19970611,7575.7998046875,7575.7998046875,7584.18994140625,7534.43017578125,7538.39990234375,55680000,0.48452681840041034
19970612,7711.5,7711.5,7712.7900390625,7573.6201171875,7574.10009765625,62670000,1.791232593402703
19970613,7782.0,7782.0,7799.68017578125,7712.3701171875,7713.7001953125,70700000,0.9142190235362779
19970616,7772.10009765625,7772.10009765625,7795.16015625,7753.08984375,7781.10009765625,45000000,-0.12721539891736855
19970617,7760.7998046875,7760.7998046875,7810.080078125,7703.77978515625,7771.2001953125,53760000,-0.1453956180023641
19970618,7718.7001953125,7718.7001953125,7759.8701171875,7697.89990234375,7759.8701171875,44890000,-0.542464828812772
19970619,7777.10009765625,7777.10009765625,7810.5400390625,7716.43994140625,7716.43994140625,52310000,0.756602807027229
19970620,7796.5,7796.5,7834.06005859375,7777.06005859375,7778.89990234375,82430000,0.24944905041914822
19970623,7604.2998046875,7604.2998046875,7797.8701171875,7602.4501953125,7797.8701171875,49260000,-2.465211252645416
19970624,7758.06005859375,7758.06005859375,7764.6201171875,7607.64990234375,7607.7001953125,56800000,2.022017251495889
19970625,7690.0,7690.0,7812.1201171875,7629.14013671875,7758.10009765625,59860000,-0.8772819246012253
19970626,7654.2998046875,7654.2998046875,7730.240234375,7594.080078125,7688.89990234375,46500000,-0.464241811605981
19970627,7687.7001953125,7687.7001953125,7770.72998046875,7653.7900390625,7653.7998046875,41090000,0.4363611496448705
19970630,7672.7998046875,7672.7998046875,7727.2998046875,7612.169921875,7688.60009765625,48990000,-0.1938211720858396
19970701,7722.2998046875,7722.2998046875,7748.33984375,7667.35986328125,7678.0,53430000,0.6451360814830442
19970702,7795.3798828125,7795.3798828125,7795.3798828125,7697.4501953125,7721.7001953125,51400000,0.9463512162612542
19970703,7895.7998046875,7895.7998046875,7896.259765625,7796.97021484375,7797.0,40870000,1.2881979247272968
19970707,7858.5,7858.5,7951.4501953125,7828.18017578125,7896.5,53230000,-0.47240058778283966
19970708,7962.2998046875,7962.2998046875,7962.31005859375,7857.1298828125,7858.0,47220000,1.320860274702551
19970709,7842.39990234375,7842.39990234375,7991.259765625,7794.93017578125,7961.39990234375,67000000,-1.5058451111469529
19970710,7886.7998046875,7886.7998046875,7913.22021484375,7809.6298828125,7852.7998046875,58930000,0.5661519802182102
19970711,7921.7998046875,7921.7998046875,7955.2900390625,7887.2099609375,7887.2099609375,46330000,0.44377949062683886
19970714,7923.0,7923.0,7950.6201171875,7860.0400390625,7920.39990234375,49490000,0.015150538287911353
19970715,7975.7001953125,7975.7001953125,7983.14013671875,7879.080078125,7926.0,59190000,0.6651545539883896
19970716,8038.89990234375,8038.89990234375,8069.77001953125,7953.41015625,7973.2001953125,74910000,0.7924032433966666
19970717,8020.7998046875,8020.7998046875,8068.3798828125,7990.7998046875,8037.0,78860000,-0.2251564004544071
19970718,7890.5,7890.5,8036.10009765625,7875.35986328125,8020.5,73340000,-1.6245238362806447
19970721,7906.7001953125,7906.7001953125,7919.9599609375,7840.06005859375,7890.89990234375,56890000,0.205312658418344
19970722,8061.60009765625,8061.60009765625,8068.60986328125,7906.02001953125,7906.02001953125,68760000,1.9590966966925416
19970723,8088.35986328125,8088.35986328125,8147.81982421875,8058.16015625,8063.2998046875,71420000,0.3319411196392563
19970724,8116.89990234375,8116.89990234375,8132.9501953125,7993.81982421875,8089.2998046875,57790000,0.35285323038187766
19970725,8113.39990234375,8113.39990234375,8157.10986328125,8080.4599609375,8116.2001953125,52410000,-0.043119910829370056
19970728,8121.10009765625,8121.10009765625,8178.009765625,8108.330078125,8113.39990234375,49850000,0.0949071339411578
19970729,8174.5,8174.5,8176.6201171875,8092.06982421875,8121.10009765625,55350000,0.6575451810914235
19970730,8254.900390625,8254.900390625,8274.169921875,8172.89990234375,8175.0,50390000,0.983551172854602
19970731,8222.599609375,8222.599609375,8282.76953125,8207.2802734375,8257.0,48220000,-0.3912921988336038
19970801,8194.0,8194.0,8247.6904296875,8103.4501953125,8222.7998046875,53770000,-0.3478171227307758
19970804,8198.5,8198.5,8215.8701171875,8134.10986328125,8191.0,45010000,0.0549182328533071
19970805,8187.5,8187.5,8209.1396484375,8162.4501953125,8198.2001953125,41370000,-0.13417088491797236
19970806,8259.2998046875,8259.2998046875,8274.8701171875,8155.9501953125,8186.7998046875,50320000,0.8769441793893051
19970807,8188.0,8188.0,8299.490234375,8181.02978515625,8258.7998046875,56100000,-0.8632669399775805
19970808,8031.2001953125,8031.2001953125,8184.0498046875,7876.39990234375,8182.2001953125,65470000,-1.9149951720505598
19970811,8062.10009765625,8062.10009765625,8076.509765625,7964.56005859375,8030.7998046875,64450000,0.3847482517219003
19970812,7960.7998046875,7960.7998046875,8095.56005859375,7948.990234375,8066.5,56430000,-1.2565000650165525
19970813,7928.2998046875,7928.2998046875,8040.509765625,7879.080078125,7963.39990234375,68900000,-0.4082504371088813
19970814,7942.0,7942.0,7997.77001953125,7864.91015625,7928.7998046875,56410000,0.1728011761664261
19970815,7694.7001953125,7694.7001953125,7937.3798828125,7694.66015625,7937.3798828125,61190000,-3.113822773703101
19970818,7803.35986328125,7803.35986328125,7803.35986328125,7618.47021484375,7701.60009765625,69260000,1.4121364732955222
19970819,7918.10009765625,7918.10009765625,7918.7998046875,7802.89990234375,7802.89990234375,57640000,1.4703952705668488
19970820,8021.2001953125,8021.2001953125,8021.22998046875,7893.7099609375,7915.10009765625,49680000,1.302081261725485
19970821,7894.0,7894.0,8023.08984375,7847.490234375,8021.7001953125,45670000,-1.5858000326040234
19970822,7887.89990234375,7887.89990234375,7893.7099609375,7716.490234375,7893.7001953125,52970000,-0.07727511598999426
19970825,7859.60009765625,7859.60009765625,7944.1201171875,7833.08984375,7888.7998046875,40480000,-0.35877489620641523
19970826,7782.2001953125,7782.2001953125,7860.72998046875,7770.60986328125,7859.2998046875,44860000,-0.9847816858625014
19970827,7787.2998046875,7787.2998046875,7809.169921875,7697.68017578125,7774.2998046875,51550000,0.06552914660395981
19970828,7694.39990234375,7694.39990234375,7812.419921875,7658.18994140625,7784.2998046875,49710000,-1.1929668135780447
19970829,7622.39990234375,7622.39990234375,7710.4501953125,7606.85986328125,7694.0,41950000,-0.9357454891065431
19970902,7879.7998046875,7879.7998046875,7880.240234375,7624.0498046875,7631.7001953125,54770000,3.3768879308549993
19970903,7894.60009765625,7894.60009765625,7944.35009765625,7866.5400390625,7875.7998046875,54600000,0.18782574856719414
19970904,7867.2001953125,7867.2001953125,7899.990234375,7817.990234375,7894.60009765625,52710000,-0.3470714412992848
19970905,7822.39990234375,7822.39990234375,7942.259765625,7785.93994140625,7867.2001953125,51450000,-0.5694566282353319
19970908,7835.2001953125,7835.2001953125,7881.169921875,7821.7099609375,7821.7099609375,38990000,0.16363639200949187
19970909,7851.89990234375,7851.89990234375,7899.06005859375,7797.7900390625,7835.0,48790000,0.21313695393820886
19970910,7719.2998046875,7719.2998046875,7847.72021484375,7712.5400390625,7847.7001953125,60370000,-1.6887644940133506
19970911,7661.0,7661.0,7716.9599609375,7580.85009765625,7716.9599609375,74030000,-0.7552473172773744
19970912,7743.0,7743.0,7752.9599609375,7607.56005859375,7661.0,58660000,1.0703563503459135
19970915,7721.10009765625,7721.10009765625,7794.52978515625,7718.1201171875,7743.39990234375,47700000,-0.28283484881506116
19970916,7895.89990234375,7895.89990234375,7910.6298828125,7722.7998046875,7722.7998046875,81000000,2.2639235662876622
19970917,7886.39990234375,7886.39990234375,7931.5,7862.25,7897.60009765625,63070000,-0.12031560832198585
19970918,7922.7001953125,7922.7001953125,8020.89990234375,7882.39990234375,7882.39990234375,66770000,0.4602897826416541
19970919,7917.2998046875,7917.2998046875,7931.02001953125,7865.56982421875,7923.0,74700000,-0.06816351107410412
19970922,7996.7998046875,7996.7998046875,8021.8798828125,7918.0,7918.7001953125,59820000,1.0041302206710956
19970923,7970.10009765625,7970.10009765625,8005.18017578125,7929.0498046875,7997.2998046875,53080000,-0.3338798980011881
19970924,7906.7001953125,7906.7001953125,8035.6298828125,7901.2998046875,7972.2998046875,68040000,-0.7954718456094856
19970925,7848.0,7848.0,7929.5400390625,7840.39990234375,7906.7001953125,55040000,-0.7424107891089715
19970926,7922.2001953125,7922.2001953125,7928.81005859375,7848.75,7848.7998046875,51050000,0.9454663011276843
19970929,7991.39990234375,7991.39990234375,7995.60009765625,7893.4501953125,7922.2001953125,48070000,0.8734910167025989
19970930,7945.2998046875,7945.2998046875,8001.25,7937.39990234375,7990.89990234375,49840000,-0.5768713644618062
19971001,8015.5,8015.5,8028.759765625,7945.02001953125,7948.5,54310000,0.8835436929778728
19971002,8027.5,8027.5,8033.669921875,7984.06005859375,8015.2998046875,47190000,0.1497099369970778
19971003,8038.60009765625,8038.60009765625,8144.419921875,7956.06982421875,8031.5,77870000,0.13827589730612821
19971006,8100.2001953125,8100.2001953125,8109.2998046875,8039.56005859375,8039.60009765625,46020000,0.7663037955353724
19971007,8178.2998046875,8178.2998046875,8181.75,8088.919921875,8101.7001953125,54930000,0.9641688784456814
19971008,8095.10009765625,8095.10009765625,8184.7001953125,8051.35009765625,8178.7998046875,59730000,-1.0173227812407037
19971009,8061.39990234375,8061.39990234375,8094.080078125,8002.72998046875,8094.080078125,49660000,-0.41630362695894707
19971010,8045.2001953125,8045.2001953125,8059.4501953125,8002.72998046875,8059.4501953125,40120000,-0.20095401825358516
19971013,8072.2001953125,8072.2001953125,8114.7099609375,8042.75,8042.7998046875,29900000,0.33560383016610906
19971014,8096.2998046875,8096.2998046875,8112.25,8018.93017578125,8073.2001953125,57860000,0.29855068992212797
19971015,8058.0,8058.0,8093.10009765625,8035.39013671875,8093.10009765625,44920000,-0.47305319234011156
19971016,7938.89990234375,7938.89990234375,8112.740234375,7896.39013671875,8058.5,67500000,-1.4780354635920867
19971017,7847.0,7847.0,7934.2099609375,7755.68017578125,7931.2998046875,81010000,-1.1575898861833411
19971020,7921.39990234375,7921.39990234375,7924.8798828125,7815.60009765625,7847.5,64290000,0.9481317999713301
19971021,8060.39990234375,8060.39990234375,8064.60986328125,7921.93017578125,7922.2001953125,66020000,1.7547403453128663
19971022,8034.60009765625,8034.60009765625,8059.93994140625,7993.89013671875,8058.7001953125,89950000,-0.3200809513185354
19971023,7847.7998046875,7847.7998046875,8029.0,7805.0400390625,8023.39990234375,86340000,-2.32494823262257
19971024,7715.39990234375,7715.39990234375,7939.60986328125,7695.509765625,7852.7001953125,91090000,-1.6870958184313944
19971027,7161.2001953125,7161.2001953125,7714.419921875,7159.919921875,7714.39990234375,91830000,-7.183032818077228
19971028,7498.2998046875,7498.2998046875,7515.02001953125,6971.06982421875,7160.89990234375,160970000,4.707306040622283
19971029,7506.7001953125,7506.7001953125,7621.60009765625,7456.080078125,7498.60009765625,95990000,0.11203060485456273
19971030,7381.7001953125,7381.7001953125,7543.009765625,7381.18017578125,7497.7998046875,77160000,-1.6651790633393837
19971031,7442.10009765625,7442.10009765625,7495.85986328125,7352.68994140625,7390.0,70370000,0.8182383562814532
19971103,7674.39990234375,7674.39990234375,7674.39990234375,7443.06982421875,7445.7998046875,67160000,3.1214281135597544
19971104,7689.10009765625,7689.10009765625,7701.64990234375,7622.330078125,7674.2001953125,56330000,0.19154846632387645
19971105,7692.60009765625,7692.60009765625,7765.75,7664.56982421875,7688.2001953125,56780000,0.04551898083713368
19971106,7683.2001953125,7683.2001953125,7708.0400390625,7640.259765625,7691.7998046875,54580000,-0.12219408554220434
19971107,7581.2998046875,7581.2998046875,7678.56982421875,7487.759765625,7678.56982421875,66150000,-1.3262753544697303
19971110,7552.60009765625,7552.60009765625,7656.22021484375,7540.56005859375,7581.60009765625,51810000,-0.37855918866980254
19971111,7558.7001953125,7558.7001953125,7599.740234375,7518.2099609375,7552.60009765625,47530000,0.080768180194557
19971112,7401.2998046875,7401.2998046875,7554.31005859375,7393.7099609375,7554.2998046875,63890000,-2.0823737753563942
19971113,7487.7998046875,7487.7998046875,7499.7900390625,7349.990234375,7400.10009765625,66900000,1.1687136352079186
19971114,7572.5,7572.5,7590.16015625,7467.3798828125,7486.7998046875,60500000,1.131176013272639
19971117,7698.2001953125,7698.2001953125,7738.490234375,7575.669921875,7582.7998046875,64880000,1.6599563593595157
19971118,7650.7998046875,7650.7998046875,7720.81005859375,7643.2099609375,7693.2998046875,59380000,-0.615733410698549
19971119,7724.7001953125,7724.7001953125,7753.9599609375,7625.52978515625,7646.39990234375,50760000,0.9659171918172893
19971120,7826.60009765625,7826.60009765625,7856.2001953125,7724.64990234375,7725.89990234375,61630000,1.3191437825067265
19971121,7881.06982421875,7881.06982421875,7881.06982421875,7791.5498046875,7827.89990234375,63730000,0.6959564291372455
19971124,7767.89990234375,7767.89990234375,7881.06982421875,7753.25,7876.60009765625,52420000,-1.435971567302008
19971125,7809.0,7809.0,7821.39013671875,7739.56982421875,7767.2001953125,56360000,0.529101792929243
19971126,7794.7998046875,7794.7998046875,7846.5,7794.52978515625,7809.2001953125,47420000,-0.1818439660968063
19971128,7823.10009765625,7823.10009765625,7853.22021484375,7794.77978515625,7795.2998046875,20080000,0.36306632213609635
19971201,8013.10009765625,8013.10009765625,8015.10009765625,7825.1201171875,7825.1201171875,58280000,2.4287047031000153
19971202,8018.7998046875,8018.7998046875,8041.7099609375,7995.2099609375,8012.60009765625,55750000,0.0711298618735201
19971203,8032.0,8032.0,8076.02001953125,7961.64013671875,8017.2998046875,63020000,0.16461559876808085
19971204,8050.2001953125,8050.2001953125,8113.81982421875,8023.7998046875,8032.7998046875,64380000,0.2265960571775416
19971205,8149.10009765625,8149.10009765625,8166.2900390625,8017.08984375,8046.2001953125,60710000,1.2285396629184264
19971208,8110.7998046875,8110.7998046875,8158.080078125,8083.72998046875,8148.89990234375,46280000,-0.4699941405771346
19971209,8049.7001953125,8049.7001953125,8111.08984375,8029.77001953125,8110.7998046875,51060000,-0.7533117675976753
19971210,7978.7998046875,7978.7998046875,8049.419921875,7922.35009765625,8048.89990234375,62990000,-0.8807829969405212
19971211,7849.0,7849.0,7973.97021484375,7815.169921875,7973.7998046875,63790000,-1.6268086412099647
19971212,7838.2998046875,7838.2998046875,7904.93994140625,7784.330078125,7849.5,55520000,-0.13632558685819918
19971215,7922.60009765625,7922.60009765625,7947.7099609375,7838.2998046875,7838.2998046875,54110000,1.0754920718691663
19971216,7976.2998046875,7976.2998046875,8019.81982421875,7924.330078125,7924.330078125,57110000,0.6778040841306066
19971217,7957.39990234375,7957.39990234375,8034.0,7932.0400390625,7978.2998046875,56990000,-0.2369507516836733
19971218,7846.5,7846.5,7955.8701171875,7810.4501953125,7953.39990234375,62330000,-1.3936700895362253
19971219,7756.2998046875,7756.2998046875,7846.47021484375,7576.93017578125,7846.47021484375,98690000,-1.1495596165487787
19971222,7819.2998046875,7819.2998046875,7844.72021484375,7743.33984375,7758.5,50130000,0.8122429713447454
19971223,7691.7998046875,7691.7998046875,7823.0498046875,7689.27978515625,7818.7998046875,40540000,-1.630580783250779
19971224,7660.1298828125,7660.1298828125,7740.35009765625,7660.1298828125,7693.0,25510000,-0.4117361694164212
19971226,7679.2998046875,7679.2998046875,7717.93017578125,7659.14013671875,7660.10009765625,13340000,0.25025583336404367
19971229,7792.39990234375,7792.39990234375,7801.6298828125,7677.2998046875,7679.2998046875,35190000,1.472791797856532
19971230,7916.0,7916.0,7922.7001953125,7791.509765625,7796.39990234375,43620000,1.5861621478008958
19971231,7908.2998046875,7908.2998046875,7959.56005859375,7886.56982421875,7916.2001953125,36720000,-0.0972738164792819
19980102,7965.0,7965.0,7965.0400390625,7880.85009765625,7910.2001953125,47030000,0.7169707359715005
19980105,7979.0,7979.0,8035.5400390625,7912.97998046875,7967.0,67560000,0.17576898932831764
19980106,7906.25,7906.25,7978.25,7880.35009765625,7978.25,60200000,-0.9117683920290776
19980107,7902.2998046875,7902.2998046875,7905.759765625,7776.97021484375,7904.7998046875,60990000,-0.049962944664028175
19980108,7802.60009765625,7802.60009765625,7902.02001953125,7796.14990234375,7902.0,63720000,-1.261654322101391
19980109,7580.39990234375,7580.39990234375,7800.1298828125,7527.35986328125,7799.89990234375,86300000,-2.847771160016832
19980112,7647.2001953125,7647.2001953125,7652.66015625,7443.41015625,7575.2001953125,80340000,0.881223864562819
19980113,7732.10009765625,7732.10009765625,7733.1201171875,7645.68994140625,7646.39990234375,69010000,1.1102089676662485
19980114,7784.7001953125,7784.7001953125,7788.919921875,7707.9599609375,7732.10009765625,60650000,0.6802821612745813
19980115,7691.7998046875,7691.7998046875,7783.93994140625,7686.5400390625,7783.7001953125,55900000,-1.1933714631802927
19980116,7753.5,7753.5,7803.1201171875,7696.009765625,7696.009765625,72620000,0.8021555016928472
19980120,7873.10009765625,7873.10009765625,7874.8701171875,7749.56005859375,7753.7998046875,69310000,1.542530439881995
19980121,7794.39990234375,7794.39990234375,7872.1201171875,7737.35986328125,7871.89990234375,69130000,-0.9996087225656924
19980122,7730.89990234375,7730.89990234375,7797.89013671875,7701.97998046875,7793.39990234375,73460000,-0.8146874781329361
19980123,7700.7001953125,7700.7001953125,7776.97021484375,7642.7001953125,7730.60009765625,61250000,-0.39063637367875437
19980126,7712.93994140625,7712.93994140625,7757.77978515625,7690.77001953125,7701.72998046875,52540000,0.15894328805581281
19980127,7815.080078125,7815.080078125,7848.4599609375,7708.7099609375,7713.18994140625,69300000,1.3242698308905565
19980128,7915.47021484375,7915.47021484375,7919.2099609375,7815.080078125,7815.080078125,73510000,1.2845695209157126
19980129,7973.02001953125,7973.02001953125,8015.1201171875,7883.08984375,7916.72021484375,77770000,0.7270547816550232
19980130,7906.5,7906.5,7985.97021484375,7893.0498046875,7971.27001953125,53670000,-0.8343139659539034
19980202,8107.77978515625,8107.77978515625,8122.22998046875,7909.990234375,7909.990234375,64720000,2.5457507766552867
19980203,8160.35009765625,8160.35009765625,8164.330078125,8057.7099609375,8107.77978515625,59100000,0.648393443002071
19980204,8129.7099609375,8129.7099609375,8160.10009765625,8090.10009765625,8158.60009765625,56070000,-0.375475762094446
19980205,8117.25,8117.25,8182.27001953125,8071.91015625,8128.7099609375,60110000,-0.15326451985826495
19980206,8189.490234375,8189.490234375,8211.91015625,8113.1298828125,8113.759765625,49520000,0.8899594613323458
19980209,8180.52001953125,8180.52001953125,8216.650390625,8141.91015625,8191.490234375,45450000,-0.1095332503859403
19980210,8295.6103515625,8295.6103515625,8320.0302734375,8178.27978515625,8179.77978515625,67300000,1.4068828357667762
19980211,8314.5498046875,8314.5498046875,8314.5498046875,8276.9296875,8293.3701171875,50190000,0.2283069276684646
19980212,8369.599609375,8369.599609375,8390.26953125,8238.3203125,8311.3095703125,57830000,0.6620900226788518
19980213,8370.099609375,8370.099609375,8374.830078125,8311.8095703125,8366.8603515625,44030000,0.005974001425834707
19980217,8398.5,8398.5,8446.3203125,8368.599609375,8368.599609375,57180000,0.33930767793002303
19980218,8451.0595703125,8451.0595703125,8451.0595703125,8361.8798828125,8393.509765625,55000000,0.6258209241233548
19980219,8375.580078125,8375.580078125,8451.8095703125,8369.349609375,8451.8095703125,54340000,-0.893136435254227
19980220,8413.9404296875,8413.9404296875,8424.400390625,8318.5302734375,8375.830078125,57230000,0.45800232586501455
19980223,8410.2001953125,8410.2001953125,8446.5703125,8374.830078125,8413.9404296875,47940000,-0.044452826903829123
19980224,8370.099609375,8370.099609375,8421.66015625,8345.4404296875,8408.2099609375,53390000,-0.47680893446330197
19980225,8457.7802734375,8457.7802734375,8489.169921875,8368.849609375,8368.849609375,47540000,1.0475462438259697
19980226,8490.669921875,8490.669921875,8503.1201171875,8419.919921875,8455.2900390625,49390000,0.3888685609484632
19980227,8545.7197265625,8545.7197265625,8566.8896484375,8474.9697265625,8489.669921875,55150000,0.6483564335209024
19980302,8550.4501953125,8550.4501953125,8566.8896484375,8510.83984375,8544.4697265625,55600000,0.055354831440301844
19980303,8584.830078125,8584.830078125,8585.080078125,8509.349609375,8548.7099609375,57200000,0.402082721110375
19980304,8539.240234375,8539.240234375,8583.0400390625,8494.650390625,8582.58984375,51380000,-0.5310512070141882
19980305,8444.330078125,8444.330078125,8537.0498046875,8405.7197265625,8536.7998046875,57110000,-1.1114590249836964
19980306,8569.3896484375,8569.3896484375,8570.8798828125,8444.580078125,8446.8203125,56180000,1.480988653397941
19980309,8567.1396484375,8567.1396484375,8624.4404296875,8541.240234375,8570.6298828125,60730000,-0.02625624568735052
19980310,8643.1201171875,8643.1201171875,8650.099609375,8566.6396484375,8567.6396484375,52660000,0.8868825753745924
19980311,8675.75,8675.75,8695.1904296875,8639.6298828125,8642.3701171875,48620000,0.3775243473431944
19980312,8659.5595703125,8659.5595703125,8682.48046875,8611.240234375,8673.759765625,46110000,-0.18661706120508548
19980313,8602.51953125,8602.51953125,8698.419921875,8592.7998046875,8659.5595703125,48870000,-0.6586944589889954
19980316,8718.849609375,8718.849609375,8718.849609375,8602.01953125,8603.509765625,49980000,1.3522791515022226
19980317,8749.990234375,8749.990234375,8749.990234375,8683.98046875,8718.849609375,51720000,0.357164378274355
19980318,8775.400390625,8775.400390625,8780.1298828125,8706.8896484375,8746.5,48740000,0.2904021098237841
19980319,8803.0498046875,8803.0498046875,8803.0498046875,8759.9501953125,8770.919921875,54710000,0.31507866116329275
19980320,8906.4296875,8906.4296875,8913.41015625,8803.2998046875,8803.7998046875,78600000,1.1743643976369622
19980323,8816.25,8816.25,8900.1396484375,8807.2900390625,8899.7099609375,52570000,-1.0125234315447984
19980324,8904.4404296875,8904.4404296875,8920.3798828125,8817.5,8817.5,46280000,1.0003167978165362
19980325,8872.7998046875,8872.7998046875,8959.240234375,8800.0595703125,8905.1904296875,59390000,-0.3553353548698013
19980326,8846.8896484375,8846.8896484375,8892.98046875,8820.990234375,8868.5703125,52240000,-0.29201781647673064
19980327,8796.080078125,8796.080078125,8895.7197265625,8771.91015625,8846.150390625,57390000,-0.5743212850120027
19980330,8782.1201171875,8782.1201171875,8827.9599609375,8748.740234375,8795.080078125,44030000,-0.15870661491835802
19980331,8799.8095703125,8799.8095703125,8898.9599609375,8776.8896484375,8783.1201171875,61770000,0.20142577064483635
19980401,8868.3203125,8868.3203125,8883.759765625,8748.740234375,8801.5595703125,79540000,0.7785480087959096
19980402,8986.6396484375,8986.6396484375,8997.1103515625,8861.33984375,8868.3203125,74630000,1.334179774390054
19980403,8983.41015625,8983.41015625,9030.490234375,8946.2900390625,8986.6396484375,65520000,-0.03593659380858316
19980406,9033.23046875,9033.23046875,9094.509765625,8983.41015625,8983.41015625,76620000,0.5545812963392072
19980407,8956.5,8956.5,9033.98046875,8893.48046875,9033.23046875,74580000,-0.8494244557962438
19980408,8891.48046875,8891.48046875,8968.9599609375,8861.83984375,8956.5,71630000,-0.7259479847038453
19980409,8994.8603515625,8994.8603515625,9014.2998046875,8890.740234375,8891.48046875,56620000,1.1626846977377925
19980413,9012.2998046875,9012.2998046875,9025.259765625,8925.6103515625,8997.1103515625,62320000,0.19388242222093677
19980414,9110.2001953125,9110.2001953125,9121.41015625,9013.7998046875,9014.2998046875,61980000,1.0862975349985593
19980415,9162.26953125,9162.26953125,9162.26953125,9083.5498046875,9110.4501953125,67260000,0.5715498542424147
19980416,9076.5703125,9076.5703125,9164.759765625,9041.9501953125,9162.26953125,64980000,-0.9353492435220656
19980417,9167.5,9167.5,9167.5,9052.91015625,9077.5703125,62810000,1.0018066777356838
19980420,9141.83984375,9141.83984375,9172.73046875,9091.51953125,9166.75,60310000,-0.27990353149713876
19980421,9184.9404296875,9184.9404296875,9193.650390625,9098.25,9137.849609375,67520000,0.471465117242964
19980422,9176.7197265625,9176.7197265625,9213.330078125,9165.259765625,9184.9296875,55020000,-0.08950197541215399
19980423,9143.330078125,9143.330078125,9209.099609375,9114.6904296875,9176.9599609375,66130000,-0.3638516750255727
19980424,9064.6201171875,9064.6201171875,9160.01953125,9020.0302734375,9143.830078125,68360000,-0.8608456685361254
19980427,8917.6396484375,8917.6396484375,9058.6396484375,8840.669921875,9058.1396484375,78750000,-1.6214741141916011
19980428,8898.9599609375,8898.9599609375,9006.5703125,8863.580078125,8920.8798828125,63230000,-0.2094689652914261
19980429,8951.51953125,8951.51953125,8995.1103515625,8899.2099609375,8899.2099609375,51340000,0.59062598936519
19980430,9063.3701171875,9063.3701171875,9128.6396484375,8953.509765625,8953.509765625,58810000,1.2495150744745276
19980501,9147.0703125,9147.0703125,9147.8203125,9066.6103515625,9066.6103515625,50100000,0.9234996941565266
19980504,9192.66015625,9192.66015625,9261.91015625,9145.330078125,9145.330078125,50980000,0.4984092413469199
19980505,9147.5703125,9147.5703125,9198.1396484375,9104.4697265625,9192.66015625,42750000,-0.4904983213084857
19980506,9054.650390625,9054.650390625,9180.2001953125,9049.919921875,9146.1904296875,45340000,-1.0157880038159095
19980507,8976.6796875,8976.6796875,9055.650390625,8965.2197265625,9053.16015625,52340000,-0.8611122435575158
19980508,9055.150390625,9055.150390625,9095.75,8971.2001953125,8978.169921875,51560000,0.8741617820481107
19980511,9091.51953125,9091.51953125,9189.669921875,9055.400390625,9055.509765625,56820000,0.40164038205985353
19980512,9161.76953125,9161.76953125,9175.7197265625,9059.8798828125,9089.5302734375,56310000,0.772698114528958
19980513,9211.83984375,9211.83984375,9225.5400390625,9157.0302734375,9158.6201171875,59710000,0.5465135564610479
19980514,9172.23046875,9172.23046875,9221.5595703125,9113.9404296875,9211.33984375,72870000,-0.4299833222445093
19980515,9096.0,9096.0,9186.1796875,9090.51953125,9170.33984375,65290000,-0.8311006685856714
19980518,9050.91015625,9050.91015625,9128.8896484375,8999.849609375,9092.9697265625,53140000,-0.49571068326736967
19980519,9054.650390625,9054.650390625,9113.4404296875,9038.2099609375,9052.16015625,55270000,0.041324400645126325
19980520,9171.48046875,9171.48046875,9172.98046875,9052.01953125,9053.759765625,62430000,1.2902770740432334
19980521,9132.3701171875,9132.3701171875,9202.3701171875,9104.9697265625,9171.73046875,58660000,-0.4264344420266797
19980522,9114.4404296875,9114.4404296875,9164.259765625,9077.3203125,9132.3701171875,34130000,-0.19633115248204325
19980526,8963.73046875,8963.73046875,9168.740234375,8962.73046875,9114.4404296875,43350000,-1.6535294964088898
19980527,8936.5703125,8936.5703125,8964.0595703125,8788.099609375,8963.8095703125,66910000,-0.3030005904872679
19980528,8970.2001953125,8970.2001953125,8993.1201171875,8900.7001953125,8933.4697265625,47970000,0.3763175540113073
19980529,8899.9501953125,8899.9501953125,9027.0,8899.9501953125,8970.2001953125,49310000,-0.7831486306928759
19980601,8922.3701171875,8922.3701171875,8981.41015625,8864.080078125,8900.9501953125,54770000,0.25191064425067466
19980602,8891.240234375,8891.240234375,8976.6796875,8872.2998046875,8922.8701171875,55160000,-0.3488970128299629
19980603,8803.7998046875,8803.7998046875,8928.349609375,8789.849609375,8889.4404296875,46970000,-0.9834446869340097
19980604,8870.5595703125,8870.5595703125,8876.5400390625,8749.740234375,8804.2998046875,49950000,0.7583062666810525
19980605,9037.7099609375,9037.7099609375,9039.4599609375,8870.5595703125,8870.5595703125,53630000,1.8843274688601364
19980608,9069.599609375,9069.599609375,9104.7197265625,9034.9697265625,9039.9501953125,49410000,0.35285098299604467
19980609,9049.919921875,9049.919921875,9086.5400390625,9014.5400390625,9070.58984375,45310000,-0.21698518509745135
19980610,8971.7001953125,8971.7001953125,9096.0,8952.26953125,9050.169921875,62720000,-0.8643140186625486
19980611,8811.76953125,8811.76953125,8993.6201171875,8808.5302734375,8971.7001953125,59840000,-1.782612666282135
19980612,8834.9404296875,8834.9404296875,8834.9404296875,8684.2197265625,8811.76953125,59700000,0.2629539771248801
19980615,8627.9296875,8627.9296875,8831.9501953125,8623.1904296875,8831.9501953125,58000000,-2.3430915447023803
19980616,8665.2900390625,8665.2900390625,8675.509765625,8569.8798828125,8635.150390625,68610000,0.4330164119977331
19980617,8829.4599609375,8829.4599609375,8892.48046875,8665.73046875,8666.23046875,72940000,1.8945692658287605
19980618,8813.009765625,8813.009765625,8853.8701171875,8793.330078125,8824.919921875,64310000,-0.18631032232183653
19980619,8712.8701171875,8712.8701171875,8861.83984375,8688.9599609375,8812.76953125,79840000,-1.1362707077449685
19980622,8711.1298828125,8711.1298828125,8763.6904296875,8684.2197265625,8711.740234375,45540000,-0.019973147213192544
19980623,8828.4599609375,8828.4599609375,8830.4501953125,8713.3701171875,8713.3701171875,54910000,1.346898504595817
19980624,8923.8701171875,8923.8701171875,8934.330078125,8777.8896484375,8829.2099609375,73650000,1.0807112075283065
19980625,8935.580078125,8935.580078125,9025.009765625,8915.400390625,8923.8701171875,68640000,0.13122065632651392
19980626,8944.5400390625,8944.5400390625,8991.6298828125,8934.080078125,8934.259765625,52140000,0.10027285144513787
19980629,8997.3603515625,8997.3603515625,9052.66015625,8945.5400390625,8945.5400390625,50170000,0.5905313439184434
19980630,8952.01953125,8952.01953125,9020.51953125,8929.599609375,8994.7197265625,61360000,-0.5039346935195921
19980701,9048.669921875,9048.669921875,9049.169921875,8958.990234375,8958.990234375,66790000,1.079649014254369
19980702,9025.259765625,9025.259765625,9047.6796875,9003.330078125,9047.6796875,50060000,-0.2587137828224506
19980706,9091.76953125,9091.76953125,9091.76953125,9000.58984375,9023.0595703125,48820000,0.7369291006816159
19980707,9085.0400390625,9085.0400390625,9150.8095703125,9067.1103515625,9091.26953125,56520000,-0.07401740843044902
19980708,9174.9697265625,9174.9697265625,9184.4404296875,9084.2998046875,9086.2900390625,59980000,0.9898656154880392
19980709,9089.7802734375,9089.7802734375,9174.9697265625,9065.6103515625,9174.9697265625,65780000,-0.9284984655411721
19980710,9105.740234375,9105.740234375,9135.599609375,9029.7900390625,9090.8095703125,67280000,0.17558137223776527
19980713,9096.2099609375,9096.2099609375,9132.76953125,9073.2998046875,9107.0302734375,57050000,-0.10466225910467086
19980714,9245.5400390625,9245.5400390625,9256.6103515625,9098.5302734375,9100.0703125,61490000,1.6416736065490767
19980715,9234.4697265625,9234.4697265625,9305.5302734375,9228.0302734375,9246.5703125,75860000,-0.11973678609608074
19980716,9328.1904296875,9328.1904296875,9332.3095703125,9206.150390625,9233.23046875,63190000,1.0149007566229384
19980717,9337.9697265625,9337.9697265625,9354.7099609375,9310.169921875,9328.1904296875,56870000,0.10483594807280117
19980720,9295.75,9295.75,9367.83984375,9264.58984375,9340.5498046875,58490000,-0.4521296148819465
19980721,9190.1904296875,9190.1904296875,9344.669921875,9173.9697265625,9296.259765625,75250000,-1.135568085549843
19980722,9128.91015625,9128.91015625,9186.3701171875,9075.099609375,9185.7099609375,90780000,-0.6668009102351546
19980723,8932.98046875,8932.98046875,9156.4599609375,8932.98046875,9130.4599609375,9440000,-2.146254965231076
19980724,8937.3603515625,8937.3603515625,8998.3798828125,8863.2099609375,8934.51953125,83960000,0.04903047563824536
19980727,9028.240234375,9028.240234375,9028.240234375,8855.740234375,8937.3603515625,73130000,1.0168537379900089
19980728,8934.7802734375,8934.7802734375,9028.5,8816.08984375,9028.5,77500000,-1.0351957691782654
19980729,8914.9599609375,8914.9599609375,9001.2099609375,8880.7099609375,8935.8095703125,66510000,-0.22183323924511722
19980730,9026.9501953125,9026.9501953125,9041.3701171875,8913.41015625,8913.41015625,73500000,1.2562056909476427
19980731,8883.2900390625,8883.2900390625,9030.0400390625,8828.1904296875,9026.9501953125,75420000,-1.5914583900617951
19980803,8786.740234375,8786.740234375,8886.1201171875,8785.9697265625,8883.2900390625,65830000,-1.0868698901301377
19980804,8487.3095703125,8487.3095703125,8857.0302734375,8487.3095703125,8788.7998046875,96980000,-3.4077559604082097
19980805,8546.7802734375,8546.7802734375,8574.849609375,8361.919921875,8486.01953125,98760000,0.7007014723843685
19980806,8577.6796875,8577.6796875,8593.3798828125,8486.01953125,8546.1298828125,77090000,0.36153280035211566
19980807,8598.01953125,8598.01953125,8710.01953125,8552.9599609375,8579.2197265625,80620000,0.23712524238508337
19980810,8574.849609375,8574.849609375,8635.349609375,8543.1796875,8596.73046875,59290000,-0.26947975392225265
19980811,8462.849609375,8462.849609375,8570.83984375,8316.8701171875,8570.83984375,90960000,-1.3061453565033854
19980812,8552.9599609375,8552.9599609375,8564.5498046875,8460.0595703125,8462.6298828125,72300000,1.0647755274142856
19980813,8459.5,8459.5,8603.4296875,8459.5,8550.7001953125,71100000,-1.0927206647095788
19980814,8425.0,8425.0,8556.5703125,8380.7197265625,8458.990234375,83000000,-0.4078255216029336
19980817,8574.849609375,8574.849609375,8574.849609375,8368.6201171875,8419.9599609375,67560000,1.778630378338275
19980818,8714.650390625,8714.650390625,8730.6103515625,8568.1103515625,8572.490234375,66320000,1.6303584041538643
19980819,8693.2802734375,8693.2802734375,8753.7802734375,8663.41015625,8712.7001953125,55810000,-0.24522059095439808
19980820,8611.41015625,8611.41015625,8694.5703125,8604.9697265625,8694.0498046875,60590000,-0.94176323105164
19980821,8533.650390625,8533.650390625,8608.0595703125,8328.2001953125,8607.7998046875,83410000,-0.9029852743521194
19980824,8566.6103515625,8566.6103515625,8619.1298828125,8502.759765625,8533.650390625,61940000,0.38623519160931874
19980825,8602.650390625,8602.650390625,8689.419921875,8538.5400390625,8568.41015625,65560000,0.42070361068689
19980826,8523.349609375,8523.349609375,8600.9296875,8467.48046875,8600.9296875,67770000,-0.9218180171127299
19980827,8165.990234375,8165.990234375,8518.349609375,8164.18994140625,8518.08984375,104250000,-4.1927105114511924
19980828,8051.68017578125,8051.68017578125,8244.51953125,8011.52001953125,8164.18017578125,94630000,-1.3998309490079741
19980831,7539.06982421875,7539.06982421875,8095.4501953125,7539.06982421875,8052.4501953125,117890000,-6.366501653957735
19980901,7827.43017578125,7827.43017578125,7897.97021484375,7400.2998046875,7545.759765625,147170000,3.8248797038085813
19980902,7782.3701171875,7782.3701171875,7952.56005859375,7767.43994140625,7824.169921875,95880000,-0.575668611304514
19980903,7682.22021484375,7682.22021484375,7781.33984375,7578.4599609375,7781.33984375,108280000,-1.2868817704077995
19980904,7640.25,7640.25,7760.75,7495.81005859375,7685.0498046875,96750000,-0.5463292338672376
19980908,8020.77978515625,8020.77978515625,8033.14013671875,7645.14013671875,7645.14013671875,100540000,4.980593372680864
19980909,7865.02001953125,7865.02001953125,8030.56982421875,7851.89013671875,8020.77978515625,85190000,-1.9419528998073088
19980910,7615.5400390625,7615.5400390625,7858.06982421875,7519.5,7858.06982421875,101550000,-3.1720196496539677
19980911,7795.5,7795.5,7817.39013671875,7518.990234375,7612.18017578125,91320000,2.3630623700279685
19980914,7945.35009765625,7945.35009765625,8039.06005859375,7796.52978515625,7796.52978515625,89750000,1.9222640966743532
19980915,8024.39013671875,8024.39013671875,8035.72021484375,7881.5,7945.08984375,72890000,0.9947961775254699
19980916,8089.77978515625,8089.77978515625,8102.919921875,7962.85009765625,8026.1298828125,88360000,0.8148862072182128
19980917,7873.77001953125,7873.77001953125,8078.14990234375,7854.4599609375,8078.14990234375,71890000,-2.670156312800398
19980918,7895.66015625,7895.66015625,7930.669921875,7827.93994140625,7876.35009765625,99090000,0.27801341243711697
19980921,7933.25,7933.25,7945.35009765625,7711.0498046875,7889.330078125,77720000,0.4760823415157267
19980922,7897.2001953125,7897.2001953125,7986.7998046875,7855.75,7934.27978515625,70850000,-0.45441407604071005
19980923,8154.41015625,8154.41015625,8160.58984375,7896.43017578125,7897.2001953125,94270000,3.256976581272064
19980924,8001.990234375,8001.990234375,8182.47021484375,7935.81982421875,8152.35009765625,83180000,-1.8691716378550938
19980925,8028.77001953125,8028.77001953125,8086.43994140625,7889.990234375,8001.990234375,79140000,0.33466405696434
19980928,8108.83984375,8108.83984375,8160.330078125,8026.169921875,8026.169921875,74480000,0.9972863094093842
19980929,8080.52001953125,8080.52001953125,8150.5498046875,8015.6298828125,8109.8701171875,81200000,-0.34924631346096024
19980930,7842.6201171875,7842.6201171875,8079.490234375,7825.3701171875,8079.490234375,87640000,-2.9441162421320333
19981001,7632.52978515625,7632.52978515625,7841.330078125,7582.83984375,7841.330078125,100930000,-2.678828362103458
19981002,7784.68994140625,7784.68994140625,7818.16015625,7530.31005859375,7631.240234375,102730000,1.993574352581251
19981005,7726.240234375,7726.240234375,7788.0400390625,7551.68017578125,7787.009765625,98080000,-0.7508289664866385
19981006,7742.97998046875,7742.97998046875,7880.97998046875,7683.509765625,7733.97021484375,91560000,0.21666095780030759
19981007,7741.68994140625,7741.68994140625,7858.31982421875,7629.18017578125,7745.18017578125,105820000,-0.016660756785558117
19981008,7731.91015625,7731.91015625,7756.3701171875,7467.490234375,7734.47998046875,138480000,-0.1263262314852298
19981009,7899.52001953125,7899.52001953125,7917.27978515625,7666.509765625,7734.740234375,101640000,2.1677678593531535
19981012,8001.47021484375,8001.47021484375,8084.64013671875,7900.5498046875,7900.5498046875,74370000,1.2905872136589558
19981013,7938.14013671875,7938.14013671875,8009.97021484375,7884.58984375,8002.5,78690000,-0.7914805207612341
19981014,7968.77978515625,7968.77978515625,8048.330078125,7878.14990234375,7938.14013671875,80570000,0.3859801906969773
19981015,8299.3603515625,8299.3603515625,8347.759765625,7920.1201171875,7966.97021484375,99690000,4.148446503968328
19981016,8416.759765625,8416.759765625,8429.3798828125,8300.3896484375,8300.3896484375,126790000,1.4145597864104964
19981019,8466.4501953125,8466.4501953125,8515.3701171875,8388.9599609375,8415.48046875,72630000,0.5903748125310804
19981020,8505.849609375,8505.849609375,8652.8603515625,8471.8603515625,8471.8603515625,99750000,0.46535930825311045
19981021,8519.23046875,8519.23046875,8561.9697265625,8446.1201171875,8504.669921875,81660000,0.15731361344846206
19981022,8533.1396484375,8533.1396484375,8555.7900390625,8422.169921875,8519.0302734375,71460000,0.16326802917847605
19981023,8452.2900390625,8452.2900390625,8531.33984375,8426.8095703125,8531.33984375,64440000,-0.9474778651935467
19981026,8432.2099609375,8432.2099609375,8521.0400390625,8408.009765625,8448.9501953125,57130000,-0.23756967676451524
19981027,8366.0400390625,8366.0400390625,8533.1396484375,8346.2197265625,8433.240234375,75880000,-0.7847281102052017
19981028,8371.9697265625,8371.9697265625,8432.98046875,8328.7099609375,8365.26953125,61660000,0.07087806742871461
19981029,8495.0302734375,8495.0302734375,8496.3203125,8352.400390625,8371.2197265625,61420000,1.4699115129926277
19981030,8592.099609375,8592.099609375,8659.8095703125,8498.1201171875,8498.1201171875,70950000,1.1426602709235567
19981102,8706.150390625,8706.150390625,8742.9697265625,8595.7001953125,8595.7001953125,80840000,1.327391283098689
19981103,8706.150390625,8706.150390625,8744.51953125,8677.580078125,8706.669921875,75340000,0.0
19981104,8783.1396484375,8783.1396484375,8854.4501953125,8708.4697265625,8708.4697265625,87020000,0.8843088432679114
19981105,8915.4697265625,8915.4697265625,8917.26953125,8714.91015625,8782.1103515625,78000000,1.506637528512278
19981106,8975.4599609375,8975.4599609375,8990.91015625,8897.1904296875,8915.33984375,67750000,0.6728779998687706
19981109,8897.9599609375,8897.9599609375,8985.5,8845.9599609375,8971.9697265625,61020000,-0.8634654974485012
19981110,8863.98046875,8863.98046875,8928.349609375,8854.7099609375,8895.169921875,72800000,-0.38187958067548156
19981111,8823.8203125,8823.8203125,8936.0703125,8792.66015625,8863.98046875,71300000,-0.45307135311933866
19981112,8829.740234375,8829.740234375,8907.75,8810.9404296875,8822.3203125,58850000,0.06709023603543862
19981113,8919.58984375,8919.58984375,8925.509765625,8829.83984375,8830.6103515625,56060000,1.0175793057332294
19981116,9011.25,9011.25,9030.2998046875,8920.8798828125,8921.1396484375,68030000,1.027627479017168
19981117,8986.2802734375,8986.2802734375,9103.16015625,8929.1201171875,9010.990234375,83800000,-0.27709503745317887
19981118,9041.1103515625,9041.1103515625,9041.1103515625,8957.1796875,8978.6201171875,63440000,0.610153216421172
19981119,9056.0498046875,9056.0498046875,9087.7197265625,9010.73046875,9039.830078125,64210000,0.1652391414779908
19981120,9159.5498046875,9159.5498046875,9161.349609375,9058.6201171875,9058.6201171875,75920000,1.1428824071443078
19981123,9374.26953125,9374.26953125,9374.26953125,9159.2900390625,9159.5498046875,84080000,2.3442170318525246
19981124,9301.150390625,9301.150390625,9380.2001953125,9289.0498046875,9371.51953125,81140000,-0.7799982748655787
19981125,9314.2802734375,9314.2802734375,9318.150390625,9252.490234375,9300.7802734375,58200000,0.14116407391642216
19981127,9333.080078125,9333.080078125,9346.2099609375,9304.5,9311.849609375,29010000,0.20183851178618983
19981130,9116.5498046875,9116.5498046875,9333.080078125,9116.5498046875,9333.080078125,72220000,-2.3200301682293145
19981201,9133.5400390625,9133.5400390625,9141.26953125,8987.8203125,9116.5498046875,87730000,0.18636693419109562
19981202,9064.5400390625,9064.5400390625,9129.7802734375,8955.1201171875,9129.7802734375,92350000,-0.7554573550332067
19981203,8879.6796875,8879.6796875,9082.5703125,8871.4501953125,9064.7998046875,78460000,-2.039379281969822
19981204,9016.1396484375,9016.1396484375,9025.150390625,8879.6796875,8879.6796875,69610000,1.536766704880077
19981207,9070.4697265625,9070.4697265625,9084.1103515625,9003.7802734375,9017.169921875,53310000,0.6025869190526167
19981208,9027.98046875,9027.98046875,9088.75,8946.6298828125,9070.4697265625,79240000,-0.4684350325107389
19981209,9009.1904296875,9009.1904296875,9050.900390625,8968.509765625,9027.150390625,80310000,-0.20813114436324387
19981210,8841.580078125,8841.580078125,9012.7900390625,8823.2998046875,9008.419921875,95150000,-1.8604374374214916
19981211,8821.759765625,8821.759765625,8844.9296875,8730.099609375,8839.509765625,71700000,-0.22417161101144778
19981214,8695.599609375,8695.599609375,8820.73046875,8676.0302734375,8820.73046875,71520000,-1.4301019252598302
19981215,8823.2998046875,8823.2998046875,8823.2998046875,8678.6103515625,8699.4599609375,77340000,1.4685611234310114
19981216,8790.599609375,8790.599609375,8851.3603515625,8740.650390625,8823.2998046875,70310000,-0.37061185765361326
19981217,8875.8203125,8875.8203125,8879.9404296875,8785.75,8787.5498046875,71750000,0.9694526757209276
19981218,8903.6298828125,8903.6298828125,8928.599609375,8858.5703125,8877.6298828125,95150000,0.31331831124763454
19981221,8988.849609375,8988.849609375,9079.2197265625,8898.740234375,8902.9697265625,77840000,0.9571346482742715
19981222,9044.4599609375,9044.4599609375,9069.4404296875,8948.6904296875,8989.1103515625,58510000,0.6186592720886175
19981223,9202.0302734375,9202.0302734375,9211.0400390625,9043.169921875,9044.7197265625,58320000,1.742174913488892
19981224,9217.990234375,9217.990234375,9245.5400390625,9178.599609375,9202.2900390625,20210000,0.17343956130604354
19981228,9226.75,9226.75,9262.7900390625,9189.41015625,9220.5703125,45910000,0.09502901828137844
19981229,9320.98046875,9320.98046875,9334.8798828125,9187.6103515625,9221.1103515625,51150000,1.0212747581759496
19981230,9274.6396484375,9274.6396484375,9326.3896484375,9268.2001953125,9320.98046875,48250000,-0.49716679986472334
19981231,9181.4296875,9181.4296875,9287.76953125,9181.4296875,9274.1201171875,53400000,-1.0049981936840369
19990104,9184.26953125,9184.26953125,9350.330078125,9122.4697265625,9184.009765625,89410000,0.030930300036668967
19990105,9311.1904296875,9311.1904296875,9338.740234375,9182.98046875,9184.7802734375,79860000,1.3819378667584203
19990106,9544.9697265625,9544.9697265625,9562.2197265625,9315.419921875,9315.419921875,103340000,2.510734783488333
19990107,9537.759765625,9537.759765625,9542.1396484375,9426.01953125,9542.1396484375,88290000,-0.07553676066081039
19990108,9643.3203125,9643.3203125,9647.9599609375,9525.41015625,9538.2802734375,103250000,1.1067645806665194
19990111,9619.8896484375,9619.8896484375,9643.3203125,9532.6103515625,9643.3203125,98720000,-0.2429729937740266
19990112,9474.6796875,9474.6796875,9620.150390625,9451.76953125,9618.8603515625,95680000,-1.5094763686929191
19990113,9349.5595703125,9349.5595703125,9471.33984375,9213.099609375,9471.33984375,109060000,-1.3205735846940736
19990114,9120.9296875,9120.9296875,9359.080078125,9087.7197265625,9349.5595703125,90510000,-2.4453545762568862
19990115,9340.5498046875,9340.5498046875,9342.6103515625,9127.16015625,9127.16015625,79440000,2.4078698631838424
19990119,9355.2197265625,9355.2197265625,9399.25,9210.009765625,9343.1201171875,76360000,0.15705629948719046
19990120,9335.91015625,9335.91015625,9480.08984375,9300.900390625,9354.0498046875,105220000,-0.2064042414490208
19990121,9264.080078125,9264.080078125,9377.3603515625,9228.5498046875,9335.91015625,98340000,-0.7693955588991219
19990122,9120.669921875,9120.669921875,9264.58984375,9088.490234375,9264.080078125,93640000,-1.5480237113734585
19990125,9203.3203125,9203.3203125,9203.830078125,9063.259765625,9120.669921875,89250000,0.9061877179303623
19990126,9324.580078125,9324.580078125,9329.990234375,9188.3798828125,9203.3203125,90780000,1.3175654166931894
19990127,9200.23046875,9200.23046875,9385.8603515625,9195.33984375,9325.3603515625,88800000,-1.3335679283479784
19990128,9281.330078125,9281.330078125,9301.150390625,9203.5703125,9203.5703125,80490000,0.8814954109080952
19990129,9358.830078125,9358.830078125,9383.2802734375,9224.169921875,9281.58984375,86050000,0.8350096305987265
19990201,9345.7001953125,9345.7001953125,9430.66015625,9341.580078125,9359.599609375,77790000,-0.14029406136125688
19990202,9274.1201171875,9274.1201171875,9344.919921875,9198.169921875,9342.6103515625,82520000,-0.7659145556680902
19990203,9366.8095703125,9366.8095703125,9398.2197265625,9239.6201171875,9272.580078125,89760000,0.9994420166417717
19990204,9304.5,9304.5,9397.9599609375,9274.8896484375,9365.150390625,88340000,-0.6652165803603616
19990205,9304.240234375,9304.240234375,9347.240234375,9247.33984375,9305.01953125,88360000,-0.00279182787897847
19990208,9291.1103515625,9291.1103515625,9334.8798828125,9209.240234375,9301.58984375,72880000,-0.14111719476019857
19990209,9133.0302734375,9133.0302734375,9305.01953125,9123.25,9291.1103515625,73550000,-1.7014121256068715
19990210,9177.3095703125,9177.3095703125,9183.490234375,9099.0400390625,9133.91015625,86030000,0.48482590716667495
19990211,9363.4599609375,9363.4599609375,9363.4599609375,9143.330078125,9175.0498046875,87430000,2.028376499657103
19990212,9274.8896484375,9274.8896484375,9389.98046875,9228.0302734375,9367.3203125,78430000,-0.9459143614593102
19990216,9297.0302734375,9297.0302734375,9387.66015625,9234.73046875,9277.3095703125,76970000,0.23871577818426193
19990217,9195.4697265625,9195.4697265625,9365.5400390625,9179.2099609375,9289.7802734375,83350000,-1.0923977215086422
19990218,9298.6298828125,9298.6298828125,9308.759765625,9190.9404296875,9201.8701171875,75070000,1.1218584728956982
19990219,9339.9501953125,9339.9501953125,9395.669921875,9267.7099609375,9299.169921875,73110000,0.444369902025854
19990222,9552.6796875,9552.6796875,9558.2802734375,9331.16015625,9339.9501953125,81950000,2.2776298346244284
19990223,9544.419921875,9544.419921875,9611.330078125,9473.240234375,9553.48046875,84810000,-0.086465430593341
19990224,9399.669921875,9399.669921875,9600.1298828125,9391.1396484375,9544.23046875,82630000,-1.5165929536298473
19990225,9366.33984375,9366.33984375,9396.1904296875,9233.3203125,9395.66015625,80780000,-0.35458775044253654
19990226,9306.580078125,9306.580078125,9398.400390625,9252.51953125,9365.259765625,81460000,-0.6380268773279352
19990301,9324.7802734375,9324.7802734375,9355.2099609375,9222.6298828125,9307.3896484375,104740000,0.1955626573856062
19990302,9297.6103515625,9297.6103515625,9421.2197265625,9268.0,9324.240234375,79710000,-0.2913733201027391
19990303,9275.8798828125,9275.8798828125,9337.0,9211.23046875,9296.4404296875,74640000,-0.23372100925210804
19990304,9467.400390625,9467.400390625,9480.7099609375,9275.7197265625,9275.7197265625,110950000,2.0647152640190347
19990305,9736.080078125,9736.080078125,9738.7900390625,9467.669921875,9467.669921875,97210000,2.837945755057092
19990308,9727.6103515625,9727.6103515625,9764.7998046875,9674.330078125,9737.1904296875,78540000,-0.0869931891945841
19990309,9693.759765625,9693.759765625,9798.9296875,9669.8896484375,9725.3896484375,96620000,-0.3479845996510633
19990310,9772.83984375,9772.83984375,9776.169921875,9675.7197265625,9695.98046875,90040000,0.8157833496702294
19990311,9897.4404296875,9897.4404296875,9935.4599609375,9769.9599609375,9769.9599609375,97870000,1.274968053601988
19990312,9876.349609375,9876.349609375,9958.76953125,9861.919921875,9897.7197265625,97760000,-0.21309368277921958
19990315,9958.76953125,9958.76953125,9970.150390625,9862.48046875,9876.080078125,78860000,0.8345180672499009
19990316,9930.4697265625,9930.4697265625,10001.7802734375,9926.580078125,9957.66015625,74480000,-0.28416969183489016
19990317,9879.41015625,9879.41015625,9960.7099609375,9859.150390625,9931.1298828125,84570000,-0.5141707463839684
19990318,9997.6201171875,9997.6201171875,10001.509765625,9845.830078125,9873.900390625,86480000,1.1965285282008242
19990319,9903.5498046875,9903.5498046875,10085.3095703125,9899.9404296875,10001.23046875,117430000,-0.9409270546125059
19990322,9890.509765625,9890.509765625,9934.6298828125,9874.9697265625,9902.2802734375,61210000,-0.13167035375868386
19990323,9671.830078125,9671.830078125,9891.0595703125,9632.7099609375,9890.23046875,87510000,-2.2110052230071453
19990324,9666.83984375,9666.83984375,9703.1904296875,9625.2099609375,9671.5595703125,72990000,-0.05159555466432986
19990325,9836.3896484375,9836.3896484375,9841.9404296875,9664.900390625,9664.900390625,80470000,1.7539320753009235
19990326,9822.240234375,9822.240234375,9853.3203125,9747.3095703125,9836.3896484375,66210000,-0.14384763686895452
19990329,10006.7802734375,10006.7802734375,10040.3603515625,9821.6103515625,9821.6103515625,69040000,1.8787978573020725
19990330,9913.259765625,9913.259765625,10003.83984375,9874.41015625,10003.83984375,73970000,-0.9345714131521965
19990331,9786.16015625,9786.16015625,10002.33984375,9781.4501953125,9914.3701171875,111740000,-1.2821172084658494
19990401,9832.509765625,9832.509765625,9840.0,9765.6298828125,9786.4404296875,68310000,0.47362406331965534
19990405,10007.330078125,10007.330078125,10023.150390625,9836.1201171875,9836.1201171875,71120000,1.7779825971918406
19990406,9963.490234375,9963.490234375,10030.3701171875,9915.759765625,10004.83984375,74900000,-0.43807732339946615
19990407,10085.3095703125,10085.3095703125,10089.75,9955.16015625,9963.490234375,95470000,1.2226572523472923
19990408,10197.7001953125,10197.7001953125,10209.080078125,10059.7802734375,10086.419921875,91210000,1.1143993569700417
19990409,10173.83984375,10173.83984375,10212.1298828125,10094.4697265625,10197.7001953125,79950000,-0.23397777053171254
19990412,10339.509765625,10339.509765625,10340.6201171875,10096.6904296875,10174.1103515625,84540000,1.6283912900081132
19990413,10395.009765625,10395.009765625,10418.8701171875,10316.4697265625,10340.6201171875,88310000,0.536775932883371
19990414,10411.66015625,10411.66015625,10526.5400390625,10367.8095703125,10394.73046875,107230000,0.1601767675107002
19990415,10462.7197265625,10462.7197265625,10500.740234375,10378.6298828125,10411.66015625,137100000,0.4904075771417604
19990416,10493.8896484375,10493.8896484375,10520.009765625,10386.6103515625,10463.5595703125,113560000,0.2979141436415089
19990419,10440.5302734375,10440.5302734375,10765.740234375,10404.8701171875,10493.8896484375,145000000,-0.508480428016933
19990420,10448.5498046875,10448.5498046875,10496.3701171875,10333.150390625,10440.5302734375,113400000,0.07681153198131341
19990421,10581.419921875,10581.419921875,10581.419921875,10420.76953125,10448.9599609375,95180000,1.2716608493160475
19990422,10727.1796875,10727.1796875,10753.8095703125,10580.0498046875,10580.6201171875,107780000,1.3775066739736053
19990423,10689.669921875,10689.669921875,10754.669921875,10646.7099609375,10726.0400390625,106990000,-0.349670339434216
19990426,10718.58984375,10718.58984375,10729.1904296875,10649.8603515625,10689.669921875,86860000,0.27054083134803175
19990427,10831.7099609375,10831.7099609375,10847.740234375,10719.16015625,10719.16015625,103340000,1.0553638009897393
19990428,10845.4501953125,10845.4501953125,10935.3701171875,10811.08984375,10831.990234375,99540000,0.12685194142523226
19990429,10878.3798828125,10878.3798828125,10928.2099609375,10834.8603515625,10844.7802734375,104670000,0.30362674584252236
19990430,10789.0400390625,10789.0400390625,10961.7099609375,10654.73046875,10876.9501953125,122040000,-0.8212605618889479
19990503,11014.6904296875,11014.6904296875,11014.6904296875,10756.1103515625,10789.0400390625,94430000,2.091477923967444
19990504,10886.1103515625,10886.1103515625,11035.3095703125,10868.3603515625,11014.6904296875,105900000,-1.1673508115892406
19990505,10955.41015625,10955.41015625,10955.41015625,10775.8603515625,10883.5400390625,110840000,0.6365892173557874
19990506,10946.8203125,10946.8203125,10980.0400390625,10852.3203125,10949.73046875,118310000,-0.07840732229545955
19990507,11031.58984375,11031.58984375,11033.8798828125,10933.650390625,10947.1103515625,91890000,0.7743758354487928
19990510,11007.25,11007.25,11100.599609375,10951.98046875,11029.1396484375,91670000,-0.220637678655089
19990511,11026.150390625,11026.150390625,11102.3203125,10970.58984375,11001.23046875,95280000,0.17170856140271695
19990512,11000.3701171875,11000.3701171875,11043.6103515625,10812.8095703125,11023.6103515625,93550000,-0.2338102830469202
19990513,11107.1904296875,11107.1904296875,11130.669921875,10998.4296875,10998.4296875,86560000,0.9710610766914041
19990514,10913.3203125,10913.3203125,11106.759765625,10870.080078125,11105.900390625,88150000,-1.7454469554183616
19990517,10853.4697265625,10853.4697265625,10910.5703125,10745.7998046875,10910.5703125,78880000,-0.5484177521019706
19990518,10836.9501953125,10836.9501953125,10930.75,10740.7998046875,10849.7900390625,95790000,-0.15220507050911491
19990519,10887.3896484375,10887.3896484375,10891.8095703125,10797.1298828125,10836.669921875,83780000,0.46543955832534234
19990520,10866.740234375,10866.740234375,10946.080078125,10866.740234375,10887.6796875,77580000,-0.18966358998149246
19990521,10829.2802734375,10829.2802734375,10888.8603515625,10787.400390625,10867.0400390625,79810000,-0.34472123313487035
19990524,10654.669921875,10654.669921875,10856.419921875,10626.650390625,10829.8701171875,92340000,-1.612391102211952
19990525,10531.08984375,10531.08984375,10754.66015625,10530.2099609375,10651.73046875,89820000,-1.159867729654196
19990526,10702.16015625,10702.16015625,10721.330078125,10518.7001953125,10530.8896484375,97200000,1.624431232077339
19990527,10466.9296875,10466.9296875,10701.2802734375,10434.259765625,10701.2802734375,98020000,-2.1979718609670296
19990528,10559.740234375,10559.740234375,10589.5,10467.240234375,10468.490234375,72820000,0.8867026878554229
19990601,10596.259765625,10596.259765625,10597.51953125,10409.1396484375,10561.009765625,84670000,0.3458374016731769
19990602,10577.8896484375,10577.8896484375,10627.599609375,10464.5498046875,10594.8896484375,79170000,-0.17336416427892187
19990603,10663.6904296875,10663.6904296875,10667.1796875,10577.259765625,10577.259765625,71280000,0.8111332609966659
19990604,10799.83984375,10799.83984375,10799.83984375,10659.580078125,10661.7900390625,87580000,1.2767570004045048
19990607,10909.3798828125,10909.3798828125,10917.2998046875,10782.740234375,10799.2001953125,84220000,1.0142746619144827
19990608,10765.6396484375,10765.6396484375,10909.0703125,10724.169921875,10908.1201171875,80040000,-1.3175839132841927
19990609,10690.2900390625,10690.2900390625,10790.01953125,10672.5595703125,10765.6396484375,77250000,-0.6999083364817582
19990610,10621.26953125,10621.26953125,10690.2900390625,10526.2900390625,10690.2900390625,86330000,-0.6456373733574883
19990611,10490.509765625,10490.509765625,10691.5595703125,10430.669921875,10618.23046875,77530000,-1.2311123942413627
19990614,10563.330078125,10563.330078125,10606.3896484375,10486.7099609375,10490.830078125,67040000,0.6941541843716204
19990615,10594.990234375,10594.990234375,10682.0595703125,10562.0595703125,10563.330078125,73190000,0.2997175702723176
19990616,10784.9501953125,10784.9501953125,10800.4697265625,10598.2197265625,10598.5400390625,86490000,1.792922473124925
19990617,10841.6298828125,10841.6298828125,10870.4404296875,10714.349609375,10777.7197265625,70150000,0.5255442674610977
19990618,10855.5595703125,10855.5595703125,10888.490234375,10811.5498046875,10847.6396484375,111100000,0.12848333369213094
19990621,10815.98046875,10815.98046875,10880.25,10755.830078125,10854.75,74690000,-0.36459752540752843
19990622,10721.6298828125,10721.6298828125,10815.98046875,10708.650390625,10815.98046875,67370000,-0.8723257795268946
19990623,10666.8603515625,10666.8603515625,10725.1201171875,10616.83984375,10721.6298828125,68710000,-0.5108321388504478
19990624,10534.830078125,10534.830078125,10666.8603515625,10471.2001953125,10666.8603515625,78750000,-1.2377613382569486
19990625,10552.5595703125,10552.5595703125,10650.400390625,10538.0,10542.4296875,62020000,0.1682940498899388
19990628,10655.150390625,10655.150390625,10692.509765625,10555.8798828125,10555.8798828125,71640000,0.9721889711110432
19990629,10815.349609375,10815.349609375,10815.349609375,10633.9296875,10655.4599609375,82390000,1.503490921075623
19990630,10970.7998046875,10970.7998046875,11003.41015625,10731.4501953125,10813.8896484375,125380000,1.4373108676741353
19990701,11066.419921875,11066.419921875,11080.349609375,10903.6796875,10966.0498046875,100670000,0.8715874766636933
19990702,11139.240234375,11139.240234375,11139.5595703125,11058.8203125,11065.150390625,65820000,0.6580295435568706
19990706,11135.1201171875,11135.1201171875,11236.759765625,11104.099609375,11137.4697265625,78110000,-0.03698741656352755
19990707,11187.3603515625,11187.3603515625,11187.3603515625,11080.349609375,11135.1201171875,81750000,0.4691483686320108
19990708,11126.8896484375,11126.8896484375,11211.1103515625,11092.0703125,11182.6201171875,97370000,-0.5405269985475525
19990709,11193.7001953125,11193.7001953125,11194.330078125,11124.0400390625,11125.6298828125,88430000,0.6004422528301134
19990712,11200.98046875,11200.98046875,11230.740234375,11149.6904296875,11193.3798828125,75300000,0.06503902472345668
19990713,11175.01953125,11175.01953125,11211.1103515625,11085.099609375,11200.0302734375,80110000,-0.23177379491401418
19990714,11148.099609375,11148.099609375,11209.2099609375,11112.009765625,11177.5498046875,72720000,-0.24089373445586038
19990715,11186.41015625,11186.41015625,11217.759765625,11149.3701171875,11149.3701171875,83290000,0.3436509200436477
19990716,11209.83984375,11209.83984375,11213.330078125,11143.0400390625,11186.349609375,80450000,0.20944777790852243
19990719,11187.6796875,11187.6796875,11252.26953125,11159.8203125,11209.83984375,79780000,-0.1976848604340664
19990720,10996.1298828125,10996.1298828125,11188.6298828125,10969.5400390625,11188.0,88320000,-1.712149525531359
19990721,11002.7802734375,11002.7802734375,11055.9697265625,10945.48046875,10998.9404296875,85190000,0.06047937497897227
19990722,10969.2197265625,10969.2197265625,11044.259765625,10880.25,11002.7802734375,84310000,-0.30501878653362846
19990723,10910.9599609375,10910.9599609375,11006.580078125,10861.8896484375,10969.2197265625,64990000,-0.5311204176530526
19990726,10863.16015625,10863.16015625,10929.330078125,10831.8095703125,10907.7998046875,69510000,-0.43808981848186823
19990727,10979.0400390625,10979.0400390625,11031.2802734375,10862.83984375,10862.83984375,73550000,1.0667235053680946
19990728,10972.0703125,10972.0703125,11023.990234375,10925.849609375,10970.7998046875,65370000,-0.06348211262280357
19990729,10791.2900390625,10791.2900390625,10971.3603515625,10714.0302734375,10971.3603515625,74600000,-1.6476404934403721
19990730,10655.150390625,10655.150390625,10825.7998046875,10647.8603515625,10791.2900390625,82550000,-1.2615697284078076
19990802,10645.9599609375,10645.9599609375,10791.599609375,10615.25,10654.830078125,68670000,-0.08625340188146424
19990803,10677.3095703125,10677.3095703125,10727.9697265625,10613.990234375,10645.9599609375,76710000,0.29447423708175435
19990804,10674.76953125,10674.76953125,10829.91015625,10670.0302734375,10675.66015625,88660000,-0.023789130077889187
19990805,10793.8203125,10793.8203125,10798.25,10566.1796875,10675.41015625,124250000,1.1152538787978727
19990806,10714.0302734375,10714.0302734375,10818.2001953125,10653.25,10792.580078125,84820000,-0.7392196344986224
19990809,10707.7001953125,10707.7001953125,10761.83984375,10683.3203125,10714.0302734375,81310000,-0.059082137752530794
19990810,10655.150390625,10655.150390625,10714.669921875,10549.080078125,10704.2197265625,98920000,-0.49076649260786365
19990811,10787.7998046875,10787.7998046875,10795.7197265625,10646.91015625,10650.58984375,85160000,1.2449323491408704
19990812,10789.3896484375,10789.3896484375,10900.830078125,10780.83984375,10785.650390625,71310000,0.014737423559796348
19990813,10973.650390625,10973.650390625,10981.8896484375,10786.7001953125,10786.7001953125,77850000,1.7077957900443863
19990816,11046.7900390625,11046.7900390625,11046.7900390625,10950.8603515625,10980.1103515625,65130000,0.6665024475354553
19990817,11117.080078125,11117.080078125,11117.080078125,11011.650390625,11049.6396484375,84280000,0.6362937904490495
19990818,10991.3798828125,10991.3798828125,11110.919921875,10982.83984375,11109.66015625,85320000,-1.1306943408623926
19990819,10963.83984375,10963.83984375,10995.5,10873.2900390625,10988.849609375,87200000,-0.2505603423421432
19990820,11100.6103515625,11100.6103515625,11100.6103515625,10963.83984375,10963.83984375,104090000,1.2474690415189338
19990823,11299.759765625,11299.759765625,11299.759765625,11098.080078125,11099.66015625,85070000,1.7940402172072378
19990824,11283.2998046875,11283.2998046875,11365.9296875,11194.009765625,11297.5400390625,83020000,-0.14566646795070026
19990825,11326.0400390625,11326.0400390625,11334.58984375,11198.4501953125,11282.3798828125,99870000,0.37879197676946585
19990826,11198.4501953125,11198.4501953125,11333.0,11191.48046875,11326.0400390625,74930000,-1.1265176823492928
19990827,11090.169921875,11090.169921875,11229.16015625,11077.8203125,11198.4501953125,60340000,-0.9669219539220175
19990830,10914.1298828125,10914.1298828125,11123.08984375,10902.099609375,11087.6904296875,70320000,-1.5873520451230139
19990831,10829.2802734375,10829.2802734375,10982.2001953125,10782.1103515625,10909.7001953125,100530000,-0.7774289868826001
19990901,10937.8798828125,10937.8798828125,10941.3603515625,10828.4404296875,10828.4404296875,80830000,1.0028331212497799
19990902,10843.2099609375,10843.2099609375,10934.080078125,10732.7099609375,10934.080078125,77110000,-0.8655235099423786
19990903,11078.4501953125,11078.4501953125,11087.0,10856.1904296875,10856.1904296875,79660000,2.1694704356223893
19990907,11034.1298828125,11034.1298828125,11104.099609375,11011.9599609375,11079.080078125,79910000,-0.4000587782463705
19990908,11036.33984375,11036.33984375,11117.3896484375,10967.0,11034.1298828125,86070000,0.02002841149206791
19990909,11079.400390625,11079.400390625,11095.8603515625,10981.8896484375,11031.2802734375,78920000,0.3901705410003897
19990910,11028.4296875,11028.4296875,11142.41015625,11023.990234375,11087.0,70470000,-0.46004929263256944
19990913,11030.330078125,11030.330078125,11042.3603515625,10982.2001953125,11027.400390625,67130000,0.017231742676426798
19990914,10910.330078125,10910.330078125,11028.740234375,10886.26953125,11028.740234375,74200000,-1.0879094202083772
19990915,10801.419921875,10801.419921875,11013.8603515625,10798.5703125,10910.400390625,78970000,-0.9982297095517123
19990916,10737.4599609375,10737.4599609375,10799.25,10626.650390625,10795.76953125,77200000,-0.5921440088443197
19990917,10803.6298828125,10803.6298828125,10860.9404296875,10745.0595703125,10745.3798828125,102600000,0.616253025536051
19990920,10823.900390625,10823.900390625,10845.740234375,10780.83984375,10801.8701171875,57670000,0.18762682572779354
19990921,10598.4697265625,10598.4697265625,10822.9501953125,10551.9296875,10822.9501953125,82630000,-2.0827119238620684
19990922,10524.0703125,10524.0703125,10606.0703125,10493.990234375,10599.419921875,95220000,-0.7019826067534596
19990923,10318.58984375,10318.58984375,10572.509765625,10302.1298828125,10524.0703125,99500000,-1.9524809569728907
19990924,10279.330078125,10279.330078125,10336.3203125,10187.2001953125,10311.9404296875,94080000,-0.3804760749239411
19990927,10303.3896484375,10303.3896484375,10402.490234375,10279.330078125,10279.330078125,79050000,0.23405776572638093
19990928,10275.5302734375,10275.5302734375,10310.0400390625,10081.1298828125,10300.509765625,93520000,-0.27039038559727446
19990929,10213.48046875,10213.48046875,10334.740234375,10210.9404296875,10274.26953125,88810000,-0.6038598791139771
19990930,10336.9501953125,10336.9501953125,10402.8095703125,10212.83984375,10214.1103515625,108360000,1.2088898288911132
19991001,10273.0,10273.0,10335.6904296875,10184.0302734375,10335.6904296875,109890000,-0.6186563164587877
19991004,10401.23046875,10401.23046875,10417.6904296875,10274.26953125,10274.580078125,99080000,1.2482280614231511
19991005,10400.58984375,10400.58984375,10509.1904296875,10277.1103515625,10401.23046875,118510000,-0.006159127056404312
19991006,10588.33984375,10588.33984375,10588.33984375,10399.4501953125,10399.76953125,100930000,1.805186079064769
19991007,10537.0498046875,10537.0498046875,10604.490234375,10508.240234375,10588.33984375,87860000,-0.4844011414383842
19991008,10649.759765625,10649.759765625,10655.7802734375,10506.33984375,10534.51953125,96890000,1.0696538692201996
19991011,10648.1796875,10648.1796875,10719.099609375,10634.8798828125,10649.759765625,71710000,-0.014836748995039617
19991012,10417.0595703125,10417.0595703125,10648.8095703125,10417.0595703125,10648.8095703125,77470000,-2.17051293244811
19991013,10232.16015625,10232.16015625,10443.01953125,10226.4599609375,10412.3095703125,92230000,-1.7749674254474268
19991014,10286.6103515625,10286.6103515625,10342.9697265625,10133.6904296875,10230.8896484375,10030000,0.5321476059895414
19991015,10019.7099609375,10019.7099609375,10286.6103515625,9998.1796875,10286.6103515625,114640000,-2.594638870368593
19991018,10116.2802734375,10116.2802734375,10127.990234375,9976.01953125,10018.4501953125,91680000,0.9638034721213051
19991019,10204.9296875,10204.9296875,10335.3701171875,10117.5400390625,10117.5400390625,99720000,0.8763044485359694
19991020,10392.3603515625,10392.3603515625,10392.3603515625,10203.3095703125,10203.3095703125,111750000,1.836667863494279
19991021,10297.6904296875,10297.6904296875,10390.7099609375,10177.3798828125,10390.7099609375,188050000,-0.9109568824830716
19991022,10470.25,10470.25,10520.900390625,10298.9599609375,10298.9599609375,127480000,1.6757113790780043
19991025,10349.9296875,10349.9296875,10469.2998046875,10315.1103515625,10468.98046875,99380000,-1.1491637019173329
19991026,10302.1298828125,10302.1298828125,10408.1904296875,10300.8603515625,10350.8798828125,116660000,-0.461836999194587
19991027,10394.8896484375,10394.8896484375,10420.5400390625,10273.9501953125,10302.759765625,108010000,0.9003940610354366
19991028,10622.5302734375,10622.5302734375,10637.73046875,10397.669921875,10397.669921875,144440000,2.1899282503130557
19991029,10729.8603515625,10729.8603515625,10790.01953125,10628.8701171875,10629.1796875,136620000,1.0104003035264375
19991101,10648.509765625,10648.509765625,10745.76953125,10648.509765625,10730.7802734375,150060000,-0.7581700345769549
19991102,10581.83984375,10581.83984375,10751.8798828125,10572.669921875,10653.7099609375,143460000,-0.6260962645704748
19991103,10609.0595703125,10609.0595703125,10650.349609375,10563.1904296875,10582.5400390625,153890000,0.25723056637052544
19991104,10639.6396484375,10639.6396484375,10711.8203125,10602.9404296875,10612.419921875,195700000,0.28824494689965174
19991105,10704.48046875,10704.48046875,10842.7197265625,10638.419921875,10639.9501953125,171660000,0.6094268457862873
19991108,10718.849609375,10718.849609375,10776.0498046875,10650.349609375,10668.419921875,213120000,0.13423482500574124
19991109,10617.3203125,10617.3203125,10765.650390625,10585.2099609375,10715.099609375,168950000,-0.9472032967623667
19991110,10597.740234375,10597.740234375,10654.6298828125,10536.26953125,10611.9404296875,148240000,-0.1844163833123469
19991111,10595.2998046875,10595.2998046875,10643.9296875,10543.919921875,10603.25,130060000,-0.023027830778343805
19991112,10769.3203125,10769.3203125,10771.759765625,10542.3896484375,10593.509765625,158320000,1.642431181942694
19991115,10760.75,10760.75,10798.3701171875,10712.1298828125,10764.73046875,130860000,-0.0795808115211516
19991116,10932.330078125,10932.330078125,10937.830078125,10757.3896484375,10762.8896484375,162770000,1.5944992507492595
19991117,10883.08984375,10883.08984375,10937.5302734375,10879.1103515625,10929.0,157130000,-0.45040932740886275
19991118,11035.7001953125,11035.7001953125,11054.349609375,10886.150390625,10887.669921875,165080000,1.4022704374726969
19991119,11003.8896484375,11003.8896484375,11036.6201171875,10976.0595703125,11033.25,157690000,-0.2882512782334534
19991122,11089.51953125,11089.51953125,11112.76953125,10978.2001953125,11008.7802734375,181940000,0.7781783128355757
19991123,10995.6298828125,10995.6298828125,11101.759765625,10976.3701171875,11090.2900390625,159840000,-0.8466520859891302
19991124,11008.169921875,11008.169921875,11044.259765625,10949.150390625,11000.2197265625,132160000,0.11404566356041368
19991126,10988.91015625,10988.91015625,11055.580078125,10984.009765625,11007.259765625,64240000,-0.17495883295485237
19991129,10947.919921875,10947.919921875,10987.3798828125,10886.150390625,10985.73046875,148330000,-0.3730145555124631
19991130,10877.8095703125,10877.8095703125,11045.48046875,10873.6103515625,10945.490234375,157390000,-0.6403988343247957
19991201,10998.3896484375,10998.3896484375,11000.830078125,10859.650390625,10876.4697265625,145820000,1.1084959462251076
19991202,11039.0595703125,11039.0595703125,11070.7197265625,10988.599609375,10995.01953125,132560000,0.36978069676572023
19991203,11286.1796875,11286.1796875,11341.23046875,11045.7900390625,11046.099609375,167790000,2.2385975509370715
19991206,11225.009765625,11225.009765625,11297.7998046875,11193.509765625,11286.7900390625,134760000,-0.5419896153412207
19991207,11106.650390625,11106.650390625,11253.4501953125,11106.650390625,11221.650390625,169040000,-1.054425586002239
19991208,11068.1201171875,11068.1201171875,11171.7900390625,11068.1201171875,11107.259765625,148810000,-0.34691173380250184
19991209,11134.7900390625,11134.7900390625,11204.2099609375,11054.66015625,11073.6201171875,177980000,0.6023599416080438
19991210,11224.7001953125,11224.7001953125,11274.5498046875,11118.26953125,11137.849609375,170110000,0.8074706028095902
19991213,11192.58984375,11192.58984375,11250.3896484375,11162.3095703125,11217.4599609375,149860000,-0.28606867892925214
19991214,11160.169921875,11160.169921875,11235.7099609375,11143.0498046875,11195.33984375,200620000,-0.2896552301798416
19991215,11225.3203125,11225.3203125,11282.2001953125,11130.509765625,11158.7802734375,234240000,0.5837759736731174
19991216,11244.8896484375,11244.8896484375,11244.8896484375,11124.3896484375,11224.400390625,190760000,0.1743320938085713
19991217,11257.4296875,11257.4296875,11383.740234375,11257.4296875,11257.4296875,274050000,0.11151767117822953
19991220,11144.26953125,11144.26953125,11310.0302734375,11110.9296875,11254.5,131240000,-1.0052042019471852
19991221,11200.5400390625,11200.5400390625,11237.849609375,11098.009765625,11142.4296875,141380000,0.5049277357722648
19991222,11203.599609375,11203.599609375,11260.1796875,11181.8896484375,11199.4501953125,115110000,0.027316274945943242
19991223,11405.759765625,11405.759765625,11443.0703125,11202.0703125,11202.0703125,97860000,1.8044214654086232
19991227,11391.080078125,11391.080078125,11475.1796875,11380.599609375,11410.650390625,111500000,-0.12870416177133137
19991228,11476.7099609375,11476.7099609375,11517.3896484375,11382.2099609375,11389.240234375,91560000,0.751727511572331
19991229,11484.66015625,11484.66015625,11543.080078125,11425.6396484375,11472.8798828125,69880000,0.06927242510754716
19991230,11452.8603515625,11452.8603515625,11568.76953125,11446.740234375,11484.3603515625,67600000,-0.27688938335884705
19991231,11497.1201171875,11497.1201171875,11542.41015625,11442.8203125,11453.48046875,43620000,0.3864516310020383
20000103,11357.509765625,11357.509765625,11522.009765625,11305.6904296875,11501.849609375,169750000,-1.214307149438154
20000104,10997.9296875,10997.9296875,11350.0595703125,10986.4501953125,11349.75,178420000,-3.16601161297978
20000105,11122.650390625,11122.650390625,11215.099609375,10938.669921875,10989.3701171875,203190000,1.1340380114154947
20000106,11253.259765625,11253.259765625,11313.4501953125,11098.4501953125,11113.3701171875,176550000,1.174264859660501
20000107,11522.5595703125,11522.5595703125,11528.1396484375,11239.919921875,11247.0595703125,184900000,2.39308262935618
20000110,11572.2001953125,11572.2001953125,11638.2802734375,11532.48046875,11532.48046875,168180000,0.4308124830866289
20000111,11511.080078125,11511.080078125,11663.099609375,11502.7001953125,11568.4697265625,177300000,-0.5281633237926298
20000112,11551.099609375,11551.099609375,11612.5302734375,11505.1796875,11506.73046875,194060000,0.3476609577762524
20000113,11582.4296875,11582.4296875,11656.580078125,11524.1103515625,11558.240234375,174910000,0.27123026538158346
20000114,11722.98046875,11722.98046875,11750.2802734375,11612.5302734375,11619.349609375,266830000,1.2134827064971043
20000118,11560.7197265625,11560.7197265625,11720.1201171875,11546.4501953125,11719.1904296875,200220000,-1.3841253307555923
20000119,11489.3603515625,11489.3603515625,11574.6796875,11456.009765625,11535.240234375,193090000,-0.617257201003163
20000120,11351.2998046875,11351.2998046875,11558.7001953125,11274.98046875,11490.2900390625,191230000,-1.201638234422897
20000121,11251.7099609375,11251.7099609375,11387.599609375,11232.48046875,11356.259765625,205840000,-0.8773430837310303
20000124,11008.169921875,11008.169921875,11366.5,10917.26953125,11251.9404296875,202740000,-2.1644713550917793
20000125,11029.8896484375,11029.8896484375,11079.51953125,10883.4501953125,11010.9599609375,209230000,0.19730551687195952
20000126,11032.990234375,11032.990234375,11131.0302734375,11002.580078125,11025.849609375,188840000,0.02811076118010014
20000127,11028.01953125,11028.01953125,11164.1396484375,10915.400390625,11035.5498046875,194280000,-0.045053090951829855
20000128,10738.8701171875,10738.8701171875,11024.919921875,10735.76953125,11024.919921875,183090000,-2.621952321023191
20000131,10940.5302734375,10940.5302734375,10956.669921875,10701.6396484375,10735.76953125,191880000,1.8778526423114394
20000201,11041.0498046875,11041.0498046875,11073.3203125,10907.9599609375,10937.740234375,183110000,0.9187811626832243
20000202,11003.2001953125,11003.2001953125,11118.9296875,10987.0703125,11037.6396484375,164170000,-0.34280806666527885
20000203,11013.4404296875,11013.4404296875,11079.51953125,10842.259765625,11010.48046875,178630000,0.0930659643851861
20000204,10963.7998046875,10963.7998046875,11089.4501953125,10943.01953125,11014.3701171875,166590000,-0.45072768420474363
20000207,10905.7900390625,10905.7900390625,10970.9404296875,10846.2197265625,10965.9697265625,145660000,-0.5291027441070018
20000208,10957.599609375,10957.599609375,11023.0595703125,10904.259765625,10904.259765625,168890000,0.47506480618944025
20000209,10699.16015625,10699.16015625,10948.8203125,10698.849609375,10948.8203125,168550000,-2.3585407601851682
20000210,10643.6298828125,10643.6298828125,10738.25,10606.400390625,10697.919921875,156390000,-0.5190152556512673
20000211,10425.2099609375,10425.2099609375,10638.6396484375,10356.9599609375,10638.6396484375,193540000,-2.052118725282881
20000214,10519.83984375,10519.83984375,10549.0,10430.7998046875,10431.650390625,167240000,0.9077024171894044
20000215,10718.08984375,10718.08984375,10763.0703125,10494.48046875,10520.150390625,183320000,1.8845343935324665
20000216,10561.41015625,10561.41015625,10741.669921875,10561.41015625,10711.8203125,163280000,-1.4618247260855366
20000217,10514.5703125,10514.5703125,10671.8603515625,10454.6103515625,10565.759765625,195830000,-0.4434999025417219
20000218,10219.51953125,10219.51953125,10517.75,10199.98046875,10514.5703125,208930000,-2.8061135403625204
20000222,10304.83984375,10304.83984375,10336.7900390625,10103.7998046875,10219.830078125,194340000,0.8348759669092098
20000223,10225.73046875,10225.73046875,10338.349609375,10164.919921875,10294.8203125,185280000,-0.7676914556608128
20000224,10092.6298828125,10092.6298828125,10248.0595703125,9942.7802734375,10242.48046875,237540000,-1.3016242345156415
20000225,9862.1201171875,9862.1201171875,10132.419921875,9836.0595703125,10090.76953125,195240000,-2.283941532598477
20000228,10038.650390625,10038.650390625,10156.5400390625,9842.5703125,9854.66015625,213230000,1.7899829989886928
20000229,10128.3095703125,10128.3095703125,10204.9404296875,10029.9599609375,10039.580078125,191360000,0.8931397767495852
20000301,10137.9296875,10137.9296875,10186.330078125,10084.5595703125,10128.1103515625,216780000,0.0949824560625423
20000302,10164.919921875,10164.919921875,10212.3896484375,10103.490234375,10135.4404296875,206510000,0.2662302383915627
20000303,10367.2001953125,10367.2001953125,10443.51953125,10171.1201171875,10171.1201171875,210460000,1.9899839348679116
20000306,10170.5,10170.5,10383.9501953125,10121.48046875,10358.9599609375,172590000,-1.8973318890999846
20000307,9796.0302734375,9796.0302734375,10229.1396484375,9752.6796875,10197.6103515625,278180000,-3.6819205207462735
20000308,9856.5302734375,9856.5302734375,9918.8896484375,9731.8095703125,9800.6904296875,223310000,0.6175971113936862
20000309,10010.73046875,10010.73046875,10010.73046875,9738.9501953125,9855.2900390625,187360000,1.5644470319140291
20000310,9928.8203125,9928.8203125,10091.3896484375,9907.259765625,10008.5498046875,197440000,-0.8182235702548835
20000313,9947.1298828125,9947.1298828125,9998.5498046875,9735.5400390625,9911.2197265625,186210000,0.18440831575377015
20000314,9811.240234375,9811.240234375,10043.2998046875,9811.240234375,9957.669921875,186080000,-1.366119172448943
20000315,10131.41015625,10131.41015625,10180.2001953125,9776.490234375,9808.150390625,204920000,3.263297139063437
20000316,10630.599609375,10630.599609375,10632.4599609375,10138.33984375,10139.580078125,253790000,4.927146817928918
20000317,10595.23046875,10595.23046875,10763.3798828125,10567.3095703125,10629.98046875,247830000,-0.33271068354233657
20000320,10680.240234375,10680.240234375,10727.7099609375,10586.990234375,10594.75,177730000,0.802339938482044
20000321,10907.33984375,10907.33984375,10907.33984375,10603.6103515625,10680.240234375,211950000,2.1263530069676406
20000322,10866.7001953125,10866.7001953125,10917.26953125,10789.1298828125,10916.9599609375,195830000,-0.3725899166952873
20000323,11119.8603515625,11119.8603515625,11136.6103515625,10831.01953125,10884.3798828125,224710000,2.3296875012637663
20000324,11112.7197265625,11112.7197265625,11234.650390625,11045.08984375,11107.4501953125,217140000,-0.06421506002992627
20000327,11025.849609375,11025.849609375,11170.8203125,10982.73046875,11093.25,184880000,-0.7817178811758918
20000328,10936.1103515625,10936.1103515625,11094.33984375,10932.7802734375,11023.6796875,177780000,-0.8138988013785098
20000329,11018.7197265625,11018.7197265625,11101.5498046875,10910.75,10939.0498046875,199370000,0.755381688226997
20000330,10980.25,10980.25,11144.0595703125,10916.33984375,11008.169921875,214190000,-0.34913063874164596
20000331,10921.919921875,10921.919921875,11107.759765625,10921.919921875,10993.2802734375,179590000,-0.531227231848086
20000403,11221.9296875,11221.9296875,11223.7900390625,10862.9697265625,10863.2802734375,279950000,2.7468592314445095
20000404,11164.83984375,11164.83984375,11418.240234375,10717.7802734375,11225.33984375,319280000,-0.5087346413655713
20000405,11033.919921875,11033.919921875,11218.2099609375,11002.580078125,11163.2900390625,189310000,-1.172609045066486
20000406,11114.26953125,11114.26953125,11201.1396484375,11029.5595703125,11029.5595703125,161820000,0.728205478596089
20000407,11111.48046875,11111.48046875,11192.4501953125,11062.76953125,11122.0302734375,156500000,-0.025094429212446645
20000410,11186.5595703125,11186.5595703125,11287.7001953125,11097.2099609375,11114.8896484375,150070000,0.6756894526670276
20000411,11287.080078125,11287.080078125,11361.150390625,11102.48046875,11180.98046875,171130000,0.8985828679558105
20000412,11125.1298828125,11125.1298828125,11425.4501953125,11116.75,11283.0498046875,234780000,-1.4348280883234699
20000413,10923.5498046875,10923.5498046875,11144.0595703125,10920.759765625,11132.580078125,200240000,-1.8119346043449447
20000414,10305.76953125,10305.76953125,10922.849609375,10201.5302734375,10922.849609375,267580000,-5.655490060313529
20000417,10582.509765625,10582.509765625,10583.75,10232.5498046875,10303.2900390625,247520000,2.685294228013202
20000418,10767.419921875,10767.419921875,10773.9296875,10571.33984375,10584.01953125,218380000,1.7473185505638922
20000419,10674.9599609375,10674.9599609375,10789.4404296875,10632.150390625,10748.9697265625,193860000,-0.8587011708316439
20000420,10844.0498046875,10844.0498046875,10845.2900390625,10665.08984375,10668.1904296875,158390000,1.5839857420425485
20000424,10906.099609375,10906.099609375,10910.75,10695.4404296875,10822.330078125,295330000,0.5722013989706953
20000425,11124.8203125,11124.8203125,11136.6103515625,10881.0400390625,10916.650390625,240200000,2.0054896888800133
20000426,10945.5,10945.5,11141.8798828125,10902.0595703125,11127.919921875,198970000,-1.6118940123330594
20000427,10888.099609375,10888.099609375,10941.91015625,10747.25,10941.91015625,192920000,-0.524419995660319
20000428,10733.91015625,10733.91015625,10959.23046875,10715.2998046875,10892.759765625,173520000,-1.4161282377710638
20000501,10811.7802734375,10811.7802734375,10926.259765625,10724.2197265625,10749.419921875,174020000,0.725458999134232
20000502,10731.1201171875,10731.1201171875,10824.5,10710.01953125,10805.580078125,208610000,-0.7460395439978229
20000503,10480.1298828125,10480.1298828125,10732.2099609375,10400.08984375,10732.2099609375,200220000,-2.3389006146059432
20000504,10412.490234375,10412.490234375,10523.099609375,10407.5302734375,10478.8896484375,169170000,-0.6454084939198079
20000505,10577.8603515625,10577.8603515625,10585.919921875,10375.8095703125,10409.7001953125,138300000,1.5881898898839841
20000508,10603.6298828125,10603.6298828125,10627.849609375,10522.0703125,10571.3095703125,144180000,0.24361761635653956
20000509,10536.75,10536.75,10684.849609375,10514.25,10607.5400390625,166320000,-0.6307263036491539
20000510,10367.7802734375,10367.7802734375,10533.08984375,10292.099609375,10533.08984375,225970000,-1.6036228112321194
20000511,10545.9697265625,10545.9697265625,10575.099609375,10369.26953125,10369.26953125,185720000,1.7186846984163617
20000512,10609.3701171875,10609.3701171875,10673.7900390625,10543.919921875,10549.0595703125,137770000,0.6011812310186215
20000515,10807.7802734375,10807.7802734375,10811.5498046875,10605.259765625,10606.9697265625,155810000,1.8701407723402008
20000516,10934.5703125,10934.5703125,10971.240234375,10816.009765625,10816.009765625,181920000,1.1731367205356058
20000517,10769.740234375,10769.740234375,10930.6396484375,10752.6103515625,10930.6396484375,169570000,-1.5074216307939592
20000518,10777.2802734375,10777.2802734375,10864.3203125,10764.259765625,10771.7998046875,161220000,0.07001133637776213
20000519,10626.849609375,10626.849609375,10764.2197265625,10570.650390625,10764.2197265625,188270000,-1.3958128604418252
20000522,10542.5498046875,10542.5498046875,10664.5400390625,10369.490234375,10624.7900390625,185570000,-0.7932718330099564
20000523,10422.26953125,10422.26953125,10557.4501953125,10416.7802734375,10539.1201171875,157080000,-1.1409030610794013
20000524,10535.349609375,10535.349609375,10554.8798828125,10364.009765625,10420.900390625,225350000,1.0849851636051344
20000525,10323.919921875,10323.919921875,10558.650390625,10266.0,10529.8701171875,184380000,-2.0068597183700243
20000526,10299.240234375,10299.240234375,10387.66015625,10258.8095703125,10322.8896484375,129200000,-0.23905345727941452
20000530,10527.1298828125,10527.1298828125,10528.150390625,10302.3095703125,10302.3095703125,165450000,2.212684074276572
20000531,10522.330078125,10522.330078125,10599.4296875,10490.7998046875,10528.2802734375,162880000,-0.04559461829511946
20000601,10652.2001953125,10652.2001953125,10673.4501953125,10513.080078125,10532.26953125,183990000,1.2342334466154847
20000602,10794.759765625,10794.759765625,10846.080078125,10660.08984375,10660.08984375,200900000,1.3383110315109636
20000605,10815.2998046875,10815.2998046875,10863.0,10752.2802734375,10793.1103515625,151120000,0.1902778710083819
20000606,10735.5703125,10735.5703125,10822.6103515625,10707.7197265625,10822.6103515625,169370000,-0.7371916972005121
20000607,10812.8603515625,10812.8603515625,10848.3798828125,10695.1796875,10733.48046875,154430000,0.7199434851868691
20000608,10668.7197265625,10668.7197265625,10823.66015625,10635.73046875,10818.7802734375,176280000,-1.3330480586403848
20000609,10614.0595703125,10614.0595703125,10763.76953125,10588.2900390625,10678.4697265625,136750000,-0.5123403524596282
20000612,10564.2099609375,10564.2099609375,10652.58984375,10564.2099609375,10615.1201171875,136750000,-0.4696563934352582
20000613,10621.83984375,10621.83984375,10654.7197265625,10492.7900390625,10562.3095703125,155190000,0.5455200438612362
20000614,10687.9501953125,10687.9501953125,10737.7099609375,10624.6796875,10632.4599609375,166340000,0.6224001918217592
20000615,10714.8203125,10714.8203125,10763.7001953125,10669.2099609375,10689.6298828125,176200000,0.25140571107156173
20000616,10449.2998046875,10449.2998046875,10724.830078125,10449.2998046875,10717.759765625,233100000,-2.478067760994007
20000619,10557.83984375,10557.83984375,10597.4404296875,10440.1103515625,10448.400390625,169330000,1.038730260316667
20000620,10435.16015625,10435.16015625,10561.3798828125,10407.9404296875,10558.900390625,179000000,-1.1619771593014194
20000621,10497.740234375,10497.740234375,10521.0703125,10410.0595703125,10446.830078125,204540000,0.5997040504214901
20000622,10376.1201171875,10376.1201171875,10495.9697265625,10335.4599609375,10495.9697265625,189280000,-1.15853616561451
20000623,10404.75,10404.75,10478.650390625,10376.4697265625,10376.4697265625,142390000,0.27592088843571005
20000626,10542.990234375,10542.990234375,10566.6796875,10403.6904296875,10403.6904296875,157390000,1.3286261983709302
20000627,10504.4599609375,10504.4599609375,10615.830078125,10504.4599609375,10541.580078125,159240000,-0.3654586846896013
20000628,10527.7900390625,10527.7900390625,10620.419921875,10506.3896484375,10506.3896484375,189270000,0.22209688276937367
20000629,10398.0400390625,10398.0400390625,10523.900390625,10359.5,10523.900390625,168670000,-1.232452390469163
20000630,10447.8896484375,10447.8896484375,10448.240234375,10336.16015625,10393.08984375,224060000,0.47941351627547313
20000703,10560.669921875,10560.669921875,10565.6201171875,10422.080078125,10450.3603515625,74690000,1.0794550596575858
20000705,10483.599609375,10483.599609375,10572.6904296875,10463.1796875,10538.23046875,154490000,-0.7297862074105654
20000706,10481.4697265625,10481.4697265625,10527.7900390625,10393.08984375,10481.4501953125,147120000,-0.020316331144465405
20000707,10635.98046875,10635.98046875,10658.25,10483.330078125,10483.330078125,158820000,1.4741324090831842
20000710,10646.580078125,10646.580078125,10703.150390625,10604.8603515625,10627.1396484375,148470000,0.09965803722697952
20000711,10727.1904296875,10727.1904296875,10807.4501953125,10626.7900390625,10649.0595703125,160920000,0.7571478443873847
20000712,10783.759765625,10783.759765625,10834.3203125,10722.240234375,10722.240234375,151430000,0.527345312906391
20000713,10788.7099609375,10788.7099609375,10829.73046875,10754.419921875,10774.919921875,175240000,0.045904169047594756
20000714,10812.75,10812.75,10821.9501953125,10753.7099609375,10793.3095703125,150970000,0.22282589067219583
20000717,10804.26953125,10804.26953125,10847.400390625,10749.4697265625,10812.400390625,162780000,-0.07843026750826709
20000718,10739.919921875,10739.919921875,10799.16015625,10703.0595703125,10799.16015625,170620000,-0.595594261961685
20000719,10696.080078125,10696.080078125,10790.48046875,10685.48046875,10724.150390625,213930000,-0.40819525721702554
20000720,10843.8701171875,10843.8701171875,10874.6298828125,10700.6796875,10700.6796875,178590000,1.381721509029754
20000721,10733.5595703125,10733.5595703125,10851.650390625,10716.150390625,10843.509765625,170710000,-1.017261786455359
20000724,10685.1201171875,10685.1201171875,10778.1103515625,10678.400390625,10731.4404296875,147970000,-0.4512897404415295
20000725,10699.9697265625,10699.9697265625,10744.51953125,10680.169921875,10689.2802734375,168950000,0.13897466020165172
20000726,10516.48046875,10516.48046875,10692.5498046875,10516.48046875,10689.3603515625,201880000,-1.7148577285876931
20000727,10586.1298828125,10586.1298828125,10643.400390625,10516.830078125,10516.830078125,160760000,0.6622882462385071
20000728,10511.169921875,10511.169921875,10649.0595703125,10464.5,10594.9697265625,174720000,-0.708095987554469
20000731,10521.98046875,10521.98046875,10603.2900390625,10497.7998046875,10514.2900390625,175820000,0.10284817917842748
20000801,10606.9501953125,10606.9501953125,10626.919921875,10516.759765625,10523.8095703125,151420000,0.8075449941658652
20000802,10687.5302734375,10687.5302734375,10724.5302734375,10587.5400390625,10609.150390625,163400000,0.759691302789478
20000803,10706.580078125,10706.580078125,10744.3095703125,10623.4404296875,10679.3701171875,161580000,0.17824328165736425
20000804,10767.75,10767.75,10769.9501953125,10664.4599609375,10713.3603515625,150750000,0.5713301673237137
20000807,10867.009765625,10867.009765625,10892.2802734375,10736.98046875,10773.98046875,145090000,0.9218245745397091
20000808,10976.8896484375,10976.8896484375,10988.25,10836.6103515625,10865.150390625,204720000,1.0111326407387322
20000809,10905.830078125,10905.830078125,10978.26953125,10892.650390625,10970.9404296875,186430000,-0.6473561508620551
20000810,10908.759765625,10908.759765625,10946.490234375,10886.7900390625,10901.0595703125,144290000,0.026863498505047545
20000811,11027.7998046875,11027.7998046875,11067.73046875,10902.6796875,10905.98046875,155120000,1.0912334822663405
20000814,11176.1396484375,11176.1396484375,11177.6103515625,11006.1904296875,11027.0703125,140280000,1.3451445109381233
20000815,11067.0,11067.0,11175.0498046875,11046.1201171875,11175.0498046875,155190000,-0.9765415597035587
20000816,11008.3896484375,11008.3896484375,11088.9697265625,10961.1396484375,11068.830078125,162550000,-0.5295956588280526
20000817,11055.6396484375,11055.6396484375,11091.5400390625,10984.400390625,11010.9501953125,177570000,0.42921809191871496
20000818,11046.48046875,11046.48046875,11082.3798828125,11006.1904296875,11051.2001953125,164870000,-0.0828462212839387
20000821,11079.8095703125,11079.8095703125,11106.1904296875,11027.0703125,11058.849609375,147300000,0.30171692836271635
20000822,11139.150390625,11139.150390625,11189.7001953125,11081.2802734375,11082.2001953125,146810000,0.5355761751673072
20000823,11144.650390625,11144.650390625,11172.2998046875,11059.669921875,11130.5498046875,145650000,0.04937539944365188
20000824,11182.740234375,11182.740234375,11197.759765625,11120.099609375,11143.91015625,143970000,0.3417769280769978
20000825,11192.6298828125,11192.6298828125,11210.9404296875,11155.6298828125,11182.740234375,127920000,0.08843671792624352
20000828,11252.83984375,11252.83984375,11319.0595703125,11188.9296875,11194.48046875,166710000,0.5379429282295733
20000829,11215.099609375,11215.099609375,11256.169921875,11196.599609375,11249.26953125,149300000,-0.33538408880813275
20000830,11103.009765625,11103.009765625,11210.2900390625,11096.349609375,11209.009765625,146490000,-0.9994547320498315
20000831,11215.099609375,11215.099609375,11310.5498046875,11104.8603515625,11105.23046875,183320000,1.0095446740669534
20000901,11238.7802734375,11238.7802734375,11313.599609375,11219.5400390625,11219.5400390625,125140000,0.2111498327014738
20000905,11260.6103515625,11260.6103515625,11301.669921875,11184.76953125,11221.759765625,174500000,0.19423885505258642
20000906,11310.6396484375,11310.6396484375,11401.1904296875,11253.2099609375,11253.580078125,224760000,0.44428583631843654
20000907,11259.8701171875,11259.8701171875,11323.8701171875,11223.240234375,11316.009765625,222220000,-0.4488652527888992
20000908,11220.650390625,11220.650390625,11261.7197265625,11191.0498046875,11261.7197265625,181620000,-0.3483142003799289
20000911,11195.490234375,11195.490234375,11286.1298828125,11139.259765625,11219.5400390625,160120000,-0.22423081883935492
20000912,11233.23046875,11233.23046875,11255.7998046875,11113.73046875,11197.7099609375,172030000,0.33710211509203614
20000913,11182.1796875,11182.1796875,11231.009765625,11140.740234375,11225.0302734375,216210000,-0.4544621548718264
20000914,11087.4697265625,11087.4697265625,11208.0703125,11069.33984375,11189.580078125,218810000,-0.8469722682365011
20000915,10927.0,10927.0,11110.0400390625,10916.919921875,11087.83984375,291270000,-1.447307009804577
20000918,10808.51953125,10808.51953125,10935.580078125,10798.169921875,10926.419921875,198950000,-1.0842909192825156
20000919,10789.2900390625,10789.2900390625,10839.1396484375,10761.91015625,10812.2197265625,214080000,-0.17791050968546385
20000920,10687.919921875,10687.919921875,10824.0595703125,10567.3203125,10794.4697265625,243780000,-0.9395439071569145
20000921,10765.51953125,10765.51953125,10783.3701171875,10660.5400390625,10680.51953125,186170000,0.7260496892026458
20000922,10847.3701171875,10847.3701171875,10858.099609375,10621.7001953125,10678.2998046875,487370000,0.7603031669758842
20000925,10808.150390625,10808.150390625,10897.3095703125,10783.0,10847.3701171875,259920000,-0.36155977106706594
20000926,10631.3203125,10631.3203125,10813.240234375,10615.7802734375,10806.2998046875,321770000,-1.6360808439377594
20000927,10628.3603515625,10628.3603515625,10678.669921875,10579.51953125,10631.3203125,271660000,-0.027841894049784877
20000928,10824.0595703125,10824.0595703125,10856.25,10623.1796875,10629.83984375,233190000,1.8412926573498245
20000929,10650.919921875,10650.919921875,10821.400390625,10650.5498046875,10821.400390625,236360000,-1.5995814445845746
20001002,10700.1298828125,10700.1298828125,10721.2197265625,10631.3203125,10659.0595703125,215090000,0.46202545224691693
20001003,10719.740234375,10719.740234375,10857.73046875,10709.83984375,10709.83984375,259600000,0.1832720890051931
20001004,10784.48046875,10784.48046875,10849.9599609375,10713.6201171875,10723.330078125,264380000,0.6039347312484011
20001005,10724.919921875,10724.919921875,10843.2998046875,10722.7001953125,10783.7197265625,217400000,-0.5522801682249612
20001006,10596.5400390625,10596.5400390625,10779.849609375,10518.849609375,10726.759765625,237860000,-1.1970241619301158
20001009,10568.4296875,10568.4296875,10641.3095703125,10546.23046875,10596.91015625,167770000,-0.2652785858296758
20001010,10524.400390625,10524.400390625,10623.5498046875,10488.8896484375,10569.169921875,212070000,-0.4166115324311326
20001011,10413.7900390625,10413.7900390625,10566.580078125,10350.8896484375,10521.0703125,324520000,-1.0509895809459158
20001012,10034.580078125,10034.580078125,10460.400390625,10023.490234375,10424.1396484375,367130000,-3.6414212262305012
20001013,10192.1796875,10192.1796875,10208.08984375,10014.240234375,10031.6201171875,300410000,1.570565067476637
20001016,10238.7998046875,10238.7998046875,10272.08984375,10177.759765625,10184.7802734375,270220000,0.45741066795237373
20001017,10089.7099609375,10089.7099609375,10293.919921875,10026.4501953125,10242.8701171875,253140000,-1.4561261729303832
20001018,9975.01953125,9975.01953125,10085.990234375,9654.6396484375,10085.990234375,372410000,-1.1367069036823274
20001019,10142.98046875,10142.98046875,10142.98046875,10014.6103515625,10014.6103515625,343710000,1.6838156253610181
20001020,10226.58984375,10226.58984375,10229.5498046875,10067.509765625,10141.1298828125,319750000,0.8243077590220693
20001023,10271.7197265625,10271.7197265625,10361.25,10216.23046875,10230.2900390625,339180000,0.44129943120854165
20001024,10393.0703125,10393.0703125,10439.3095703125,10273.5703125,10273.5703125,274990000,1.1814047614995715
20001025,10326.48046875,10326.48046875,10461.9697265625,10306.58984375,10395.66015625,312490000,-0.6407138771101217
20001026,10380.1201171875,10380.1201171875,10454.849609375,10265.0595703125,10326.48046875,277120000,0.5194378530015475
20001027,10590.6201171875,10590.6201171875,10590.6201171875,10380.8603515625,10381.599609375,377740000,2.027914875970005
20001030,10835.76953125,10835.76953125,10869.51953125,10578.490234375,10588.0595703125,266040000,2.314778656489125
20001031,10971.1396484375,10971.1396484375,10995.41015625,10812.259765625,10835.3896484375,281800000,1.2492893725461585
20001101,10899.4697265625,10899.4697265625,10993.509765625,10838.0400390625,10966.2099609375,249720000,-0.6532586784200434
20001102,10880.509765625,10880.509765625,10946.490234375,10869.900390625,10903.169921875,250440000,-0.17395305838864283
20001103,10817.9501953125,10817.9501953125,10883.169921875,10756.900390625,10883.169921875,195280000,-0.5749691113751454
20001106,10977.2099609375,10977.2099609375,11006.5,10809.98046875,10820.599609375,186860000,1.472180614161167
20001107,10952.1796875,10952.1796875,10996.5498046875,10926.01953125,10978.7197265625,171150000,-0.22802035787390373
20001108,10907.0595703125,10907.0595703125,11002.23046875,10903.26953125,10954.33984375,264700000,-0.41197385794351504
20001109,10834.25,10834.25,10902.1103515625,10618.490234375,10902.1103515625,252890000,-0.6675453621861394
20001110,10602.9501953125,10602.9501953125,10813.7802734375,10602.5703125,10813.7802734375,273910000,-2.134894475275173
20001113,10517.25,10517.25,10595.73046875,10369.740234375,10595.349609375,298020000,-0.8082674513588461
20001114,10681.0595703125,10681.0595703125,10728.3603515625,10528.25,10528.25,227080000,1.5575323426989085
20001115,10707.599609375,10707.599609375,10799.3701171875,10635.9404296875,10681.2099609375,189850000,0.2484775867767519
20001116,10656.0302734375,10656.0302734375,10757.66015625,10639.349609375,10705.330078125,175280000,-0.4816143469947187
20001117,10629.8701171875,10629.8701171875,10762.58984375,10565.7900390625,10657.1298828125,221680000,-0.24549626435662608
20001120,10462.650390625,10462.650390625,10624.2802734375,10449.2802734375,10624.1796875,203170000,-1.5731116628802555
20001121,10494.5,10494.5,10569.009765625,10415.25,10465.5703125,191420000,0.30441244030803283
20001122,10399.3203125,10399.3203125,10493.26953125,10371.6396484375,10484.259765625,204630000,-0.9069482824336506
20001124,10470.23046875,10470.23046875,10508.150390625,10397.0498046875,10403.8701171875,87980000,0.6818729889949138
20001127,10546.0703125,10546.0703125,10626.83984375,10479.330078125,10479.330078125,203320000,0.7243378641602627
20001128,10507.580078125,10507.580078125,10613.9404296875,10489.5703125,10537.8603515625,235020000,-0.36497229047846025
20001129,10629.1103515625,10629.1103515625,10646.169921875,10480.830078125,10502.740234375,235620000,1.1565962146746323
20001130,10414.490234375,10414.490234375,10610.5302734375,10292.3896484375,10610.5302734375,362290000,-2.019172913713807
20001201,10373.5400390625,10373.5400390625,10524.4501953125,10348.7001953125,10416.759765625,301730000,-0.3932040300670292
20001204,10560.9501953125,10560.9501953125,10604.4599609375,10319.3095703125,10377.330078125,261400000,1.806617177398362
20001205,10898.7197265625,10898.7197265625,10917.2998046875,10576.7802734375,10576.7802734375,291620000,3.1982873226683584
20001206,10664.3798828125,10664.3798828125,10896.1396484375,10620.8603515625,10896.1396484375,312570000,-2.150159373113003
20001207,10617.3603515625,10617.3603515625,10689.01953125,10583.23046875,10644.66015625,249400000,-0.4409026288136997
20001208,10712.91015625,10712.91015625,10803.5400390625,10631.8603515625,10632.1396484375,275080000,0.899939358971058
20001211,10725.7998046875,10725.7998046875,10792.16015625,10670.0595703125,10719.3603515625,256450000,0.12031883260013032
20001212,10768.26953125,10768.26953125,10856.25,10703.8095703125,10725.7998046875,238100000,0.39595859829435476
20001213,10794.4404296875,10794.4404296875,10915.400390625,10772.5400390625,10777.9501953125,239430000,0.24303717845797213
20001214,10674.990234375,10674.990234375,10798.990234375,10615.83984375,10794.8203125,193430000,-1.1065899718523675
20001215,10434.9599609375,10434.9599609375,10653.3798828125,10434.58984375,10647.98046875,479460000,-2.2485292086222963
20001218,10645.419921875,10645.419921875,10679.919921875,10433.33984375,10433.33984375,217520000,2.016873679681974
20001219,10584.3701171875,10584.3701171875,10784.580078125,10582.849609375,10643.1396484375,278950000,-0.5734842320503475
20001220,10318.9296875,10318.9296875,10580.9697265625,10318.9296875,10580.9697265625,311500000,-2.5078528693593505
20001221,10487.2900390625,10487.2900390625,10520.4697265625,10299.2099609375,10314.3798828125,321300000,1.6315679693645446
20001222,10635.5595703125,10635.5595703125,10640.8701171875,10475.349609375,10495.259765625,230880000,1.4138021423812486
20001226,10692.4404296875,10692.4404296875,10701.16015625,10597.6396484375,10638.2099609375,153960000,0.5348177404203014
20001227,10803.16015625,10803.16015625,10828.9404296875,10645.0400390625,10690.099609375,190400000,1.035495379100615
20001228,10868.759765625,10868.759765625,10901.3701171875,10774.7197265625,10795.2001953125,188600000,0.6072261118617917
20001229,10787.990234375,10787.990234375,10917.6796875,10758.3203125,10868.759765625,210800000,-0.7431347549464951
20010102,10646.150390625,10646.150390625,10797.01953125,10585.3603515625,10790.919921875,253300000,-1.3147939576181655
20010103,10945.75,10945.75,11019.0498046875,10581.08984375,10637.419921875,420720000,2.8141590939653405
20010104,10912.41015625,10912.41015625,11028.0,10888.419921875,10944.9404296875,382800000,-0.30459167941895293
20010105,10662.009765625,10662.009765625,10919.419921875,10627.75,10912.8095703125,272650000,-2.2946387373607435
20010108,10621.349609375,10621.349609375,10700.849609375,10516.01953125,10658.73046875,225780000,-0.3813554587155932
20010109,10572.5498046875,10572.5498046875,10680.7197265625,10531.0703125,10625.2099609375,254160000,-0.459450130936534
20010110,10604.26953125,10604.26953125,10611.58984375,10472.509765625,10568.48046875,263700000,0.30001964661765523
20010111,10609.5498046875,10609.5498046875,10638.01953125,10552.6201171875,10600.2001953125,279720000,0.049793844092138606
20010112,10525.3798828125,10525.3798828125,10623.8896484375,10468.0400390625,10608.740234375,247020000,-0.7933411259148038
20010116,10652.66015625,10652.66015625,10664.0498046875,10486.6396484375,10525.7802734375,233330000,1.209270115232064
20010117,10584.33984375,10584.33984375,10705.9296875,10545.2998046875,10660.9501953125,304800000,-0.641345086559586
20010118,10678.2802734375,10678.2802734375,10737.240234375,10567.4697265625,10584.5703125,307320000,0.8875416990977714
20010119,10587.58984375,10587.58984375,10717.7197265625,10564.009765625,10686.0,363100000,-0.8492980832606079
20010122,10578.240234375,10578.240234375,10634.3603515625,10509.919921875,10581.900390625,233850000,-0.08830724945885216
20010123,10649.8095703125,10649.8095703125,10679.08984375,10553.83984375,10575.7998046875,269970000,0.6765712855048234
20010124,10646.9697265625,10646.9697265625,10680.3095703125,10619.7197265625,10651.849609375,283190000,-0.026665676332060517
20010125,10729.51953125,10729.51953125,10778.7197265625,10633.4404296875,10664.5302734375,249120000,0.7753361454720054
20010126,10659.98046875,10659.98046875,10742.9404296875,10625.009765625,10727.080078125,232990000,-0.6481097527010982
20010129,10702.1904296875,10702.1904296875,10725.1396484375,10612.5302734375,10657.1298828125,224980000,0.39596658794300854
20010130,10881.2001953125,10881.2001953125,10900.76953125,10682.9599609375,10702.1904296875,242900000,1.6726460513021069
20010131,10887.3603515625,10887.3603515625,10957.5,10832.580078125,10882.25,280560000,0.05661283810083351
20010201,10983.6298828125,10983.6298828125,10983.7998046875,10864.169921875,10884.8203125,221680000,0.8842320649025348
20010202,10864.099609375,10864.099609375,11022.7802734375,10848.580078125,10982.7099609375,206940000,-1.088258387371055
20010205,10965.849609375,10965.849609375,10977.66015625,10851.4296875,10860.4404296875,189850000,0.9365709415274148
20010206,10957.419921875,10957.419921875,11035.1396484375,10932.1796875,10965.0302734375,199510000,-0.07687217862984985
20010207,10946.7197265625,10946.7197265625,11004.0400390625,10911.259765625,10948.9501953125,236350000,-0.09765250751354593
20010208,10880.5498046875,10880.5498046875,10965.2001953125,10871.5,10940.6201171875,208300000,-0.6044726048337279
20010209,10781.4501953125,10781.4501953125,10889.2197265625,10754.9599609375,10878.509765625,207600000,-0.9107959722063574
20010212,10946.76953125,10946.76953125,10953.6298828125,10771.650390625,10779.419921875,176090000,1.5333682662595383
20010213,10903.3203125,10903.3203125,11012.900390625,10894.33984375,10950.1796875,198270000,-0.3969136157106812
20010214,10795.41015625,10795.41015625,10917.91015625,10780.41015625,10899.419921875,189300000,-0.9896999552171937
20010215,10891.01953125,10891.01953125,10922.580078125,10800.650390625,10800.650390625,219670000,0.8856483784883906
20010216,10799.8203125,10799.8203125,10884.1103515625,10722.150390625,10884.1103515625,202390000,-0.8373799944837002
20010220,10730.8798828125,10730.8798828125,10903.169921875,10727.5302734375,10800.23046875,212820000,-0.6383479325827945
20010221,10526.580078125,10526.580078125,10746.2099609375,10520.26953125,10721.2900390625,219630000,-1.9038495157766566
20010222,10526.8095703125,10526.8095703125,10566.1904296875,10372.4296875,10527.7998046875,278520000,0.0021801210440264285
20010223,10441.900390625,10441.900390625,10529.25,10294.009765625,10529.25,261840000,-0.8065993701164564
20010226,10642.5302734375,10642.5302734375,10642.5302734375,10421.91015625,10447.58984375,243270000,1.9213924219448675
20010227,10636.8798828125,10636.8798828125,10698.4296875,10560.1201171875,10638.4404296875,239400000,-0.053092549232425235
20010228,10495.2802734375,10495.2802734375,10684.76953125,10423.5,10639.3203125,253390000,-1.3312137669600155
20010301,10450.1396484375,10450.1396484375,10493.25,10302.8896484375,10493.25,259030000,-0.4301040450939264
20010302,10466.3095703125,10466.3095703125,10579.26953125,10302.0595703125,10438.0400390625,255120000,0.1547340267114672
20010305,10562.2998046875,10562.2998046875,10571.6201171875,10468.5302734375,10468.9296875,171780000,0.917135440435235
20010306,10591.2197265625,10591.2197265625,10690.9296875,10570.169921875,10570.169921875,218690000,0.2738032664265644
20010307,10729.599609375,10729.599609375,10731.48046875,10591.8603515625,10591.8603515625,238490000,1.3065528464625054
20010308,10858.25,10858.25,10859.5,10711.2998046875,10727.16015625,216130000,1.1990232190266514
20010309,10644.6201171875,10644.6201171875,10850.1103515625,10579.26953125,10850.1103515625,280060000,-1.9674430300693047
20010312,10208.25,10208.25,10638.6298828125,10166.6201171875,10638.51953125,293230000,-4.0994428395139115
20010313,10290.7998046875,10290.7998046875,10293.080078125,10108.08984375,10206.8896484375,281280000,0.8086577492469216
20010314,9973.4599609375,9973.4599609375,10279.419921875,9895.5703125,10279.419921875,307630000,-3.0837238093530006
20010315,10031.2802734375,10031.2802734375,10097.73046875,9980.849609375,9982.919921875,233720000,0.5797417619006984
20010316,9823.41015625,9823.41015625,10049.7197265625,9814.349609375,10023.5498046875,365020000,-2.0722192135128825
20010319,9959.1103515625,9959.1103515625,9992.66015625,9794.0703125,9820.0498046875,239520000,1.3813960035676809
20010320,9720.759765625,9720.759765625,10019.9404296875,9718.16015625,9961.1396484375,268070000,-2.39329194600304
20010321,9487.0,9487.0,9719.4404296875,9461.5400390625,9717.4599609375,312960000,-2.4047478927689547
20010322,9389.48046875,9389.48046875,9497.7802734375,9106.5400390625,9490.66015625,416820000,-1.0279280199219976
20010323,9504.7802734375,9504.7802734375,9529.400390625,9338.150390625,9395.580078125,377640000,1.227967884604908
20010326,9687.5302734375,9687.5302734375,9724.8701171875,9509.25,9509.25,256080000,1.9227167250853938
20010327,9947.5400390625,9947.5400390625,9960.8798828125,9649.8095703125,9687.9296875,325020000,2.6839633868079638
20010328,9785.349609375,9785.349609375,9941.2001953125,9695.8095703125,9941.2001953125,271130000,-1.6304576714504582
20010329,9799.0595703125,9799.0595703125,9882.7998046875,9687.6103515625,9784.9404296875,250050000,0.14010701185744878
20010330,9878.7802734375,9878.7802734375,9908.1396484375,9760.6396484375,9799.4697265625,249000000,0.8135546330029886
20010402,9777.9296875,9777.9296875,9992.5302734375,9705.0703125,9877.16015625,237210000,-1.0208809503403082
20010403,9485.7099609375,9485.7099609375,9774.7802734375,9428.0703125,9774.7802734375,273290000,-2.9885644088448515
20010404,9515.419921875,9515.419921875,9625.900390625,9375.7197265625,9480.9501953125,301600000,0.3132075623210717
20010405,9918.0498046875,9918.0498046875,9929.7900390625,9527.2099609375,9527.2099609375,281710000,4.231341192698124
20010406,9791.08984375,9791.08984375,9913.9404296875,9698.0703125,9913.9404296875,270000000,-1.2800899716947978
20010409,9845.150390625,9845.150390625,9935.58984375,9775.7900390625,9793.580078125,208530000,0.5521402391124974
20010410,10102.740234375,10102.740234375,10155.240234375,9849.5,9850.349609375,282830000,2.6164134983178045
20010411,10013.4697265625,10013.4697265625,10173.7900390625,9951.919921875,10109.0498046875,299280000,-0.8836266769361556
20010412,10126.9404296875,10126.9404296875,10127.4599609375,9934.349609375,10013.080078125,215510000,1.1331806678757772
20010416,10158.5595703125,10158.5595703125,10184.650390625,10046.51953125,10118.16015625,195790000,0.31222797097045785
20010417,10216.73046875,10216.73046875,10219.400390625,10075.5400390625,10151.73046875,234710000,0.5726293972572627
20010418,10615.830078125,10615.830078125,10687.1396484375,10226.8798828125,10226.8798828125,461800000,3.9063339352616744
20010419,10693.7099609375,10693.7099609375,10694.240234375,10562.150390625,10616.08984375,332610000,0.7336202844182571
20010420,10579.849609375,10579.849609375,10706.4697265625,10517.0703125,10690.330078125,324360000,-1.0647413477494205
20010423,10532.23046875,10532.23046875,10571.0,10483.23046875,10571.0,229400000,-0.45009279321706064
20010424,10454.33984375,10454.33984375,10636.91015625,10448.0302734375,10529.75,224220000,-0.7395453909891936
20010425,10625.2001953125,10625.2001953125,10639.1904296875,10444.0595703125,10453.4296875,200210000,1.6343485491783216
20010426,10692.349609375,10692.349609375,10766.98046875,10623.7099609375,10633.009765625,238630000,0.6319825775341625
20010427,10810.0498046875,10810.0498046875,10810.0498046875,10694.9501953125,10694.9501953125,222990000,1.1007888781461084
20010430,10734.9697265625,10734.9697265625,10906.41015625,10712.1904296875,10814.41015625,206420000,-0.6945396134293791
20010501,10898.33984375,10898.33984375,10904.2001953125,10731.4501953125,10734.0498046875,203770000,1.5218498174546236
20010502,10876.6796875,10876.6796875,10939.2001953125,10802.5595703125,10902.76953125,228290000,-0.19874730060305268
20010503,10796.650390625,10796.650390625,10872.3203125,10723.5703125,10872.3203125,197610000,-0.7357879350531338
20010504,10951.240234375,10951.240234375,10958.1396484375,10673.2197265625,10793.2001953125,214010000,1.4318315232679346
20010507,10935.169921875,10935.169921875,10995.2802734375,10893.58984375,10952.349609375,190710000,-0.14674422399717502
20010508,10883.509765625,10883.509765625,10946.8095703125,10819.8095703125,10936.66015625,192290000,-0.4724220713448468
20010509,10866.98046875,10866.98046875,10914.009765625,10800.9404296875,10875.9599609375,212720000,-0.15187469144565258
20010510,10910.4404296875,10910.4404296875,10979.08984375,10868.7998046875,10868.8701171875,189970000,0.39992674195445943
20010511,10821.3095703125,10821.3095703125,10920.1396484375,10774.1298828125,10908.2998046875,174720000,-0.8169318181919905
20010514,10877.330078125,10877.330078125,10878.759765625,10800.1298828125,10819.5498046875,151230000,0.5176869532148798
20010515,10872.9697265625,10872.9697265625,10922.169921875,10816.169921875,10877.4599609375,202050000,-0.04008659782485102
20010516,11215.919921875,11215.919921875,11231.150390625,10814.3095703125,10864.740234375,223850000,3.154153869063747
20010517,11248.580078125,11248.580078125,11328.6103515625,11181.91015625,11218.650390625,283080000,0.29119462761411086
20010518,11301.740234375,11301.740234375,11303.759765625,11193.599609375,11245.7802734375,214370000,0.4725943708520086
20010521,11337.919921875,11337.919921875,11345.7197265625,11232.83984375,11299.1396484375,227630000,0.3201249254513705
20010522,11257.240234375,11257.240234375,11350.0498046875,11239.599609375,11339.7998046875,221970000,-0.7115916151810064
20010523,11105.509765625,11105.509765625,11262.25,11101.2099609375,11257.759765625,224130000,-1.3478478347355272
20010524,11122.419921875,11122.419921875,11173.3701171875,11044.9697265625,11107.0703125,201170000,0.15226816784532637
20010525,11005.3701171875,11005.3701171875,11123.990234375,10993.7900390625,11122.0302734375,146210000,-1.0523771401337978
20010529,11039.1396484375,11039.1396484375,11066.009765625,10970.4296875,11004.66015625,214540000,0.3068459387591149
20010530,10872.6396484375,10872.6396484375,11042.1298828125,10864.830078125,11032.9599609375,213120000,-1.508269713967847
20010531,10911.9404296875,10911.9404296875,10978.9599609375,10865.9404296875,10873.23046875,190660000,0.36146494798665607
20010601,10990.41015625,10990.41015625,11021.5703125,10835.490234375,10913.5703125,196260000,0.7191179888502042
20010604,11061.51953125,11061.51953125,11071.669921875,10938.8798828125,10991.76953125,150960000,0.6470129320838902
20010605,11175.83984375,11175.83984375,11196.5302734375,11043.4404296875,11061.3896484375,211730000,1.0334955534547774
20010606,11070.240234375,11070.240234375,11179.6796875,11059.6396484375,11177.73046875,232580000,-0.9448919352048168
20010607,11090.740234375,11090.740234375,11100.0400390625,11008.9501953125,11069.580078125,231460000,0.18518116649668404
20010608,10977.0,10977.0,11096.4599609375,10938.080078125,11095.6201171875,176020000,-1.0255423170265066
20010611,10922.08984375,10922.08984375,10975.4404296875,10871.33984375,10974.7900390625,162750000,-0.5002291723603891
20010612,10948.3798828125,10948.3798828125,10982.1396484375,10788.580078125,10914.669921875,234420000,0.24070520787322636
20010613,10871.6201171875,10871.6201171875,11004.330078125,10866.51953125,10942.0,195810000,-0.7011061585970646
20010614,10690.1298828125,10690.1298828125,10868.48046875,10659.4697265625,10868.26953125,309640000,-1.6693945559049905
20010615,10623.6396484375,10623.6396484375,10716.2998046875,10566.5498046875,10680.8095703125,379300000,-0.621977797312856
20010618,10645.3798828125,10645.3798828125,10709.0498046875,10614.7197265625,10622.5,196230000,0.20464017130135126
20010619,10596.669921875,10596.669921875,10740.7900390625,10563.66015625,10654.2998046875,240250000,-0.4575690250015807
20010620,10647.330078125,10647.330078125,10702.0703125,10563.8603515625,10593.7900390625,244140000,0.47807619396940115
20010621,10715.4296875,10715.4296875,10759.6396484375,10597.1396484375,10646.3896484375,266590000,0.6395932959278872
20010622,10604.58984375,10604.58984375,10724.6904296875,10573.990234375,10716.5,210360000,-1.0343947651422658
20010625,10504.2197265625,10504.2197265625,10644.240234375,10468.1201171875,10607.8798828125,228190000,-0.9464780690849106
20010626,10472.48046875,10472.48046875,10534.2099609375,10394.7197265625,10497.2998046875,235950000,-0.3021572152783425
20010627,10434.83984375,10434.83984375,10531.1904296875,10408.0,10470.349609375,210560000,-0.3594241604204518
20010628,10566.2099609375,10566.2099609375,10646.4501953125,10438.66015625,10438.73046875,272820000,1.2589567176364946
20010629,10502.400390625,10502.400390625,10605.58984375,10491.599609375,10565.26953125,328480000,-0.6039021612138984
20010702,10593.7197265625,10593.7197265625,10638.8701171875,10467.3798828125,10504.9501953125,215830000,0.8695091840053681
20010703,10571.1103515625,10571.1103515625,10595.1298828125,10531.51953125,10588.8896484375,128500000,-0.21342243879937106
20010705,10479.8603515625,10479.8603515625,10567.6396484375,10461.1396484375,10566.23046875,179190000,-0.8632016596677783
20010706,10252.6796875,10252.6796875,10476.73046875,10220.1396484375,10476.73046875,207540000,-2.167783314294147
20010709,10299.400390625,10299.400390625,10323.1103515625,10222.240234375,10253.6201171875,216290000,0.45569260475348816
20010710,10175.6396484375,10175.6396484375,10335.6298828125,10162.7099609375,10300.8203125,264970000,-1.2016305560870633
20010711,10241.01953125,10241.01953125,10274.01953125,10120.8896484375,10174.7001953125,267370000,0.6425137393946567
20010712,10478.990234375,10478.990234375,10496.6396484375,10269.3095703125,10269.3095703125,278190000,2.323701291642344
20010713,10539.0595703125,10539.0595703125,10549.759765625,10432.599609375,10478.3896484375,200390000,0.5732359186713554
20010716,10472.1201171875,10472.1201171875,10568.6904296875,10446.599609375,10537.98046875,220170000,-0.6351558474302799
20010717,10606.3896484375,10606.3896484375,10628.48046875,10438.66015625,10468.6201171875,283640000,1.2821618712110405
20010718,10569.830078125,10569.830078125,10594.5400390625,10480.8798828125,10594.5400390625,261170000,-0.34469382630956114
20010719,10610.0,10610.0,10679.1201171875,10523.919921875,10574.330078125,235870000,0.3800432133543419
20010720,10576.650390625,10576.650390625,10606.1904296875,10529.25,10606.1904296875,231850000,-0.31432242577756897
20010723,10424.419921875,10424.419921875,10595.400390625,10419.7099609375,10576.919921875,185500000,-1.4393069934970582
20010724,10241.1201171875,10241.1201171875,10423.7998046875,10203.6904296875,10423.7998046875,214180000,-1.7583693487141394
20010725,10405.669921875,10405.669921875,10405.669921875,10241.1904296875,10241.75,228180000,1.6067559290837696
20010726,10455.6298828125,10455.6298828125,10459.01953125,10284.08984375,10403.4599609375,233860000,0.4801224843051566
20010727,10416.669921875,10416.669921875,10460.1201171875,10375.2900390625,10451.8896484375,172870000,-0.3726218446345797
20010730,10401.7197265625,10401.7197265625,10440.48046875,10361.4501953125,10418.6796875,155870000,-0.14352183014942899
20010731,10522.8095703125,10522.8095703125,10595.0498046875,10402.9697265625,10403.1796875,224450000,1.1641329216050433
20010801,10510.009765625,10510.009765625,10599.9599609375,10484.2001953125,10527.3798828125,201290000,-0.12163866125270983
20010802,10551.1796875,10551.1796875,10609.650390625,10513.4697265625,10513.4697265625,219400000,0.3917210620455691
20010803,10512.7802734375,10512.7802734375,10550.5595703125,10433.0703125,10550.009765625,151270000,-0.3639347940211035
20010806,10401.3095703125,10401.3095703125,10504.1298828125,10374.9501953125,10504.1298828125,163160000,-1.0603351370964353
20010807,10458.740234375,10458.740234375,10472.7197265625,10376.0498046875,10399.0302734375,161480000,0.5521483970289509
20010808,10293.5,10293.5,10479.6396484375,10267.9697265625,10456.1796875,185130000,-1.5799248348467465
20010809,10298.5595703125,10298.5595703125,10312.1904296875,10205.5595703125,10291.150390625,170020000,0.0491530607907853
20010810,10416.25,10416.25,10433.4599609375,10197.3203125,10296.8896484375,161930000,1.1427853466689175
20010813,10415.91015625,10415.91015625,10445.7998046875,10367.0595703125,10411.900390625,141380000,-0.0032626305052185778
20010814,10412.169921875,10412.169921875,10478.8095703125,10386.919921875,10416.9501953125,145780000,-0.035908857880806444
20010815,10345.9501953125,10345.9501953125,10469.740234375,10340.759765625,10407.0498046875,172000000,-0.6359839213090246
20010816,10392.51953125,10392.51953125,10395.2099609375,10271.5703125,10342.099609375,196520000,0.45012140072546725
20010817,10240.7802734375,10240.7802734375,10385.4599609375,10180.9296875,10385.4599609375,217550000,-1.460081526488588
20010820,10320.0703125,10320.0703125,10320.0703125,10210.48046875,10239.330078125,180510000,0.7742577903771863
20010821,10174.1396484375,10174.1396484375,10378.75,10156.01953125,10320.0703125,182840000,-1.414047188086931
20010822,10276.900390625,10276.900390625,10305.1298828125,10134.5,10170.2998046875,204500000,1.01001898674824
20010823,10229.150390625,10229.150390625,10286.7900390625,10213.51953125,10276.41015625,153280000,-0.46463425921262624
20010824,10423.169921875,10423.169921875,10440.6796875,10223.759765625,10232.48046875,187860000,1.8967316330378514
20010827,10382.349609375,10382.349609375,10441.3701171875,10382.349609375,10422.759765625,136800000,-0.39163050018335976
20010828,10222.0302734375,10222.0302734375,10382.830078125,10214.33984375,10382.5595703125,172820000,-1.5441527396913624
20010829,10090.900390625,10090.900390625,10267.7001953125,10075.6103515625,10224.4501953125,160980000,-1.2828164200731074
20010830,9919.580078125,9919.580078125,10117.5400390625,9869.1396484375,10077.0703125,240630000,-1.69777032641375
20010831,9949.75,9949.75,10036.9404296875,9887.2001953125,9918.9599609375,176270000,0.30414515168371015
20010904,9997.490234375,9997.490234375,10182.3798828125,9894.8798828125,9946.98046875,262020000,0.47981340611573664
20010905,10033.26953125,10033.26953125,10066.6904296875,9885.8798828125,9998.1201171875,298080000,0.3578827889421543
20010906,9840.83984375,9840.83984375,10028.349609375,9826.08984375,10028.349609375,303090000,-1.9179160581767607
20010907,9605.849609375,9605.849609375,9842.080078125,9558.3896484375,9841.25,304980000,-2.387908330042021
20010910,9605.509765625,9605.509765625,9671.7998046875,9493.5498046875,9603.3603515625,280040000,-0.0035378833088128836
20010917,8920.7001953125,8920.7001953125,9580.3203125,8883.400390625,9580.3203125,565600000,-7.129341253321209
20010918,8903.400390625,8903.400390625,9022.0595703125,8861.0498046875,8922.7001953125,372230000,-0.19392877586661417
20010919,8759.1298828125,8759.1298828125,8945.4697265625,8480.2099609375,8903.5400390625,457990000,-1.6203978422043352
20010920,8376.2099609375,8376.2099609375,8748.8203125,8375.7197265625,8748.6103515625,439990000,-4.371666215686332
20010921,8235.8095703125,8235.8095703125,8438.41015625,8062.33984375,8356.5595703125,623480000,-1.6761804119017731
20010924,8603.8603515625,8603.8603515625,8649.3896484375,8242.3203125,8242.3203125,403530000,4.468908346019895
20010925,8659.9697265625,8659.9697265625,8695.5400390625,8506.3603515625,8605.58984375,349470000,0.6521418608312235
20010926,8567.3896484375,8567.3896484375,8718.16015625,8527.0498046875,8660.0595703125,271690000,-1.0690577571077609
20010927,8681.419921875,8681.419921875,8681.419921875,8471.9697265625,8567.4599609375,282040000,1.3309803582739699
20010928,8847.5595703125,8847.5595703125,8856.5498046875,8679.0,8679.0703125,340790000,1.913738189519787
20011001,8836.830078125,8836.830078125,8850.669921875,8732.1396484375,8845.9697265625,247430000,-0.12127064081605132
20011002,8950.58984375,8950.58984375,8950.58984375,8798.4296875,8836.6904296875,259810000,1.2873368008580854
20011003,9123.7802734375,9123.7802734375,9148.349609375,8860.83984375,8946.01953125,327530000,1.9349610775476922
20011004,9060.8798828125,9060.8798828125,9187.3701171875,9045.3798828125,9127.240234375,307660000,-0.6894115020297575
20011005,9119.76953125,9119.76953125,9131.740234375,8951.0703125,9058.830078125,256640000,0.6499329998757242
20011008,9067.9404296875,9067.9404296875,9144.8095703125,9012.2998046875,9115.75,193330000,-0.5683159139592386
20011009,9052.4404296875,9052.4404296875,9086.9697265625,9004.1396484375,9066.5595703125,212700000,-0.17093186837944252
20011010,9240.8603515625,9240.8603515625,9252.900390625,9000.1396484375,9052.2998046875,253720000,2.0814268079254683
20011011,9410.4501953125,9410.4501953125,9432.0400390625,9242.6298828125,9242.6298828125,312240000,1.8352170393022504
20011012,9344.16015625,9344.16015625,9409.0703125,9193.73046875,9409.0703125,275630000,-0.7044300504934431
20011015,9347.6201171875,9347.6201171875,9352.0498046875,9238.7802734375,9340.83984375,199960000,0.037028056878773974
20011016,9384.23046875,9384.23046875,9411.1396484375,9298.7001953125,9346.3095703125,227850000,0.39165425106637564
20011017,9232.9697265625,9232.9697265625,9489.330078125,9226.9501953125,9389.759765625,303640000,-1.6118609052836685
20011018,9163.2197265625,9163.2197265625,9233.9404296875,9134.2998046875,9230.75,238660000,-0.7554449117203821
20011019,9204.1103515625,9204.1103515625,9218.01953125,9080.8095703125,9162.8095703125,243950000,0.44624734776865793
20011022,9377.0302734375,9377.0302734375,9392.8095703125,9167.4501953125,9203.91015625,222210000,1.8787249964429709
20011023,9340.080078125,9340.080078125,9439.2099609375,9300.3701171875,9379.169921875,233120000,-0.39405008019617327
20011024,9345.6201171875,9345.6201171875,9388.8603515625,9278.7001953125,9341.400390625,245640000,0.05931468484381419
20011025,9462.900390625,9462.900390625,9462.900390625,9177.8896484375,9342.2900390625,252930000,1.2549223268963239
20011026,9545.169921875,9545.169921875,9598.169921875,9423.3203125,9462.2802734375,212840000,0.8693902276674548
20011029,9269.5,9269.5,9543.3701171875,9269.5,9543.3701171875,203990000,-2.8880567253521394
20011030,9121.98046875,9121.98046875,9264.51953125,9065.58984375,9264.51953125,245350000,-1.5914507929230326
20011031,9075.1396484375,9075.1396484375,9223.0703125,9064.41015625,9123.6396484375,245200000,-0.5134939772450386
20011101,9263.900390625,9263.900390625,9284.4501953125,9014.4599609375,9087.4501953125,256480000,2.079976171165576
20011102,9323.5400390625,9323.5400390625,9343.8203125,9209.650390625,9264.51953125,222980000,0.6437855106673496
20011105,9441.0302734375,9441.0302734375,9476.4501953125,9326.169921875,9326.58984375,210700000,1.260146187850908
20011106,9591.1201171875,9591.1201171875,9600.599609375,9386.509765625,9437.08984375,260340000,1.5897612803157823
20011107,9554.3701171875,9554.3701171875,9644.1201171875,9522.41015625,9584.6796875,233400000,-0.38316692472804004
20011108,9587.51953125,9587.51953125,9721.75,9558.3896484375,9558.3896484375,256000000,0.34695551518217904
20011109,9608.0,9608.0,9630.41015625,9519.76953125,9586.9599609375,174670000,0.21361592728177392
20011112,9554.3701171875,9554.3701171875,9606.1298828125,9408.580078125,9606.1298828125,196140000,-0.558179463077646
20011113,9750.9501953125,9750.9501953125,9755.7802734375,9551.4296875,9551.4296875,244230000,2.0574886226290223
20011114,9823.6103515625,9823.6103515625,9859.3798828125,9741.41015625,9751.1298828125,297690000,0.7451597515586661
20011115,9872.3896484375,9872.3896484375,9903.0400390625,9808.25,9824.650390625,317340000,0.49655162541377695
20011116,9866.990234375,9866.990234375,9908.7900390625,9792.4697265625,9871.509765625,244600000,-0.05469206802787285
20011119,9976.4599609375,9976.4599609375,9976.4599609375,9870.4501953125,9870.4501953125,210100000,1.1094540884526882
20011120,9901.3798828125,9901.3798828125,9976.73046875,9893.490234375,9968.6396484375,205690000,-0.7525723394768646
20011121,9834.6796875,9834.6796875,9894.1904296875,9796.41015625,9894.1904296875,173020000,-0.6736454524715607
20011123,9959.7099609375,9959.7099609375,9961.580078125,9833.01953125,9833.08984375,70520000,1.2713202403166646
20011126,9982.75,9982.75,9992.7900390625,9903.8095703125,9961.580078125,191870000,0.23133242988866431
20011127,9872.599609375,9872.599609375,9992.7197265625,9831.150390625,9980.330078125,271610000,-1.1034072838145836
20011128,9711.8603515625,9711.8603515625,9867.2001953125,9706.6103515625,9867.0595703125,252200000,-1.62813508267734
20011129,9829.419921875,9829.419921875,9829.419921875,9691.3896484375,9710.33984375,212460000,1.2104742660718593
20011130,9851.5595703125,9851.5595703125,9891.580078125,9802.91015625,9828.7998046875,220520000,0.22523860628060888
20011203,9763.9599609375,9763.9599609375,9848.9296875,9703.900390625,9848.9296875,223660000,-0.8891953476988568
20011204,9893.83984375,9893.83984375,9893.83984375,9743.0498046875,9765.5498046875,213650000,1.3301967985541507
20011205,10114.2900390625,10114.2900390625,10142.3203125,9891.349609375,9891.349609375,304070000,2.22815609302347
20011206,10099.1396484375,10099.1396484375,10169.4404296875,10079.76953125,10113.5302734375,238340000,-0.1497919336551301
20011207,10049.4599609375,10049.4599609375,10099.2099609375,10002.41015625,10099.1396484375,204020000,-0.4919199974394495
20011210,9921.4501953125,9921.4501953125,10075.6103515625,9921.4501953125,10047.0400390625,193100000,-1.2737974589935863
20011211,9888.3701171875,9888.3701171875,10015.900390625,9866.849609375,9925.599609375,234510000,-0.33341978716608933
20011212,9894.8095703125,9894.8095703125,9919.7197265625,9806.099609375,9887.26953125,253990000,0.06512148158579478
20011213,9766.4501953125,9766.4501953125,9889.2001953125,9745.0703125,9889.1298828125,287530000,-1.2972394677015053
20011214,9811.150390625,9811.150390625,9848.4501953125,9736.419921875,9764.7197265625,225820000,0.4576913250830206
20011217,9891.9697265625,9891.9697265625,9930.9296875,9798.83984375,9809.419921875,220780000,0.8237498429819912
20011218,9998.3896484375,9998.3896484375,10015.33984375,9892.58984375,9893.2197265625,217100000,1.0758213461696586
20011219,10070.490234375,10070.490234375,10088.33984375,9919.7900390625,9994.58984375,247500000,0.7211219853665796
20011220,9985.1796875,9985.1796875,10076.0302734375,9985.1796875,10064.1298828125,273560000,-0.8471340013199935
20011221,10035.33984375,10035.33984375,10069.5,9986.83984375,9986.83984375,359380000,0.5023460550519054
20011224,10035.33984375,10035.33984375,10072.91015625,10034.4404296875,10036.58984375,63010000,0.0
20011226,10088.1396484375,10088.1396484375,10169.08984375,10034.9296875,10035.5498046875,125890000,0.5261386809972679
20011227,10131.3095703125,10131.3095703125,10147.23046875,10080.8701171875,10088.7099609375,132950000,0.4279274809769973
20011228,10136.990234375,10136.990234375,10184.4501953125,10109.8603515625,10133.9404296875,136950000,0.05607038283723664
20011231,10021.5703125,10021.5703125,10137.6103515625,10019.150390625,10136.3603515625,146900000,-1.1386014902491026
20020102,10073.400390625,10073.400390625,10074.01953125,9935.7001953125,10021.7099609375,203990000,0.5171851966188523
20020103,10172.1396484375,10172.1396484375,10174.009765625,10051.9501953125,10073.8798828125,275020000,0.9801978873429151
20020104,10259.740234375,10259.740234375,10283.669921875,10174.83984375,10176.83984375,239480000,0.8611815111185139
20020107,10197.0498046875,10197.0498046875,10300.150390625,10188.1201171875,10261.330078125,225880000,-0.6110333035280635
20020108,10150.5498046875,10150.5498046875,10211.23046875,10121.349609375,10195.759765625,193640000,-0.4560142481467966
20020109,10094.08984375,10094.08984375,10270.8798828125,10069.4501953125,10153.1796875,247850000,-0.5562256431806967
20020110,10067.8603515625,10067.8603515625,10101.76953125,10032.23046875,10092.5,199300000,-0.2598499973104573
20020111,9987.5302734375,9987.5302734375,10098.3798828125,9985.25,10069.51953125,197880000,-0.7978862967892963
20020114,9891.419921875,9891.419921875,9985.3798828125,9889.26953125,9985.3798828125,229950000,-0.9623034817537568
20020115,9924.150390625,9924.150390625,9986.2099609375,9865.6103515625,9892.73046875,239830000,0.3308975759649613
20020116,9712.26953125,9712.26953125,9916.5400390625,9711.099609375,9916.5400390625,261920000,-2.135002504346939
20020117,9850.0400390625,9850.0400390625,9857.7900390625,9712.2099609375,9712.2099609375,243530000,1.4185202271128627
20020118,9771.849609375,9771.849609375,9830.9404296875,9738.4296875,9830.9404296875,253830000,-0.7938082421738213
20020122,9713.7998046875,9713.7998046875,9842.83984375,9696.5703125,9772.33984375,222040000,-0.5940513516684454
20020123,9730.9599609375,9730.9599609375,9773.3701171875,9680.509765625,9710.9599609375,246200000,0.1766575037064122
20020124,9796.0703125,9796.0703125,9856.9697265625,9734.2099609375,9734.2099609375,251040000,0.669105122453173
20020125,9840.080078125,9840.080078125,9897.849609375,9755.1103515625,9793.23046875,195230000,0.4492593889290797
20020128,9865.75,9865.75,9894.5302734375,9798.5595703125,9843.0498046875,169030000,0.260871066812407
20020129,9618.240234375,9618.240234375,9908.16015625,9616.650390625,9865.5400390625,265460000,-2.5087780009122485
20020130,9762.8603515625,9762.8603515625,9775.58984375,9529.4599609375,9619.1396484375,322690000,1.5036026722501372
20020131,9920.0,9920.0,9922.490234375,9763.2001953125,9763.2001953125,271970000,1.6095656680406245
20020201,9907.259765625,9907.259765625,9943.9404296875,9860.6904296875,9923.0400390625,228390000,-0.12842978200604538
20020204,9687.08984375,9687.08984375,9905.4599609375,9677.5400390625,9905.4599609375,249680000,-2.222308964169073
20020205,9685.4296875,9685.4296875,9773.7197265625,9603.990234375,9684.740234375,273760000,-0.01713782236747452
20020206,9653.3896484375,9653.3896484375,9733.099609375,9608.2099609375,9682.0400390625,263670000,-0.33080658366505533
20020207,9625.4404296875,9625.4404296875,9743.0498046875,9624.1201171875,9650.9697265625,228910000,-0.2895275107280493
20020208,9744.240234375,9744.240234375,9745.5595703125,9580.3203125,9627.650390625,244750000,1.2342272081502736
20020211,9884.7802734375,9884.7802734375,9892.7998046875,9710.6796875,9739.8095703125,189050000,1.4422883229696426
20020212,9863.740234375,9863.740234375,9906.01953125,9811.6396484375,9880.349609375,178160000,-0.21285287563790334
20020213,9989.669921875,9989.669921875,9998.25,9856.990234375,9856.990234375,208240000,1.2766930647781782
20020214,10001.990234375,10001.990234375,10052.2900390625,9959.23046875,9989.669921875,224190000,0.1233305263972806
20020215,9903.0400390625,9903.0400390625,10007.4599609375,9893.76953125,10000.830078125,246600000,-0.989305058231571
20020219,9745.1396484375,9745.1396484375,9899.3798828125,9734.900390625,9899.240234375,226130000,-1.5944638212322948
20020220,9941.169921875,9941.169921875,9956.0498046875,9734.2099609375,9742.3701171875,284530000,2.0115696696961116
20020221,9834.6796875,9834.6796875,10029.9404296875,9831.98046875,9933.5595703125,277780000,-1.0712042467021288
20020222,9968.150390625,9968.150390625,10002.5400390625,9796.1396484375,9834.8896484375,278200000,1.3571433678174927
20020225,10145.7099609375,10145.7099609375,10172.6201171875,9966.3603515625,9969.75,256580000,1.781268975230299
20020226,10115.259765625,10115.259765625,10186.8798828125,10033.75,10145.8603515625,259700000,-0.30012877787496395
20020227,10127.580078125,10127.580078125,10255.240234375,10058.66015625,10117.650390625,263980000,0.12179926947470943
20020228,10106.1298828125,10106.1298828125,10238.7001953125,10104.8798828125,10130.2802734375,269590000,-0.2117998095007012
20020301,10368.8603515625,10368.8603515625,10374.8798828125,10111.0400390625,10111.0400390625,261080000,2.5997139537739855
20020304,10586.8203125,10586.8203125,10600.099609375,10366.7802734375,10368.099609375,298820000,2.1020628453603862
20020305,10433.41015625,10433.41015625,10596.08984375,10425.0498046875,10591.3798828125,288840000,-1.4490673471511228
20020306,10574.2900390625,10574.2900390625,10601.509765625,10425.7998046875,10431.9599609375,246850000,1.3502764743520412
20020307,10525.3701171875,10525.3701171875,10606.8798828125,10468.6396484375,10578.099609375,258070000,-0.4626307931244966
20020308,10572.490234375,10572.490234375,10663.830078125,10531.669921875,10531.669921875,271140000,0.44768133246502195
20020311,10611.240234375,10611.240234375,10647.08984375,10526.0,10570.0703125,214210000,0.36651724561551635
20020312,10632.349609375,10632.349609375,10639.6796875,10510.91015625,10604.3203125,218940000,0.19893409755833424
20020313,10501.849609375,10501.849609375,10620.169921875,10474.169921875,10620.169921875,226430000,-1.2273862767354093
20020314,10517.1396484375,10517.1396484375,10551.1103515625,10474.7197265625,10501.2900390625,185250000,0.14559377282312713
20020315,10607.23046875,10607.23046875,10607.23046875,10511.4697265625,10516.4501953125,330430000,0.8566095281038244
20020318,10577.75,10577.75,10661.0595703125,10525.0302734375,10608.5400390625,182800000,-0.277928049521059
20020319,10635.25,10635.25,10673.099609375,10577.48046875,10578.3798828125,189720000,0.5435938644796856
20020320,10501.5703125,10501.5703125,10626.98046875,10496.0400390625,10626.849609375,209070000,-1.2569491784396258
20020321,10479.83984375,10479.83984375,10505.7197265625,10354.740234375,10501.990234375,227260000,-0.20692589873091416
20020322,10427.669921875,10427.669921875,10491.1904296875,10386.3603515625,10477.7001953125,188650000,-0.49781220565229267
20020325,10281.669921875,10281.669921875,10449.259765625,10280.76953125,10428.4296875,218840000,-1.4001210346495818
20020326,10353.3603515625,10353.3603515625,10432.8603515625,10276.759765625,10280.509765625,202990000,0.697264454434321
20020327,10426.91015625,10426.91015625,10453.900390625,10337.8603515625,10351.2802734375,190880000,0.7103954869724927
20020328,10403.9404296875,10403.9404296875,10502.6103515625,10403.73046875,10429.6796875,179480000,-0.22029274462225246
20020401,10362.7001953125,10362.7001953125,10402.0703125,10263.6796875,10402.0703125,173820000,-0.3963905277400648
20020402,10313.7099609375,10313.7099609375,10352.4599609375,10264.8603515625,10352.4599609375,191170000,-0.47275549279289786
20020403,10198.2900390625,10198.2900390625,10339.8603515625,10139.48046875,10311.8095703125,217770000,-1.1190921822714195
20020404,10235.169921875,10235.169921875,10261.8798828125,10157.259765625,10199.5400390625,214030000,0.36162810305686577
20020405,10271.6396484375,10271.6396484375,10335.2998046875,10217.3896484375,10235.7998046875,181160000,0.35631774402256067
20020408,10249.080078125,10249.080078125,10258.91015625,10120.8701171875,10258.91015625,220420000,-0.21962968994859722
20020409,10208.669921875,10208.669921875,10304.990234375,10201.1298828125,10249.83984375,239080000,-0.39428081293119144
20020410,10381.73046875,10381.73046875,10394.669921875,10210.400390625,10210.400390625,267700000,1.6952310947400573
20020411,10176.080078125,10176.080078125,10378.8896484375,10154.2802734375,10378.8896484375,309050000,-1.9808873987243958
20020412,10190.8203125,10190.8203125,10237.9404296875,10138.650390625,10178.5703125,231400000,0.1448517922602255
20020415,10093.669921875,10093.669921875,10225.759765625,10070.490234375,10189.5703125,231610000,-0.9533127623282289
20020416,10301.3203125,10301.3203125,10308.169921875,10100.1103515625,10100.3798828125,253910000,2.0572338131939594
20020417,10220.7802734375,10220.7802734375,10326.4404296875,10188.259765625,10299.66015625,254320000,-0.7818419058843284
20020418,10205.2802734375,10205.2802734375,10258.83984375,10057.0,10219.4697265625,266470000,-0.1516518268207201
20020419,10257.1103515625,10257.1103515625,10270.8798828125,10212.6904296875,10212.6904296875,249560000,0.5078751071629473
20020422,10136.4296875,10136.4296875,10256.0,10109.240234375,10256.0,207120000,-1.1765561637358868
20020423,10089.240234375,10089.240234375,10177.1298828125,10069.4599609375,10137.2001953125,238640000,-0.46554314072925207
20020424,10030.4296875,10030.4296875,10163.419921875,10027.66015625,10090.0703125,219790000,-0.5829036231551621
20020425,10035.0595703125,10035.0595703125,10039.5595703125,9926.5703125,10028.7001953125,248480000,0.046158369648607867
20020426,9910.7197265625,9910.7197265625,10082.669921875,9910.7197265625,10037.419921875,213180000,-1.2390543661329523
20020429,9819.8701171875,9819.8701171875,9937.08984375,9811.5703125,9910.51953125,211930000,-0.9166802399981799
20020430,9946.2197265625,9946.2197265625,10006.2802734375,9818.900390625,9818.900390625,271250000,1.2866729179427105
20020501,10059.6298828125,10059.6298828125,10086.6103515625,9830.669921875,9944.900390625,262390000,1.140233770898158
20020502,10091.8701171875,10091.8701171875,10117.5400390625,10040.1201171875,10057.6201171875,221770000,0.3204912581335151
20020503,10006.6298828125,10006.6298828125,10092.080078125,9943.7099609375,10091.73046875,227940000,-0.8446426022648335
20020506,9808.0400390625,9808.0400390625,10023.8603515625,9807.6904296875,10005.7998046875,213910000,-1.9845826824383739
20020507,9836.5498046875,9836.5498046875,9919.0302734375,9810.5302734375,9810.5302734375,270090000,0.29067750041245066
20020508,10141.830078125,10141.830078125,10148.9404296875,9847.9599609375,9847.9599609375,281990000,3.103529992721854
20020509,10037.419921875,10037.419921875,10144.740234375,10016.73046875,10137.9599609375,215340000,-1.0295001537760196
20020510,9939.919921875,9939.919921875,10062.0498046875,9922.349609375,10040.25,212260000,-0.9713651591632066
20020513,10109.66015625,10109.66015625,10110.9697265625,9920.2001953125,9938.8203125,201420000,1.7076619903290124
20020514,10298.1396484375,10298.1396484375,10304.4404296875,10119.33984375,10119.33984375,254830000,1.8643504259733046
20020515,10243.6796875,10243.6796875,10349.0703125,10223.6904296875,10288.5595703125,254000000,-0.5288330008785924
20020516,10289.2099609375,10289.2099609375,10318.830078125,10230.6796875,10242.1103515625,198100000,0.4444718580283169
20020517,10353.080078125,10353.080078125,10353.4296875,10256.7197265625,10291.0498046875,228190000,0.6207485067364793
20020520,10229.5,10229.5,10348.9296875,10211.7197265625,10348.9296875,167470000,-1.1936551943233953
20020521,10105.7099609375,10105.7099609375,10292.9501953125,10086.5498046875,10229.080078125,208290000,-1.2101279540788878
20020522,10157.8798828125,10157.8798828125,10157.8798828125,10063.5,10098.580078125,198520000,0.5162420263064904
20020523,10216.080078125,10216.080078125,10216.080078125,10086.9599609375,10158.2998046875,203610000,0.5729561284828488
20020524,10104.259765625,10104.259765625,10217.669921875,10084.75,10211.919921875,143810000,-1.0945520360537642
20020528,9981.580078125,9981.580078125,10118.509765625,9961.8603515625,10106.5400390625,183870000,-1.2141382975659476
20020529,9923.0400390625,9923.0400390625,9988.5,9922.9697265625,9976.9404296875,198060000,-0.586480683462054
20020530,9911.6904296875,9911.6904296875,9943.51953125,9802.23046875,9915.009765625,233250000,-0.11437633356634613
20020531,9925.25,9925.25,10042.259765625,9915.009765625,9915.150390625,221700000,0.13680381170790845
20020603,9709.7900390625,9709.7900390625,9986.490234375,9704.1796875,9923.9404296875,221400000,-2.170826537744641
20020604,9687.83984375,9687.83984375,9739.41015625,9592.7900390625,9710.33984375,263590000,-0.2260625124147264
20020605,9796.7998046875,9796.7998046875,9800.8896484375,9688.3203125,9688.5302734375,224800000,1.1247085283701663
20020606,9624.6396484375,9624.6396484375,9802.5498046875,9594.66015625,9795.7001953125,269660000,-1.7573101388437706
20020607,9589.669921875,9589.669921875,9636.4697265625,9472.5400390625,9592.3798828125,366490000,-0.3633354373758557
20020610,9645.400390625,9645.400390625,9718.08984375,9562.5400390625,9587.3798828125,226060000,0.5811510636343442
20020611,9517.259765625,9517.259765625,9758.7998046875,9508.6904296875,9647.6201171875,252640000,-1.3285153525046889
20020612,9617.7099609375,9617.7099609375,9624.76953125,9449.98046875,9515.1201171875,332400000,1.0554529117226874
20020613,9502.7998046875,9502.7998046875,9625.400390625,9491.8603515625,9612.8701171875,227630000,-1.1947766850602615
20020614,9474.2099609375,9474.2099609375,9498.919921875,9260.990234375,9498.919921875,286920000,-0.3008570562109236
20020617,9687.419921875,9687.419921875,9687.76953125,9476.5,9476.5,247560000,2.2504246983819476
20020618,9706.1201171875,9706.1201171875,9721.75,9636.9599609375,9684.51953125,212730000,0.1930358698529533
20020619,9561.5703125,9561.5703125,9733.3896484375,9542.740234375,9702.0,248010000,-1.4892645355947365
20020620,9431.76953125,9431.76953125,9573.8896484375,9425.8798828125,9561.6396484375,277030000,-1.3575257725220058
20020621,9253.7900390625,9253.7900390625,9430.66015625,9220.6298828125,9430.66015625,416400000,-1.8870212169392553
20020624,9281.8203125,9281.8203125,9369.9501953125,9083.5595703125,9252.4697265625,341190000,0.302905872287762
20020625,9126.8203125,9126.8203125,9413.080078125,9111.25,9285.5595703125,294930000,-1.6699310564249892
20020626,9120.1103515625,9120.1103515625,9160.8095703125,8926.5703125,9108.2197265625,407350000,-0.07351915242935769
20020627,9269.919921875,9269.919921875,9269.919921875,9034.9599609375,9122.1201171875,335340000,1.6426289215550227
20020628,9243.259765625,9243.259765625,9362.8203125,9237.73046875,9270.330078125,331590000,-0.28759856044805465
20020701,9109.7900390625,9109.7900390625,9327.4404296875,9106.8896484375,9239.25,258620000,-1.4439681448623176
20020702,9007.75,9007.75,9135.8203125,8960.5400390625,9104.9501953125,313900000,-1.1201140599833348
20020703,9054.9697265625,9054.9697265625,9070.8896484375,8897.5400390625,9006.3701171875,272750000,0.5242122235019853
20020705,9379.5,9379.5,9379.849609375,9061.5400390625,9061.5400390625,143040000,3.5840017497297483
20020708,9274.900390625,9274.900390625,9410.3798828125,9240.3603515625,9375.7001953125,244270000,-1.1151938736073341
20020709,9096.08984375,9096.08984375,9318.099609375,9081.9599609375,9273.3798828125,255570000,-1.9278972209312406
20020710,8813.5,8813.5,9134.23046875,8811.7001953125,9098.16015625,383600000,-3.1067178161632847
20020711,8801.5302734375,8801.5302734375,8854.900390625,8605.33984375,8812.1201171875,413260000,-0.13581127318885722
20020712,8684.5302734375,8684.5302734375,8849.2197265625,8599.66015625,8805.330078125,339060000,-1.3293142938234137
20020715,8639.1904296875,8639.1904296875,8681.900390625,8244.8701171875,8681.2802734375,379100000,-0.5220759479493853
20020716,8473.1103515625,8473.1103515625,8635.66015625,8406.4501953125,8635.3095703125,364500000,-1.9224032561463877
20020717,8542.48046875,8542.48046875,8723.3701171875,8452.759765625,8476.2099609375,377580000,0.8187090018803689
20020718,8409.490234375,8409.490234375,8621.9501953125,8404.4296875,8540.4697265625,276320000,-1.5568105172906521
20020719,8019.259765625,8019.259765625,8406.099609375,7966.72021484375,8406.099609375,379120000,-4.640358189071636
20020722,7784.580078125,7784.580078125,8103.85986328125,7717.2900390625,8015.0400390625,477860000,-2.926450749306908
20020723,7702.33984375,7702.33984375,7894.41015625,7682.89013671875,7785.5498046875,528730000,-1.0564504899384208
20020724,8191.2900390625,8191.2900390625,8202.01953125,7532.66015625,7698.4599609375,568650000,6.3480735105353014
20020725,8186.31005859375,8186.31005859375,8309.3896484375,7945.9501953125,8185.89013671875,442460000,-0.060796046105093815
20020726,8264.3896484375,8264.3896484375,8267.7197265625,8114.58984375,8192.6103515625,306600000,0.9537824646866921
20020729,8711.8798828125,8711.8798828125,8711.8798828125,8267.990234375,8267.990234375,328750000,5.414679769601682
20020730,8680.0302734375,8680.0302734375,8762.1396484375,8540.1201171875,8707.0302734375,332810000,-0.3655882519435938
20020731,8736.58984375,8736.58984375,8736.73046875,8537.099609375,8678.650390625,328050000,0.6516056802887249
20020801,8506.6201171875,8506.6201171875,8734.3095703125,8479.900390625,8732.580078125,306600000,-2.6322596193183556
20020802,8313.1298828125,8313.1298828125,8508.76953125,8203.8203125,8504.9599609375,298050000,-2.2745841675009815
20020805,8043.6298828125,8043.6298828125,8312.919921875,8030.81982421875,8312.919921875,281930000,-3.241859610027198
20020806,8274.08984375,8274.08984375,8418.150390625,8049.93017578125,8049.93017578125,303670000,2.8651238843043103
20020807,8456.150390625,8456.150390625,8460.169921875,8214.6201171875,8282.25,282860000,2.2003694703958576
20020808,8712.01953125,8712.01953125,8717.419921875,8430.330078125,8456.2900390625,308760000,3.0258347924922324
20020809,8745.4501953125,8745.4501953125,8796.6796875,8575.98046875,8707.240234375,240400000,0.3837303617443055
20020812,8688.8896484375,8688.8896484375,8742.0595703125,8582.009765625,8741.919921875,194200000,-0.6467425416854633
20020813,8482.3896484375,8482.3896484375,8745.51953125,8473.3203125,8683.150390625,263650000,-2.3765982577202416
20020814,8743.3095703125,8743.3095703125,8748.2900390625,8353.0703125,8479.1396484375,308960000,3.0760190546429644
20020815,8818.1396484375,8818.1396484375,8854.2099609375,8687.919921875,8745.0400390625,285810000,0.8558552973931377
20020816,8778.0595703125,8778.0595703125,8837.51953125,8709.3896484375,8813.0703125,250960000,-0.4545185234405058
20020819,8990.7900390625,8990.7900390625,8994.1201171875,8753.51953125,8777.08984375,250510000,2.4234338699347324
20020820,8872.0703125,8872.0703125,8986.5,8822.01953125,8986.5,250310000,-1.3204593372406204
20020821,8957.23046875,8957.23046875,8974.3603515625,8798.8896484375,8866.1396484375,280710000,0.9598679141441968
20020822,9053.6396484375,9053.6396484375,9077.009765625,8926.919921875,8961.1796875,236710000,1.0763280014269183
20020823,8872.9599609375,8872.9599609375,9051.490234375,8829.9599609375,9051.490234375,208070000,-1.9956580393740597
20020826,8919.009765625,8919.009765625,8949.5302734375,8756.01953125,8873.9296875,187120000,0.5189903356966674
20020827,8824.41015625,8824.41015625,9017.01953125,8782.0302734375,8917.490234375,231250000,-1.0606514833025438
20020828,8694.08984375,8694.08984375,8823.990234375,8646.1904296875,8823.9296875,219470000,-1.4768161292650128
20020829,8670.990234375,8670.990234375,8742.009765625,8558.01953125,8690.6904296875,224250000,-0.2656932443780291
20020830,8663.5,8663.5,8783.349609375,8605.8701171875,8669.259765625,177100000,-0.08638268724263654
20020903,8308.0498046875,8308.0498046875,8659.26953125,8304.2998046875,8659.26953125,267290000,-4.102847524816755
20020904,8425.1201171875,8425.1201171875,8452.58984375,8280.400390625,8308.5302734375,273410000,1.4091190502246054
20020905,8283.7001953125,8283.7001953125,8420.2001953125,8217.0498046875,8420.2001953125,285590000,-1.6785508088662082
20020906,8427.2001953125,8427.2001953125,8474.7099609375,8296.4599609375,8296.4599609375,253650000,1.7323176432821885
20020909,8519.3798828125,8519.3798828125,8558.009765625,8315.4697265625,8425.8798828125,230080000,1.0938352639501048
20020910,8602.6103515625,8602.6103515625,8602.6103515625,8502.3203125,8520.1396484375,220350000,0.9769545424064718
20020911,8581.169921875,8581.169921875,8726.900390625,8570.2197265625,8604.26953125,185470000,-0.24923167284457426
20020912,8379.41015625,8379.41015625,8574.9404296875,8359.08984375,8574.9404296875,222760000,-2.351191824213583
20020913,8312.6904296875,8312.6904296875,8378.4404296875,8247.83984375,8377.6796875,248270000,-0.7962341658706795
20020916,8380.1796875,8380.1796875,8389.259765625,8257.6904296875,8311.7900390625,189900000,0.8118822465885689
20020917,8207.5498046875,8207.5498046875,8482.33984375,8192.009765625,8386.349609375,260470000,-2.0599782970047498
20020918,8172.4501953125,8172.4501953125,8253.3203125,8051.91015625,8203.0703125,289370000,-0.42765027578576253
20020919,7942.39013671875,7942.39013671875,8170.64990234375,7939.830078125,8170.64990234375,276320000,-2.8150683466472093
20020920,7986.02001953125,7986.02001953125,8017.3701171875,7922.06982421875,7945.93017578125,431280000,0.5493293839947899
20020923,7872.14990234375,7872.14990234375,7984.77001953125,7788.419921875,7984.77001953125,268190000,-1.42586816598268
20020924,7683.1298828125,7683.1298828125,7871.22998046875,7666.0,7871.22998046875,336190000,-2.401123223974355
20020925,7841.81982421875,7841.81982421875,7891.27978515625,7665.66015625,7687.16015625,328040000,2.0654335385016154
20020926,7997.1201171875,7997.1201171875,8012.419921875,7844.6201171875,7844.6201171875,334600000,1.9804113898296727
20020927,7701.4501953125,7701.4501953125,7996.009765625,7694.72021484375,7996.009765625,327120000,-3.6972049630659254
20020930,7591.93017578125,7591.93017578125,7698.81005859375,7460.77978515625,7698.81005859375,373450000,-1.4220700875000047
20021001,7938.7900390625,7938.7900390625,7940.58984375,7593.0400390625,7593.0400390625,339910000,4.568796804635467
20021002,7755.60986328125,7755.60986328125,7969.3701171875,7742.02001953125,7936.56982421875,322970000,-2.307406731755335
20021003,7717.18994140625,7717.18994140625,7913.47021484375,7693.330078125,7753.4599609375,316980000,-0.4953823432622406
20021004,7528.39990234375,7528.39990234375,7784.81005859375,7472.009765625,7719.33984375,338800000,-2.4463572945063183
20021007,7422.83984375,7422.83984375,7637.91015625,7404.93994140625,7528.68017578125,300960000,-1.4021579613602508
20021008,7501.490234375,7501.490234375,7622.66015625,7331.419921875,7425.81982421875,377960000,1.0595727818541567
20021009,7286.27001953125,7286.27001953125,7500.02978515625,7282.39013671875,7499.9599609375,377870000,-2.869032793744364
20021010,7533.9501953125,7533.9501953125,7560.93017578125,7197.490234375,7286.33984375,393740000,3.3992725374894173
20021011,7850.2900390625,7850.2900390625,7901.259765625,7540.740234375,7540.740234375,351520000,4.198857645048171
20021014,7877.39990234375,7877.39990234375,7915.0,7745.7001953125,7848.2099609375,228340000,0.34533581748386055
20021015,8255.6796875,8255.6796875,8255.6796875,7883.22998046875,7883.22998046875,410910000,4.802089393020426
20021016,8036.02978515625,8036.02978515625,8232.099609375,8013.41015625,8232.099609375,385800000,-2.6605913826371452
20021017,8275.0400390625,8275.0400390625,8318.4501953125,8038.240234375,8038.31005859375,390240000,2.974233051596431
20021018,8322.400390625,8322.400390625,8331.5595703125,8147.2001953125,8287.7197265625,319260000,0.572327763236613
20021021,8538.240234375,8538.240234375,8547.830078125,8230.5,8320.740234375,311250000,2.593480650043456
20021022,8450.16015625,8450.16015625,8534.080078125,8376.150390625,8534.080078125,294820000,-1.0315952199422718
20021023,8494.26953125,8494.26953125,8494.759765625,8294.3798828125,8448.5595703125,332100000,0.5219945442971996
20021024,8317.33984375,8317.33984375,8558.6298828125,8277.8701171875,8495.3798828125,303020000,-2.0829299900254394
20021025,8443.990234375,8443.990234375,8445.2998046875,8258.51953125,8317.48046875,242650000,1.5227271339666393
20021028,8368.0400390625,8368.0400390625,8531.4501953125,8325.4501953125,8448.98046875,290400000,-0.8994585877576067
20021029,8368.9404296875,8368.9404296875,8399.740234375,8198.0400390625,8367.2802734375,287600000,0.010759874723320628
20021030,8427.41015625,8427.41015625,8459.3095703125,8307.419921875,8363.9501953125,290370000,0.6986514846621272
20021031,8397.0302734375,8397.0302734375,8493.919921875,8336.33984375,8427.33984375,291380000,-0.36048895507915235
20021101,8517.6396484375,8517.6396484375,8542.26953125,8309.5,8395.6396484375,281290000,1.436333692657099
20021104,8571.599609375,8571.599609375,8730.6396484375,8521.599609375,8521.599609375,336230000,0.6335083798408636
20021105,8678.26953125,8678.26953125,8691.3798828125,8544.419921875,8568.759765625,252030000,1.2444575894367649
20021106,8771.009765625,8771.009765625,8800.0,8590.1904296875,8677.169921875,321670000,1.0686489286953815
20021107,8586.240234375,8586.240234375,8766.2197265625,8549.8203125,8766.080078125,328020000,-2.1065936099414873
20021108,8537.1298828125,8537.1298828125,8668.91015625,8498.919921875,8585.75,250130000,-0.5719657291428537
20021111,8358.9501953125,8358.9501953125,8535.8798828125,8349.5302734375,8535.8095703125,213540000,-2.087114638594434
20021112,8386.0,8386.0,8504.669921875,8356.73046875,8356.73046875,275330000,0.3236028933713442
20021113,8398.490234375,8398.490234375,8493.509765625,8298.6796875,8380.3203125,301160000,0.14894150220605695
20021114,8542.1298828125,8542.1298828125,8545.1103515625,8403.6904296875,8403.6904296875,267380000,1.710303214375175
20021115,8579.08984375,8579.08984375,8583.9501953125,8460.76953125,8535.6396484375,290040000,0.4326785174721737
20021118,8486.5703125,8486.5703125,8636.240234375,8480.6796875,8579.740234375,232900000,-1.0784306136786936
20021119,8474.7802734375,8474.7802734375,8546.83984375,8405.1201171875,8484.9296875,263730000,-0.13892583963081018
20021120,8623.009765625,8623.009765625,8643.0302734375,8439.0595703125,8469.5703125,299740000,1.7490659038334577
20021121,8845.150390625,8845.150390625,8856.5703125,8625.48046875,8625.48046875,399040000,2.576137926754374
20021122,8804.83984375,8804.83984375,8880.3896484375,8801.0,8842.41015625,279420000,-0.45573613895503184
20021125,8849.400390625,8849.400390625,8868.8701171875,8756.01953125,8804.9697265625,228250000,0.5060915095080443
20021126,8676.419921875,8676.419921875,8844.400390625,8670.1796875,8844.1201171875,254320000,-1.9547140045019784
20021127,8931.6796875,8931.6796875,8939.91015625,8678.9599609375,8678.9599609375,226450000,2.941994139557935
20021129,8896.08984375,8896.08984375,8950.330078125,8891.2900390625,8933.669921875,109700000,-0.39846753348989905
20021202,8862.5703125,8862.5703125,9043.3701171875,8787.150390625,8902.9501953125,282090000,-0.3767894866029131
20021203,8742.9296875,8742.9296875,8861.1298828125,8721.8798828125,8861.1298828125,240680000,-1.3499540289260703
20021204,8737.849609375,8737.849609375,8811.6201171875,8653.3798828125,8734.2197265625,283220000,-0.05810498661865671
20021205,8623.2802734375,8623.2802734375,8769.0498046875,8608.75,8740.66015625,241330000,-1.311184571253965
20021206,8645.76953125,8645.76953125,8679.509765625,8501.8603515625,8620.8798828125,242140000,0.2607970180648511
20021209,8473.41015625,8473.41015625,8643.990234375,8473.0,8643.990234375,227690000,-1.9935689284454106
20021210,8574.259765625,8574.259765625,8578.990234375,8469.5498046875,8473.6103515625,224650000,1.190189162513433
20021211,8589.1396484375,8589.1396484375,8625.8896484375,8487.5302734375,8571.51953125,219990000,0.17354131107800708
20021212,8538.400390625,8538.400390625,8615.1298828125,8510.83984375,8590.990234375,206020000,-0.5907373717195297
20021213,8433.7099609375,8433.7099609375,8536.0703125,8422.9404296875,8536.0703125,213100000,-1.2261129122317582
20021216,8627.400390625,8627.400390625,8627.5400390625,8434.740234375,8436.58984375,207040000,2.2966218969423746
20021217,8535.3896484375,8535.3896484375,8638.6396484375,8525.0302734375,8626.990234375,224130000,-1.0664944018071054
20021218,8447.349609375,8447.349609375,8531.3798828125,8407.7197265625,8531.3095703125,227620000,-1.0314706497156378
20021219,8364.7998046875,8364.7998046875,8505.23046875,8327.7802734375,8441.9404296875,249130000,-0.9772272784339897
20021220,8511.3203125,8511.3203125,8513.650390625,8367.41015625,8367.41015625,386140000,1.751631972475809
20021223,8493.2900390625,8493.2900390625,8554.0400390625,8462.6396484375,8511.3896484375,184910000,-0.21183873682935062
20021224,8448.1103515625,8448.1103515625,8491.990234375,8443.650390625,8491.990234375,81600000,-0.5319456570093473
20021226,8432.6103515625,8432.6103515625,8565.009765625,8408.7099609375,8448.8603515625,130760000,-0.18347298218155395
20021227,8303.7802734375,8303.7802734375,8449.41015625,8285.1396484375,8429.2802734375,143720000,-1.5277603583465527
20021230,8332.849609375,8332.849609375,8364.740234375,8252.509765625,8304.0595703125,200850000,0.3500735204962968
20021231,8341.6298828125,8341.6298828125,8361.3095703125,8242.91015625,8332.240234375,190390000,0.10536939761425224
20030102,8607.51953125,8607.51953125,8608.26953125,8342.3798828125,8342.3798828125,243910000,3.18750234873586
20030103,8601.6904296875,8601.6904296875,8635.490234375,8552.8701171875,8607.3798828125,234000000,-0.0677210378824844
20030106,8773.5703125,8773.5703125,8800.58984375,8602.099609375,8602.7802734375,258040000,1.998210517077914
20030107,8740.58984375,8740.58984375,8802.6396484375,8713.0302734375,8775.83984375,266970000,-0.3759070432593603
20030108,8595.3095703125,8595.3095703125,8736.0703125,8580.099609375,8735.9296875,255650000,-1.6621335176982721
20030109,8776.1796875,8776.1796875,8787.7001953125,8596.6103515625,8596.6796875,253560000,2.1042885739940065
20030110,8784.8896484375,8784.8896484375,8818.5498046875,8689.580078125,8776.0400390625,235610000,0.09924547180713006
20030113,8785.98046875,8785.98046875,8869.2900390625,8746.9697265625,8787.830078125,231990000,0.012417006429821242
20030114,8842.6201171875,8842.6201171875,8843.3701171875,8746.349609375,8787.2197265625,225130000,0.6446593938941314
20030115,8723.1796875,8723.1796875,8854.6103515625,8702.1396484375,8843.6396484375,254600000,-1.3507357333528591
20030116,8697.8701171875,8697.8701171875,8805.51953125,8673.0498046875,8721.1201171875,230790000,-0.29014156785933665
20030117,8586.740234375,8586.740234375,8695.8203125,8559.1103515625,8695.8203125,293830000,-1.2776677659614766
20030121,8442.900390625,8442.900390625,8623.490234375,8438.1796875,8586.259765625,231720000,-1.6751391077858724
20030122,8318.73046875,8318.73046875,8444.6103515625,8306.58984375,8439.5400390625,265550000,-1.4707022010218007
20030123,8369.4697265625,8369.4697265625,8386.6103515625,8255.8603515625,8320.7197265625,274990000,0.609939918153457
20030124,8131.009765625,8131.009765625,8367.8896484375,8112.43017578125,8367.8896484375,267450000,-2.8491645077667327
20030127,7989.56005859375,7989.56005859375,8150.33984375,7957.81982421875,8128.5400390625,272190000,-1.739632728388163
20030128,8088.83984375,8088.83984375,8114.0,7991.06982421875,7991.06982421875,265270000,1.2426189230464901
20030129,8110.7099609375,8110.7099609375,8158.02001953125,7945.0,8087.9501953125,297990000,0.2703739672185401
20030130,7945.1298828125,7945.1298828125,8141.08984375,7938.6201171875,8109.14013671875,259940000,-2.0414991896203993
20030131,8053.81005859375,8053.81005859375,8089.66015625,7917.16015625,7939.72021484375,307420000,1.3678841930118146
20030203,8109.81982421875,8109.81982421875,8152.080078125,8053.740234375,8053.740234375,221770000,0.6954443327755744
20030204,8013.2900390625,8013.2900390625,8104.60986328125,7934.77001953125,8104.60986328125,228700000,-1.190282734370729
20030205,7985.18017578125,7985.18017578125,8152.52978515625,7967.81982421875,8014.4501953125,229550000,-0.3507905385206622
20030206,7929.2998046875,7929.2998046875,7991.9599609375,7881.2998046875,7981.9501953125,218870000,-0.6998010046565195
20030207,7864.22998046875,7864.22998046875,8001.080078125,7830.02001953125,7932.4501953125,220080000,-0.8206250970644757
20030210,7920.10986328125,7920.10986328125,7933.68017578125,7801.2900390625,7865.740234375,224630000,0.7105575873452397
20030211,7843.10986328125,7843.10986328125,7985.52001953125,7806.5,7920.93017578125,227230000,-0.9722087361058285
20030212,7758.169921875,7758.169921875,7854.6201171875,7753.7099609375,7836.35986328125,205990000,-1.0829880351913679
20030213,7749.8701171875,7749.8701171875,7781.89013671875,7628.990234375,7756.5498046875,238130000,-0.10698147592898
20030214,7908.7998046875,7908.7998046875,7908.7998046875,7725.31982421875,7750.89990234375,237900000,2.0507400136620335
20030218,8041.14990234375,8041.14990234375,8076.02001953125,7909.2998046875,7909.2998046875,225050000,1.6734536329748417
20030219,8000.60009765625,8000.60009765625,8043.10986328125,7935.27001953125,8033.7998046875,199120000,-0.5042786812826439
20030220,7914.9599609375,7914.9599609375,8027.35009765625,7893.740234375,8002.7001953125,219580000,-1.0704214143116286
20030221,8018.10986328125,8018.10986328125,8039.27001953125,7854.3798828125,7915.52001953125,261470000,1.3032270896229825
20030224,7858.240234375,7858.240234375,8017.33984375,7851.10986328125,8017.33984375,229020000,-1.993856802067151
20030225,7909.5,7909.5,7920.490234375,7719.64013671875,7856.419921875,270080000,0.6523059119619479
20030226,7806.97998046875,7806.97998046875,7925.81005859375,7793.89013671875,7907.39013671875,261170000,-1.296163089085911
20030227,7884.990234375,7884.990234375,7924.6201171875,7789.9501953125,7807.9599609375,254920000,0.9992372735861288
20030228,7891.080078125,7891.080078125,7965.7998046875,7855.43994140625,7886.10986328125,245060000,0.07723337086014137
20030303,7837.85986328125,7837.85986328125,7981.4599609375,7822.72998046875,7890.240234375,216370000,-0.6744351130244186
20030304,7704.8701171875,7704.8701171875,7845.7099609375,7704.31005859375,7838.14013671875,219770000,-1.6967609578831477
20030305,7775.60009765625,7775.60009765625,7775.60009765625,7661.31982421875,7702.35009765625,237140000,0.9179905617223927
20030306,7673.990234375,7673.990234375,7777.419921875,7659.08984375,7774.759765625,231760000,-1.3067784094487833
20030307,7740.02978515625,7740.02978515625,7743.81982421875,7562.64990234375,7671.75,310190000,0.8605633935450108
20030310,7568.18017578125,7568.18017578125,7739.47021484375,7559.64013671875,7739.39990234375,215960000,-2.2202706468206546
20030311,7524.06005859375,7524.06005859375,7642.41015625,7520.6298828125,7568.52978515625,227470000,-0.5829686419026814
20030312,7552.06982421875,7552.06982421875,7552.06982421875,7416.64013671875,7517.759765625,286350000,0.37226929884761617
20030313,7821.75,7821.75,7824.33984375,7555.2900390625,7555.2900390625,346650000,3.5709438876798005
20030314,7859.7099609375,7859.7099609375,7931.6298828125,7799.47998046875,7822.169921875,301760000,0.4853128895387915
20030317,8141.919921875,8141.919921875,8145.83984375,7779.72998046875,7857.9599609375,356750000,3.5905900133729407
20030318,8194.23046875,8194.23046875,8209.3603515625,8096.1201171875,8142.68994140625,302750000,0.6424841729830488
20030319,8265.4501953125,8265.4501953125,8277.6396484375,8141.5,8193.0400390625,277110000,0.8691447822233966
20030320,8286.599609375,8286.599609375,8318.8095703125,8130.85986328125,8264.6796875,266450000,0.2558773395609393
20030321,8521.9697265625,8521.9697265625,8522.1796875,8290.3798828125,8290.3798828125,360490000,2.840370336237985
20030324,8214.6796875,8214.6796875,8514.8203125,8185.2001953125,8514.8203125,259460000,-3.6058569664322304
20030325,8280.23046875,8280.23046875,8337.7197265625,8180.72021484375,8216.849609375,258050000,0.7979712386077198
20030326,8229.8798828125,8229.8798828125,8284.990234375,8187.72998046875,8279.8798828125,227160000,-0.6080819383895819
20030327,8201.4501953125,8201.4501953125,8251.7998046875,8104.0498046875,8226.3896484375,225400000,-0.34544474408882975
20030328,8145.77001953125,8145.77001953125,8205.08984375,8105.7900390625,8198.849609375,187980000,-0.6789064672132472
20030331,7992.1298828125,7992.1298828125,8142.830078125,7929.31005859375,8142.830078125,301270000,-1.88613398549633
20030401,8069.85986328125,8069.85986328125,8100.52978515625,7979.68994140625,7992.830078125,263590000,0.9725815472032329
20030402,8285.0595703125,8285.0595703125,8316.580078125,8069.85986328125,8069.85986328125,289360000,2.666709344116769
20030403,8240.3798828125,8240.3798828125,8335.6201171875,8237.5400390625,8285.759765625,258180000,-0.5392802202665914
20030404,8277.150390625,8277.150390625,8305.8603515625,8215.099609375,8240.58984375,246900000,0.44622345493070537
20030407,8300.41015625,8300.41015625,8520.2099609375,8284.150390625,8284.150390625,285610000,0.2810117555837266
20030408,8298.919921875,8298.919921875,8342.830078125,8260.48046875,8299.1201171875,229810000,-0.01795374381442505
20030409,8197.9404296875,8197.9404296875,8388.330078125,8195.1396484375,8299.2802734375,261020000,-1.2167787270886854
20030410,8221.330078125,8221.330078125,8225.0400390625,8145.8701171875,8198.990234375,206280000,0.28531127590045724
20030411,8203.41015625,8203.41015625,8337.580078125,8179.8798828125,8223.2197265625,214360000,-0.2179686462496
20030414,8351.099609375,8351.099609375,8351.9404296875,8201.5498046875,8203.9697265625,199690000,1.8003421785814044
20030415,8402.3603515625,8402.3603515625,8402.4296875,8307.5400390625,8347.66015625,255820000,0.6138202702067552
20030416,8257.6103515625,8257.6103515625,8446.4697265625,8233.73046875,8405.7197265625,303520000,-1.7227302084596108
20030417,8337.650390625,8337.650390625,8347.4501953125,8235.41015625,8255.7900390625,246320000,0.9692881554692834
20030421,8328.900390625,8328.900390625,8397.9501953125,8301.9404296875,8336.669921875,175900000,-0.10494563324265904
20030422,8484.990234375,8484.990234375,8487.509765625,8263.98046875,8326.3798828125,250980000,1.8740750450767063
20030423,8515.66015625,8515.66015625,8526.3798828125,8451.4501953125,8484.919921875,271240000,0.3614608977479783
20030424,8440.0400390625,8440.0400390625,8512.4404296875,8395.7001953125,8512.4404296875,239460000,-0.888012388939674
20030425,8306.349609375,8306.349609375,8439.330078125,8288.490234375,8438.98046875,226270000,-1.5840023159694683
20030428,8471.6103515625,8471.6103515625,8501.66015625,8305.0302734375,8306.83984375,214870000,1.9895712311576386
20030429,8502.990234375,8502.990234375,8559.76953125,8442.33984375,8472.8798828125,236500000,0.37041225351814866
20030430,8480.08984375,8480.08984375,8528.75,8432.1201171875,8501.3798828125,252910000,-0.2693216150292721
20030501,8454.25,8454.25,8488.349609375,8340.23046875,8478.48046875,198580000,-0.30471191020511323
20030502,8582.6796875,8582.6796875,8593.25,8409.2900390625,8453.48046875,216790000,1.5191139072064264
20030505,8531.5703125,8531.5703125,8601.9404296875,8511.1103515625,8583.169921875,200340000,-0.5954943777575328
20030506,8588.3603515625,8588.3603515625,8641.2197265625,8525.75,8531.2802734375,225340000,0.6656457953501782
20030507,8560.6298828125,8560.6298828125,8635.0595703125,8529.0400390625,8585.419921875,210880000,-0.3228843180171692
20030508,8491.2197265625,8491.2197265625,8575.1103515625,8477.3603515625,8558.669921875,192890000,-0.8108066485780108
20030509,8604.599609375,8604.599609375,8612.7900390625,8492.6904296875,8492.6904296875,19950000,1.3352602625253285
20030512,8726.73046875,8726.73046875,8743.4697265625,8569.4404296875,8603.900390625,224780000,1.419367139894967
20030513,8679.25,8679.25,8723.2900390625,8647.599609375,8722.8798828125,194040000,-0.544080843564787
20030514,8647.8203125,8647.8203125,8728.41015625,8608.3095703125,8673.2900390625,202190000,-0.3621244635193088
20030515,8713.1396484375,8713.1396484375,8727.7802734375,8643.1103515625,8649.2197265625,213370000,0.7553271642691817
20030516,8678.9697265625,8678.9697265625,8742.580078125,8644.8203125,8710.3603515625,244540000,-0.3921654335142799
20030519,8493.3896484375,8493.3896484375,8676.58984375,8483.3095703125,8676.51953125,220770000,-2.138273135773494
20030520,8491.3603515625,8491.3603515625,8550.259765625,8416.7197265625,8494.08984375,263620000,-0.0238926619288371
20030521,8516.4296875,8516.4296875,8523.16015625,8431.2099609375,8485.6201171875,316410000,0.2952334478760754
20030522,8594.01953125,8594.01953125,8628.1396484375,8509.2197265625,8516.990234375,278820000,0.9110606979340519
20030523,8601.3798828125,8601.3798828125,8625.8203125,8541.5703125,8594.01953125,197850000,0.08564504113279803
20030527,8781.349609375,8781.349609375,8792.4404296875,8540.58984375,8600.5400390625,266320000,2.0923355207473238
20030528,8793.1201171875,8793.1201171875,8854.5302734375,8773.9296875,8781.83984375,265520000,0.1340398496369355
20030529,8711.1796875,8711.1796875,8862.580078125,8679.599609375,8787.23046875,286300000,-0.9318697867817693
20030530,8850.259765625,8850.259765625,8868.330078125,8711.3896484375,8711.4599609375,246980000,1.5965699608351702
20030602,8897.8095703125,8897.8095703125,9003.26953125,8851.4501953125,8851.4501953125,261750000,0.5372701586928263
20030603,8922.9501953125,8922.9501953125,8940.3798828125,8861.3203125,8898.23046875,222930000,0.2825484721979299
20030604,9038.98046875,9038.98046875,9057.400390625,8909.009765625,8919.9404296875,253390000,1.3003577392873389
20030605,9041.2998046875,9041.2998046875,9045.150390625,8969.240234375,9036.669921875,300130000,0.025659264842081697
20030606,9062.7900390625,9062.7900390625,9215.8798828125,9045.5703125,9045.5703125,348170000,0.2376896556826713
20030609,8980.0,8980.0,9066.4501953125,8945.58984375,9061.1796875,210890000,-0.9135160221704131
20030610,9054.8896484375,9054.8896484375,9059.2900390625,8980.650390625,8980.7900390625,211700000,0.833960450306237
20030611,9183.2197265625,9183.2197265625,9183.2197265625,9038.0703125,9048.849609375,217720000,1.4172461852933083
20030612,9196.5498046875,9196.5498046875,9236.1103515625,9116.8603515625,9184.2900390625,215420000,0.14515691143099918
20030613,9117.1201171875,9117.1201171875,9222.669921875,9074.080078125,9197.8798828125,189390000,-0.8636900705905393
20030616,9318.9599609375,9318.9599609375,9318.9599609375,9117.5595703125,9117.5595703125,209150000,2.213855265211362
20030617,9323.01953125,9323.01953125,9352.76953125,9268.9599609375,9319.66015625,266920000,0.043562482610903785
20030618,9293.7998046875,9293.7998046875,9333.66015625,9232.0498046875,9322.669921875,259520000,-0.3134148380206425
20030619,9179.5302734375,9179.5302734375,9313.2900390625,9154.740234375,9293.7998046875,234810000,-1.2295243458156468
20030620,9200.75,9200.75,9276.509765625,9180.9296875,9180.9296875,338410000,0.23116353375840504
20030623,9072.9501953125,9072.9501953125,9199.7001953125,9038.2900390625,9199.490234375,197010000,-1.3890150768959053
20030624,9109.849609375,9109.849609375,9140.8095703125,9057.8896484375,9071.48046875,205210000,0.4066969758256045
20030625,9011.5302734375,9011.5302734375,9161.740234375,9000.6796875,9109.5703125,217660000,-1.0792640949453092
20030626,9079.0400390625,9079.0400390625,9092.2099609375,8987.16015625,9011.0595703125,190510000,0.7491487414073461
20030627,8989.0498046875,8989.0498046875,9105.509765625,8970.2802734375,9079.740234375,213230000,-0.9911866671786673
20030630,8985.4404296875,8985.4404296875,9068.0498046875,8970.4296875,8990.740234375,223930000,-0.04015302037950752
20030701,9040.9501953125,9040.9501953125,9050.8203125,8871.2001953125,8983.66015625,230460000,0.6177745660813416
20030702,9142.83984375,9142.83984375,9148.2998046875,9043.5400390625,9043.5400390625,253550000,1.1269794240247766
20030703,9070.2099609375,9070.2099609375,9149.6298828125,9035.33984375,9141.16015625,132100000,-0.7943908463205696
20030707,9216.7900390625,9216.7900390625,9261.1201171875,9073.919921875,9073.919921875,235220000,1.6160604744132057
20030708,9223.08984375,9223.08984375,9236.3896484375,9162.9404296875,9213.48046875,225570000,0.06835139631911069
20030709,9156.2099609375,9156.2099609375,9229.1103515625,9108.240234375,9221.900390625,273640000,-0.7251353282416662
20030710,9036.0400390625,9036.0400390625,9154.5302734375,8996.759765625,9154.5302734375,213540000,-1.3124417459590032
20030711,9119.58984375,9119.58984375,9146.48046875,9035.51953125,9036.3896484375,192970000,0.9246285355788197
20030714,9177.150390625,9177.150390625,9278.41015625,9126.4501953125,9126.4501953125,250150000,0.6311747333072049
20030715,9128.9697265625,9128.9697265625,9238.009765625,9091.2998046875,9179.1796875,271370000,-0.5250068050722922
20030716,9094.58984375,9094.58984375,9153.419921875,9042.1904296875,9133.7001953125,279140000,-0.3766020026604422
20030717,9050.8203125,9050.8203125,9113.5703125,9017.83984375,9089.33984375,245390000,-0.4812699858045777
20030718,9188.150390625,9188.150390625,9188.150390625,9052.2900390625,9052.2900390625,229880000,1.517321893302137
20030721,9096.6904296875,9096.6904296875,9187.7998046875,9075.1904296875,9187.7998046875,204350000,-0.9954121019919326
20030722,9158.4501953125,9158.4501953125,9174.419921875,9037.2998046875,9098.650390625,217580000,0.6789256609573524
20030723,9194.240234375,9194.240234375,9203.48046875,9102.2802734375,9159.080078125,190150000,0.3907870687642978
20030724,9112.509765625,9112.509765625,9281.419921875,9106.419921875,9196.5595703125,210790000,-0.8889311859008209
20030725,9284.5703125,9284.5703125,9284.5703125,9085.1298828125,9113.849609375,201620000,1.8881795608501006
20030728,9266.509765625,9266.509765625,9303.830078125,9234.5,9284.919921875,205610000,-0.19452216168458492
20030729,9204.4599609375,9204.4599609375,9289.6904296875,9168.259765625,9268.1904296875,227410000,-0.6696135465985242
20030730,9200.0498046875,9200.0498046875,9236.5400390625,9164.9697265625,9204.3896484375,176990000,-0.04791325366959587
20030731,9233.7998046875,9233.7998046875,9361.400390625,9199.2802734375,9199.349609375,243910000,0.36684584014756716
20030801,9153.9697265625,9153.9697265625,9234.2197265625,9138.2900390625,9232.6796875,212650000,-0.8645420066880183
20030804,9186.0400390625,9186.0400390625,9209.150390625,9048.580078125,9154.1796875,195740000,0.3503432222081715
20030805,9036.3203125,9036.3203125,9187.73046875,9034.5703125,9185.26953125,198620000,-1.6298614628919017
20030806,9061.740234375,9061.740234375,9134.5703125,8997.1103515625,9032.9599609375,214380000,0.2813083312223519
20030807,9126.4501953125,9126.4501953125,9135.0,9031.1396484375,9060.48046875,191330000,0.7141008157796058
20030808,9191.08984375,9191.08984375,9191.3701171875,9127.3603515625,9127.3603515625,171640000,0.7082671471839053
20030811,9217.349609375,9217.349609375,9251.58984375,9146.6201171875,9189.6201171875,145460000,0.28570894280679493
20030812,9310.0595703125,9310.0595703125,9310.26953125,9208.7998046875,9218.1201171875,167710000,1.0058201637833442
20030813,9271.759765625,9271.759765625,9322.1103515625,9233.9404296875,9303.6904296875,165850000,-0.41138087676290125
20030814,9310.5595703125,9310.5595703125,9334.5703125,9218.8203125,9272.25,168170000,0.4184729292852296
20030815,9321.6904296875,9321.6904296875,9337.169921875,9281.5,9308.51953125,104780000,0.11955091733144574
20030818,9412.4501953125,9412.4501953125,9419.3798828125,9320.58984375,9320.66015625,185580000,0.9736406321320334
20030819,9428.900390625,9428.900390625,9445.080078125,9351.73046875,9412.169921875,214810000,0.17477059608446144
20030820,9397.509765625,9397.509765625,9423.259765625,9364.0302734375,9420.1298828125,244570000,-0.3329192556876692
20030821,9423.6796875,9423.6796875,9481.4404296875,9391.8896484375,9399.9599609375,221730000,0.2784771979777778
20030822,9348.8701171875,9348.8701171875,9499.9697265625,9345.8603515625,9436.0400390625,250780000,-0.7938467010050299
20030825,9317.6396484375,9317.6396484375,9350.76953125,9280.9404296875,9349.4404296875,148680000,-0.3340560769218959
20030826,9340.4501953125,9340.4501953125,9353.8603515625,9233.080078125,9316.0302734375,190330000,0.2448103568678528
20030827,9333.7900390625,9333.7900390625,9346.98046875,9306.490234375,9339.8203125,147560000,-0.07130444583219875
20030828,9374.2099609375,9374.2099609375,9392.58984375,9261.5703125,9334.349609375,163340000,0.4330494012168673
20030829,9415.8203125,9415.8203125,9421.23046875,9350.0703125,9373.330078125,150050000,0.4438811562349265
20030902,9523.26953125,9523.26953125,9535.9697265625,9389.580078125,9416.669921875,226800000,1.14115621564439
20030903,9568.4599609375,9568.4599609375,9597.3798828125,9514.490234375,9521.8603515625,260220000,0.4745264169958796
20030904,9587.900390625,9587.900390625,9609.08984375,9541.7197265625,9569.08984375,203050000,0.20317198135189063
20030905,9503.33984375,9503.33984375,9589.51953125,9461.3701171875,9589.51953125,201900000,-0.8819506193210258
20030908,9586.2900390625,9586.2900390625,9599.33984375,9503.41015625,9503.41015625,174430000,0.8728530882440522
20030909,9507.2001953125,9507.2001953125,9584.9501953125,9490.83984375,9584.919921875,190790000,-0.8250307827921133
20030910,9420.4599609375,9420.4599609375,9504.9501953125,9400.3798828125,9504.8798828125,206080000,-0.912363604352906
20030911,9459.759765625,9459.759765625,9502.83984375,9410.419921875,9415.0498046875,181230000,0.4171750089747128
20030912,9471.5498046875,9471.5498046875,9488.3203125,9380.9501953125,9456.8798828125,183360000,0.12463359910410698
20030915,9448.8095703125,9448.8095703125,9490.91015625,9436.599609375,9471.1904296875,171610000,-0.24008989916038947
20030916,9567.33984375,9567.33984375,9571.1298828125,9449.16015625,9449.16015625,196800000,1.2544466321970704
20030917,9545.650390625,9545.650390625,9594.4296875,9536.8095703125,9566.080078125,203820000,-0.22670306981066313
20030918,9659.1298828125,9659.1298828125,9662.83984375,9538.2802734375,9544.0400390625,223390000,1.1888083843815567
20030919,9644.8203125,9644.8203125,9686.080078125,9610.150390625,9661.7998046875,261600000,-0.14814554194951812
20030922,9535.41015625,9535.41015625,9641.8701171875,9501.7197265625,9641.7998046875,191540000,-1.1343928938541303
20030923,9576.0400390625,9576.0400390625,9583.48046875,9511.41015625,9535.759765625,186460000,0.4260947578208718
20030924,9425.509765625,9425.509765625,9592.669921875,9423.5400390625,9575.9697265625,233670000,-1.5719469929475927
20030925,9343.9599609375,9343.9599609375,9458.490234375,9342.98046875,9425.580078125,223450000,-0.8652031212668554
20030926,9313.080078125,9313.080078125,9358.2802734375,9303.8203125,9342.4296875,227350000,-0.3304796140136901
20030929,9380.240234375,9380.240234375,9395.3203125,9293.2197265625,9314.419921875,204810000,0.7211379660285511
20030930,9275.0595703125,9275.0595703125,9378.099609375,9230.4697265625,9378.099609375,233100000,-1.1213003231735241
20031001,9469.2001953125,9469.2001953125,9472.759765625,9276.7998046875,9276.7998046875,283380000,2.093146933755574
20031002,9487.7998046875,9487.7998046875,9511.0595703125,9427.650390625,9464.759765625,173820000,0.19642217918476312
20031003,9572.3095703125,9572.3095703125,9666.5302734375,9492.5400390625,9492.5400390625,248430000,0.8907203710521783
20031006,9594.98046875,9594.98046875,9624.91015625,9562.5302734375,9572.3896484375,130430000,0.2368383332253643
20031007,9654.6103515625,9654.6103515625,9654.6103515625,9536.01953125,9593.2802734375,196530000,0.6214695590752717
20031008,9630.900390625,9630.900390625,9672.01953125,9595.2802734375,9653.330078125,183620000,-0.24558174876174732
20031009,9680.009765625,9680.009765625,9768.6904296875,9633.2001953125,9633.349609375,254740000,0.5099146809555366
20031010,9674.6796875,9674.6796875,9712.240234375,9656.5302734375,9682.900390625,181510000,-0.05506273499772396
20031013,9764.3798828125,9764.3798828125,9783.490234375,9675.5703125,9675.7197265625,166220000,0.9271644975326288
20031014,9812.98046875,9812.98046875,9812.98046875,9732.3095703125,9763.26953125,182210000,0.4977334610162698
20031015,9803.0498046875,9803.0498046875,9850.009765625,9764.4599609375,9824.08984375,245140000,-0.10119926452646366
20031016,9791.7197265625,9791.7197265625,9823.419921875,9730.3798828125,9798.6796875,209300000,-0.11557707397938932
20031017,9721.7900390625,9721.7900390625,9815.7900390625,9701.7197265625,9791.8603515625,191120000,-0.7141716619022298
20031020,9777.9404296875,9777.9404296875,9777.9404296875,9705.5703125,9721.5,173840000,0.577572549904759
20031021,9747.6396484375,9747.6396484375,9784.3095703125,9736.6796875,9778.3095703125,207690000,-0.30988919873148335
20031022,9598.240234375,9598.240234375,9742.0498046875,9580.240234375,9741.98046875,226890000,-1.5326727233546
20031023,9613.1298828125,9613.1298828125,9622.16015625,9551.73046875,9597.2001953125,198250000,0.15512894107583275
20031024,9582.4599609375,9582.4599609375,9600.98046875,9497.7197265625,9600.98046875,297430000,-0.31904200035657304
20031027,9608.16015625,9608.16015625,9663.7900390625,9584.5400390625,9584.5400390625,193710000,0.2682003933986321
20031028,9748.3095703125,9748.3095703125,9749.9404296875,9609.7197265625,9609.7197265625,232950000,1.4586498537010106
20031029,9774.5302734375,9774.5302734375,9787.26953125,9724.6796875,9747.0498046875,224900000,0.2689769229821337
20031030,9786.6103515625,9786.6103515625,9838.759765625,9754.009765625,9772.009765625,239250000,0.12358730074044644
20031031,9801.1201171875,9801.1201171875,9839.8603515625,9786.75,9786.75,199610000,0.14826140107522257
20031103,9858.4599609375,9858.4599609375,9896.16015625,9802.3798828125,9802.4599609375,190630000,0.5850335784524097
20031104,9838.830078125,9838.830078125,9874.830078125,9819.8603515625,9857.490234375,197300000,-0.19911713280046373
20031105,9820.830078125,9820.830078125,9859.33984375,9778.3095703125,9837.6396484375,178470000,-0.18294858084824117
20031106,9856.9697265625,9856.9697265625,9870.599609375,9773.1201171875,9820.6796875,183020000,0.3679897539210941
20031107,9809.7900390625,9809.7900390625,9903.5703125,9798.6103515625,9857.1201171875,199350000,-0.47864291774033507
20031110,9756.5302734375,9756.5302734375,9824.3798828125,9736.900390625,9807.490234375,172460000,-0.542924623390717
20031111,9737.7900390625,9737.7900390625,9761.2001953125,9719.0498046875,9756.5302734375,162750000,-0.1920788830637954
20031112,9848.830078125,9848.830078125,9859.33984375,9729.419921875,9729.5,188850000,1.1403001976533655
20031113,9837.9404296875,9837.9404296875,9852.900390625,9792.009765625,9846.9697265625,205640000,-0.11056793904574702
20031114,9768.6796875,9768.6796875,9892.9697265625,9737.7900390625,9836.4599609375,222160000,-0.7040166860382224
20031117,9710.830078125,9710.830078125,9765.6396484375,9629.8701171875,9765.6396484375,204910000,-0.5921947614786149
20031118,9624.16015625,9624.16015625,9750.4599609375,9622.3896484375,9711.4404296875,229300000,-0.8925078616115023
20031119,9690.4599609375,9690.4599609375,9707.6396484375,9614.240234375,9620.6796875,192500000,0.6888892496707211
20031120,9619.419921875,9619.419921875,9726.08984375,9613.7197265625,9688.4599609375,205970000,-0.7330925399709032
20031121,9628.5302734375,9628.5302734375,9650.3095703125,9585.5,9622.01953125,209010000,0.09470791000383283
20031124,9747.7900390625,9747.7900390625,9749.349609375,9629.8701171875,9629.8701171875,192330000,1.2386082012330046
20031125,9763.9404296875,9763.9404296875,9795.2099609375,9723.7900390625,9748.6796875,172500000,0.1656825861070077
20031126,9779.5703125,9779.5703125,9794.6796875,9706.009765625,9763.490234375,162210000,0.16007761338829862
20031128,9782.4599609375,9782.4599609375,9804.98046875,9764.830078125,9779.7197265625,79160000,0.02954780573340976
20031201,9899.0498046875,9899.0498046875,9902.23046875,9785.349609375,9785.349609375,227650000,1.191825412171954
20031202,9853.6396484375,9853.6396484375,9900.4501953125,9837.26953125,9899.6396484375,257640000,-0.4587324758028477
20031203,9873.419921875,9873.419921875,9942.009765625,9851.419921875,9851.9404296875,222570000,0.20074078354017644
20031204,9930.8203125,9930.8203125,9933.8603515625,9865.7802734375,9874.830078125,267840000,0.5813628011285932
20031205,9862.6796875,9862.6796875,9923.419921875,9846.3095703125,9923.26953125,201640000,-0.6861530352556211
20031208,9965.26953125,9965.26953125,9970.16015625,9859.5703125,9862.009765625,192730000,1.0401822526997728
20031209,9923.419921875,9923.419921875,10003.1201171875,9916.900390625,9966.4501953125,231390000,-0.4199546158160983
20031210,9921.8603515625,9921.8603515625,9958.3798828125,9882.3798828125,9922.3798828125,220980000,-0.01571605681084387
20031211,10008.16015625,10008.16015625,10026.5302734375,9920.9697265625,9922.4501953125,208630000,0.8697945912321758
20031212,10042.16015625,10042.16015625,10052.0703125,9976.7900390625,10008.75,176900000,0.3397227809026182
20031215,10022.8203125,10022.8203125,10139.6298828125,10021.6396484375,10046.5302734375,247020000,-0.19258648984963322
20031216,10129.5595703125,10129.5595703125,10137.6298828125,10023.33984375,10023.33984375,233730000,1.0649623008743392
20031217,10145.259765625,10145.259765625,10146.3798828125,10094.75,10128.75,179180000,0.15499385934323318
20031218,10248.080078125,10248.080078125,10254.080078125,10137.33984375,10141.41015625,218010000,1.0134813191120529
20031219,10278.2197265625,10278.2197265625,10293.1904296875,10230.080078125,10249.48046875,279780000,0.2941004384014789
20031222,10338.0,10338.0,10338.0,10255.259765625,10276.48046875,165730000,0.5816208937721612
20031223,10341.259765625,10341.259765625,10375.9296875,10296.150390625,10337.5595703125,151090000,0.03153187874831431
20031224,10305.1904296875,10305.1904296875,10341.48046875,10305.1201171875,10341.41015625,86180000,-0.34879054152954225
20031226,10324.669921875,10324.669921875,10343.0400390625,10304.8203125,10305.849609375,49520000,0.18902602839228067
20031229,10450.0,10450.0,10450.0,10321.349609375,10321.349609375,156400000,1.2138894422131674
20031230,10425.0400390625,10425.0400390625,10456.0703125,10405.849609375,10449.7001953125,132800000,-0.2388513008373172
20031231,10453.919921875,10453.919921875,10462.4404296875,10407.0400390625,10426.2998046875,138670000,0.27702419083559526
20040102,10409.849609375,10409.849609375,10527.0302734375,10384.2998046875,10452.740234375,168890000,-0.42156734344006574
20040105,10544.0703125,10544.0703125,10544.0703125,10411.849609375,10411.849609375,221290000,1.2893625572085288
20040106,10538.66015625,10538.66015625,10549.1796875,10499.849609375,10543.849609375,191460000,-0.05130994093984764
20040107,10529.0302734375,10529.0302734375,10539.4599609375,10466.2900390625,10535.4599609375,225490000,-0.0913767278736044
20040108,10592.4404296875,10592.4404296875,10592.58984375,10530.0703125,10530.0703125,237770000,0.6022411808423556
20040109,10458.8896484375,10458.8896484375,10589.25,10448.669921875,10589.25,223250000,-1.2608122003282318
20040112,10485.1796875,10485.1796875,10491.6298828125,10444.150390625,10461.5498046875,197960000,0.2513654885576422
20040113,10427.1796875,10427.1796875,10509.849609375,10367.41015625,10485.1796875,197310000,-0.5531617170962289
20040114,10538.3701171875,10538.3701171875,10548.509765625,10428.669921875,10428.669921875,186280000,1.0663519093355056
20040115,10553.849609375,10553.849609375,10592.740234375,10477.1796875,10534.51953125,260090000,0.14688696653626376
20040116,10600.509765625,10600.509765625,10600.740234375,10542.51953125,10556.3701171875,254170000,0.44211503836999455
20040120,10528.66015625,10528.66015625,10616.9599609375,10519.490234375,10601.400390625,224300000,-0.6777939076853756
20040121,10623.6201171875,10623.6201171875,10643.5498046875,10490.9599609375,10522.76953125,214920000,0.9019187582109289
20040122,10623.1796875,10623.1796875,10660.8798828125,10607.400390625,10624.2197265625,219720000,-0.004145759003448823
20040123,10568.2900390625,10568.2900390625,10643.48046875,10523.849609375,10625.25,234260000,-0.5166969782323005
20040126,10702.509765625,10702.509765625,10705.1796875,10561.849609375,10568.0,186170000,1.2700231169507692
20040127,10609.919921875,10609.919921875,10701.76953125,10609.919921875,10701.099609375,206560000,-0.8651227214703017
20040128,10468.3701171875,10468.3701171875,10658.4296875,10437.7802734375,10610.0703125,247660000,-1.3341269842730874
20040129,10510.2900390625,10510.2900390625,10522.58984375,10417.849609375,10467.41015625,273970000,0.4004436355013352
20040130,10488.0703125,10488.0703125,10510.8095703125,10438.9599609375,10510.2197265625,208990000,-0.21140926158953466
20040202,10499.1796875,10499.1796875,10568.9599609375,10434.669921875,10487.7802734375,224800000,0.1059239180229321
20040203,10505.1796875,10505.1796875,10528.9599609375,10457.1103515625,10499.48046875,183810000,0.05714732177737325
20040204,10470.740234375,10470.740234375,10524.2197265625,10447.1796875,10503.1103515625,227760000,-0.327833070442185
20040205,10495.5498046875,10495.5498046875,10522.51953125,10453.5498046875,10469.330078125,187810000,0.23694189481515693
20040206,10593.0302734375,10593.0302734375,10593.400390625,10464.51953125,10494.8896484375,182880000,0.9287790593539347
20040209,10579.0302734375,10579.0302734375,10618.509765625,10564.4404296875,10592.0,160720000,-0.13216237128204078
20040210,10613.849609375,10613.849609375,10626.66015625,10559.259765625,10578.740234375,160590000,0.329135422033211
20040211,10737.7001953125,10737.7001953125,10746.8798828125,10572.58984375,10605.48046875,277850000,1.1668771510395803
20040212,10694.0703125,10694.0703125,10735.2900390625,10688.3603515625,10735.1796875,197560000,-0.40632427818712014
20040213,10627.849609375,10627.849609375,10734.6904296875,10604.1396484375,10696.2197265625,244990000,-0.6192282376112357
20040217,10714.8798828125,10714.8798828125,10735.25,10628.740234375,10628.8798828125,169730000,0.8188888311021048
20040218,10671.990234375,10671.990234375,10720.509765625,10646.9599609375,10706.6796875,164370000,-0.4002811875315371
20040219,10664.73046875,10664.73046875,10753.6298828125,10656.58984375,10674.58984375,219890000,-0.06802635183844608
20040220,10619.0302734375,10619.0302734375,10688.2197265625,10580.66015625,10666.2900390625,220560000,-0.42851711486203703
20040223,10609.6201171875,10609.6201171875,10644.9599609375,10560.4404296875,10619.5498046875,229950000,-0.08861596593747745
20040224,10566.3701171875,10566.3701171875,10637.1103515625,10521.7001953125,10609.5498046875,225670000,-0.4076489028097763
20040225,10601.6201171875,10601.6201171875,10615.5595703125,10560.0703125,10566.58984375,192420000,0.33360557702462046
20040226,10580.1396484375,10580.1396484375,10612.1396484375,10539.330078125,10598.1396484375,223230000,-0.20261496368064735
20040227,10583.919921875,10583.919921875,10652.3603515625,10563.6298828125,10581.5498046875,200050000,0.03572990114604213
20040301,10678.1396484375,10678.1396484375,10695.5498046875,10582.2197265625,10582.25,185030000,0.8902157920503972
20040302,10591.48046875,10591.48046875,10678.3603515625,10568.8798828125,10678.3603515625,215580000,-0.8115569054220062
20040303,10593.1103515625,10593.1103515625,10610.0,10550.1396484375,10588.58984375,188800000,0.015388621234868616
20040304,10588.0,10588.0,10603.25,10562.740234375,10593.48046875,161050000,-0.04824221963991571
20040305,10595.5498046875,10595.5498046875,10651.330078125,10524.58984375,10582.58984375,266500000,0.07130529549961295
20040308,10529.48046875,10529.48046875,10634.2900390625,10526.8896484375,10595.3701171875,199300000,-0.6235574100012298
20040309,10456.9599609375,10456.9599609375,10529.7001953125,10424.0703125,10529.51953125,246270000,-0.688737758978053
20040310,10296.8896484375,10296.8896484375,10473.8603515625,10284.669921875,10457.58984375,259000000,-1.5307538051015812
20040311,10128.3798828125,10128.3798828125,10321.41015625,10120.3798828125,10288.849609375,292050000,-1.636511328938739
20040312,10240.080078125,10240.080078125,10241.1904296875,10130.669921875,10130.669921875,223350000,1.1028436591527413
20040315,10102.8896484375,10102.8896484375,10241.1103515625,10092.4697265625,10238.4501953125,219150000,-1.3397398129783022
20040316,10184.669921875,10184.669921875,10221.1103515625,10103.41015625,10103.41015625,194560000,0.809474083982975
20040317,10300.2998046875,10300.2998046875,10326.51953125,10184.2998046875,10184.669921875,181210000,1.1353326489663251
20040318,10295.7802734375,10295.7802734375,10328.8203125,10214.150390625,10298.9599609375,218820000,-0.04387766701647866
20040319,10186.599609375,10186.599609375,10314.58984375,10182.599609375,10295.849609375,261590000,-1.0604408909558716
20040322,10064.75,10064.75,10186.150390625,10012.16015625,10185.9296875,248930000,-1.1961755055421852
20040323,10063.6396484375,10063.6396484375,10131.349609375,10047.41015625,10066.669921875,215260000,-0.011032082888295935
20040324,10048.23046875,10048.23046875,10108.150390625,10007.490234375,10065.41015625,224310000,-0.15311736335762438
20040325,10218.8203125,10218.8203125,10226.080078125,10049.490234375,10049.5595703125,216420000,1.697710301137434
20040326,10212.9697265625,10212.9697265625,10271.7802734375,10181.0400390625,10218.3701171875,198830000,-0.05725304642398843
20040329,10329.6298828125,10329.6298828125,10350.4501953125,10212.91015625,10212.91015625,197150000,1.142274572170554
20040330,10381.7001953125,10381.7001953125,10387.259765625,10306.150390625,10327.6298828125,189060000,0.5040869139623316
20040331,10357.7001953125,10357.7001953125,10401.7001953125,10314.8896484375,10380.8896484375,207420000,-0.23117600728671528
20040401,10373.330078125,10373.330078125,10419.0400390625,10342.58984375,10357.51953125,218660000,0.1509010930782928
20040402,10470.58984375,10470.58984375,10496.4404296875,10375.330078125,10375.330078125,243070000,0.9375944358513966
20040405,10558.3701171875,10558.3701171875,10558.66015625,10465.6298828125,10470.58984375,182130000,0.8383507973038995
20040406,10570.8095703125,10570.8095703125,10570.8095703125,10505.1103515625,10553.759765625,175720000,0.11781603587424083
20040407,10480.150390625,10480.150390625,10569.259765625,10465.330078125,10569.259765625,218040000,-0.8576370530986699
20040408,10442.0302734375,10442.0302734375,10554.099609375,10393.91015625,10482.76953125,187730000,-0.36373635650878144
20040412,10515.5595703125,10515.5595703125,10526.26953125,10443.8095703125,10444.3798828125,142190000,0.7041666701737448
20040413,10381.2802734375,10381.2802734375,10552.6103515625,10361.990234375,10516.0498046875,202540000,-1.276958168294695
20040414,10377.9501953125,10377.9501953125,10415.2802734375,10322.9404296875,10378.099609375,230460000,-0.032077721025614014
20040415,10397.4599609375,10397.4599609375,10430.6201171875,10322.16015625,10377.9501953125,262880000,0.18799247691332344
20040416,10451.9697265625,10451.9697265625,10460.0595703125,10376.3896484375,10398.3203125,234660000,0.5242604042697829
20040419,10437.849609375,10437.849609375,10451.759765625,10399.4697265625,10451.6201171875,173340000,-0.1350952744497036
20040420,10314.5,10314.5,10487.669921875,10313.580078125,10437.849609375,204710000,-1.1817530812497146
20040421,10317.26953125,10317.26953125,10332.8798828125,10250.48046875,10311.8701171875,232630000,0.02685085316787017
20040422,10461.2001953125,10461.2001953125,10496.6103515625,10292.2802734375,10314.990234375,265740000,1.3950460790672192
20040423,10472.83984375,10472.83984375,10482.91015625,10410.599609375,10463.1103515625,277070000,0.11126494302933221
20040426,10444.73046875,10444.73046875,10512.7900390625,10418.1201171875,10472.91015625,183040000,-0.26840260540005323
20040427,10478.16015625,10478.16015625,10537.349609375,10441.75,10445.3798828125,213410000,0.3200627110485854
20040428,10342.599609375,10342.599609375,10476.9501953125,10333.8701171875,10476.669921875,232090000,-1.2937437952228792
20040429,10272.26953125,10272.26953125,10407.9697265625,10219.1796875,10339.41015625,231880000,-0.6800038750533255
20040430,10225.5703125,10225.5703125,10333.8701171875,10225.5703125,10273.0595703125,218010000,-0.45461442194378865
20040503,10314.0,10314.0,10329.0498046875,10227.1298828125,10227.26953125,198830000,0.8647897847996022
20040504,10317.2001953125,10317.2001953125,10386.3203125,10266.169921875,10314.3203125,208020000,0.031027683852036247
20040505,10310.9501953125,10310.9501953125,10348.349609375,10291.080078125,10316.98046875,172170000,-0.060578450371062686
20040506,10241.259765625,10241.259765625,10308.2001953125,10170.509765625,10308.2001953125,202690000,-0.6758875599959913
20040507,10117.33984375,10117.33984375,10271.990234375,10114.8603515625,10240.6201171875,228140000,-1.210006627221194
20040510,9990.01953125,9990.01953125,10116.2802734375,9932.740234375,10116.2802734375,272130000,-1.258436649023431
20040511,10019.4697265625,10019.4697265625,10038.349609375,9974.0498046875,9989.240234375,223650000,0.2947961735247473
20040512,10045.16015625,10045.16015625,10048.2099609375,9852.1904296875,10011.51953125,246410000,0.25640508318911515
20040513,10010.740234375,10010.740234375,10074.1103515625,9970.9296875,10044.3095703125,215300000,-0.3426517978768584
20040514,10012.8701171875,10012.8701171875,10065.6796875,9938.419921875,10008.4296875,175180000,0.021275977226808962
20040517,9906.91015625,9906.91015625,10009.919921875,9862.76953125,10009.919921875,199660000,-1.0582376451245046
20040518,9968.509765625,9968.509765625,9987.0400390625,9906.6396484375,9906.7099609375,191770000,0.6217842738397872
20040519,9937.7099609375,9937.7099609375,10093.2099609375,9933.1103515625,9962.5498046875,227420000,-0.3089710038075011
20040520,9937.6396484375,9937.6396484375,9970.6396484375,9900.58984375,9939.1201171875,155570000,-0.0007075322209670887
20040521,9966.740234375,9966.740234375,10036.7802734375,9939.26953125,9939.33984375,180980000,0.29283196983376225
20040524,9958.4296875,9958.4296875,10045.4501953125,9927.1396484375,9968.01953125,187000000,-0.08338279798180137
20040525,10117.6201171875,10117.6201171875,10121.669921875,9915.8603515625,9958.080078125,213950000,1.598549517172554
20040526,10109.8896484375,10109.8896484375,10128.83984375,10077.8095703125,10116.83984375,171700000,-0.07640599924153557
20040527,10205.2001953125,10205.2001953125,10222.240234375,10109.8896484375,10109.8896484375,186670000,0.9427456697287617
20040528,10188.4501953125,10188.4501953125,10216.6298828125,10172.76953125,10205.830078125,159560000,-0.16413200799033634
20040601,10202.650390625,10202.650390625,10214.5703125,10134.8603515625,10187.1796875,166590000,0.13937542060158403
20040602,10262.9697265625,10262.9697265625,10288.8095703125,10197.0595703125,10199.7802734375,183540000,0.5912124166572053
20040603,10195.91015625,10195.91015625,10281.919921875,10193.7802734375,10261.849609375,162840000,-0.6534129213977669
20040604,10242.8203125,10242.8203125,10302.080078125,10196.6904296875,10196.830078125,161190000,0.4600879718545281
20040607,10391.080078125,10391.080078125,10391.150390625,10243.3095703125,10243.3095703125,172490000,1.4474506151793909
20040608,10432.51953125,10432.51953125,10432.8095703125,10353.0498046875,10389.41015625,170220000,0.3987983233065151
20040609,10368.4404296875,10368.4404296875,10431.3203125,10364.9599609375,10431.099609375,175090000,-0.6142246019339326
20040610,10410.099609375,10410.099609375,10410.9501953125,10367.7998046875,10367.7998046875,154090000,0.40178829178803
20040614,10334.73046875,10334.73046875,10401.2998046875,10307.0498046875,10401.23046875,166530000,-0.7240001868678125
20040615,10380.4296875,10380.4296875,10428.0498046875,10336.509765625,10336.509765625,223780000,0.44219071690534406
20040616,10379.580078125,10379.580078125,10393.419921875,10355.509765625,10380.23046875,153020000,-0.00818472260375458
20040617,10377.51953125,10377.51953125,10390.009765625,10338.1298828125,10378.58984375,169820000,-0.019851929071224017
20040618,10416.41015625,10416.41015625,10437.900390625,10358.0,10375.8203125,300680000,0.37475838887017776
20040621,10371.4697265625,10371.4697265625,10440.0498046875,10363.3603515625,10417.8203125,175300000,-0.43143874917920266
20040622,10395.0703125,10395.0703125,10401.1796875,10307.25,10370.2099609375,203470000,0.22755295594274472
20040623,10479.5703125,10479.5703125,10498.669921875,10323.3203125,10395.1396484375,210770000,0.8128853144782511
20040624,10443.8095703125,10443.8095703125,10487.4599609375,10433.5595703125,10477.4296875,214330000,-0.3412424471721409
20040625,10371.83984375,10371.83984375,10487.5400390625,10369.919921875,10444.240234375,308250000,-0.6891137384109403
20040628,10357.08984375,10357.08984375,10464.3798828125,10337.7001953125,10377.51953125,231100000,-0.14221199152905095
20040629,10413.4296875,10413.4296875,10429.1298828125,10341.6796875,10356.349609375,180210000,0.543973689520505
20040630,10435.48046875,10435.48046875,10471.240234375,10375.669921875,10413.4296875,227800000,0.21175330233869083
20040701,10334.16015625,10334.16015625,10448.08984375,10274.509765625,10434.0,234900000,-0.9709213945961803
20040702,10282.830078125,10282.830078125,10334.080078125,10264.919921875,10334.0,146600000,-0.4967029477858098
20040706,10219.33984375,10219.33984375,10280.259765625,10191.400390625,10280.259765625,180070000,-0.6174393031162184
20040707,10240.2900390625,10240.2900390625,10266.6103515625,10199.2900390625,10211.919921875,179940000,0.20500536857390728
20040708,10171.5595703125,10171.5595703125,10263.73046875,10166.25,10238.51953125,181790000,-0.6711769733847572
20040709,10213.2197265625,10213.2197265625,10239.25,10173.1201171875,10173.1201171875,161230000,0.40957491289332904
20040712,10238.2197265625,10238.2197265625,10257.099609375,10162.1796875,10211.75,155520000,0.24478079067447034
20040713,10247.58984375,10247.58984375,10257.099609375,10230.6298828125,10238.3701171875,160630000,0.09152096202027504
20040714,10208.7998046875,10208.7998046875,10286.8896484375,10172.3896484375,10232.83984375,298900000,-0.3785284115967791
20040715,10163.16015625,10163.16015625,10235.650390625,10162.9404296875,10208.2001953125,231930000,-0.44706184184887254
20040716,10139.7802734375,10139.7802734375,10238.3701171875,10135.1298828125,10162.33984375,267310000,-0.230045403723389
20040719,10094.0595703125,10094.0595703125,10148.6298828125,10063.3095703125,10140.9501953125,198380000,-0.4509042789099804
20040720,10149.0703125,10149.0703125,10155.6298828125,10072.6796875,10094.4296875,197640000,0.5449813507074186
20040721,10046.1298828125,10046.1298828125,10237.1201171875,10045.6103515625,10156.2998046875,277570000,-1.0142843286908176
20040722,10050.330078125,10050.330078125,10073.490234375,9946.8798828125,10047.599609375,247870000,0.04180908829065633
20040723,9962.2197265625,9962.2197265625,10045.4697265625,9931.76953125,10045.4599609375,238540000,-0.8766911223570317
20040726,9961.919921875,9961.919921875,10003.7998046875,9913.919921875,9964.7099609375,221240000,-0.003009416532950837
20040727,10085.1396484375,10085.1396484375,10103.1298828125,9963.5400390625,9963.5400390625,236270000,1.2369074187388973
20040728,10117.0703125,10117.0703125,10146.8603515625,9994.2197265625,10084.0302734375,223560000,0.31661102548488085
20040729,10129.240234375,10129.240234375,10163.009765625,10084.83984375,10115.51953125,215050000,0.12029096862125055
20040730,10139.7099609375,10139.7099609375,10149.650390625,10086.3203125,10129.1201171875,197240000,0.10336142020770378
20040802,10179.16015625,10179.16015625,10203.5595703125,10101.3603515625,10138.4501953125,177330000,0.38906630923842833
20040803,10120.240234375,10120.240234375,10178.2802734375,10102.83984375,10178.26953125,190880000,-0.5788289109374456
20040804,10126.509765625,10126.509765625,10162.419921875,10068.1103515625,10117.9599609375,157430000,0.06195041920749045
20040805,9963.0302734375,9963.0302734375,10129.08984375,9955.73046875,10127.099609375,178250000,-1.6143715452923368
20040806,9815.330078125,9815.330078125,9960.740234375,9793.0498046875,9960.669921875,215870000,-1.4824826509489242
20040809,9814.66015625,9814.66015625,9858.6796875,9811.1201171875,9816.1396484375,148320000,-0.006825260787646226
20040810,9944.669921875,9944.669921875,9944.669921875,9815.4697265625,9815.5498046875,167590000,1.3246486740777108
20040811,9938.3203125,9938.3203125,9954.1796875,9841.3603515625,9931.240234375,182920000,-0.06384937282868375
20040812,9814.58984375,9814.58984375,9936.48046875,9808.5400390625,9936.48046875,248090000,-1.2449837081058512
20040813,9825.349609375,9825.349609375,9854.919921875,9783.91015625,9814.1103515625,182590000,0.10963031360757824
20040816,9954.5498046875,9954.5498046875,9967.080078125,9825.349609375,9825.349609375,176390000,1.314967919199761
20040817,9972.830078125,9972.830078125,10023.9404296875,9952.1103515625,9955.5,186120000,0.18363736980744338
20040818,10083.150390625,10083.150390625,10083.150390625,9934.0498046875,9964.2197265625,187150000,1.1062086853558473
20040819,10040.8203125,10040.8203125,10082.7802734375,9989.8701171875,10082.7802734375,162780000,-0.419810044332547
20040820,10110.1396484375,10110.1396484375,10126.8798828125,10012.509765625,10040.8095703125,209750000,0.6903752261277152
20040823,10073.0498046875,10073.0498046875,10131.080078125,10067.9697265625,10111.099609375,144500000,-0.3668578777320075
20040824,10098.6298828125,10098.6298828125,10146.7900390625,10062.1298828125,10074.8896484375,143050000,0.25394571277803646
20040825,10181.740234375,10181.740234375,10199.2099609375,10068.1103515625,10098.490234375,172570000,0.8229864103045381
20040826,10173.41015625,10173.41015625,10193.5400390625,10155.8603515625,10181.0703125,131960000,-0.08181389362965641
20040827,10195.009765625,10195.009765625,10211.25,10166.6904296875,10174.0703125,114580000,0.21231434733544052
20040830,10122.51953125,10122.51953125,10196.7802734375,10122.51953125,10193.830078125,114850000,-0.7110364388214552
20040831,10173.919921875,10173.919921875,10173.919921875,10074.2197265625,10121.9697265625,163580000,0.5077825779077783
20040901,10168.4599609375,10168.4599609375,10208.26953125,10110.650390625,10170.1201171875,171950000,-0.053666246436245846
20040902,10290.2802734375,10290.2802734375,10301.490234375,10162.0498046875,10168.3896484375,181200000,1.1980212634752574
20040903,10260.2001953125,10260.2001953125,10321.76953125,10260.2001953125,10277.8203125,215670000,-0.2923154406459294
20040907,10342.7900390625,10342.7900390625,10363.3603515625,10261.4501953125,10261.51953125,204530000,0.8049535309041289
20040908,10313.3603515625,10313.3603515625,10361.2197265625,10305.1796875,10342.419921875,222220000,-0.2845430235830948
20040909,10289.099609375,10289.099609375,10337.330078125,10269.490234375,10314.6904296875,223160000,-0.2352360565373246
20040910,10313.0703125,10313.0703125,10321.919921875,10237.7802734375,10289.4697265625,217580000,0.23297182489281365
20040913,10314.759765625,10314.759765625,10348.3896484375,10292.5703125,10306.650390625,203200000,0.016381669801601717
20040914,10318.16015625,10318.16015625,10340.1298828125,10303.41015625,10315.1298828125,186180000,0.03296626099167366
20040915,10231.3603515625,10231.3603515625,10317.0498046875,10228.7802734375,10316.900390625,203740000,-0.8412333533602157
20040916,10244.490234375,10244.490234375,10281.8798828125,10228.6396484375,10231.58984375,173240000,0.12832978569163878
20040917,10284.4599609375,10284.4599609375,10314.759765625,10245.740234375,10245.8203125,295880000,0.3901582767718681
20040920,10204.8896484375,10204.8896484375,10283.8701171875,10187.1904296875,10283.8701171875,222360000,-0.7736946111144838
20040921,10244.9296875,10244.9296875,10270.51953125,10200.25,10204.51953125,223840000,0.3923613134673154
20040922,10109.1796875,10109.1796875,10244.0498046875,10097.3701171875,10244.0498046875,240390000,-1.3250456971474422
20040923,10038.900390625,10038.900390625,10108.740234375,10031.16015625,10108.2900390625,222620000,-0.6952027666686011
20040924,10047.240234375,10047.240234375,10081.2998046875,10034.849609375,10039.419921875,204060000,0.08307527144892912
20040927,9988.5400390625,9988.5400390625,10046.650390625,9985.3701171875,10046.650390625,198710000,-0.5842419803168131
20040928,10077.400390625,10077.400390625,10099.51953125,9977.919921875,9989.73046875,232170000,0.8896230201309807
20040929,10136.240234375,10136.240234375,10136.240234375,10050.5595703125,10056.75,218540000,0.5838791897634588
20040930,10080.26953125,10080.26953125,10142.9404296875,10038.900390625,10136.3798828125,377130000,-0.5521840626387942
20041001,10192.650390625,10192.650390625,10198.6201171875,10082.0400390625,10082.0400390625,267550000,1.1148596674583677
20041004,10216.5400390625,10216.5400390625,10270.3701171875,10191.400390625,10191.400390625,253190000,0.2343811228870729
20041005,10177.6796875,10177.6796875,10221.1103515625,10158.0703125,10216.759765625,224410000,-0.380367046122454
20041006,10239.919921875,10239.919921875,10240.1396484375,10157.990234375,10170.7001953125,232020000,0.6115365808912365
20041007,10125.400390625,10125.400390625,10240.9501953125,10124.51953125,10239.83984375,275340000,-1.1183635431109007
20041008,10055.2001953125,10055.2001953125,10148.0400390625,10036.3203125,10124.1103515625,228590000,-0.6933078456581088
20041011,10081.9697265625,10081.9697265625,10098.7802734375,10056.08984375,10056.08984375,157180000,0.26622574120880316
20041012,10077.1796875,10077.1796875,10102.330078125,10017.150390625,10080.419921875,215820000,-0.04751094471033834
20041013,10002.330078125,10002.330078125,10127.169921875,9957.7900390625,10085.2099609375,276800000,-0.7427634685113871
20041014,9894.4501953125,9894.4501953125,10003.3603515625,9875.1298828125,10002.5400390625,268650000,-1.0785475181271265
20041015,9933.3798828125,9933.3798828125,9982.7099609375,9895.5498046875,9895.6298828125,317590000,0.393449729207207
20041018,9956.3203125,9956.3203125,9960.150390625,9861.6298828125,9932.98046875,227840000,0.23094284078668537
20041019,9897.6201171875,9897.6201171875,10020.5498046875,9894.8896484375,9958.3798828125,264220000,-0.5895772079450134
20041020,9886.9296875,9886.9296875,9895.7001953125,9804.1904296875,9895.1904296875,272670000,-0.10801010304422043
20041021,9865.759765625,9865.759765625,9903.150390625,9800.8701171875,9884.650390625,272050000,-0.2141202834866407
20041022,9757.8095703125,9757.8095703125,9883.25,9753.01953125,9863.849609375,258220000,-1.0941903905731465
20041025,9749.990234375,9749.990234375,9777.8701171875,9708.400390625,9757.2197265625,233370000,-0.08013413134531078
20041026,9888.48046875,9888.48046875,9888.48046875,9749.5498046875,9750.58984375,273770000,1.420414082946797
20041027,10002.0302734375,10002.0302734375,10018.5498046875,9841.9501953125,9888.25,256200000,1.1483038778945298
20041028,10004.5400390625,10004.5400390625,10044.9501953125,9952.48046875,9998.9404296875,254490000,0.02509256177383179
20041029,10027.4697265625,10027.4697265625,10044.1396484375,9990.830078125,10004.6904296875,262950000,0.22919282056417245
20041101,10054.3896484375,10054.3896484375,10076.58984375,10010.150390625,10028.73046875,267040000,0.26846176163155544
20041102,10035.73046875,10035.73046875,10132.990234375,10011.1796875,10053.8701171875,369480000,-0.18558242061366137
20041103,10137.0498046875,10137.0498046875,10215.509765625,10037.4296875,10037.5,332790000,1.0095860610545015
20041104,10314.759765625,10314.759765625,10318.23046875,10127.98046875,10132.48046875,365770000,1.753073767629365
20041105,10387.5400390625,10387.5400390625,10416.669921875,10316.98046875,10317.0498046875,325770000,0.7055934902143512
20041108,10391.3095703125,10391.3095703125,10405.6904296875,10361.4404296875,10385.150390625,258040000,0.036288969629239
20041109,10386.3701171875,10386.3701171875,10427.8095703125,10368.58984375,10387.6201171875,248430000,-0.047534462250187204
20041110,10385.48046875,10385.48046875,10439.400390625,10378.58984375,10378.58984375,281290000,-0.008565537598437256
20041111,10469.83984375,10469.83984375,10486.650390625,10386.9501953125,10386.9501953125,254080000,0.8122818703846901
20041112,10539.009765625,10539.009765625,10539.599609375,10460.400390625,10469.2099609375,322250000,0.660658834397454
20041115,10550.240234375,10550.240234375,10563.01953125,10517.1298828125,10541.8896484375,266460000,0.1065609483220209
20041116,10487.650390625,10487.650390625,10549.7900390625,10477.9501953125,10549.7900390625,237060000,-0.593255152106098
20041117,10549.5703125,10549.5703125,10602.849609375,10481.830078125,10481.830078125,295230000,0.5904079519121863
20041118,10572.5498046875,10572.5498046875,10585.259765625,10547.3896484375,10549.2001953125,242230000,0.2178239635056256
20041119,10456.91015625,10456.91015625,10573.740234375,10438.580078125,10571.6298828125,275340000,-1.0937725579332702
20041122,10489.419921875,10489.419921875,10508.0400390625,10432.009765625,10455.73046875,240410000,0.31089265508865704
20041123,10492.599609375,10492.599609375,10514.990234375,10436.3798828125,10486.6904296875,254780000,0.030313282561689192
20041124,10520.3095703125,10520.3095703125,10527.400390625,10482.259765625,10493.8603515625,204070000,0.2640905206441113
20041126,10522.23046875,10522.23046875,10543.2900390625,10508.5595703125,10518.6904296875,91510000,0.01825895354752305
20041129,10475.900390625,10475.900390625,10557.41015625,10417.080078125,10520.6396484375,247670000,-0.44030662759759753
20041130,10428.01953125,10428.01953125,10483.1396484375,10428.01953125,10475.26953125,286900000,-0.4570572226693659
20041201,10590.2197265625,10590.2197265625,10590.2197265625,10425.759765625,10425.7998046875,307970000,1.5554266543750694
20041202,10585.1201171875,10585.1201171875,10629.16015625,10544.76953125,10590.4404296875,296050000,-0.04815395248324306
20041203,10592.2099609375,10592.2099609375,10643.0498046875,10560.580078125,10597.900390625,286270000,0.06697934148605089
20041206,10547.0595703125,10547.0595703125,10591.990234375,10526.8203125,10591.3203125,218660000,-0.42626034407841074
20041207,10440.580078125,10440.580078125,10567.16015625,10440.3603515625,10546.7998046875,258710000,-1.0095656659341756
20041208,10494.23046875,10494.23046875,10506.849609375,10438.66015625,10438.76953125,247020000,0.5138640786579218
20041209,10552.8203125,10552.8203125,10562.509765625,10418.6298828125,10492.4501953125,278740000,0.5583052890297147
20041210,10543.2197265625,10543.2197265625,10575.580078125,10522.6796875,10552.16015625,242290000,-0.09097649399116836
20041213,10638.3203125,10638.3203125,10642.5302734375,10543.2099609375,10543.4404296875,257530000,0.9020070567049343
20041214,10676.4501953125,10676.4501953125,10695.0703125,10621.0302734375,10640.5302734375,303800000,0.35842014239502173
20041215,10691.4501953125,10691.4501953125,10706.16015625,10636.4697265625,10675.7099609375,305010000,0.14049613612758804
20041216,10705.6396484375,10705.6396484375,10726.849609375,10661.669921875,10691.7099609375,293600000,0.1327177591980977
20041217,10649.919921875,10649.919921875,10739.330078125,10641.8798828125,10704.830078125,619180000,-0.5204707835522182
20041220,10661.599609375,10661.599609375,10735.26953125,10652.0703125,10652.1396484375,298650000,0.10966925184112686
20041221,10759.4296875,10759.4296875,10765.26953125,10661.8896484375,10661.8896484375,294880000,0.9175928726396387
20041222,10815.8896484375,10815.8896484375,10822.6796875,10739.1904296875,10752.33984375,252910000,0.5247486398195722
20041223,10827.1201171875,10827.1201171875,10864.669921875,10809.5302734375,10815.0,193270000,0.10383305594858783
20041227,10776.1298828125,10776.1298828125,10868.0703125,10776.1298828125,10828.009765625,170140000,-0.4709491889173356
20041228,10854.5400390625,10854.5400390625,10859.0400390625,10773.919921875,10776.0595703125,169870000,0.7276281661662276
20041229,10829.1904296875,10829.1904296875,10853.7197265625,10795.5703125,10853.7197265625,162830000,-0.23353923136101296
20041230,10800.2998046875,10800.2998046875,10850.1796875,10799.7099609375,10829.1201171875,146210000,-0.2667847166192394
20041231,10783.009765625,10783.009765625,10832.51953125,10781.009765625,10800.2998046875,141140000,-0.1600885102744587
20050103,10729.4296875,10729.4296875,10867.3896484375,10710.0703125,10783.75,270620000,-0.4968935324143664
20050104,10630.7802734375,10630.7802734375,10769.5595703125,10605.150390625,10727.8095703125,293280000,-0.9194283101312317
20050105,10597.830078125,10597.830078125,10684.4296875,10597.75,10629.5302734375,263550000,-0.3099508640474036
20050106,10622.8798828125,10622.8798828125,10667.580078125,10589.330078125,10593.1904296875,232850000,0.23636729880398555
20050107,10603.9599609375,10603.9599609375,10653.25,10571.740234375,10624.7998046875,283770000,-0.1781053921697029
20050110,10621.0302734375,10621.0302734375,10663.740234375,10582.3798828125,10603.4404296875,279500000,0.16098054465392142
20050111,10556.2197265625,10556.2197265625,10619.76953125,10531.5400390625,10619.76953125,292050000,-0.6102096049672934
20050112,10617.7802734375,10617.7802734375,10622.8798828125,10499.4697265625,10561.3203125,293140000,0.5831684871062004
20050113,10505.830078125,10505.830078125,10618.150390625,10485.73046875,10617.41015625,271180000,-1.0543653421851817
20050114,10558.0,10558.0,10567.009765625,10503.759765625,10506.7099609375,223070000,0.496580674606828
20050118,10628.7900390625,10628.7900390625,10628.9404296875,10500.580078125,10554.23046875,267680000,0.6704872046078725
20050119,10539.9697265625,10539.9697265625,10626.2802734375,10536.490234375,10626.0498046875,242250000,-0.8356577952294719
20050120,10471.4697265625,10471.4697265625,10546.76953125,10457.9404296875,10538.900390625,242810000,-0.6499069900302357
20050121,10392.990234375,10392.990234375,10512.1796875,10390.849609375,10471.98046875,275680000,-0.7494601449157146
20050124,10368.6103515625,10368.6103515625,10442.8701171875,10368.6103515625,10393.580078125,259170000,-0.23458006081698013
20050125,10461.5595703125,10461.5595703125,10509.830078125,10369.419921875,10369.419921875,260720000,0.8964481796347235
20050126,10498.58984375,10498.58984375,10531.990234375,10463.1904296875,10463.1904296875,247140000,0.35396513482162106
20050127,10467.400390625,10467.400390625,10498.1396484375,10429.9404296875,10498.1396484375,269690000,-0.2970823090452268
20050128,10427.2001953125,10427.2001953125,10488.3896484375,10386.5595703125,10470.580078125,358720000,-0.3840513767726428
20050131,10489.9404296875,10489.9404296875,10510.1904296875,10428.759765625,10428.759765625,298060000,0.6016978019008912
20050201,10551.9404296875,10551.9404296875,10570.259765625,10489.6396484375,10489.7197265625,283800000,0.5910424412376436
20050202,10596.7900390625,10596.7900390625,10616.3701171875,10544.48046875,10551.0498046875,279860000,0.4250366051045562
20050203,10593.099609375,10593.099609375,10601.150390625,10550.08984375,10592.2099609375,229000000,-0.034825920622150175
20050204,10716.1298828125,10716.1298828125,10723.8896484375,10586.8896484375,10593.169921875,246270000,1.1614190177973605
20050207,10715.759765625,10715.759765625,10733.5,10699.73046875,10715.759765625,218040000,-0.0034538326013966447
20050208,10724.6298828125,10724.6298828125,10744.509765625,10695.9599609375,10712.509765625,244710000,0.08277637219857858
20050209,10664.1103515625,10664.1103515625,10741.5498046875,10660.419921875,10717.759765625,310030000,-0.5643041476609767
20050210,10749.6103515625,10749.6103515625,10763.9404296875,10664.330078125,10665.0,254150000,0.8017546441412504
20050211,10796.009765625,10796.009765625,10829.1904296875,10703.4296875,10742.919921875,263370000,0.43163810170807615
20050214,10791.1298828125,10791.1298828125,10802.2900390625,10773.1796875,10795.7197265625,215370000,-0.045200800281208764
20050215,10837.3203125,10837.3203125,10852.3896484375,10779.3095703125,10791.0595703125,241500000,0.4280407166729505
20050216,10834.8798828125,10834.8798828125,10853.4296875,10794.16015625,10832.0302734375,256940000,-0.0225187557175488
20050217,10754.259765625,10754.259765625,10841.16015625,10752.33984375,10835.0302734375,257860000,-0.7440794735102618
20050218,10785.2197265625,10785.2197265625,10792.01953125,10730.3203125,10755.150390625,335660000,0.2878855598826169
20050222,10611.2001953125,10611.2001953125,10783.4501953125,10610.5400390625,10783.3798828125,340910000,-1.6135001016382988
20050223,10673.7900390625,10673.7900390625,10700.6904296875,10608.98046875,10609.2802734375,268490000,0.5898469786447924
20050224,10748.7900390625,10748.7900390625,10755.740234375,10647.33984375,10672.240234375,257340000,0.7026557551303325
20050225,10841.599609375,10841.599609375,10845.599609375,10735.76953125,10748.419921875,247140000,0.8634420244066243
20050228,10766.23046875,10766.23046875,10842.0498046875,10730.4697265625,10842.0498046875,288160000,-0.6951846899033831
20050301,10830.0,10830.0,10849.1396484375,10769.0400390625,10769.0400390625,247210000,0.5923106646759768
20050302,10811.9697265625,10811.9697265625,10869.830078125,10774.2900390625,10825.6796875,235950000,-0.16648451927515628
20050303,10833.0302734375,10833.0302734375,10869.169921875,10767.1904296875,10812.26953125,233480000,0.19478917725102018
20050304,10940.5498046875,10940.5498046875,10962.419921875,10834.2900390625,10834.509765625,240210000,0.9925157461586398
20050307,10936.8603515625,10936.8603515625,10984.4599609375,10931.4599609375,10940.5498046875,229120000,-0.03372273963251349
20050308,10912.6201171875,10912.6201171875,10952.4501953125,10900.1298828125,10935.599609375,205970000,-0.2216379618629527
20050309,10805.6201171875,10805.6201171875,10923.1796875,10802.0595703125,10912.3203125,267970000,-0.9805161258337414
20050310,10851.509765625,10851.509765625,10875.51953125,10780.349609375,10806.2802734375,224040000,0.4246831550602792
20050311,10774.3603515625,10774.3603515625,10872.349609375,10758.5498046875,10845.2998046875,243050000,-0.7109555787978117
20050314,10804.509765625,10804.509765625,10805.4697265625,10754.41015625,10773.919921875,237050000,0.2798255588149834
20050315,10745.099609375,10745.099609375,10838.650390625,10745.099609375,10804.2900390625,237710000,-0.5498644319709478
20050316,10633.0703125,10633.0703125,10741.6298828125,10612.3798828125,10741.6298828125,278620000,-1.0426082674678594
20050317,10626.349609375,10626.349609375,10658.6396484375,10598.33984375,10633.2998046875,228160000,-0.06320566804772776
20050318,10629.669921875,10629.669921875,10653.6904296875,10557.0400390625,10627.830078125,531670000,0.031246031064813273
20050321,10565.3896484375,10565.3896484375,10630.490234375,10534.0595703125,10629.900390625,254560000,-0.6047250188382258
20050322,10470.509765625,10470.509765625,10609.9501953125,10470.2802734375,10565.3896484375,308690000,-0.8980254015196865
20050323,10456.01953125,10456.01953125,10497.419921875,10430.5302734375,10470.580078125,327490000,-0.13839091600460485
20050324,10442.8701171875,10442.8701171875,10518.6298828125,10442.8701171875,10457.0595703125,238110000,-0.12575927218957395
20050328,10485.650390625,10485.650390625,10533.5498046875,10439.990234375,10444.1298828125,213820000,0.4096601121859278
20050329,10405.7001953125,10405.7001953125,10520.83984375,10396.240234375,10485.650390625,301970000,-0.7624724488619394
20050330,10540.9296875,10540.9296875,10544.1796875,10404.8095703125,10405.76953125,276060000,1.2995712892863942
20050331,10503.759765625,10503.759765625,10542.0400390625,10490.3798828125,10541.58984375,259250000,-0.3526247017763384
20050401,10404.2998046875,10404.2998046875,10568.9296875,10381.01953125,10504.5703125,318810000,-0.9468986644477151
20050404,10421.1396484375,10421.1396484375,10444.2802734375,10356.7099609375,10401.7099609375,293800000,0.16185465688343115
20050405,10458.4599609375,10458.4599609375,10476.490234375,10419.4404296875,10421.1396484375,271690000,0.3581212205096662
20050406,10486.01953125,10486.01953125,10526.0,10453.3798828125,10453.4501953125,237570000,0.26351461319769065
20050407,10546.3203125,10546.3203125,10557.1103515625,10476.7099609375,10485.8798828125,283340000,0.5750588301909332
20050408,10461.33984375,10461.33984375,10553.5595703125,10460.4599609375,10546.3203125,201110000,-0.8057831189640319
20050411,10448.5595703125,10448.5595703125,10482.1796875,10438.4404296875,10462.080078125,192720000,-0.12216669784544942
20050412,10507.9697265625,10507.9697265625,10529.76953125,10360.919921875,10448.6298828125,267070000,0.5685966170763113
20050413,10403.9296875,10403.9296875,10521.0595703125,10379.7001953125,10507.4501953125,274850000,-0.9901060030607312
20050414,10278.75,10278.75,10417.8896484375,10273.4296875,10403.7099609375,303780000,-1.2031962081635372
20050415,10087.509765625,10087.509765625,10278.5302734375,10076.5703125,10276.6103515625,417360000,-1.8605397969110982
20050418,10071.25,10071.25,10105.3896484375,10020.9296875,10088.5400390625,301220000,-0.16118711161409172
20050419,10127.41015625,10127.41015625,10156.5302734375,10071.5498046875,10071.5498046875,285960000,0.5576284597244685
20050420,10012.3603515625,10012.3603515625,10186.4501953125,10000.4599609375,10131.1796875,323910000,-1.1360239480031176
20050421,10218.599609375,10218.599609375,10218.599609375,10010.509765625,10010.509765625,287550000,2.0598465353907747
20050422,10157.7099609375,10157.7099609375,10219.33984375,10069.919921875,10218.599609375,273540000,-0.5958707725629786
20050425,10242.4697265625,10242.4697265625,10260.2001953125,10158.51953125,10158.51953125,231210000,0.834437741882299
20050426,10151.1298828125,10151.1298828125,10263.599609375,10150.990234375,10240.990234375,255270000,-0.8917755794105253
20050427,10198.7998046875,10198.7998046875,10219.5595703125,10079.4501953125,10150.3203125,248390000,0.4696021273032258
20050428,10070.3701171875,10070.3701171875,10194.580078125,10070.1396484375,10194.580078125,279300000,-1.2592627560055858
20050429,10192.509765625,10192.509765625,10196.3603515625,10048.1201171875,10070.3701171875,303790000,1.2128615633405504
20050502,10251.7001953125,10251.7001953125,10258.4296875,10188.0703125,10192.0,239610000,0.5807247777885216
20050503,10256.9501953125,10256.9501953125,10304.5400390625,10208.0302734375,10251.0400390625,277710000,0.0512110176846603
20050504,10384.6396484375,10384.6396484375,10392.4697265625,10255.25,10255.25,275240000,1.2449066310505685
20050505,10340.3798828125,10340.3798828125,10405.76953125,10296.48046875,10384.490234375,236460000,-0.4262041546300499
20050506,10345.400390625,10345.400390625,10400.599609375,10339.6396484375,10339.7099609375,230410000,0.04855245038768441
20050509,10384.33984375,10384.33984375,10384.8603515625,10320.1396484375,10345.400390625,204600000,0.37639387220127496
20050510,10281.1103515625,10281.1103515625,10382.9404296875,10250.23046875,10382.9404296875,234910000,-0.9940881533228141
20050511,10300.25,10300.25,10311.1904296875,10184.900390625,10272.91015625,214890000,0.18616324290878783
20050512,10189.48046875,10189.48046875,10322.349609375,10183.4296875,10299.740234375,249840000,-1.075406240139798
20050513,10140.1201171875,10140.1201171875,10234.33984375,10075.5498046875,10188.23046875,258410000,-0.4844246153067666
20050516,10252.2900390625,10252.2900390625,10255.25,10138.2802734375,10139.6103515625,217230000,1.1061991433895635
20050517,10331.8798828125,10331.8798828125,10336.900390625,10213.1396484375,10247.490234375,241110000,0.7763128378806439
20050518,10464.4501953125,10464.4501953125,10480.849609375,10323.0400390625,10323.1904296875,299760000,1.2831189870929016
20050519,10493.1904296875,10493.1904296875,10494.740234375,10435.3203125,10464.4501953125,209180000,0.2746463869441884
20050520,10471.91015625,10471.91015625,10499.259765625,10423.8798828125,10492.75,232250000,-0.20280079333444556
20050523,10523.5595703125,10523.5595703125,10560.8095703125,10466.0703125,10472.7998046875,225290000,0.493218651533911
20050524,10503.6796875,10503.6796875,10522.6796875,10471.91015625,10522.6796875,204650000,-0.188908350636241
20050525,10457.7998046875,10457.7998046875,10503.169921875,10426.3896484375,10503.169921875,187990000,-0.4367981905150753
20050526,10537.599609375,10537.599609375,10544.099609375,10458.6103515625,10458.6796875,194620000,0.7630649484390739
20050527,10542.5498046875,10542.5498046875,10552.009765625,10517.66015625,10537.080078125,168060000,0.046976498405726375
20050531,10467.48046875,10467.48046875,10542.330078125,10467.48046875,10541.8896484375,240780000,-0.7120605292670446
20050601,10549.8701171875,10549.8701171875,10586.3701171875,10457.91015625,10462.8603515625,232630000,0.7871010477016771
20050602,10553.490234375,10553.490234375,10559.9296875,10510.41015625,10548.830078125,187680000,0.03431432943996615
20050603,10460.9697265625,10460.9697265625,10553.1904296875,10448.41015625,10552.8203125,222230000,-0.8766816072955708
20050606,10467.0302734375,10467.0302734375,10481.0,10430.9697265625,10461.6396484375,170200000,0.05793484766150048
20050607,10483.0703125,10483.0703125,10578.83984375,10465.919921875,10466.0,213990000,0.15324345725076238
20050608,10476.8603515625,10476.8603515625,10543.2900390625,10465.3203125,10484.83984375,195810000,-0.05923799757495685
20050609,10503.01953125,10503.01953125,10526.3701171875,10443.3095703125,10477.75,209810000,0.24968529511417703
20050610,10512.6298828125,10512.6298828125,10538.6396484375,10452.6201171875,10503.01953125,217100000,0.09150084443723117
20050613,10522.5595703125,10522.5595703125,10589.16015625,10474.3798828125,10503.5703125,205630000,0.09445483775885055
20050614,10547.5703125,10547.5703125,10586.7001953125,10521.7900390625,10521.9501953125,192030000,0.23768686715790466
20050615,10566.3701171875,10566.3701171875,10589.9296875,10495.3896484375,10548.650390625,220840000,0.17823824947835742
20050616,10578.650390625,10578.650390625,10595.4501953125,10540.0595703125,10566.759765625,217730000,0.11622036045779716
20050617,10623.0703125,10623.0703125,10656.2900390625,10579.490234375,10580.41015625,373400000,0.4199015964679642
20050620,10609.1103515625,10609.1103515625,10637.5703125,10562.3798828125,10621.5400390625,173110000,-0.13141173433705022
20050621,10599.669921875,10599.669921875,10630.3603515625,10580.8701171875,10608.8798828125,204330000,-0.08898417845289996
20050622,10587.9296875,10587.9296875,10646.240234375,10578.0400390625,10599.3603515625,198810000,-0.11076037708279696
20050623,10421.4404296875,10421.4404296875,10589.009765625,10419.599609375,10587.08984375,288030000,-1.5724439312158944
20050624,10297.83984375,10297.83984375,10422.2802734375,10297.83984375,10422.2802734375,343150000,-1.1860220933125443
20050627,10290.7802734375,10290.7802734375,10332.1298828125,10253.490234375,10298.0703125,220510000,-0.06855389498783282
20050628,10405.6298828125,10405.6298828125,10409.7001953125,10290.5498046875,10291.009765625,215350000,1.1160437432664816
20050629,10374.48046875,10374.48046875,10433.7900390625,10363.2802734375,10405.9404296875,222550000,-0.2993515473191155
20050630,10274.9697265625,10274.9697265625,10412.7900390625,10267.2197265625,10374.1796875,301810000,-0.9591877153486972
20050701,10303.4404296875,10303.4404296875,10343.7900390625,10273.51953125,10273.58984375,231380000,0.277087951426247
20050705,10371.7998046875,10371.7998046875,10389.0595703125,10282.650390625,10303.1298828125,235620000,0.6634616414439076
20050706,10270.6796875,10270.6796875,10380.4697265625,10267.6103515625,10366.51953125,237210000,-0.9749524585096481
20050707,10302.2900390625,10302.2900390625,10310.0400390625,10175.400390625,10269.759765625,275310000,0.30777273290854
20050708,10449.1396484375,10449.1396484375,10462.259765625,10300.4501953125,10302.900390625,249260000,1.4254074464822963
20050711,10519.7197265625,10519.7197265625,10534.2197265625,10449.599609375,10449.599609375,225470000,0.6754630572437081
20050712,10513.8896484375,10513.8896484375,10544.0400390625,10483.2001953125,10519.490234375,233390000,-0.05542047009369222
20050713,10557.3896484375,10557.3896484375,10564.91015625,10512.3603515625,10513.3603515625,216660000,0.4137384113258591
20050714,10628.8896484375,10628.8896484375,10657.6904296875,10559.8603515625,10559.8603515625,267790000,0.677250744558644
20050715,10640.830078125,10640.830078125,10654.1201171875,10600.48046875,10629.4404296875,239700000,0.11233938899022355
20050718,10574.990234375,10574.990234375,10640.1904296875,10574.990234375,10640.1904296875,206290000,-0.6187472524850413
20050719,10646.5595703125,10646.5595703125,10668.51953125,10576.900390625,10576.900390625,318160000,0.6767792154063423
20050720,10689.150390625,10689.150390625,10691.2998046875,10581.1201171875,10629.51953125,312420000,0.4000430376707165
20050721,10627.76953125,10627.76953125,10700.0595703125,10608.4296875,10690.0302734375,281750000,-0.5742351555726555
20050722,10651.1796875,10651.1796875,10658.580078125,10588.0498046875,10624.1904296875,231480000,0.220273465482701
20050725,10596.48046875,10596.48046875,10686.5302734375,10591.5498046875,10651.66015625,190250000,-0.5135508023979107
20050726,10579.76953125,10579.76953125,10626.0,10572.919921875,10597.599609375,220390000,-0.15770271600350494
20050727,10637.08984375,10637.08984375,10645.919921875,10577.3798828125,10579.4501953125,213220000,0.5417916933888822
20050728,10705.5498046875,10705.5498046875,10710.48046875,10629.6796875,10633.5,220170000,0.6435967162364831
20050729,10640.91015625,10640.91015625,10717.73046875,10640.91015625,10705.16015625,215280000,-0.6037956911769005
20050801,10623.150390625,10623.150390625,10672.3603515625,10610.8896484375,10641.7802734375,192790000,-0.16690081359787
20050802,10683.740234375,10683.740234375,10699.1904296875,10623.4697265625,10623.7900390625,241690000,0.5703566411285221
20050803,10697.58984375,10697.58984375,10698.0703125,10638.48046875,10681.509765625,237650000,0.12963259187488418
20050804,10610.099609375,10610.099609375,10696.8798828125,10606.669921875,10696.7998046875,230600000,-0.8178499610930201
20050805,10558.0302734375,10558.0302734375,10610.8095703125,10554.4501953125,10610.33984375,218240000,-0.4907525645799993
20050808,10536.9296875,10536.9296875,10606.0400390625,10524.91015625,10557.240234375,185880000,-0.19985343279973478
20050809,10615.669921875,10615.669921875,10639.080078125,10537.650390625,10537.650390625,207460000,0.7472787302396977
20050810,10594.41015625,10594.41015625,10719.41015625,10570.0498046875,10606.51953125,258420000,-0.20026777190190748
20050811,10685.8896484375,10685.8896484375,10685.8896484375,10588.51953125,10591.830078125,234250000,0.8634694224438189
20050812,10600.3095703125,10600.3095703125,10682.7802734375,10568.2998046875,10682.7001953125,218890000,-0.8008699410208986
20050815,10634.3798828125,10634.3798828125,10655.080078125,10557.8701171875,10599.1904296875,173340000,0.3214086557945306
20050816,10513.4501953125,10513.4501953125,10640.26953125,10510.33984375,10631.58984375,232520000,-1.137157867525962
20050817,10550.7099609375,10550.7099609375,10588.9296875,10503.3701171875,10505.599609375,235040000,0.3544009334025544
20050818,10554.9296875,10554.9296875,10592.900390625,10517.4296875,10549.75,213900000,0.039994716735858304
20050819,10559.23046875,10559.23046875,10626.259765625,10552.7001953125,10552.7001953125,219830000,0.0407466594030792
20050822,10569.8896484375,10569.8896484375,10641.150390625,10523.9599609375,10559.23046875,215570000,0.10094655779173678
20050823,10519.580078125,10519.580078125,10577.4599609375,10496.73046875,10571.009765625,210670000,-0.47597062964547243
20050824,10434.8701171875,10434.8701171875,10559.0,10432.080078125,10519.33984375,256640000,-0.805259908745315
20050825,10450.6298828125,10450.6298828125,10465.3603515625,10428.33984375,10434.3896484375,188100000,0.15102982066870219
20050826,10397.2900390625,10397.2900390625,10450.9501953125,10383.98046875,10450.9501953125,192100000,-0.5103983620903585
20050829,10463.0498046875,10463.0498046875,10487.5,10349.3701171875,10396.900390625,202970000,0.6324702434763463
20050830,10412.8203125,10412.8203125,10461.5400390625,10350.0,10461.5400390625,234650000,-0.48006549835017953
20050831,10481.599609375,10481.599609375,10484.7900390625,10356.8701171875,10409.080078125,281200000,0.6605251489112396
20050901,10459.6298828125,10459.6298828125,10513.759765625,10425.7998046875,10481.4404296875,278990000,-0.20960280282839028
20050902,10447.3701171875,10447.3701171875,10497.4501953125,10434.7099609375,10460.669921875,204490000,-0.11721031969922358
20050906,10589.240234375,10589.240234375,10593.0595703125,10447.6904296875,10447.6904296875,233670000,1.357950523396334
20050907,10633.5,10633.5,10640.4296875,10573.9501953125,10588.6796875,226790000,0.4179692276819136
20050908,10595.9296875,10595.9296875,10636.490234375,10569.33984375,10633.1103515625,222990000,-0.35332028494851064
20050909,10678.5595703125,10678.5595703125,10695.919921875,10593.9404296875,10594.099609375,247140000,0.7798266433381329
20050912,10682.9404296875,10682.9404296875,10701.8095703125,10664.08984375,10678.41015625,201190000,0.04102481562382465
20050913,10597.4404296875,10597.4404296875,10674.0302734375,10595.2900390625,10673.7099609375,222620000,-0.8003414468398473
20050914,10544.900390625,10544.900390625,10633.1904296875,10536.6201171875,10597.51953125,225350000,-0.49578046143401444
20050915,10558.75,10558.75,10582.0703125,10520.9296875,10545.849609375,225350000,0.13133940446998782
20050916,10641.9404296875,10641.9404296875,10647.3603515625,10560.419921875,10560.5,546940000,0.7878814223984953
20050919,10557.6298828125,10557.6298828125,10644.5703125,10521.1796875,10641.8701171875,233530000,-0.7922478746432482
20050920,10481.51953125,10481.51953125,10604.759765625,10467.1103515625,10558.1904296875,244560000,-0.7209037672972873
20050921,10378.0302734375,10378.0302734375,10484.5498046875,10375.240234375,10484.23046875,266650000,-0.9873497588202995
20050922,10422.0498046875,10422.0498046875,10444.509765625,10350.9599609375,10376.2001953125,254260000,0.424160751994207
20050923,10419.58984375,10419.58984375,10455.8095703125,10372.0595703125,10422.0498046875,238590000,-0.023603427191387638
20050926,10443.6298828125,10443.6298828125,10509.23046875,10410.1103515625,10420.2197265625,234320000,0.23071962930403256
20050927,10456.2099609375,10456.2099609375,10496.25,10415.6201171875,10444.580078125,224960000,0.12045695094675679
20050928,10473.08984375,10473.08984375,10512.099609375,10423.98046875,10456.6103515625,238740000,0.16143404613679913
20050929,10552.7802734375,10552.7802734375,10563.3701171875,10418.009765625,10472.6103515625,236020000,0.7609065793993564
20050930,10568.7001953125,10568.7001953125,10569.8095703125,10526.1201171875,10552.7001953125,222160000,0.15085997682593444
20051003,10535.48046875,10535.48046875,10608.5595703125,10523.6298828125,10569.5,239190000,-0.3143217798649789
20051004,10441.1103515625,10441.1103515625,10567.8203125,10434.7900390625,10534.3603515625,301840000,-0.8957362454177331
20051005,10317.3603515625,10317.3603515625,10438.4697265625,10316.16015625,10434.8095703125,266720000,-1.185218773034813
20051006,10287.099609375,10287.099609375,10369.5498046875,10218.08984375,10317.3603515625,316440000,-0.2932992660561351
20051007,10292.3095703125,10292.3095703125,10347.2998046875,10280.6201171875,10287.419921875,237340000,0.050645576842200946
20051010,10238.759765625,10238.759765625,10323.1201171875,10237.7998046875,10292.9501953125,236540000,-0.5202894872299746
20051011,10253.169921875,10253.169921875,10312.8798828125,10234.2001953125,10239.16015625,261000000,0.14074122823333202
20051012,10216.91015625,10216.91015625,10308.8798828125,10186.08984375,10253.8095703125,293420000,-0.35364444265807427
20051013,10216.58984375,10216.58984375,10241.3203125,10156.4599609375,10216.91015625,270400000,-0.0031351210405206054
20051014,10287.33984375,10287.33984375,10291.91015625,10200.099609375,10216.58984375,238950000,0.6925011288701377
20051017,10348.099609375,10348.099609375,10350.990234375,10269.8095703125,10287.419921875,242880000,0.5906266007330796
20051018,10285.259765625,10285.259765625,10361.4697265625,10285.259765625,10349.1396484375,297590000,-0.6072597493463339
20051019,10414.1298828125,10414.1298828125,10414.1298828125,10232.98046875,10277.1796875,316880000,1.2529592846862725
20051020,10281.099609375,10281.099609375,10432.7802734375,10252.1298828125,10411.73046875,334850000,-1.2774017122357373
20051021,10215.2197265625,10215.2197265625,10350.98046875,10193.4501953125,10282.2197265625,357930000,-0.6407863488884669
20051024,10385.0,10385.0,10387.0,10216.1103515625,10216.1103515625,263690000,1.6620325160116023
20051025,10377.8701171875,10377.8701171875,10411.650390625,10316.8798828125,10383.8798828125,246960000,-0.06865558798748728
20051026,10344.98046875,10344.98046875,10434.4697265625,10336.8203125,10377.3896484375,266810000,-0.31692098731346263
20051027,10229.9501953125,10229.9501953125,10349.2197265625,10229.9501953125,10344.740234375,236490000,-1.1119428768858741
20051028,10402.76953125,10402.76953125,10404.7001953125,10231.150390625,10231.150390625,283060000,1.689346796787805
20051031,10440.0703125,10440.0703125,10486.650390625,10403.169921875,10403.169921875,320080000,0.35856587169358356
20051101,10406.76953125,10406.76953125,10455.2802734375,10406.0400390625,10440.0703125,294480000,-0.31897085223773214
20051102,10472.73046875,10472.73046875,10493.5400390625,10388.759765625,10406.2900390625,279710000,0.6338272150827384
20051103,10522.58984375,10522.58984375,10561.16015625,10470.490234375,10470.490234375,320900000,0.476087636827649
20051104,10530.759765625,10530.759765625,10552.3798828125,10479.3896484375,10523.23046875,230870000,0.0776417402589491
20051107,10586.23046875,10586.23046875,10593.349609375,10520.4296875,10531.240234375,241260000,0.5267492978623389
20051108,10539.7197265625,10539.7197265625,10574.2197265625,10524.2802734375,10574.1796875,201770000,-0.43935130946560763
20051109,10546.2099609375,10546.2099609375,10601.919921875,10519.5498046875,10539.240234375,244430000,0.06157881370074669
20051110,10640.099609375,10640.099609375,10655.5302734375,10519.3896484375,10541.16015625,293350000,0.8902690993756179
20051111,10686.0400390625,10686.0400390625,10696.4501953125,10637.4296875,10640.099609375,195880000,0.4317669136012725
20051114,10697.169921875,10697.169921875,10710.0595703125,10674.2802734375,10686.599609375,211290000,0.10415348222367893
20051115,10686.4404296875,10686.4404296875,10741.990234375,10664.26953125,10697.169921875,267560000,-0.10030215716737567
20051116,10674.759765625,10674.759765625,10712.2197265625,10652.26953125,10683.0302734375,286000000,-0.10930359963501335
20051117,10720.2197265625,10720.2197265625,10727.669921875,10665.5498046875,10677.0,274320000,0.42586401882214187
20051118,10766.330078125,10766.330078125,10796.259765625,10697.25,10719.33984375,351030000,0.4301250602937623
20051121,10820.2802734375,10820.2802734375,10835.330078125,10761.0498046875,10766.330078125,250280000,0.5011010708478647
20051122,10871.4296875,10871.4296875,10877.4296875,10787.2197265625,10815.9599609375,311190000,0.4727180144128651
20051123,10916.08984375,10916.08984375,10950.75,10855.33984375,10871.4296875,236740000,0.4108029719527062
20051125,10931.6201171875,10931.6201171875,10955.48046875,10914.490234375,10916.08984375,122460000,0.14226956410030578
20051128,10890.7197265625,10890.7197265625,10951.9296875,10881.6298828125,10932.740234375,259360000,-0.3741475662943472
20051129,10888.16015625,10888.16015625,10959.7900390625,10888.0703125,10888.48046875,255250000,-0.02350230633754169
20051130,10805.8701171875,10805.8701171875,10924.8203125,10803.8701171875,10883.91015625,257650000,-0.7557754283699092
20051201,10912.5703125,10912.5703125,10934.900390625,10806.0302734375,10806.0302734375,256980000,0.9874280752531606
20051202,10877.509765625,10877.509765625,10921.3701171875,10861.66015625,10912.009765625,214900000,-0.32128587373077
20051205,10835.009765625,10835.009765625,10876.9501953125,10810.669921875,10876.9501953125,237340000,-0.390714427435479
20051206,10856.8603515625,10856.8603515625,10936.2001953125,10835.41015625,10835.41015625,264630000,0.20166650893866933
20051207,10810.91015625,10810.91015625,10868.0595703125,10764.009765625,10856.8603515625,243490000,-0.42323649586122336
20051208,10755.1201171875,10755.1201171875,10847.25,10729.669921875,10808.4296875,253290000,-0.5160531190821827
20051209,10778.580078125,10778.580078125,10805.9501953125,10729.91015625,10751.759765625,238930000,0.218128302444609
20051212,10767.76953125,10767.76953125,10811.7099609375,10735.1103515625,10778.66015625,254130000,-0.10029657706899231
20051213,10823.7197265625,10823.7197265625,10871.509765625,10751.3603515625,10765.6904296875,329050000,0.5196080316366647
20051214,10883.509765625,10883.509765625,10919.76953125,10820.3203125,10821.3203125,336440000,0.5523982565417862
20051215,10881.669921875,10881.669921875,10938.740234375,10865.419921875,10883.4296875,297560000,-0.01690487526193607
20051216,10875.58984375,10875.58984375,10940.33984375,10869.26953125,10881.669921875,419040000,-0.0558744950789003
20051219,10836.5302734375,10836.5302734375,10922.41015625,10825.6396484375,10875.509765625,331170000,-0.3591489829395056
20051220,10805.5498046875,10805.5498046875,10860.1396484375,10789.6201171875,10836.9296875,254440000,-0.2858891911734829
20051221,10833.73046875,10833.73046875,10900.8896484375,10805.6298828125,10805.6298828125,257850000,0.260798058144851
20051222,10889.4404296875,10889.4404296875,10891.0400390625,10829.16015625,10831.5595703125,229500000,0.514226942401752
20051223,10883.26953125,10883.26953125,10904.7998046875,10869.830078125,10883.26953125,126720000,-0.05666864589916054
20051227,10777.76953125,10777.76953125,10932.8203125,10776.490234375,10883.75,174190000,-0.9693778114845841
20051228,10796.259765625,10796.259765625,10825.16015625,10778.25,10778.25,153230000,0.17155900691128156
20051229,10784.8203125,10784.8203125,10825.240234375,10779.2197265625,10795.7001953125,160010000,-0.10595755727759171
20051230,10717.5,10717.5,10783.8603515625,10709.419921875,10783.8603515625,191020000,-0.624213575649224
20060103,10847.41015625,10847.41015625,10862.7802734375,10684.4501953125,10718.2998046875,302950000,1.2121311523209721
20060104,10880.150390625,10880.150390625,10892.6396484375,10833.900390625,10843.9697265625,271490000,0.3018253564988971
20060105,10882.150390625,10882.150390625,10908.25,10843.650390625,10880.3896484375,250910000,0.018382098851521533
20060106,10959.3095703125,10959.3095703125,10968.83984375,10875.4501953125,10875.4501953125,291740000,0.7090434970828285
20060109,11011.900390625,11011.900390625,11020.150390625,10944.4296875,10959.4697265625,248240000,0.47987348085287707
20060110,11011.580078125,11011.580078125,11013.98046875,10949.8701171875,11010.4599609375,264270000,-0.0029087849384490383
20060111,11043.4404296875,11043.4404296875,11047.759765625,10991.9697265625,11011.66015625,266260000,0.289334966793664
20060112,10962.3603515625,10962.3603515625,11045.83984375,10951.23046875,11043.4404296875,296400000,-0.7341921989005962
20060113,10959.8701171875,10959.8701171875,10992.6904296875,10921.5302734375,10961.48046875,209940000,-0.022716224381780226
20060117,10896.3203125,10896.3203125,10957.8701171875,10875.599609375,10957.8701171875,251470000,-0.579840855849556
20060118,10854.8603515625,10854.8603515625,10890.080078125,10817.3203125,10890.080078125,361540000,-0.38049506391564236
20060119,10880.7099609375,10880.7099609375,10915.9501953125,10852.1298828125,10855.1796875,370960000,0.23813857145826844
20060120,10667.3896484375,10667.3896484375,10880.7099609375,10661.150390625,10880.7099609375,519090000,-1.960536704551763
20060123,10688.76953125,10688.76953125,10737.0400390625,10666.349609375,10668.75,366090000,0.20042281680066054
20060124,10712.2197265625,10712.2197265625,10750.3095703125,10686.0400390625,10690.2099609375,375980000,0.21939097146721487
20060125,10709.740234375,10709.740234375,10760.5703125,10672.599609375,10713.259765625,412460000,-0.02314639029810106
20060126,10809.4697265625,10809.4697265625,10827.9599609375,10710.9404296875,10711.01953125,400550000,0.9312036520493727
20060127,10907.2099609375,10907.2099609375,10932.33984375,10804.75,10815.3203125,398810000,0.9042093354017178
20060130,10899.919921875,10899.919921875,10930.5,10887.4404296875,10908.490234375,323690000,-0.06683688210465943
20060131,10864.8603515625,10864.8603515625,10923.4501953125,10862.1396484375,10900.400390625,369370000,-0.32164979709748964
20060201,10953.9501953125,10953.9501953125,10967.5703125,10852.8203125,10862.1396484375,333580000,0.8199814895659241
20060202,10851.98046875,10851.98046875,10950.1103515625,10827.16015625,10950.1103515625,314190000,-0.9308945608145658
20060203,10793.6201171875,10793.6201171875,10863.580078125,10779.0595703125,10849.5703125,346600000,-0.5377852616907819
20060206,10798.26953125,10798.26953125,10814.509765625,10770.9697265625,10793.2998046875,263190000,0.043075576238749136
20060207,10749.759765625,10749.759765625,10822.759765625,10737.669921875,10796.419921875,351880000,-0.44923647705416014
20060208,10858.6201171875,10858.6201171875,10865.419921875,10740.6298828125,10742.16015625,330080000,1.0126770638224647
20060209,10883.349609375,10883.349609375,10952.26953125,10855.740234375,10859.419921875,314190000,0.2277406513959912
20060210,10919.0498046875,10919.0498046875,10944.990234375,10820.2001953125,10883.509765625,303570000,0.328025806335841
20060213,10892.3203125,10892.3203125,10939.8603515625,10849.8896484375,10915.2099609375,244330000,-0.2447968702920078
20060214,11028.3896484375,11028.3896484375,11047.6796875,10890.7197265625,10890.7197265625,307060000,1.2492226819784902
20060215,11058.9697265625,11058.9697265625,11068.740234375,10989.7197265625,11025.669921875,298850000,0.2772850715274888
20060216,11120.6796875,11120.6796875,11120.759765625,11046.400390625,11059.0498046875,302980000,0.5580082273783482
20060217,11115.3203125,11115.3203125,11131.9501953125,11077.7001953125,11119.5595703125,329160000,-0.048192872653496366
20060221,11069.0595703125,11069.0595703125,11140.76953125,11050.8095703125,11115.48046875,270410000,-0.4161890155830794
20060222,11137.169921875,11137.169921875,11159.1796875,11060.330078125,11065.2900390625,337280000,0.6153219352543093
20060223,11069.2197265625,11069.2197265625,11135.8896484375,11052.73046875,11133.51953125,270410000,-0.6101208456830265
20060224,11061.849609375,11061.849609375,11085.5400390625,11010.2197265625,11065.76953125,247270000,-0.06658208409952016
20060227,11097.5498046875,11097.5498046875,11132.6103515625,11061.73046875,11062.8095703125,268610000,0.322732604159115
20060228,10993.41015625,10993.41015625,11100.1904296875,10978.6103515625,11096.75,325450000,-0.9384021722841251
20060301,11053.5302734375,11053.5302734375,11069.3798828125,10991.9697265625,10993.25,270620000,0.5468741394436316
20060302,11025.509765625,11025.509765625,11052.5703125,10986.0498046875,11052.5703125,274280000,-0.25349826814909937
20060303,11021.58984375,11021.58984375,11106.6796875,10984.6103515625,11024.23046875,365750000,-0.035553203056615246
20060306,10958.58984375,10958.58984375,11037.1201171875,10929.2197265625,11022.4697265625,292510000,-0.571605375387152
20060307,10980.6904296875,10980.6904296875,10989.009765625,10928.740234375,10957.3095703125,284770000,0.20167363002552285
20060308,11005.740234375,11005.740234375,11026.7099609375,10922.73046875,10977.080078125,276610000,0.22812595298902227
20060309,10972.2802734375,10972.2802734375,11049.1201171875,10963.8798828125,11005.66015625,266390000,-0.304022811959459
20060310,11076.33984375,11076.33984375,11098.990234375,10972.919921875,10972.919921875,257440000,0.9483860029023683
20060313,11076.01953125,11076.01953125,11116.6796875,11056.330078125,11067.6103515625,251020000,-0.002891862334652995
20060314,11151.33984375,11151.33984375,11161.349609375,11058.650390625,11076.01953125,251560000,0.6800305135566953
20060315,11209.76953125,11209.76953125,11226.740234375,11138.9296875,11149.759765625,274740000,0.5239701086928061
20060316,11253.240234375,11253.240234375,11282.4501953125,11210.5703125,11210.9697265625,306150000,0.3877930139760233
20060317,11279.650390625,11279.650390625,11290.0703125,11254.1201171875,11254.1201171875,480830000,0.23468934902255434
20060320,11274.5302734375,11274.5302734375,11308.3896484375,11259.7998046875,11278.9296875,247410000,-0.045392516702069674
20060321,11235.4697265625,11235.4697265625,11334.9599609375,11221.5400390625,11275.8896484375,331800000,-0.3464494389360584
20060322,11317.4296875,11317.4296875,11328.7998046875,11226.419921875,11234.509765625,342980000,0.7294751615389394
20060323,11270.2900390625,11270.2900390625,11327.2001953125,11237.150390625,11317.349609375,292420000,-0.4165225650976656
20060324,11279.9697265625,11279.9697265625,11316.08984375,11244.0302734375,11270.6103515625,240800000,0.08588676481662283
20060327,11250.1103515625,11250.1103515625,11280.4501953125,11229.8603515625,11280.1298828125,226240000,-0.26471148171334224
20060328,11154.5400390625,11154.5400390625,11281.76953125,11145.01953125,11250.1103515625,272490000,-0.8495055560652887
20060329,11215.7001953125,11215.7001953125,11244.349609375,11154.9404296875,11154.9404296875,279470000,0.5482983254873952
20060330,11150.7001953125,11150.7001953125,11259.16015625,11117.6396484375,11216.33984375,276900000,-0.5795447352200611
20060331,11109.3203125,11109.3203125,11191.3603515625,11105.650390625,11151.33984375,317000000,-0.37109672117178194
20060403,11144.9404296875,11144.9404296875,11247.8701171875,11113.0,11113.0,278440000,0.32063273166604844
20060404,11203.849609375,11203.849609375,11226.98046875,11123.5703125,11142.5400390625,246950000,0.5285733024698702
20060405,11239.5498046875,11239.5498046875,11250.990234375,11169.349609375,11203.2099609375,250190000,0.31864222171125167
20060406,11216.5,11216.5,11246.91015625,11167.0302734375,11233.009765625,240370000,-0.20507765068923378
20060407,11120.0400390625,11120.0400390625,11269.2998046875,11108.01953125,11217.1396484375,256290000,-0.8599827124102899
20060410,11141.330078125,11141.330078125,11185.5400390625,11117.080078125,11119.8798828125,207380000,0.19145649644887186
20060411,11089.6298828125,11089.6298828125,11186.6396484375,11053.169921875,11141.330078125,266080000,-0.46403970576196496
20060412,11129.9697265625,11129.9697265625,11144.1396484375,11087.4697265625,11089.4697265625,212590000,0.3637618583873792
20060413,11137.650390625,11137.650390625,11178.400390625,11105.7998046875,11130.1298828125,230870000,0.06900884954044173
20060417,11073.7802734375,11073.7802734375,11159.990234375,11039.1201171875,11137.330078125,239730000,-0.5734613221587748
20060418,11268.76953125,11268.76953125,11280.4501953125,11074.580078125,11074.580078125,309660000,1.7608192775886877
20060419,11278.76953125,11278.76953125,11302.9501953125,11236.1904296875,11265.400390625,292280000,0.08874083343588524
20060420,11342.8896484375,11342.8896484375,11384.1103515625,11275.0498046875,11278.5302734375,336420000,0.5685027698264733
20060421,11347.4501953125,11347.4501953125,11405.8798828125,11316.7900390625,11343.4501953125,325090000,0.040206217430927005
20060424,11336.3203125,11336.3203125,11359.7001953125,11305.830078125,11346.8095703125,232000000,-0.09808267602793297
20060425,11283.25,11283.25,11355.3701171875,11260.83984375,11336.5595703125,289230000,-0.46814408059272505
20060426,11354.490234375,11354.490234375,11379.8701171875,11282.76953125,11283.25,270270000,0.631380447787655
20060427,11382.509765625,11382.509765625,11416.9296875,11275.2998046875,11349.5302734375,361740000,0.24677049054278033
20060428,11367.1396484375,11367.1396484375,11417.66015625,11347.2099609375,11358.330078125,738440000,-0.13503276082325044
20060501,11343.2900390625,11343.2900390625,11428.3701171875,11329.4404296875,11367.7802734375,365970000,-0.20981187979227656
20060502,11416.4501953125,11416.4501953125,11427.650390625,11345.1298828125,11345.2099609375,335420000,0.6449641682268581
20060503,11400.2802734375,11400.2802734375,11424.9296875,11362.419921875,11414.6904296875,380540000,-0.14163703776888248
20060504,11438.8603515625,11438.8603515625,11463.1103515625,11401.7998046875,11401.7998046875,333940000,0.33841341791298607
20060505,11577.740234375,11577.740234375,11586.3798828125,11440.6201171875,11440.6201171875,338910000,1.214105938390353
20060508,11584.5400390625,11584.5400390625,11603.58984375,11561.9697265625,11576.3701171875,309920000,0.058731708864145915
20060509,11639.76953125,11639.76953125,11640.73046875,11572.0498046875,11584.6201171875,263250000,0.47675170530092625
20060510,11642.650390625,11642.650390625,11670.1904296875,11595.1796875,11630.48046875,284530000,0.024750141033846873
20060511,11500.73046875,11500.73046875,11639.4501953125,11479.4404296875,11639.2900390625,322510000,-1.2189657604876447
20060512,11380.990234375,11380.990234375,11500.009765625,11374.740234375,11500.009765625,321240000,-1.041153296308961
20060515,11428.76953125,11428.76953125,11435.33984375,11333.0400390625,11380.4296875,300550000,0.41981669337249894
20060516,11419.8896484375,11419.8896484375,11460.5498046875,11392.669921875,11428.2099609375,307170000,-0.07769762779991085
20060517,11205.6103515625,11205.6103515625,11410.1298828125,11174.3798828125,11410.1298828125,399460000,-1.876369242362319
20060518,11128.2900390625,11128.2900390625,11247.3896484375,11127.08984375,11206.169921875,338300000,-0.6900142881482441
20060519,11144.0595703125,11144.0595703125,11180.2900390625,11075.2197265625,11124.3701171875,485500000,0.14170668804143194
20060522,11125.330078125,11125.330078125,11175.349609375,11040.0703125,11143.419921875,340590000,-0.16806705015642853
20060523,11098.349609375,11098.349609375,11202.650390625,11097.3095703125,11126.2900390625,315860000,-0.24251387204277108
20060524,11117.3203125,11117.3203125,11168.240234375,11030.4697265625,11100.1103515625,466330000,0.17093265028320648
20060525,11211.0498046875,11211.0498046875,11214.98046875,11114.9599609375,11114.9599609375,295350000,0.8430942848890677
20060526,11278.6103515625,11278.6103515625,11283.490234375,11211.5400390625,11211.6904296875,240330000,0.6026246252759604
20060530,11094.4296875,11094.4296875,11278.1298828125,11094.349609375,11277.25,261260000,-1.6330084852783644
20060531,11168.3095703125,11168.3095703125,11183.0400390625,11085.3798828125,11091.150390625,353660000,0.665918707797486
20060601,11260.2802734375,11260.2802734375,11270.2099609375,11150.0703125,11169.0302734375,295150000,0.8234970793563612
20060602,11247.8701171875,11247.8701171875,11285.8203125,11191.5302734375,11260.51953125,268640000,-0.11021178823830136
20060605,11048.7197265625,11048.7197265625,11248.7900390625,11040.240234375,11247.5498046875,254990000,-1.7705609021985813
20060606,11002.1396484375,11002.1396484375,11094.259765625,10926.419921875,11048.240234375,385870000,-0.4215880145191475
20060607,10930.900390625,10930.900390625,11077.3798828125,10928.33984375,11002.0595703125,333490000,-0.6475036682761726
20060608,10938.8203125,10938.8203125,10964.6796875,10757.5498046875,10929.7001953125,442150000,0.07245443277292818
20060609,10891.919921875,10891.919921875,10976.2001953125,10871.58984375,10939.1396484375,272930000,-0.42875181495948267
20060612,10792.580078125,10792.580078125,10927.1201171875,10790.259765625,10892.0,272490000,-0.9120508088797941
20060613,10706.1396484375,10706.1396484375,10862.2998046875,10700.9296875,10783.1396484375,399220000,-0.8009246080342036
20060614,10816.919921875,10816.919921875,10817.0,10698.849609375,10706.7802734375,355620000,1.0347359279370805
20060615,11015.1904296875,11015.1904296875,11036.48046875,10817.48046875,10817.48046875,358870000,1.8329664011983438
20060616,11014.5498046875,11014.5498046875,11045.2001953125,10984.1298828125,11014.3798828125,451930000,-0.005815832273525778
20060619,10942.1103515625,10942.1103515625,11057.6103515625,10907.2900390625,11014.8701171875,377040000,-0.6576705758248202
20060620,10974.83984375,10974.83984375,11029.830078125,10938.419921875,10942.0302734375,274060000,0.2991149891193201
20060621,11079.4599609375,11079.4599609375,11131.73046875,10971.7197265625,10975.240234375,309290000,0.9532723818933775
20060622,11019.1103515625,11019.1103515625,11077.7802734375,10986.1396484375,11077.7802734375,250460000,-0.5446981133356066
20060623,10989.08984375,10989.08984375,11074.259765625,10973.400390625,11019.1904296875,221940000,-0.27244039541035603
20060626,11045.2802734375,11045.2802734375,11048.7197265625,10973.7197265625,10990.2900390625,202770000,0.5113292409694603
20060627,10924.740234375,10924.740234375,11064.08984375,10920.73046875,11048.240234375,269010000,-1.0913262142598912
20060628,10973.5595703125,10973.5595703125,10981.25,10902.48046875,10925.2998046875,260240000,0.446869535477723
20060629,11190.7998046875,11190.7998046875,11195.5400390625,10974.3603515625,10974.3603515625,337830000,1.97966970501271
20060630,11150.2197265625,11150.2197265625,11235.6298828125,11150.0595703125,11190.7998046875,365670000,-0.36261999886730845
20060703,11228.01953125,11228.01953125,11231.2998046875,11149.33984375,11149.33984375,134790000,0.6977423458495835
20060705,11151.8203125,11151.8203125,11225.0595703125,11123.3203125,11225.0595703125,248320000,-0.6786523530523003
20060706,11225.2998046875,11225.2998046875,11257.080078125,11147.1201171875,11147.1201171875,224520000,0.658901328468664
20060707,11090.669921875,11090.669921875,11224.1796875,11066.009765625,11224.1796875,253730000,-1.1993433151449628
20060710,11103.5498046875,11103.5498046875,11174.4697265625,11090.0400390625,11091.7099609375,207740000,0.11613259526457309
20060711,11134.76953125,11134.76953125,11151.1796875,11027.990234375,11102.58984375,298130000,0.2811688794273737
20060712,11013.1796875,11013.1796875,11149.9599609375,10995.9697265625,11133.9697265625,266320000,-1.0919834793953753
20060713,10846.2900390625,10846.2900390625,11012.6201171875,10832.9296875,11012.6201171875,328780000,-1.515362984832802
20060714,10739.349609375,10739.349609375,10848.3701171875,10701.33984375,10846.5302734375,312080000,-0.9859632123275119
20060717,10747.3603515625,10747.3603515625,10802.669921875,10714.7099609375,10739.349609375,251640000,0.07459243323735265
20060718,10799.23046875,10799.23046875,10813.7900390625,10683.3203125,10745.83984375,288860000,0.4826312274898159
20060719,11011.419921875,11011.419921875,11038.48046875,10797.3896484375,10797.3896484375,343400000,1.9648571603228415
20060720,10928.099609375,10928.099609375,11037.2802734375,10924.98046875,11007.259765625,336300000,-0.7566718288027352
20060721,10868.3798828125,10868.3798828125,10951.76953125,10838.849609375,10937.9404296875,433240000,-0.546478607417411
20060724,11051.0498046875,11051.0498046875,11065.9501953125,10868.6201171875,10868.7001953125,269370000,1.6807465679763212
20060725,11103.7099609375,11103.7099609375,11133.8095703125,10999.900390625,11051.0498046875,281840000,0.476517228504969
20060726,11102.509765625,11102.509765625,11157.8203125,11048.16015625,11102.91015625,287170000,-0.010808957697217014
20060727,11100.4296875,11100.4296875,11187.759765625,11087.5498046875,11104.1904296875,286530000,-0.018735206443498686
20060728,11219.7001953125,11219.7001953125,11243.3095703125,11102.0302734375,11102.1103515625,269730000,1.0744674861263181
20060731,11185.6796875,11185.6796875,11219.0595703125,11178.3203125,11218.900390625,226190000,-0.30322118434781276
20060801,11125.73046875,11125.73046875,11185.2802734375,11083.8603515625,11184.7998046875,199150000,-0.5359461420747946
20060802,11199.9296875,11199.9296875,11229.4599609375,11125.25,11125.5703125,229410000,0.6669154799175736
20060803,11242.58984375,11242.58984375,11269.490234375,11144.4599609375,11195.2802734375,211890000,0.3808966434638572
20060804,11240.349609375,11240.349609375,11344.169921875,11187.3603515625,11244.58984375,210410000,-0.019926319523655422
20060807,11219.3798828125,11219.3798828125,11245.9501953125,11190.5595703125,11239.4697265625,169710000,-0.18655760088645001
20060808,11173.58984375,11173.58984375,11276.2900390625,11141.8203125,11218.1796875,261520000,-0.4081334221746724
20060809,11076.1796875,11076.1796875,11250.83984375,11068.5703125,11168.4697265625,231270000,-0.871789260319833
20060810,11124.3701171875,11124.3701171875,11143.98046875,11044.7197265625,11073.1396484375,211270000,0.4350816892388032
20060811,11088.0302734375,11088.0302734375,11121.16015625,11042.6396484375,11121.16015625,166870000,-0.32666877645372017
20060814,11097.8701171875,11097.8701171875,11202.73046875,11079.7802734375,11089.0703125,205830000,0.0887429372696813
20060815,11230.259765625,11230.259765625,11234.26953125,11098.0302734375,11098.0302734375,208750000,1.192928436173224
20060816,11327.1201171875,11327.1201171875,11340.7998046875,11224.91015625,11224.91015625,219190000,0.8624943107637062
20060817,11334.9599609375,11334.9599609375,11372.419921875,11298.3798828125,11327.3603515625,243000000,0.06921303622537955
20060818,11381.4697265625,11381.4697265625,11381.4697265625,11317.669921875,11333.759765625,282660000,0.41032139315253513
20060821,11345.0498046875,11345.0498046875,11380.990234375,11321.990234375,11380.669921875,196220000,-0.3199931357722785
20060822,11339.83984375,11339.83984375,11383.7099609375,11303.33984375,11344.41015625,213690000,-0.04592276831916209
20060823,11297.900390625,11297.900390625,11370.8203125,11264.0400390625,11337.1201171875,170410000,-0.36984167063095486
20060824,11304.4599609375,11304.4599609375,11334.7197265625,11273.8896484375,11297.8203125,170710000,0.05806008272071228
20060825,11284.0498046875,11284.0498046875,11317.4296875,11260.2802734375,11301.2197265625,150200000,-0.180549591227952
20060828,11352.009765625,11352.009765625,11387.7900390625,11273.490234375,11285.330078125,180810000,0.6022656946202742
20060829,11369.9404296875,11369.9404296875,11379.5498046875,11299.580078125,11352.650390625,198620000,0.15795145029557922
20060830,11382.91015625,11382.91015625,11407.080078125,11355.6904296875,11365.98046875,180100000,0.11407031235304288
20060831,11381.150390625,11381.150390625,11405.3203125,11369.7802734375,11383.4697265625,156960000,-0.015459716371690746
20060901,11464.150390625,11464.150390625,11476.48046875,11382.75,11382.75,168010000,0.7292760147372235
20060905,11469.2802734375,11469.2802734375,11488.169921875,11438.0595703125,11461.830078125,184960000,0.04474716954774305
20060906,11406.2001953125,11406.2001953125,11466.23046875,11395.150390625,11466.23046875,190990000,-0.5499916003543048
20060907,11331.4404296875,11331.4404296875,11405.240234375,11323.83984375,11405.16015625,213670000,-0.6554309440905959
20060908,11392.1103515625,11392.1103515625,11402.83984375,11331.0400390625,11332.240234375,161650000,0.535412265117241
20060911,11396.83984375,11396.83984375,11421.25,11342.169921875,11389.8701171875,216000000,0.04151550539406301
20060912,11498.08984375,11498.08984375,11512.98046875,11395.7099609375,11396.83984375,237300000,0.8884041663139275
20060913,11543.3203125,11543.3203125,11567.25,11476.16015625,11487.6904296875,214190000,0.3933737635089418
20060914,11527.3896484375,11527.3896484375,11549.080078125,11495.3701171875,11543.400390625,203780000,-0.13800764105322827
20060915,11560.76953125,11560.76953125,11613.509765625,11528.75,11528.75,365450000,0.28957017877004887
20060918,11555.0,11555.0,11588.3798828125,11528.1103515625,11559.9697265625,192680000,-0.04990611770613329
20060919,11540.91015625,11540.91015625,11562.0498046875,11480.5595703125,11554.599609375,178880000,-0.1219372025097365
20060920,11613.1904296875,11613.1904296875,11628.8798828125,11542.2001953125,11542.2802734375,226390000,0.6262961279388968
20060921,11533.23046875,11533.23046875,11630.5595703125,11501.76953125,11611.669921875,241370000,-0.6885270798030918
20060922,11508.099609375,11508.099609375,11533.0703125,11474.5595703125,11532.91015625,198480000,-0.21789956806198552
20060925,11575.8095703125,11575.8095703125,11616.48046875,11486.0,11509.2998046875,267990000,0.5883678733745068
20060926,11669.3896484375,11669.3896484375,11670.26953125,11567.650390625,11575.73046875,283670000,0.8084106563483573
20060927,11689.240234375,11689.240234375,11720.76953125,11659.6201171875,11670.1904296875,296890000,0.17010817648168697
20060928,11718.4501953125,11718.4501953125,11728.4599609375,11660.419921875,11689.400390625,236500000,0.24988759193775856
20060929,11679.0703125,11679.0703125,11741.990234375,11677.7900390625,11718.0498046875,216040000,-0.33605026395258086
20061002,11670.349609375,11670.349609375,11726.9404296875,11658.66015625,11678.990234375,198010000,-0.07466949758548891
20061003,11727.33984375,11727.33984375,11758.9501953125,11653.0595703125,11670.1103515625,230570000,0.48833356568185327
20061004,11850.6103515625,11850.6103515625,11851.25,11707.490234375,11722.9404296875,281860000,1.0511378492898071
20061005,11866.6904296875,11866.6904296875,11870.0595703125,11821.23046875,11844.3798828125,253550000,0.13568987290919488
20061006,11850.2099609375,11850.2099609375,11865.5703125,11800.5,11865.490234375,242980000,-0.13888007652723688
20061009,11857.8095703125,11857.8095703125,11872.9404296875,11813.2197265625,11849.5595703125,177940000,0.06413058840351038
20061010,11867.169921875,11867.169921875,11877.900390625,11829.7099609375,11857.73046875,227210000,0.07893828541432057
20061011,11852.1298828125,11852.1298828125,11875.98046875,11794.169921875,11865.490234375,256040000,-0.12673652742408725
20061012,11947.7001953125,11947.7001953125,11959.6298828125,11854.0498046875,11854.1298828125,291010000,0.8063555955338586
20061013,11960.509765625,11960.509765625,11960.509765625,11908.7998046875,11947.2197265625,295100000,0.10721369052704155
20061016,11980.599609375,11980.599609375,11997.25,11945.5400390625,11961.3095703125,271740000,0.16796812296193675
20061017,11950.01953125,11950.01953125,11979.080078125,11887.1904296875,11977.400390625,238130000,-0.2552466414207699
20061018,11992.6796875,11992.6796875,12049.509765625,11947.6201171875,11947.6201171875,344650000,0.35698817176357256
20061019,12011.73046875,12011.73046875,12027.740234375,11966.91015625,11988.919921875,260150000,0.15885341513670603
20061020,12002.3701171875,12002.3701171875,12048.8701171875,11941.9404296875,12013.009765625,313840000,-0.07792675324219678
20061023,12116.91015625,12116.91015625,12125.16015625,11971.7900390625,12116.509765625,288780000,0.9543118396130534
20061024,12127.8798828125,12127.8798828125,12133.7998046875,12079.0498046875,12116.509765625,257650000,0.09053237517686608
20061025,12134.6796875,12134.6796875,12147.9697265625,12081.76953125,12127.240234375,238470000,0.05606754645663958
20061026,12163.66015625,12163.66015625,12167.01953125,12096.099609375,12134.83984375,237150000,0.23882351653543576
20061027,12090.259765625,12090.259765625,12164.8603515625,12073.5302734375,12164.7802734375,277340000,-0.6034399981759142
20061030,12086.5,12086.5,12117.23046875,12049.919921875,12089.1396484375,206240000,-0.031097475967301058
20061031,12080.73046875,12080.73046875,12113.3896484375,12025.33984375,12086.1796875,277410000,-0.047735334877752056
20061101,12031.01953125,12031.01953125,12123.9599609375,12007.169921875,12080.25,245720000,-0.4114895008094921
20061102,12018.5400390625,12018.5400390625,12032.5498046875,11979.0,12023.98046875,222140000,-0.10372763634108884
20061103,11986.0400390625,11986.0400390625,12061.51953125,11965.3095703125,12018.2998046875,197740000,-0.2704155404430919
20061106,12105.5498046875,12105.5498046875,12117.7099609375,11984.759765625,11985.16015625,211250000,0.9970746404610598
20061107,12156.76953125,12156.76953125,12196.3203125,12101.0595703125,12104.75,222400000,0.42310946127095406
20061108,12176.5400390625,12176.5400390625,12193.75,12102.900390625,12147.3798828125,252650000,0.1626296176930664
20061109,12103.2998046875,12103.2998046875,12187.0302734375,12090.099609375,12174.7001953125,275340000,-0.6014864168314205
20061110,12108.4296875,12108.4296875,12127.080078125,12074.009765625,12102.740234375,204440000,0.04238416708899351
20061113,12131.8798828125,12131.8798828125,12164.7001953125,12084.8095703125,12097.7001953125,194050000,0.19366834443204084
20061114,12218.009765625,12218.009765625,12228.009765625,12084.9697265625,12132.4404296875,255300000,0.7099467159621398
20061115,12251.7099609375,12251.7099609375,12291.73046875,12205.759765625,12214.3701171875,258840000,0.27582393498584157
20061116,12305.8203125,12305.8203125,12325.91015625,12250.0498046875,12250.0498046875,223350000,0.44165550551735766
20061117,12342.5595703125,12342.5595703125,12342.5595703125,12277.400390625,12304.6201171875,285110000,0.29855187935079464
20061120,12316.5400390625,12316.5400390625,12355.23046875,12302.51953125,12340.7099609375,228960000,-0.2108114698719743
20061121,12321.58984375,12321.58984375,12339.849609375,12296.0302734375,12312.1298828125,216660000,0.041000188944972926
20061122,12326.9501953125,12326.9501953125,12361.0,12302.759765625,12321.91015625,177740000,0.04350373312596023
20061124,12280.169921875,12280.169921875,12324.1103515625,12258.8603515625,12321.7099609375,77630000,-0.37949592313019087
20061127,12121.7099609375,12121.7099609375,12279.5302734375,12110.8095703125,12279.1298828125,236740000,-1.2903727061238102
20061128,12136.4501953125,12136.4501953125,12149.1904296875,12072.599609375,12118.9404296875,222630000,0.12160193918597795
20061129,12226.73046875,12226.73046875,12240.669921875,12134.400390625,12134.400390625,219270000,0.7438770973770437
20061130,12221.9296875,12221.9296875,12275.1201171875,12162.48046875,12226.73046875,294890000,-0.0392646363005289
20061201,12194.1298828125,12194.1298828125,12248.0400390625,12089.98046875,12220.9697265625,275410000,-0.227458391582247
20061204,12283.849609375,12283.849609375,12309.9697265625,12195.5703125,12195.5703125,270630000,0.7357616117322108
20061205,12331.599609375,12331.599609375,12335.3701171875,12276.080078125,12283.6904296875,233170000,0.38872178932862766
20061206,12309.25,12309.25,12335.4501953125,12294.830078125,12328.7197265625,220840000,-0.1812385260871463
20061207,12278.41015625,12278.41015625,12360.759765625,12264.4697265625,12310.1298828125,251340000,-0.25054202124418223
20061208,12307.490234375,12307.490234375,12332.8798828125,12243.080078125,12278.41015625,240800000,0.2368391164241812
20061211,12328.48046875,12328.48046875,12354.58984375,12297.6298828125,12306.2099609375,213850000,0.1705484544393565
20061212,12315.580078125,12315.580078125,12333.919921875,12252.0498046875,12328.240234375,248140000,-0.10463893468217744
20061213,12317.5,12317.5,12368.6103515625,12301.5595703125,12312.7099609375,213520000,0.015589374295177372
20061214,12416.759765625,12416.759765625,12431.259765625,12307.009765625,12317.5,253900000,0.8058434392125058
20061215,12445.51953125,12445.51953125,12486.2998046875,12417.8798828125,12417.9599609375,417750000,0.23162053682168615
20061218,12441.26953125,12441.26953125,12490.7001953125,12428.9404296875,12446.240234375,237310000,-0.034148835565506186
20061219,12471.3203125,12471.3203125,12491.91015625,12397.6103515625,12439.509765625,233450000,0.24154111583643
20061220,12463.8701171875,12463.8701171875,12498.4697265625,12456.580078125,12471.3203125,193300000,-0.059738625308447535
20061221,12421.25,12421.25,12483.73046875,12396.009765625,12461.6201171875,192090000,-0.3419493045641375
20061222,12343.2197265625,12343.2197265625,12420.2099609375,12341.7001953125,12413.080078125,143650000,-0.6281998465331617
20061226,12407.6298828125,12407.6298828125,12418.2001953125,12337.0498046875,12341.9404296875,110210000,0.5218262145280539
20061227,12510.5703125,12510.5703125,12519.2197265625,12407.7900390625,12408.4296875,143650000,0.8296542583857702
20061228,12501.51953125,12501.51953125,12529.8798828125,12478.1298828125,12510.5703125,126740000,-0.0723450731974773
20061229,12463.150390625,12463.150390625,12526.0302734375,12451.1298828125,12500.48046875,161560000,-0.30691581554617153
20070103,12474.51953125,12474.51953125,12580.349609375,12404.8203125,12459.5400390625,327200000,0.09122204473719364
20070104,12480.6904296875,12480.6904296875,12510.41015625,12403.8603515625,12473.16015625,259060000,0.04946802497716174
20070105,12398.009765625,12398.009765625,12480.1298828125,12365.41015625,12480.0498046875,235220000,-0.6624686713311068
20070108,12423.490234375,12423.490234375,12445.919921875,12337.3701171875,12392.009765625,223500000,0.20552063784178287
20070109,12416.599609375,12416.599609375,12466.4296875,12369.169921875,12424.76953125,225190000,-0.05546448598586773
20070110,12442.16015625,12442.16015625,12451.6103515625,12355.6298828125,12417.0,226570000,0.20585786510907145
20070111,12514.98046875,12514.98046875,12544.4599609375,12442.9599609375,12442.9599609375,261720000,0.585270657068504
20070112,12556.080078125,12556.080078125,12561.0400390625,12489.66015625,12514.66015625,256530000,0.32840330416517016
20070116,12582.58984375,12582.58984375,12585.080078125,12538.9296875,12555.83984375,242720000,0.21113090598383621
20070117,12577.150390625,12577.150390625,12614.0,12550.5498046875,12571.4599609375,272720000,-0.043229996308769
20070118,12567.9296875,12567.9296875,12611.91015625,12547.33984375,12575.0595703125,250690000,-0.07331313404563833
20070119,12565.5302734375,12565.5302734375,12586.83984375,12523.5498046875,12567.9296875,287480000,-0.019091561793871392
20070122,12477.16015625,12477.16015625,12572.580078125,12450.8896484375,12565.5302734375,293400000,-0.7032740780889113
20070123,12533.7998046875,12533.7998046875,12554.23046875,12468.349609375,12477.8095703125,236760000,0.45394663311368877
20070124,12621.76953125,12621.76953125,12623.4501953125,12531.080078125,12534.3701171875,216920000,0.701859994042664
20070125,12502.5595703125,12502.5595703125,12622.650390625,12487.33984375,12621.76953125,275780000,-0.9444789864238134
20070126,12487.01953125,12487.01953125,12539.08984375,12431.33984375,12503.2802734375,247020000,-0.12429486118507027
20070129,12490.7802734375,12490.7802734375,12542.7001953125,12481.490234375,12487.099609375,234510000,0.030117212342695154
20070130,12523.3095703125,12523.3095703125,12538.4501953125,12459.4599609375,12492.23046875,244040000,0.2604264598599748
20070131,12621.6904296875,12621.6904296875,12657.01953125,12505.2001953125,12520.0302734375,258410000,0.7855819487862847
20070201,12673.6796875,12673.6796875,12682.5703125,12616.080078125,12617.2001953125,235130000,0.4119040797436746
20070202,12653.490234375,12653.490234375,12683.9296875,12638.349609375,12673.83984375,203610000,-0.1593022202140193
20070205,12661.740234375,12661.740234375,12681.2099609375,12629.8603515625,12653.41015625,204140000,0.06519940227707188
20070206,12666.3095703125,12666.3095703125,12680.5703125,12633.9404296875,12661.66015625,201010000,0.0360877403336346
20070207,12666.8701171875,12666.8701171875,12700.2802734375,12630.5,12656.8603515625,194020000,0.004425494828530496
20070208,12637.6298828125,12637.6298828125,12665.830078125,12575.8603515625,12665.669921875,193820000,-0.23084024786299562
20070209,12580.830078125,12580.830078125,12675.6796875,12545.099609375,12638.0302734375,220330000,-0.44944981942183215
20070212,12552.5498046875,12552.5498046875,12607.509765625,12536.2099609375,12580.1103515625,174980000,-0.2247886130079202
20070213,12654.849609375,12654.849609375,12658.2197265625,12549.1904296875,12549.1904296875,204940000,0.8149723066567471
20070214,12741.8603515625,12741.8603515625,12759.400390625,12651.2099609375,12651.2900390625,210880000,0.6875683621166084
20070215,12765.009765625,12765.009765625,12779.0302734375,12728.7197265625,12741.7001953125,183280000,0.18168001707585812
20070216,12767.5703125,12767.5703125,12769.169921875,12744.01953125,12764.1298828125,243560000,0.020059106275782668
20070220,12786.6396484375,12786.6396484375,12795.9296875,12704.6796875,12766.849609375,205760000,0.1493575948340764
20070221,12738.41015625,12738.41015625,12782.8701171875,12707.169921875,12782.8701171875,213470000,-0.3771866065952145
20070222,12686.01953125,12686.01953125,12763.73046875,12650.6103515625,12735.76953125,206860000,-0.4112807199436519
20070223,12647.48046875,12647.48046875,12682.1298828125,12628.01953125,12679.8896484375,215430000,-0.30379160622499013
20070226,12632.259765625,12632.259765625,12697.23046875,12608.4697265625,12647.8798828125,230080000,-0.12034573338625121
20070227,12216.240234375,12216.240234375,12629.3798828125,12086.0595703125,12628.900390625,393300000,-3.2933104525136203
20070228,12268.6298828125,12268.6298828125,12353.4697265625,12186.0400390625,12214.919921875,412820000,0.4288524736938415
20070301,12234.33984375,12234.33984375,12289.2197265625,12059.5400390625,12268.6298828125,372010000,-0.279493630421912
20070302,12114.099609375,12114.099609375,12247.400390625,12107.3701171875,12233.7802734375,315180000,-0.9828093375747193
20070305,12050.41015625,12050.41015625,12188.83984375,12039.1103515625,12111.6103515625,278770000,-0.5257464869754869
20070306,12207.58984375,12207.58984375,12224.41015625,12050.6103515625,12051.169921875,278810000,1.3043513495553327
20070307,12192.4501953125,12192.4501953125,12256.9404296875,12178.990234375,12204.4599609375,263540000,-0.12401832492144882
20070308,12260.7001953125,12260.7001953125,12303.6396484375,12193.330078125,12193.330078125,241070000,0.5597726372197132
20070309,12276.3203125,12276.3203125,12330.8798828125,12228.5,12262.0595703125,211040000,0.12739987878891412
20070312,12318.6201171875,12318.6201171875,12349.9501953125,12246.51953125,12275.6796875,219580000,0.3445641984791692
20070313,12075.9599609375,12075.9599609375,12307.5703125,12071.48046875,12307.490234375,312340000,-1.9698647571040007
20070314,12133.400390625,12133.400390625,12142.9404296875,11939.6103515625,12074.51953125,333450000,0.47565932541433487
20070315,12159.6796875,12159.6796875,12188.1201171875,12105.919921875,12133.16015625,232600000,0.21658641459902928
20070316,12110.41015625,12110.41015625,12190.3603515625,12082.1298828125,12159.6796875,388660000,-0.40518773944883124
20070319,12226.169921875,12226.169921875,12234.669921875,12110.41015625,12110.41015625,208480000,0.9558699014439176
20070320,12288.099609375,12288.099609375,12294.0302734375,12213.1103515625,12226.8095703125,196620000,0.5065338359905747
20070321,12447.51953125,12447.51953125,12480.4501953125,12263.509765625,12288.98046875,246000000,1.297352128830176
20070322,12461.1396484375,12461.1396484375,12476.2802734375,12408.509765625,12446.7197265625,232700000,0.10942033192482548
20070323,12481.009765625,12481.009765625,12511.0498046875,12448.650390625,12460.5,206410000,0.1594566608519754
20070326,12469.0703125,12469.0703125,12486.7802734375,12367.169921875,12480.3701171875,219960000,-0.09566095491635451
20070327,12397.2900390625,12397.2900390625,12468.669921875,12377.26953125,12468.669921875,209340000,-0.5756666025496848
20070328,12300.3603515625,12300.3603515625,12396.490234375,12257.419921875,12396.490234375,224830000,-0.7818619004200555
20070329,12348.75,12348.75,12381.91015625,12267.58984375,12301.48046875,208160000,0.3934002505166623
20070330,12354.349609375,12354.349609375,12416.6796875,12242.599609375,12348.91015625,233630000,0.045345556230391715
20070402,12382.2998046875,12382.2998046875,12394.98046875,12324.2802734375,12354.51953125,209420000,0.22623769114717973
20070403,12510.2998046875,12510.2998046875,12534.26953125,12379.0498046875,12379.0498046875,220470000,1.0337336522214136
20070404,12530.0498046875,12530.0498046875,12541.509765625,12495.75,12511.3603515625,210130000,0.15786991765456282
20070405,12560.2001953125,12560.2001953125,12572.4697265625,12500.3896484375,12523.2197265625,164930000,0.24062466706014085
20070409,12569.1396484375,12569.1396484375,12593.599609375,12555.3203125,12562.6396484375,191590000,0.07117285541624607
20070410,12573.849609375,12573.849609375,12588.5595703125,12549.4697265625,12568.490234375,214690000,0.037472421098327935
20070411,12484.6201171875,12484.6201171875,12580.0302734375,12455.849609375,12573.1201171875,245470000,-0.7096433865486307
20070412,12552.9599609375,12552.9599609375,12557.349609375,12428.2197265625,12483.6396484375,218300000,0.5473922563003386
20070413,12612.1298828125,12612.1298828125,12615.3798828125,12530.2099609375,12551.91015625,224240000,0.4713623086437524
20070416,12720.4599609375,12720.4599609375,12731.1796875,12611.3095703125,12611.6396484375,225020000,0.8589356368160272
20070417,12773.0400390625,12773.0400390625,12790.01953125,12707.4501953125,12719.5595703125,256880000,0.4133504471258487
20070418,12803.83984375,12803.83984375,12838.4599609375,12728.990234375,12771.080078125,261950000,0.24113135630443594
20070419,12808.6298828125,12808.6298828125,12830.080078125,12734.919921875,12799.76953125,262590000,0.03741095734526301
20070420,12961.98046875,12961.98046875,12966.2900390625,12810.169921875,12811.150390625,415650000,1.1972442590700183
20070423,12919.400390625,12919.400390625,12983.919921875,12916.6298828125,12961.98046875,223290000,-0.328499786183567
20070424,12953.9404296875,12953.9404296875,12989.8603515625,12901.6796875,12919.6396484375,238400000,0.2673501712011639
20070425,13089.8896484375,13089.8896484375,13107.4501953125,12951.419921875,12951.419921875,250170000,1.049481580434275
20070426,13105.5,13105.5,13132.7998046875,13068.1201171875,13088.83984375,251620000,0.11925502797773824
20070427,13120.9404296875,13120.9404296875,13148.0,13073.400390625,13104.0400390625,270910000,0.11781641057189152
20070430,13062.91015625,13062.91015625,13162.0595703125,13061.5302734375,13120.2099609375,264090000,-0.4422722117250144
20070501,13136.1396484375,13136.1396484375,13137.759765625,13041.2998046875,13062.75,248960000,0.5605909503439532
20070502,13211.8798828125,13211.8798828125,13256.330078125,13130.5302734375,13133.9404296875,251340000,0.5765790894588285
20070503,13241.3798828125,13241.3798828125,13246.8203125,13196.0302734375,13206.650390625,247240000,0.22328389496166778
20070504,13264.6201171875,13264.6201171875,13284.5302734375,13228.7802734375,13243.080078125,236320000,0.17551217909823613
20070507,13312.9697265625,13312.9697265625,13317.6904296875,13260.7998046875,13264.1298828125,206190000,0.3645005205414886
20070508,13309.0703125,13309.0703125,13314.4296875,13237.5595703125,13309.400390625,225600000,-0.02929033974079509
20070509,13362.8701171875,13362.8701171875,13369.2900390625,13278.349609375,13300.6201171875,237040000,0.404234130741421
20070510,13215.1298828125,13215.1298828125,13359.1298828125,13210.900390625,13359.0498046875,224640000,-1.1056025620197807
20070511,13326.2197265625,13326.2197265625,13333.4501953125,13212.0400390625,13212.2001953125,257840000,0.8406261969054363
20070514,13346.7802734375,13346.7802734375,13383.759765625,13297.0400390625,13325.8095703125,199620000,0.15428641652979191
20070515,13383.83984375,13383.83984375,13481.599609375,13339.4697265625,13346.0498046875,265250000,0.2776667447373482
20070516,13487.5302734375,13487.5302734375,13489.5703125,13363.9296875,13486.9599609375,237790000,0.7747435033446104
20070517,13476.7197265625,13476.7197265625,13516.7099609375,13447.7900390625,13487.5302734375,195800000,-0.0801521602238009
20070518,13556.5302734375,13556.5302734375,13558.48046875,13476.400390625,13476.400390625,282930000,0.592210482182054
20070521,13542.8798828125,13542.8798828125,13586.0302734375,13529.1396484375,13556.5302734375,215550000,-0.10069236264493853
20070522,13539.9501953125,13539.9501953125,13586.6796875,13528.98046875,13544.990234375,201290000,-0.0216326772839337
20070523,13525.650390625,13525.650390625,13609.759765625,13505.169921875,13540.83984375,208260000,-0.105611944514028
20070524,13441.1298828125,13441.1298828125,13624.5498046875,13423.900390625,13522.599609375,240810000,-0.6248905255682446
20070525,13507.2802734375,13507.2802734375,13516.1396484375,13440.0703125,13441.9404296875,183470000,0.49214903212555505
20070529,13521.33984375,13521.33984375,13564.66015625,13465.349609375,13507.2802734375,205620000,0.10408883230288435
20070530,13633.080078125,13633.080078125,13636.08984375,13456.73046875,13517.8896484375,224780000,0.8263991266120652
20070531,13627.6396484375,13627.6396484375,13673.0703125,13614.7197265625,13633.0,243510000,-0.039906093533692566
20070601,13668.1103515625,13668.1103515625,13692.0,13624.3896484375,13628.6904296875,212780000,0.29697514880826503
20070604,13676.3203125,13676.3203125,13690.3798828125,13618.7802734375,13667.2099609375,177830000,0.060066539750769365
20070605,13595.4599609375,13595.4599609375,13673.509765625,13551.0,13673.1904296875,223040000,-0.5912434756927598
20070606,13465.669921875,13465.669921875,13591.0703125,13437.3095703125,13590.66015625,236830000,-0.9546572123003805
20070607,13266.73046875,13266.73046875,13480.2197265625,13259.8203125,13463.48046875,298880000,-1.4773825162743837
20070608,13424.3896484375,13424.3896484375,13431.2197265625,13251.5302734375,13267.1396484375,242000000,1.1883800613788686
20070611,13424.9599609375,13424.9599609375,13478.1103515625,13381.6396484375,13424.3896484375,183300000,0.004248330947898005
20070612,13295.009765625,13295.009765625,13449.5,13294.6103515625,13424.3896484375,233420000,-0.967974546595407
20070613,13482.349609375,13482.349609375,13485.1201171875,13287.6201171875,13287.6201171875,253050000,1.409098955567356
20070614,13553.73046875,13553.73046875,13581.6103515625,13479.349609375,13482.4296875,228680000,0.5294393146827003
20070615,13639.48046875,13639.48046875,13688.66015625,13556.490234375,13556.650390625,425080000,0.6326671479686574
20070618,13612.98046875,13612.98046875,13667.9404296875,13608.759765625,13639.0,174380000,-0.19428892515895857
20070619,13635.419921875,13635.419921875,13652.169921875,13577.2197265625,13611.6796875,233720000,0.16483864923271252
20070620,13489.419921875,13489.419921875,13674.3603515625,13483.25,13636.5595703125,274670000,-1.0707407680622727
20070621,13545.83984375,13545.83984375,13564.2099609375,13398.8701171875,13486.66015625,241170000,0.4182531361745845
20070622,13360.259765625,13360.259765625,13545.1103515625,13359.6904296875,13545.0302734375,380870000,-1.3700152981701352
20070625,13352.0498046875,13352.0498046875,13488.76953125,13299.7802734375,13360.08984375,251720000,-0.06145060860734963
20070626,13337.66015625,13337.66015625,13452.51953125,13308.7197265625,13352.3701171875,240950000,-0.10777108120468837
20070627,13427.73046875,13427.73046875,13433.009765625,13259.8603515625,13336.9296875,246010000,0.6753081983258857
20070628,13422.2802734375,13422.2802734375,13498.2900390625,13389.2802734375,13427.48046875,207130000,-0.04058910271682592
20070629,13408.6201171875,13408.6201171875,13524.5400390625,13314.0,13422.6103515625,262110000,-0.10177224712728528
20070702,13535.4296875,13535.4296875,13537.8701171875,13409.51953125,13409.599609375,196410000,0.9457316950157502
20070703,13577.2998046875,13577.2998046875,13591.6904296875,13531.5302734375,13531.5302734375,111580000,0.3093371851073723
20070705,13565.83984375,13565.83984375,13580.0595703125,13513.490234375,13576.240234375,188840000,-0.08440530224974596
20070706,13611.6796875,13611.6796875,13633.6298828125,13537.9501953125,13559.009765625,176040000,0.3379064199340309
20070709,13649.9697265625,13649.9697265625,13670.4599609375,13609.0,13612.66015625,192840000,0.2813028218527913
20070710,13501.7001953125,13501.7001953125,13649.240234375,13496.169921875,13648.58984375,274420000,-1.086226081230579
20070711,13577.8701171875,13577.8701171875,13590.9501953125,13474.7900390625,13500.400390625,224410000,0.5641505941706759
20070712,13861.73046875,13861.73046875,13869.9404296875,13579.169921875,13579.330078125,300520000,2.0906103027394263
20070713,13907.25,13907.25,13932.2900390625,13845.8798828125,13859.8603515625,223820000,0.3283827466752376
20070716,13950.98046875,13950.98046875,13989.1103515625,13894.98046875,13907.08984375,209060000,0.3144436804544348
20070717,13971.5498046875,13971.5498046875,14021.9501953125,13942.849609375,13951.9599609375,266020000,0.14744007407634374
20070718,13918.2197265625,13918.2197265625,13965.9404296875,13823.599609375,13955.0498046875,324400000,-0.38170481349969476
20070719,14000.41015625,14000.41015625,14015.849609375,13918.7900390625,13918.7900390625,265390000,0.5905240131440337
20070720,13851.080078125,13851.080078125,14009.26953125,13797.669921875,14000.73046875,377650000,-1.0666121667752493
20070723,13943.419921875,13943.419921875,13973.990234375,13851.73046875,13851.73046875,237450000,0.6666616843536532
20070724,13716.9501953125,13716.9501953125,13940.990234375,13701.58984375,13940.900390625,296990000,-1.6242050216619064
20070725,13785.0703125,13785.0703125,13822.2197265625,13674.83984375,13718.25,266860000,0.49661270338925423
20070726,13473.5703125,13473.5703125,13783.4501953125,13335.2998046875,13783.1201171875,426880000,-2.2596910493632993
20070727,13265.4697265625,13265.4697265625,13520.7998046875,13265.4697265625,13472.6796875,337120000,-1.5445095925646135
20070730,13358.3095703125,13358.3095703125,13397.73046875,13219.1396484375,13266.2099609375,295450000,0.699860959797749
20070731,13211.990234375,13211.990234375,13498.5302734375,13199.7900390625,13360.66015625,319890000,-1.0953432031750476
20070801,13362.3701171875,13362.3701171875,13393.01953125,13132.650390625,13211.08984375,355960000,1.1382076443051004
20070802,13463.330078125,13463.330078125,13503.330078125,13350.419921875,13357.8203125,264830000,0.7555542920311575
20070803,13181.91015625,13181.91015625,13471.7900390625,13175.240234375,13462.25,301800000,-2.09026979389183
20070806,13468.7802734375,13468.7802734375,13470.16015625,13158.580078125,13183.1298828125,311810000,2.1762408769831154
20070807,13504.2998046875,13504.2998046875,13608.1103515625,13347.169921875,13467.7197265625,273340000,0.2637175046952933
20070808,13657.8603515625,13657.8603515625,13695.8203125,13484.7900390625,13497.23046875,288040000,1.1371233540127479
20070809,13270.6796875,13270.6796875,13652.330078125,13270.6796875,13652.330078125,362490000,-2.83485592981777
20070810,13239.5400390625,13239.5400390625,13306.51953125,13057.8603515625,13270.58984375,338560000,-0.23464998907953838
20070813,13236.5302734375,13236.5302734375,13338.150390625,13219.4599609375,13239.5400390625,215260000,-0.022733158524534947
20070814,13028.919921875,13028.919921875,13269.7802734375,13018.26953125,13235.7197265625,269120000,-1.5684650529536714
20070815,12861.4697265625,12861.4697265625,13119.3203125,12834.240234375,13021.9296875,272760000,-1.2852193145447055
20070816,12845.7802734375,12845.7802734375,12885.849609375,12517.9404296875,12861.4697265625,457150000,-0.12198802670737585
20070817,13079.080078125,13079.080078125,13167.6796875,12847.8095703125,12848.0498046875,423940000,1.8161590788682291
20070820,13121.349609375,13121.349609375,13181.66015625,12982.75,13079.080078125,231800000,0.3231842835850207
20070821,13090.8603515625,13090.8603515625,13178.330078125,13052.169921875,13120.0498046875,204000000,-0.23236373330618454
20070822,13236.1298828125,13236.1298828125,13248.080078125,13088.259765625,13090.8603515625,205530000,1.1097019397404262
20070823,13235.8798828125,13235.8798828125,13298.6396484375,13169.150390625,13236.1298828125,198160000,-0.0018887696193181647
20070824,13378.8701171875,13378.8701171875,13381.4697265625,13208.650390625,13235.8798828125,186060000,1.0803228469962178
20070827,13322.1298828125,13322.1298828125,13387.330078125,13305.5498046875,13377.16015625,152440000,-0.42410333516959
20070828,13041.849609375,13041.849609375,13318.599609375,13034.7802734375,13318.4296875,230470000,-2.1038698459103222
20070829,13289.2900390625,13289.2900390625,13293.4404296875,13043.0703125,13043.0703125,227440000,1.8972801949014295
20070830,13238.73046875,13238.73046875,13315.1396484375,13184.58984375,13287.91015625,193240000,-0.3804535092836847
20070831,13357.740234375,13357.740234375,13428.9501953125,13240.83984375,13240.83984375,234920000,0.8989514961870615
20070904,13448.8603515625,13448.8603515625,13494.0595703125,13317.5,13358.3896484375,262260000,0.6821521873363823
20070905,13305.4697265625,13305.4697265625,13443.169921875,13248.240234375,13442.849609375,231850000,-1.0661916419062334
20070906,13363.349609375,13363.349609375,13398.7099609375,13274.8203125,13306.4404296875,203600000,0.43500818837647337
20070907,13113.3798828125,13113.3798828125,13360.830078125,13082.169921875,13360.740234375,238300000,-1.8705619015395247
20070910,13127.849609375,13127.849609375,13207.1904296875,13021.9296875,13116.3896484375,221760000,0.11034322723666445
20070911,13308.3896484375,13308.3896484375,13325.9501953125,13129.150390625,13129.400390625,200160000,1.3752445711563421
20070912,13291.650390625,13291.650390625,13360.009765625,13263.0302734375,13298.3095703125,195280000,-0.1257797393576121
20070913,13424.8798828125,13424.8798828125,13469.26953125,13292.3798828125,13292.3798828125,209950000,1.0023547736515148
20070914,13442.51953125,13442.51953125,13459.75,13323.83984375,13421.3896484375,204780000,0.1313952049588396
20070917,13403.419921875,13403.419921875,13451.5400390625,13362.3701171875,13441.9501953125,169710000,-0.29086518553389507
20070918,13739.3896484375,13739.3896484375,13739.9599609375,13403.1796875,13403.1796875,277620000,2.506597036583047
20070919,13815.5595703125,13815.5595703125,13867.5,13739.8798828125,13740.6103515625,276590000,0.5543908705119449
20070920,13766.7001953125,13766.7001953125,13822.1396484375,13741.009765625,13813.51953125,200880000,-0.35365469455895804
20070921,13820.1904296875,13820.1904296875,13877.169921875,13768.25,13768.330078125,419390000,0.3885479716716267
20070924,13759.0595703125,13759.0595703125,13874.41015625,13750.9296875,13821.5703125,236690000,-0.44233007993640383
20070925,13778.650390625,13778.650390625,13787.1904296875,13696.3095703125,13757.83984375,213040000,0.1423848789402049
20070926,13878.150390625,13878.150390625,13915.7900390625,13779.2998046875,13779.2998046875,206560000,0.7221316832866309
20070927,13912.9404296875,13912.9404296875,13920.419921875,13868.150390625,13879.5302734375,156920000,0.25068210160053006
20070928,13895.6298828125,13895.6298828125,13924.8095703125,13850.26953125,13912.9404296875,203030000,-0.12442047719878335
20071001,14087.5498046875,14087.5498046875,14115.509765625,13893.509765625,13895.7099609375,205720000,1.381153092688403
20071002,14047.3095703125,14047.3095703125,14107.4697265625,14012.1103515625,14087.1396484375,169270000,-0.2856439546471745
20071003,13968.0498046875,13968.0498046875,14038.9404296875,13947.73046875,14038.8603515625,178920000,-0.5642344907989205
20071004,13974.3095703125,13974.3095703125,14010.41015625,13951.6298828125,13967.8896484375,143300000,0.04481488620480256
20071005,14066.009765625,14066.009765625,14124.5400390625,13968.830078125,13969.0703125,183540000,0.6562055524182098
20071008,14043.73046875,14043.73046875,14067.9599609375,14009.669921875,14065.3603515625,116420000,-0.15839102379586745
20071009,14164.5302734375,14164.5302734375,14166.9697265625,14034.3896484375,14043.73046875,176740000,0.8601689199055906
20071010,14078.6904296875,14078.6904296875,14165.01953125,14009.509765625,14165.01953125,163280000,-0.6060196991563793
20071011,14015.1201171875,14015.1201171875,14198.099609375,13950.25,14079.099609375,235090000,-0.4515356937314974
20071012,14093.080078125,14093.080078125,14101.76953125,14013.740234375,14016.33984375,178740000,0.556256102592334
20071015,13984.7998046875,13984.7998046875,14118.51953125,13904.3203125,14092.4296875,220490000,-0.7683222747422724
20071016,13912.9404296875,13912.9404296875,13992.0302734375,13877.900390625,13986.33984375,229920000,-0.5138391396630082
20071017,13892.5400390625,13892.5400390625,14012.83984375,13774.669921875,13920.66015625,315420000,-0.14662889364113196
20071018,13888.9599609375,13888.9599609375,13913.75,13820.349609375,13887.900390625,205540000,-0.02576978806563268
20071019,13522.01953125,13522.01953125,13888.4697265625,13511.9404296875,13888.4697265625,332350000,-2.641957574357723
20071022,13566.9697265625,13566.9697265625,13587.2197265625,13407.490234375,13521.6201171875,229440000,0.33242220371461073
20071023,13676.23046875,13676.23046875,13684.599609375,13540.8798828125,13568.9296875,206550000,0.8053437458003687
20071024,13675.25,13675.25,13690.4501953125,13470.16015625,13675.580078125,259150000,-0.007169144686769435
20071025,13671.919921875,13671.919921875,13741.259765625,13547.6298828125,13677.849609375,274330000,-0.02435113160637048
20071026,13806.7001953125,13806.7001953125,13811.25,13675.25,13675.66015625,311390000,0.9858181894545126
20071029,13870.259765625,13870.259765625,13901.400390625,13805.3095703125,13807.349609375,207930000,0.4603530851932325
20071030,13792.4697265625,13792.4697265625,13869.2900390625,13778.41015625,13869.0400390625,189730000,-0.5608405349068479
20071031,13930.009765625,13930.009765625,13962.5302734375,13767.6796875,13792.0595703125,277660000,0.9972110998918149
20071101,13567.8701171875,13567.8701171875,13924.16015625,13548.9296875,13924.16015625,335560000,-2.599708503659126
20071102,13595.099609375,13595.099609375,13632.900390625,13446.01953125,13569.900390625,279780000,0.20069098504271743
20071105,13543.400390625,13543.400390625,13618.26953125,13446.91015625,13592.580078125,259590000,-0.38027833730874816
20071106,13660.9404296875,13660.9404296875,13669.7197265625,13511.8603515625,13542.33984375,252360000,0.8678768674952764
20071107,13300.01953125,13300.01953125,13647.2900390625,13285.6298828125,13646.7197265625,273050000,-2.6419915985663622
20071108,13266.2900390625,13266.2900390625,13354.0,13079.48046875,13299.7001953125,403680000,-0.25360483199478034
20071109,13042.740234375,13042.740234375,13262.1396484375,13017.2998046875,13261.169921875,356840000,-1.6850966172853088
20071112,12987.5498046875,12987.5498046875,13162.6396484375,12981.0400390625,13039.16015625,291980000,-0.423150570322961
20071113,13307.08984375,13307.08984375,13319.4501953125,12975.1103515625,12975.1103515625,298250000,2.460356602037206
20071114,13231.009765625,13231.009765625,13367.169921875,13197.83984375,13305.4697265625,267510000,-0.571725892124586
20071115,13110.0498046875,13110.0498046875,13262.1396484375,13055.830078125,13231.009765625,242570000,-0.9142156424958747
20071116,13176.7900390625,13176.7900390625,13211.169921875,13050.5498046875,13109.48046875,314920000,0.5090768942093371
20071119,12958.4404296875,12958.4404296875,13176.2998046875,12937.6298828125,13176.2998046875,285790000,-1.6570773969055042
20071120,13010.1396484375,13010.1396484375,13107.3701171875,12839.6796875,12955.919921875,325810000,0.3989617348670871
20071121,12799.0400390625,12799.0400390625,13007.7099609375,12786.0302734375,13006.650390625,284550000,-1.6225775824039834
20071123,12980.8798828125,12980.8798828125,12980.8798828125,12796.0703125,12796.0703125,122250000,1.4207303297358864
20071126,12743.4404296875,12743.4404296875,13037.2998046875,12724.08984375,12979.990234375,265610000,-1.8291476022313735
20071127,12958.4404296875,12958.4404296875,12991.849609375,12744.7802734375,12744.7802734375,296070000,1.6871425043046395
20071128,13289.4501953125,13289.4501953125,13325.8701171875,12958.0400390625,12958.0400390625,310080000,2.554395086515693
20071129,13311.73046875,13311.73046875,13346.26953125,13214.75,13287.91015625,201410000,0.16765383902306308
20071130,13371.7197265625,13371.7197265625,13466.990234375,13281.650390625,13314.25,312570000,0.45064958273703937
20071203,13314.5703125,13314.5703125,13407.240234375,13296.2802734375,13368.2197265625,212170000,-0.42739015796879887
20071204,13248.73046875,13248.73046875,13316.2802734375,13237.58984375,13311.240234375,204940000,-0.4944946941936812
20071205,13444.9599609375,13444.9599609375,13460.240234375,13244.009765625,13244.009765625,256800000,1.4811192110093074
20071206,13619.8896484375,13619.8896484375,13632.900390625,13426.1796875,13445.849609375,197270000,1.3010800181498139
20071207,13625.580078125,13625.580078125,13668.099609375,13601.3603515625,13618.26953125,179420000,0.041780292163773325
20071210,13727.0302734375,13727.0302734375,13754.01953125,13623.5498046875,13623.5498046875,190220000,0.7445568902814781
20071211,13432.76953125,13432.76953125,13780.1103515625,13413.740234375,13726.8701171875,280630000,-2.1436591624403256
20071212,13473.900390625,13473.900390625,13704.51953125,13321.6396484375,13434.7998046875,310470000,0.30619790862422835
20071213,13517.9599609375,13517.9599609375,13527.6298828125,13353.919921875,13473.98046875,248800000,0.3269993768334256
20071214,13339.849609375,13339.849609375,13515.3603515625,13332.1298828125,13515.1103515625,245590000,-1.3175830678385014
20071217,13167.2001953125,13167.2001953125,13339.4501953125,13158.419921875,13339.2001953125,243400000,-1.2942380845220702
20071218,13232.4697265625,13232.4697265625,13279.4599609375,13092.0,13168.66015625,233020000,0.495697872606482
20071219,13207.26953125,13207.26953125,13300.4296875,13146.7900390625,13231.98046875,208330000,-0.19044211574438252
20071220,13245.6396484375,13245.6396484375,13288.400390625,13153.6201171875,13206.4599609375,203910000,0.29052270870002506
20071221,13450.650390625,13450.650390625,13473.98046875,13241.5703125,13241.66015625,430600000,1.547760226224204
20071224,13550.0400390625,13550.0400390625,13563.48046875,13449.26953125,13450.73046875,86400000,0.7389207625734917
20071226,13551.6904296875,13551.6904296875,13563.3203125,13492.6796875,13547.9501953125,122410000,0.012179968621817139
20071227,13359.6103515625,13359.6103515625,13551.0400390625,13349.2802734375,13549.169921875,145770000,-1.4173883259922526
20071228,13365.8701171875,13365.8701171875,13451.3798828125,13298.150390625,13361.23046875,142930000,0.046855899687736624
20071231,13264.8203125,13264.8203125,13364.73046875,13246.5302734375,13364.16015625,167240000,-0.7560286296479646
20080102,13043.9599609375,13043.9599609375,13279.5400390625,12991.3701171875,13261.8203125,239580000,-1.6650082425494594
20080103,13056.7197265625,13056.7197265625,13137.9296875,13023.5595703125,13044.1201171875,200620000,0.0978212572195103
20080104,12800.1796875,12800.1796875,13046.7197265625,12789.0400390625,13046.5595703125,304210000,-1.96481232985799
20080107,12827.490234375,12827.490234375,12884.150390625,12733.83984375,12801.150390625,306700000,0.21336065228576562
20080108,12589.0703125,12589.0703125,12906.419921875,12565.41015625,12820.900390625,322690000,-1.858663834614227
20080109,12735.3095703125,12735.3095703125,12738.6396484375,12501.759765625,12590.2099609375,332900000,1.1616366751665108
20080110,12853.08984375,12853.08984375,12931.2900390625,12632.150390625,12733.1103515625,325330000,0.9248324336933234
20080111,12606.2998046875,12606.2998046875,12851.1396484375,12543.8701171875,12850.740234375,301890000,-1.9200833578744914
20080114,12778.150390625,12778.150390625,12794.5703125,12613.7001953125,12613.7802734375,245370000,1.363211954340482
20080115,12501.1103515625,12501.1103515625,12777.5,12488.759765625,12777.5,339700000,-2.1680762128590825
20080116,12466.16015625,12466.16015625,12613.1298828125,12392.26953125,12476.8095703125,500040000,-0.2795767282234407
20080117,12159.2099609375,12159.2099609375,12517.6103515625,12125.5595703125,12467.0498046875,439830000,-2.462267381978145
20080118,12099.2998046875,12099.2998046875,12341.5400390625,12022.48046875,12159.9404296875,483300000,-0.49271421780252567
20080122,11971.1904296875,11971.1904296875,12092.7197265625,11634.8203125,12092.7197265625,506500000,-1.0588164362235863
20080123,12270.169921875,12270.169921875,12276.669921875,11644.8095703125,11969.080078125,536520000,2.4974917402204033
20080124,12378.6103515625,12378.6103515625,12399.1796875,12241.7998046875,12272.6904296875,387900000,0.8837728440433068
20080125,12207.169921875,12207.169921875,12486.8896484375,12183.6796875,12391.7001953125,393660000,-1.3849731497999729
20080128,12383.8896484375,12383.8896484375,12386.009765625,12112.1396484375,12205.7099609375,278990000,1.4476715544511354
20080129,12480.2998046875,12480.2998046875,12503.150390625,12346.990234375,12385.1904296875,285090000,0.7785127208571607
20080130,12442.830078125,12442.830078125,12681.41015625,12406.169921875,12480.1396484375,334680000,-0.3002309812175086
20080131,12650.3603515625,12650.3603515625,12702.3798828125,12249.9296875,12438.2802734375,394330000,1.6678703489035662
20080201,12743.1904296875,12743.1904296875,12767.740234375,12602.3203125,12638.169921875,379580000,0.7338137060540983
20080204,12635.16015625,12635.16015625,12749.7802734375,12621.830078125,12743.1103515625,237410000,-0.8477490314028779
20080205,12265.1298828125,12265.1298828125,12631.9296875,12264.0703125,12631.849609375,334380000,-2.9285760438458985
20080206,12200.099609375,12200.099609375,12390.3203125,12178.150390625,12257.25,296360000,-0.5302045233832264
20080207,12247.0,12247.0,12332.51953125,12120.4404296875,12196.2001953125,326200000,0.3844262926260056
20080208,12182.1298828125,12182.1298828125,12281.8798828125,12103.3701171875,12248.4697265625,262200000,-0.529681695006945
20080211,12240.009765625,12240.009765625,12252.1201171875,12069.4697265625,12181.8896484375,268100000,0.4751212092571899
20080212,12373.41015625,12373.41015625,12469.41015625,12241.5595703125,12241.5595703125,256970000,1.0898716028776567
20080213,12552.240234375,12552.240234375,12573.1298828125,12367.7998046875,12368.1201171875,236300000,1.4452772183800144
20080214,12376.98046875,12376.98046875,12557.6103515625,12361.4599609375,12551.509765625,233790000,-1.3962429204074756
20080215,12348.2099609375,12348.2099609375,12376.66015625,12278.6201171875,12376.66015625,289800000,-0.23245175093505877
20080219,12337.2197265625,12337.2197265625,12505.25,12304.080078125,12349.58984375,257550000,-0.08900265228536375
20080220,12427.259765625,12427.259765625,12464.0595703125,12227.7197265625,12333.3095703125,297990000,0.7298243936487703
20080221,12284.2998046875,12284.2998046875,12503.4599609375,12247.33984375,12426.849609375,293420000,-1.150373965248086
20080222,12381.01953125,12381.01953125,12397.7900390625,12155.259765625,12281.08984375,307090000,0.7873442369551453
20080225,12570.2197265625,12570.2197265625,12584.6201171875,12341.0400390625,12380.76953125,288600000,1.5281471355000686
20080226,12684.919921875,12684.919921875,12734.1796875,12512.41015625,12569.48046875,291760000,0.9124756591972982
20080227,12694.2802734375,12694.2802734375,12756.5595703125,12609.3701171875,12683.5400390625,263720000,0.07379117582255734
20080228,12582.1796875,12582.1796875,12689.4404296875,12536.4296875,12689.2802734375,247270000,-0.8830794934634345
20080229,12266.3896484375,12266.3896484375,12580.150390625,12223.5703125,12579.580078125,351870000,-2.50981981584818
20080303,12258.900390625,12258.900390625,12281.3701171875,12161.0498046875,12264.3603515625,259730000,-0.061055110975172244
20080304,12213.7998046875,12213.7998046875,12259.23046875,12032.419921875,12259.1396484375,347720000,-0.3679007455839267
20080305,12254.990234375,12254.990234375,12349.669921875,12140.5302734375,12204.9296875,304570000,0.3372450043899633
20080306,12040.3896484375,12040.3896484375,12254.58984375,12026.0703125,12254.58984375,283100000,-1.751128167654914
20080307,11893.6904296875,11893.6904296875,12094.2099609375,11819.6904296875,12039.08984375,307580000,-1.2183926187890215
20080310,11740.150390625,11740.150390625,11926.5,11731.599609375,11893.0400390625,312020000,-1.290936904488893
20080311,12156.8095703125,12156.8095703125,12160.7998046875,11741.009765625,11741.330078125,372330000,3.549010581842449
20080312,12110.240234375,12110.240234375,12303.349609375,12092.25,12148.6103515625,288130000,-0.3830720195800774
20080313,12145.740234375,12145.740234375,12215.349609375,11875.7802734375,12096.490234375,336260000,0.2931403449721204
20080314,11951.08984375,11951.08984375,12193.6103515625,11832.7197265625,12146.3896484375,380810000,-1.6026227044943608
20080317,11972.25,11972.25,12076.2197265625,11756.599609375,11946.4501953125,382890000,0.1770562896493244
20080318,12392.66015625,12392.66015625,12392.66015625,11975.83984375,11975.919921875,367780000,3.511538401303005
20080319,12099.66015625,12099.66015625,12461.5302734375,12095.099609375,12391.51953125,328460000,-2.364302710683397
20080320,12361.3203125,12361.3203125,12378.740234375,12097.8701171875,12102.4296875,502650000,2.1625413678651118
20080324,12548.6396484375,12548.6396484375,12622.0703125,12361.9697265625,12361.9697265625,264320000,1.515366734312984
20080325,12532.599609375,12532.599609375,12571.83984375,12449.080078125,12547.33984375,237650000,-0.1278229315039514
20080326,12422.8603515625,12422.8603515625,12531.9501953125,12376.7001953125,12531.7900390625,235020000,-0.8756304456611685
20080327,12302.4599609375,12302.4599609375,12476.759765625,12293.33984375,12421.8798828125,235390000,-0.9691841268251622
20080328,12216.400390625,12216.400390625,12382.16015625,12196.8701171875,12303.919921875,209000000,-0.6995313992953833
20080331,12262.8896484375,12262.8896484375,12326.4697265625,12176.1103515625,12215.919921875,273610000,0.3805479218590202
20080401,12654.3603515625,12654.3603515625,12659.8203125,12266.4697265625,12266.6396484375,295530000,3.192320198158849
20080402,12608.919921875,12608.919921875,12696.2900390625,12555.169921875,12651.669921875,232760000,-0.359089107825894
20080403,12626.0302734375,12626.0302734375,12675.1201171875,12527.75,12605.830078125,183870000,0.13570037456431816
20080404,12609.419921875,12609.419921875,12688.48046875,12528.16015625,12626.0302734375,181260000,-0.13155640532119817
20080407,12612.4296875,12612.4296875,12733.66015625,12583.2802734375,12612.58984375,198070000,0.02386918386132475
20080408,12576.4404296875,12576.4404296875,12607.2998046875,12525.7998046875,12602.66015625,197200000,-0.28534753972241367
20080409,12527.259765625,12527.259765625,12621.5498046875,12468.9697265625,12574.650390625,194950000,-0.3910539260887025
20080410,12581.98046875,12581.98046875,12649.3095703125,12497.2197265625,12526.7802734375,227330000,0.4368130313315177
20080411,12325.419921875,12325.419921875,12580.26953125,12302.0595703125,12579.7802734375,286850000,-2.039110992996862
20080414,12302.0595703125,12302.0595703125,12367.599609375,12280.400390625,12324.76953125,216010000,-0.18952986357113621
20080415,12362.4697265625,12362.4697265625,12387.7900390625,12269.8095703125,12302.0595703125,208950000,0.49105725675222534
20080416,12619.26953125,12619.26953125,12625.7802734375,12371.509765625,12371.509765625,269490000,2.0772532541432964
20080417,12620.490234375,12620.490234375,12656.5595703125,12563.25,12617.400390625,217000000,0.009673326352022116
20080418,12849.3603515625,12849.3603515625,12893.98046875,12626.759765625,12626.759765625,304030000,1.8134804031947782
20080421,12825.01953125,12825.01953125,12850.91015625,12751.169921875,12850.91015625,192400000,-0.18943215573793415
20080422,12720.23046875,12720.23046875,12825.259765625,12656.5595703125,12825.01953125,214950000,-0.8170674691345803
20080423,12763.2197265625,12763.2197265625,12837.3896484375,12703.0498046875,12721.4501953125,244120000,0.3379597399442824
20080424,12848.9501953125,12848.9501953125,12942.259765625,12706.6298828125,12764.6796875,249920000,0.671699387667668
20080425,12891.8603515625,12891.8603515625,12909.2001953125,12742.7802734375,12848.3798828125,240760000,0.33395846040134014
20080428,12871.75,12871.75,12938.759765625,12857.5,12890.759765625,222300000,-0.15599262646420753
20080429,12831.9404296875,12831.9404296875,12889.830078125,12804.66015625,12870.3701171875,218020000,-0.30927861644687304
20080430,12820.1298828125,12820.1298828125,13010.0,12808.98046875,12831.4501953125,255070000,-0.0920402252466479
20080501,13010.0,13010.0,13029.0498046875,12793.099609375,12818.33984375,245480000,1.4810311511902263
20080502,13058.2001953125,13058.2001953125,13132.4599609375,12981.830078125,13012.5302734375,205410000,0.37048574413911517
20080505,12969.5400390625,12969.5400390625,13058.4501953125,12939.740234375,13056.5703125,197810000,-0.6789615331661558
20080506,13020.830078125,13020.830078125,13046.150390625,12863.2001953125,12968.8896484375,199370000,0.3954653666053076
20080507,12814.349609375,12814.349609375,13036.7099609375,12796.1904296875,13010.8203125,235000000,-1.5857703964425984
20080508,12866.7802734375,12866.7802734375,12909.8603515625,12794.8095703125,12814.349609375,195570000,0.4091558733823053
20080509,12745.8798828125,12745.8798828125,12861.41015625,12715.01953125,12860.6796875,180240000,-0.9396320451246831
20080512,12876.3095703125,12876.3095703125,12904.16015625,12740.5,12745.5498046875,198110000,1.0233086197201757
20080513,12832.1796875,12832.1796875,12891.3701171875,12780.9697265625,12872.080078125,236710000,-0.3427215117151716
20080514,12898.3798828125,12898.3798828125,12993.150390625,12825.1201171875,12825.1201171875,206820000,0.5158920536079137
20080515,12992.66015625,12992.66015625,12999.5,12854.98046875,12891.2900390625,217780000,0.7309466327870551
20080516,12986.7998046875,12986.7998046875,13001.9404296875,12893.490234375,12992.740234375,249260000,-0.04510509389165085
20080519,13028.16015625,13028.16015625,13136.6904296875,12963.759765625,12985.41015625,193770000,0.31847993489182436
20080520,12828.6796875,12828.6796875,13026.0400390625,12781.7802734375,13026.0400390625,265220000,-1.5311484227825023
20080521,12601.1904296875,12601.1904296875,12862.4697265625,12573.669921875,12824.9404296875,265810000,-1.773286599665913
20080522,12625.6201171875,12625.6201171875,12669.33984375,12591.33984375,12597.6904296875,216360000,0.19386809235455438
20080523,12479.6298828125,12479.6298828125,12621.9599609375,12460.08984375,12620.900390625,190210000,-1.156301496639045
20080527,12548.349609375,12548.349609375,12572.5302734375,12442.58984375,12479.6298828125,201530000,0.5506551653198022
20080528,12594.0302734375,12594.0302734375,12601.9296875,12495.26953125,12542.900390625,213680000,0.36403722787872184
20080529,12646.2197265625,12646.2197265625,12726.66015625,12554.7001953125,12593.8701171875,206420000,0.41439834581844526
20080530,12638.3203125,12638.3203125,12689.7001953125,12617.400390625,12647.3603515625,210230000,-0.062464627638159076
20080602,12503.8203125,12503.8203125,12638.080078125,12427.76953125,12637.669921875,199090000,-1.0642236996238452
20080603,12402.849609375,12402.849609375,12554.0498046875,12342.1201171875,12503.2001953125,227460000,-0.8075188270584843
20080604,12390.48046875,12390.48046875,12496.16015625,12338.7802734375,12391.8603515625,238590000,-0.09972821580978009
20080605,12604.4501953125,12604.4501953125,12610.9599609375,12388.8095703125,12388.8095703125,236160000,1.7268880500812989
20080606,12209.8095703125,12209.8095703125,12603.0703125,12192.0595703125,12602.740234375,307820000,-3.130962627364453
20080609,12280.3203125,12280.3203125,12331.8603515625,12195.3203125,12210.1298828125,266350000,0.5774925626927274
20080610,12289.759765625,12289.759765625,12369.23046875,12206.9599609375,12277.7099609375,240760000,0.0768665057978346
20080611,12083.76953125,12083.76953125,12286.669921875,12079.1298828125,12286.33984375,247120000,-1.6761127825391964
20080612,12141.580078125,12141.580078125,12269.240234375,12076.9296875,12089.6298828125,260960000,0.47841484170561
20080613,12307.349609375,12307.349609375,12310.2802734375,12144.58984375,12144.58984375,247980000,1.3653044347058385
20080616,12269.080078125,12269.080078125,12319.7197265625,12212.25,12306.8603515625,222140000,-0.31094859953314513
20080617,12160.2998046875,12160.2998046875,12322.8203125,12150.2900390625,12269.650390625,174690000,-0.8866212686267194
20080618,12029.0595703125,12029.0595703125,12158.6796875,11993.6396484375,12158.6796875,212900000,-1.0792516342764014
20080619,12063.08984375,12063.08984375,12114.7900390625,11978.330078125,12029.0595703125,230920000,0.28290053132238313
20080620,11842.6904296875,11842.6904296875,12062.1904296875,11818.830078125,12062.1904296875,429700000,-1.8270560604063735
20080623,11842.3603515625,11842.3603515625,11986.9599609375,11731.0595703125,11843.830078125,182870000,-0.0027871886625785436
20080624,11807.4296875,11807.4296875,11904.3203125,11725.51953125,11842.3603515625,225270000,-0.2949636983297088
20080625,11811.830078125,11811.830078125,11924.1904296875,11789.3603515625,11805.3095703125,236160000,0.03726798076688631
20080626,11453.419921875,11453.419921875,11808.73046875,11453.419921875,11808.5703125,302550000,-3.034332138876261
20080627,11346.509765625,11346.509765625,11485.25,11297.990234375,11452.849609375,338250000,-0.9334343539243783
20080630,11350.009765625,11350.009765625,11437.2998046875,11287.5595703125,11345.7001953125,282210000,0.030846489998204163
20080701,11382.259765625,11382.259765625,11407.900390625,11183.4296875,11344.6396484375,299590000,0.28414072468618823
20080702,11215.509765625,11215.509765625,11434.1201171875,11214.3701171875,11382.33984375,230690000,-1.464999072535611
20080703,11288.5400390625,11288.5400390625,11337.48046875,11157.2099609375,11216.0,176910000,0.6511542940414117
20080707,11231.9599609375,11231.9599609375,11399.1103515625,11120.740234375,11289.1904296875,248240000,-0.5012169680863265
20080708,11384.2099609375,11384.2099609375,11391.1298828125,11174.8798828125,11225.0302734375,271500000,1.3555069687703147
20080709,11147.4404296875,11147.4404296875,11418.240234375,11141.990234375,11381.9296875,227100000,-2.079806434196352
20080710,11229.01953125,11229.01953125,11270.2998046875,11086.9501953125,11148.009765625,248010000,0.7318191299344523
20080711,11100.5400390625,11100.5400390625,11241.0703125,10977.6796875,11226.169921875,275010000,-1.1441737351150394
20080714,11055.1904296875,11055.1904296875,11239.0400390625,11003.650390625,11103.6396484375,205360000,-0.4085351632931
20080715,10962.5400390625,10962.5400390625,11123.669921875,10827.7099609375,11050.7998046875,331390000,-0.8380714128288336
20080716,11239.2802734375,11239.2802734375,11244.169921875,10918.330078125,10961.8896484375,307590000,2.5244170911932873
20080717,11446.66015625,11446.66015625,11446.66015625,11209.5595703125,11238.3896484375,335260000,1.8451348998086203
20080718,11496.5703125,11496.5703125,11510.8203125,11381.9296875,11436.5595703125,378610000,0.4360237446443982
20080721,11467.33984375,11467.33984375,11559.669921875,11423.9404296875,11495.01953125,212850000,-0.2542538161856678
20080722,11602.5,11602.5,11616.66015625,11387.3896484375,11457.900390625,273690000,1.1786530973324716
20080723,11632.3798828125,11632.3798828125,11698.169921875,11558.2900390625,11603.3896484375,264520000,0.2575296945701355
20080724,11349.2802734375,11349.2802734375,11634.490234375,11345.3701171875,11630.33984375,241140000,-2.433720461565181
20080725,11370.6904296875,11370.6904296875,11443.8095703125,11325.099609375,11341.1396484375,190920000,0.18864770041946421
20080728,11131.080078125,11131.080078125,11369.5498046875,11125.1298828125,11369.4697265625,197550000,-2.1072629937836207
20080729,11397.5595703125,11397.5595703125,11398.3798828125,11128.0595703125,11133.4404296875,206930000,2.3940128928835014
20080730,11583.6904296875,11583.6904296875,11586.6201171875,11397.5595703125,11397.5595703125,208520000,1.6330764338343018
20080731,11378.01953125,11378.01953125,11578.8896484375,11363.6904296875,11577.990234375,220200000,-1.7755213650253676
20080801,11326.3203125,11326.3203125,11425.73046875,11267.0498046875,11379.8896484375,189700000,-0.45437801023285873
20080804,11284.150390625,11284.150390625,11382.169921875,11221.5302734375,11326.3203125,170250000,-0.3723179347882355
20080805,11615.76953125,11615.76953125,11615.9296875,11286.01953125,11286.01953125,234990000,2.9388046875067575
20080806,11656.0703125,11656.0703125,11685.4599609375,11521.3203125,11603.6396484375,180060000,0.34694887102897365
20080807,11431.4296875,11431.4296875,11655.580078125,11416.7001953125,11655.419921875,229610000,-1.9272415057336678
20080808,11734.3203125,11734.3203125,11759.9599609375,11388.0400390625,11432.08984375,212830000,2.6496303024214463
20080811,11782.349609375,11782.349609375,11867.1103515625,11675.5302734375,11729.669921875,183190000,0.4093061685374044
20080812,11642.4697265625,11642.4697265625,11782.349609375,11601.51953125,11781.7001953125,173590000,-1.1871985423111187
20080813,11532.9599609375,11532.9599609375,11633.7802734375,11453.33984375,11632.8095703125,182550000,-0.9406059727615323
20080814,11615.9296875,11615.9296875,11718.2802734375,11450.8896484375,11532.0703125,159790000,0.7194139825640766
20080815,11659.900390625,11659.900390625,11709.8896484375,11599.73046875,11611.2099609375,215040000,0.3785379587164517
20080818,11479.3896484375,11479.3896484375,11690.4296875,11434.1201171875,11659.650390625,156290000,-1.548132798223878
20080819,11348.5498046875,11348.5498046875,11478.169921875,11318.5,11478.08984375,171580000,-1.1397804914463294
20080820,11417.4296875,11417.4296875,11454.150390625,11290.580078125,11345.9404296875,144880000,0.6069487643614924
20080821,11430.2099609375,11430.2099609375,11476.2099609375,11315.5703125,11415.23046875,130020000,0.11193651975358598
20080822,11628.0595703125,11628.0595703125,11632.1298828125,11426.7900390625,11426.7900390625,138790000,1.7309359150107229
20080825,11386.25,11386.25,11626.26953125,11362.6298828125,11626.1904296875,148610000,-2.0795350148520186
20080826,11412.8701171875,11412.8701171875,11436.240234375,11340.41015625,11383.5595703125,119800000,0.2337917855966598
20080827,11502.509765625,11502.509765625,11554.4599609375,11381.76953125,11412.4599609375,120580000,0.785425992910449
20080828,11715.1796875,11715.1796875,11715.1796875,11499.7900390625,11499.8701171875,149150000,1.8489001636021962
20080829,11543.9599609375,11543.9599609375,11713.23046875,11543.3896484375,11713.23046875,166910000,-1.461520276510908
20080902,11516.919921875,11516.919921875,11790.169921875,11471.900390625,11545.6298828125,177090000,-0.23423538503249963
20080903,11532.8798828125,11532.8798828125,11554.3798828125,11416.5302734375,11506.009765625,174250000,0.1385783789916495
20080904,11188.23046875,11188.23046875,11532.48046875,11176.01953125,11532.48046875,229200000,-2.988407211074251
20080905,11220.9599609375,11220.9599609375,11245.150390625,11037.849609375,11185.6298828125,198300000,0.29253501953607763
20080908,11510.740234375,11510.740234375,11570.66015625,11224.7900390625,11224.8701171875,273000000,2.582490931669712
20080909,11230.73046875,11230.73046875,11577.5,11230.73046875,11514.73046875,257300000,-2.4325956447943775
20080910,11268.919921875,11268.919921875,11380.6298828125,11215.259765625,11233.91015625,214260000,0.3400442494035705
20080911,11433.7099609375,11433.7099609375,11445.6796875,11098.669921875,11264.4404296875,247820000,1.4623410247384339
20080912,11421.990234375,11421.990234375,11459.9296875,11280.400390625,11429.3203125,238890000,-0.10250152052605488
20080915,10917.509765625,10917.509765625,11416.4501953125,10917.509765625,11416.3701171875,432970000,-4.416747505454377
20080916,11059.01953125,11059.01953125,11093.2197265625,10742.7001953125,10905.6201171875,494760000,1.296172558238129
20080917,10609.66015625,10609.66015625,11057.3095703125,10595.900390625,11056.580078125,463200000,-4.063284034630954
20080918,11019.6904296875,11019.6904296875,11076.4404296875,10459.4404296875,10609.009765625,488060000,3.8646880993257637
20080919,11388.4404296875,11388.4404296875,11483.0498046875,11026.7001953125,11027.509765625,655110000,3.34628275043527
20080922,11015.6904296875,11015.6904296875,11394.580078125,10992.2001953125,11394.419921875,213210000,-3.2730557120737247
20080923,10854.169921875,10854.169921875,11143.2099609375,10833.9404296875,11015.6904296875,204480000,-1.4662767517249709
20080924,10825.169921875,10825.169921875,10928.400390625,10753.5703125,10850.01953125,183630000,-0.26717842275119086
20080925,11022.0595703125,11022.0595703125,11129.1904296875,10827.009765625,10827.169921875,218530000,1.818813467672542
20080926,11143.1298828125,11143.1298828125,11168.0595703125,10868.8203125,11019.0400390625,232560000,1.0984363832155175
20080929,10365.4501953125,10365.4501953125,11139.9404296875,10365.4501953125,11139.6201171875,385940000,-6.979005859920173
20080930,10850.66015625,10850.66015625,10868.900390625,10371.419921875,10371.580078125,319770000,4.681031231590138
20081001,10831.0703125,10831.0703125,10882.51953125,10631.9501953125,10847.400390625,256670000,-0.18054057050820305
20081002,10482.849609375,10482.849609375,10825.5400390625,10439.51953125,10825.5400390625,395330000,-3.2150165503322725
20081003,10325.3798828125,10325.3798828125,10796.259765625,10310.25,10483.9599609375,299690000,-1.502165274046019
20081006,9955.5,9955.5,10322.759765625,9525.3203125,10322.51953125,391460000,-3.5822399467180577
20081007,9447.1103515625,9447.1103515625,10124.0302734375,9436.669921875,9955.419921875,362520000,-5.106620947591789
20081008,9258.099609375,9258.099609375,9628.0703125,9194.7802734375,9437.23046875,479270000,-2.000725461582431
20081009,8579.1904296875,8579.1904296875,9448.1396484375,8579.1904296875,9261.6904296875,436740000,-7.333137558814107
20081010,8451.1904296875,8451.1904296875,8901.2802734375,7882.509765625,8568.669921875,674920000,-1.4919822685957373
20081013,9387.6103515625,9387.6103515625,9427.990234375,8462.1796875,8462.419921875,399290000,11.08033157773285
20081014,9310.990234375,9310.990234375,9794.3701171875,9085.4296875,9388.9697265625,412740000,-0.8161833983101663
20081015,8577.91015625,8577.91015625,9308.759765625,8530.1201171875,9301.91015625,374350000,-7.873277274188961
20081016,8979.259765625,8979.259765625,9013.26953125,8197.669921875,8577.0400390625,422450000,4.678874015514967
20081017,8852.2197265625,8852.2197265625,9281.1201171875,8718.25,8975.349609375,360600000,-1.4148163922024337
20081020,9265.4296875,9265.4296875,9266.6298828125,8852.2197265625,8852.2998046875,241400000,4.6678683279584465
20081021,9033.66015625,9033.66015625,9284.5498046875,9004.26953125,9262.7998046875,231160000,-2.5014439596112936
20081022,8519.2099609375,8519.2099609375,9027.83984375,8335.2998046875,9027.83984375,348840000,-5.694814575867946
20081023,8691.25,8691.25,8795.990234375,8243.5498046875,8519.76953125,340740000,2.0194365422538274
20081024,8378.9501953125,8378.9501953125,8683.2099609375,8187.47998046875,8683.2099609375,335680000,-3.5932668452466565
20081027,8175.77001953125,8175.77001953125,8599.099609375,8143.58984375,8375.919921875,281180000,-2.424888214455756
20081028,9065.1201171875,9065.1201171875,9082.080078125,8174.72998046875,8178.72021484375,372160000,10.8778756683672
20081029,8990.9599609375,8990.9599609375,9363.3203125,8890.2900390625,9062.330078125,316230000,-0.8180824444829149
20081030,9180.6904296875,9180.6904296875,9266.4697265625,8976.8701171875,9004.66015625,267210000,2.110235943373251
20081031,9325.009765625,9325.009765625,9454.3603515625,9119.2001953125,9179.08984375,310950000,1.5719878264364162
20081103,9319.830078125,9319.830078125,9410.5498046875,9255.48046875,9326.0400390625,180970000,-0.05554618847793957
20081104,9625.2802734375,9625.2802734375,9653.9501953125,9323.8896484375,9323.8896484375,254930000,3.2774223644853384
20081105,9139.26953125,9139.26953125,9616.599609375,9111.4697265625,9616.599609375,264640000,-5.049315223876905
20081106,8695.7900390625,8695.7900390625,9155.4404296875,8637.169921875,9134.009765625,344350000,-4.852461027340382
20081107,8943.8095703125,8943.8095703125,8961.5703125,8696.0302734375,8696.0302734375,246300000,2.8521793895191605
20081110,8870.5400390625,8870.5400390625,9159.580078125,8760.4599609375,8946.599609375,221230000,-0.8192206092268117
20081111,8693.9599609375,8693.9599609375,8867.91015625,8560.7099609375,8864.3203125,257270000,-1.9906350385366367
20081112,8282.66015625,8282.66015625,8684.599609375,8265.2900390625,8684.51953125,314660000,-4.730868402149257
20081113,8835.25,8835.25,8876.58984375,7965.419921875,8281.1396484375,476600000,6.67164695068434
20081114,8497.3095703125,8497.3095703125,8923.1796875,8469.990234375,8822.1904296875,304370000,-3.824910779972268
20081117,8273.580078125,8273.580078125,8571.2998046875,8246.8896484375,8494.83984375,278220000,-2.6329450555638845
20081118,8424.75,8424.75,8477.9501953125,8105.43994140625,8273.33984375,366390000,1.8271403726989544
20081119,7997.27978515625,7997.27978515625,8504.6396484375,7987.080078125,8420.6904296875,350470000,-5.073981006483875
20081120,7552.2900390625,7552.2900390625,8187.39990234375,7506.97021484375,7995.52978515625,528130000,-5.564263825303395
20081121,8046.419921875,8046.419921875,8071.75,7449.3798828125,7552.3701171875,569010000,6.542782126437485
20081124,8443.3896484375,8443.3896484375,8599.01953125,8048.08984375,8048.08984375,491890000,4.933495025325452
20081125,8479.4697265625,8479.4697265625,8607.3798828125,8281.4599609375,8445.1396484375,374020000,0.42731745930588705
20081126,8726.6103515625,8726.6103515625,8726.6103515625,8311.169921875,8464.490234375,283920000,2.9145764177424427
20081128,8829.0400390625,8829.0400390625,8831.349609375,8672.6904296875,8724.7001953125,155510000,1.1737625879177704
20081201,8149.08984375,8149.08984375,8827.0498046875,8141.35986328125,8826.8896484375,321010000,-7.701292465592891
20081202,8419.08984375,8419.08984375,8437.169921875,8143.509765625,8153.75,307520000,3.3132534451939755
20081203,8591.6904296875,8591.6904296875,8624.1904296875,8234.150390625,8409.1396484375,294680000,2.0501097997621676
20081204,8376.240234375,8376.240234375,8631.990234375,8259.400390625,8587.0703125,280880000,-2.5076578011707595
20081205,8635.419921875,8635.419921875,8686.4697265625,8118.5,8376.080078125,346370000,3.0942246192553036
20081208,8934.1796875,8934.1796875,9026.41015625,8637.490234375,8637.650390625,358970000,3.4597016511981105
20081209,8691.330078125,8691.330078125,8934.099609375,8651.740234375,8934.099609375,284950000,-2.7182082504426885
20081210,8761.419921875,8761.419921875,8879.2197265625,8646.330078125,8693.0,232830000,0.8064340339162479
20081211,8565.08984375,8565.08984375,8809.4501953125,8512.759765625,8750.1298828125,290540000,-2.240847715046901
20081212,8629.6796875,8629.6796875,8682.5703125,8347.8095703125,8563.099609375,271030000,0.7541058521076893
20081215,8564.5302734375,8564.5302734375,8676.2802734375,8469.0302734375,8628.8095703125,229940000,-0.7549459124985614
20081216,8924.1396484375,8924.1396484375,8958.7900390625,8565.650390625,8565.650390625,337190000,4.198821926233509
20081217,8824.33984375,8824.33984375,8961.259765625,8778.0703125,8921.91015625,239260000,-1.1183128975909007
20081218,8604.990234375,8604.990234375,8883.3603515625,8527.41015625,8823.9404296875,274080000,-2.485733927511402
20081219,8579.1103515625,8579.1103515625,8787.23046875,8550.4296875,8606.5,550150000,-0.3007543542480229
20081222,8519.6904296875,8519.6904296875,8601.41015625,8372.01953125,8573.3701171875,211090000,-0.6926116979504515
20081223,8419.490234375,8419.490234375,8604.1201171875,8391.2998046875,8518.650390625,174640000,-1.1761013635348205
20081224,8468.48046875,8468.48046875,8498.5,8416.8603515625,8416.8603515625,66930000,0.5818669897018625
20081226,8515.5498046875,8515.5498046875,8533.0703125,8461.7802734375,8468.7099609375,86760000,0.5558179665312135
20081229,8483.9296875,8483.9296875,8530.6796875,8364.0595703125,8515.8701171875,153730000,-0.3713220862156641
20081230,8668.3896484375,8668.3896484375,8675.240234375,8487.509765625,8487.509765625,162560000,2.174227837004339
20081231,8776.3896484375,8776.3896484375,8842.66015625,8664.8896484375,8666.48046875,226760000,1.245906153047316
20090102,9034.6904296875,9034.6904296875,9065.2802734375,8760.7802734375,8772.25,213700000,2.943132559024275
20090105,8952.8896484375,8952.8896484375,9034.3701171875,8892.3603515625,9027.1298828125,233760000,-0.9054076826053414
20090106,9015.099609375,9015.099609375,9088.0595703125,8940.9501953125,8954.5703125,215410000,0.6948590162546786
20090107,8769.7001953125,8769.7001953125,8996.9404296875,8719.919921875,8996.9404296875,266710000,-2.7220932069048187
20090108,8742.4599609375,8742.4599609375,8770.01953125,8651.1904296875,8769.9404296875,226620000,-0.3106176239589198
20090109,8599.1796875,8599.1796875,8769.6201171875,8576.9599609375,8738.7998046875,204300000,-1.638901111102542
20090112,8473.9697265625,8473.9697265625,8602.599609375,8421.080078125,8599.259765625,273550000,-1.4560686657066668
20090113,8448.5595703125,8448.5595703125,8522.080078125,8376.8798828125,8474.6103515625,304050000,-0.29986130550301304
20090114,8200.1396484375,8200.1396484375,8446.25,8140.72021484375,8446.009765625,355050000,-2.9403819646123597
20090115,8212.490234375,8212.490234375,8286.16015625,7995.1298828125,8196.240234375,436660000,0.15061433666989643
20090116,8281.2197265625,8281.2197265625,8341.2001953125,8109.33984375,8215.669921875,439360000,0.8368897889195592
20090120,7949.08984375,7949.08984375,8291.98046875,7939.93017578125,8279.6298828125,419200000,-4.010639661536497
20090121,8228.099609375,8228.099609375,8243.5498046875,7936.18994140625,7949.169921875,410040000,3.5099586381499126
20090122,8122.7998046875,8122.7998046875,8224.830078125,7957.14013671875,8224.4296875,420040000,-1.2797585066607886
20090123,8077.56005859375,8077.56005859375,8152.58984375,7909.02978515625,8108.7900390625,370510000,-0.5569476926864936
20090126,8116.02978515625,8116.02978515625,8231.6796875,8023.16015625,8078.0400390625,316720000,0.4762542931707747
20090127,8174.72998046875,8174.72998046875,8225.7900390625,8083.14013671875,8117.39013671875,247750000,0.7232624431696699
20090128,8375.4501953125,8375.4501953125,8405.8701171875,8175.93017578125,8175.93017578125,357940000,2.4553742487313457
20090129,8149.009765625,8149.009765625,8373.1396484375,8137.93994140625,8373.0595703125,247450000,-2.703620992388356
20090130,8000.85986328125,8000.85986328125,8195.759765625,7961.919921875,8149.009765625,303160000,-1.8180111032470636
20090202,7936.75,7936.75,8000.6201171875,7867.3701171875,8000.6201171875,293890000,-0.8012871663391152
20090203,8078.35986328125,8078.35986328125,8111.56982421875,7905.52001953125,7936.990234375,313090000,1.784229858333064
20090204,7956.66015625,7956.66015625,8162.14990234375,7929.259765625,8070.31982421875,345520000,-1.5064902912336753
20090205,8063.06982421875,8063.06982421875,8107.830078125,7845.31005859375,7954.830078125,390980000,1.3373660038146218
20090206,8280.58984375,8280.58984375,8312.3701171875,8052.240234375,8056.3798828125,396380000,2.6977320583023268
20090209,8270.8701171875,8270.8701171875,8315.0703125,8196.240234375,8281.3798828125,289280000,-0.11737964016942382
20090210,7888.8798828125,7888.8798828125,8269.4404296875,7848.740234375,8269.3603515625,449890000,-4.618501185034873
20090211,7939.52978515625,7939.52978515625,7983.740234375,7852.16015625,7887.0498046875,270280000,0.6420417485896834
20090212,7932.759765625,7932.759765625,7938.81982421875,7693.97998046875,7931.97021484375,331960000,-0.08526977937544089
20090213,7850.41015625,7850.41015625,7970.83984375,7840.4501953125,7933.0,251960000,-1.0380953389241054
20090217,7552.60009765625,7552.60009765625,7845.6298828125,7551.009765625,7845.6298828125,332850000,-3.793560497684989
20090218,7555.6298828125,7555.6298828125,7617.759765625,7479.97021484375,7546.35009765625,268220000,0.04011578949070227
20090219,7465.9501953125,7465.9501953125,7614.97021484375,7447.5498046875,7555.22998046875,301480000,-1.1869253641447308
20090220,7365.669921875,7365.669921875,7469.2900390625,7249.47021484375,7461.490234375,584900000,-1.34316826142854
20090223,7114.77978515625,7114.77978515625,7441.02001953125,7105.93994140625,7365.990234375,406150000,-3.40620933845599
20090224,7350.93994140625,7350.93994140625,7378.97021484375,7114.2998046875,7115.33984375,468010000,3.319289751493182
20090225,7270.89013671875,7270.89013671875,7404.93994140625,7156.68017578125,7349.580078125,450270000,-1.0889737275174394
20090226,7182.080078125,7182.080078125,7402.31005859375,7173.56005859375,7269.06005859375,321300000,-1.2214468507129594
20090227,7062.93017578125,7062.93017578125,7195.4599609375,7033.6201171875,7180.97021484375,667950000,-1.6589887755032673
20090302,6763.2900390625,6763.2900390625,7058.9501953125,6755.169921875,7056.47998046875,568670000,-4.242433795341971
20090303,6726.02001953125,6726.02001953125,6855.2900390625,6705.6298828125,6764.81005859375,445280000,-0.5510634516040391
20090304,6875.83984375,6875.83984375,6979.22021484375,6726.419921875,6726.5,464830000,2.2274662249546884
20090305,6594.43994140625,6594.43994140625,6874.009765625,6544.10009765625,6874.009765625,509770000,-4.092589541618496
20090306,6626.93994140625,6626.93994140625,6755.169921875,6469.9501953125,6595.16015625,425170000,0.49283942668025826
20090309,6547.0498046875,6547.0498046875,6709.60986328125,6516.85986328125,6625.740234375,365990000,-1.2055358495039692
20090310,6926.490234375,6926.490234375,6926.490234375,6546.60986328125,6547.009765625,640020000,5.795594061554743
20090311,6930.39990234375,6930.39990234375,7015.06005859375,6867.5498046875,6923.1298828125,524430000,0.05644515239979775
20090312,7170.06005859375,7170.06005859375,7184.7099609375,6872.25,6932.39013671875,488690000,3.458099959988603
20090313,7223.97998046875,7223.97998046875,7242.6201171875,7105.85986328125,7167.35009765625,479010000,0.7520149264352849
20090316,7216.97021484375,7216.97021484375,7392.91015625,7206.85009765625,7225.330078125,586970000,-0.09703467678415789
20090317,7395.7001953125,7395.7001953125,7396.81005859375,7172.0498046875,7218.0,391880000,2.4765237370820925
20090318,7486.580078125,7486.580078125,7571.64013671875,7257.27001953125,7395.7001953125,584110000,1.228820536426034
20090319,7400.7998046875,7400.7998046875,7548.4599609375,7369.259765625,7489.68017578125,559920000,-1.145787162393963
20090320,7278.3798828125,7278.3798828125,7460.93017578125,7257.830078125,7402.31005859375,672950000,-1.6541444858089838
20090323,7775.85986328125,7775.85986328125,7780.72021484375,7278.77978515625,7279.25,515600000,6.835037308831904
20090324,7659.97021484375,7659.97021484375,7796.56982421875,7646.990234375,7773.47021484375,379670000,-1.490377276277155
20090325,7749.81005859375,7749.81005859375,7863.6298828125,7550.06005859375,7659.81005859375,454090000,1.172848473691257
20090326,7924.56005859375,7924.56005859375,7931.330078125,7752.27978515625,7752.35986328125,397260000,2.254893973900951
20090327,7776.18017578125,7776.18017578125,7922.56982421875,7735.9501953125,7922.56982421875,323650000,-1.8724053034539168
20090330,7522.02001953125,7522.02001953125,7773.39013671875,7437.58984375,7773.31005859375,383260000,-3.2684447955768414
20090331,7608.919921875,7608.919921875,7725.35986328125,7523.4501953125,7523.77001953125,399840000,1.1552734786415275
20090401,7761.60009765625,7761.60009765625,7789.0,7483.8701171875,7606.1298828125,361340000,2.0065945935678453
20090402,7978.080078125,7978.080078125,8075.72998046875,7763.990234375,7763.990234375,442820000,2.7891153595264395
20090403,8017.58984375,8017.58984375,8019.5,7897.240234375,7980.6298828125,308210000,0.49522899291687406
20090406,7975.85009765625,7975.85009765625,8016.16015625,7862.2001953125,8016.16015625,247400000,-0.5206021623354484
20090407,7789.56005859375,7789.56005859375,7969.080078125,7762.080078125,7968.919921875,276920000,-2.3356762825475164
20090408,7837.10986328125,7837.10986328125,7887.52001953125,7750.85009765625,7788.68017578125,255350000,0.6104299129838786
20090409,8083.3798828125,8083.3798828125,8087.27978515625,7839.89013671875,7839.89013671875,462060000,3.1423576270773523
20090413,8057.81005859375,8057.81005859375,8113.41015625,7963.75,8082.02001953125,424250000,-0.316325900668335
20090414,7920.18017578125,7920.18017578125,8057.41015625,7902.259765625,8057.41015625,513010000,-1.7080308646108655
20090415,8029.6201171875,8029.6201171875,8041.31982421875,7870.47998046875,7914.919921875,413280000,1.3817860071024812
20090416,8125.43017578125,8125.43017578125,8168.1201171875,7962.7099609375,8029.14013671875,359470000,1.1932078628311027
20090417,8131.330078125,8131.330078125,8190.66015625,8086.8798828125,8125.43017578125,537670000,0.07261033835888053
20090420,7841.72998046875,7841.72998046875,8128.93994140625,7840.4501953125,8128.93994140625,453660000,-3.5615341509175225
20090421,7969.56005859375,7969.56005859375,7979.2001953125,7791.9501953125,7841.72998046875,424030000,1.6301259855080907
20090422,7886.56982421875,7886.56982421875,8044.830078125,7868.009765625,7964.77978515625,387030000,-1.0413402216037038
20090423,7957.06005859375,7957.06005859375,7979.43994140625,7804.2099609375,7886.81005859375,327240000,0.8938009292523086
20090424,8076.2900390625,8076.2900390625,8127.5,7957.4501953125,7957.4501953125,402720000,1.4984175008202927
20090427,8025.0,8025.0,8122.56005859375,7987.16015625,8073.81982421875,282990000,-0.6350693055156009
20090428,8016.9501953125,8016.9501953125,8091.66015625,7938.97998046875,8023.56005859375,274710000,-0.10030909267912946
20090429,8185.72998046875,8185.72998046875,8257.5703125,8017.91015625,8018.31005859375,300340000,2.105286686886676
20090430,8168.1201171875,8168.1201171875,8307.509765625,8136.89990234375,8188.509765625,341400000,-0.2151288073668156
20090501,8212.41015625,8212.41015625,8219.8095703125,8099.31005859375,8167.41015625,237360000,0.5422305062495747
20090504,8426.740234375,8426.740234375,8434.8603515625,8213.599609375,8213.599609375,354490000,2.6098316334320693
20090505,8410.650390625,8410.650390625,8458.1201171875,8362.7802734375,8425.5498046875,311490000,-0.19093793450953855
20090506,8512.2802734375,8512.2802734375,8518.5703125,8403.0,8403.48046875,454480000,1.2083474891047885
20090507,8409.849609375,8409.849609375,8577.1904296875,8358.0,8512.2802734375,476640000,-1.203328142074156
20090508,8574.650390625,8574.650390625,8587.5498046875,8410.73046875,8410.73046875,428420000,1.9596162702634645
20090511,8418.76953125,8418.76953125,8569.23046875,8410.330078125,8569.23046875,332630000,-1.8179267057398696
20090512,8469.1103515625,8469.1103515625,8517.4599609375,8365.650390625,8419.169921875,334840000,0.597959358854494
20090513,8284.8896484375,8284.8896484375,8462.0400390625,8262.4296875,8461.7998046875,336930000,-2.1752072588239746
20090514,8331.3203125,8331.3203125,8376.6396484375,8273.900390625,8285.919921875,323800000,0.5604258600023337
20090515,8268.6396484375,8268.6396484375,8394.9599609375,8230.169921875,8326.2197265625,308820000,-0.7523497082263964
20090518,8504.080078125,8504.080078125,8511.8798828125,8270.150390625,8270.150390625,288280000,2.847390135473993
20090519,8474.849609375,8474.849609375,8538.009765625,8463.5400390625,8502.48046875,277710000,-0.3437228775066359
20090520,8422.0400390625,8422.0400390625,8591.9296875,8405.4697265625,8471.8203125,468640000,-0.6231328312195861
20090521,8292.1298828125,8292.1298828125,8416.150390625,8221.009765625,8416.0703125,302280000,-1.542502239925958
20090522,8277.3203125,8277.3203125,8364.1396484375,8257.169921875,8292.2099609375,244190000,-0.17859790574670242
20090526,8473.490234375,8473.490234375,8495.7099609375,8226.900390625,8277.3203125,314760000,2.3699689569673055
20090527,8300.01953125,8300.01953125,8496.58984375,8289.349609375,8473.650390625,285990000,-2.0472166524871827
20090528,8403.7998046875,8403.7998046875,8434.6201171875,8246.580078125,8300.5,290730000,1.2503617979061632
20090529,8500.330078125,8500.330078125,8522.9501953125,8368.51953125,8404.0400390625,361910000,1.1486503210566434
20090601,8721.4404296875,8721.4404296875,8760.7001953125,8501.2900390625,8501.5302734375,354830000,2.6011972421107643
20090602,8740.8701171875,8740.8701171875,8787.1298828125,8693.7197265625,8721.599609375,257560000,0.22278071674790567
20090603,8675.240234375,8675.240234375,8740.3896484375,8598.3798828125,8740.0703125,252160000,-0.7508392406317732
20090604,8750.240234375,8750.240234375,8751.25,8634.5703125,8675.2802734375,237800000,0.8645293729482972
20090605,8763.1298828125,8763.1298828125,8839.400390625,8700.41015625,8751.75,254970000,0.14730622351217804
20090608,8764.490234375,8764.490234375,8823.9697265625,8633.0703125,8759.349609375,189630000,0.01552358096583717
20090609,8763.0595703125,8763.0595703125,8803.259765625,8725.1201171875,8764.830078125,187930000,-0.016323414417063198
20090610,8739.01953125,8739.01953125,8834.9296875,8639.9501953125,8763.66015625,219920000,-0.2743338541705609
20090611,8770.919921875,8770.919921875,8877.9296875,8736.23046875,8736.23046875,249900000,0.36503397790710324
20090612,8799.259765625,8799.259765625,8805.5302734375,8716.73046875,8770.009765625,164020000,0.32311141821417255
20090615,8612.1298828125,8612.1298828125,8798.5,8577.900390625,8798.5,230220000,-2.1266548300294286
20090616,8504.669921875,8504.669921875,8643.650390625,8499.3798828125,8612.4404296875,240690000,-1.247774504097543
20090617,8497.1796875,8497.1796875,8563.009765625,8461.2900390625,8504.3603515625,237870000,-0.08807201741873882
20090618,8555.599609375,8555.599609375,8590.51953125,8475.1201171875,8496.73046875,220050000,0.6875213191141594
20090619,8539.73046875,8539.73046875,8616.58984375,8496.73046875,8556.9599609375,528710000,-0.18548250677382638
20090622,8339.009765625,8339.009765625,8538.830078125,8334.5498046875,8538.51953125,291240000,-2.3504337034934597
20090623,8322.91015625,8322.91015625,8370.900390625,8286.41015625,8340.4404296875,237150000,-0.19306380286741032
20090624,8299.8603515625,8299.8603515625,8428.41015625,8259.8798828125,8323.509765625,189430000,-0.27694405267838507
20090625,8472.400390625,8472.400390625,8490.4599609375,8259.4296875,8299.25,222540000,2.07883062791554
20090626,8438.3896484375,8438.3896484375,8468.76953125,8401.3603515625,8468.5400390625,307640000,-0.40142982648853076
20090629,8529.3798828125,8529.3798828125,8533.23046875,8429.08984375,8440.1298828125,216480000,1.0782890831765313
20090630,8447.0,8447.0,8560.4404296875,8393.9501953125,8528.9296875,233340000,-0.9658367190152117
20090701,8504.0595703125,8504.0595703125,8580.4697265625,8447.5302734375,8447.5302734375,184600000,0.6755010099739556
20090702,8280.740234375,8280.740234375,8503.23046875,8280.740234375,8503.0,157800000,-2.626032121377697
20090706,8324.8701171875,8324.8701171875,8327.9697265625,8205.990234375,8280.740234375,206900000,0.5329219558090736
20090707,8163.60009765625,8163.60009765625,8326.3095703125,8154.3798828125,8324.9501953125,210880000,-1.9372076352073386
20090708,8178.41015625,8178.41015625,8219.51953125,8087.18994140625,8163.60009765625,325250000,0.18141577755630411
20090709,8183.169921875,8183.169921875,8228.669921875,8145.31005859375,8179.009765625,192660000,0.05819915526446007
20090710,8146.52001953125,8146.52001953125,8183.85009765625,8093.31005859375,8182.490234375,174260000,-0.4478692571906473
20090713,8331.6796875,8331.6796875,8331.6796875,8130.419921875,8146.52001953125,253520000,2.272868261844696
20090714,8359.490234375,8359.490234375,8361.23046875,8285.2001953125,8331.3701171875,189170000,0.3337927995086476
20090715,8616.2099609375,8616.2099609375,8628.23046875,8363.9501953125,8363.9501953125,305000000,3.0709973857836914
20090716,8711.8203125,8711.8203125,8739.5498046875,8584.400390625,8612.66015625,216580000,1.1096567051634088
20090717,8743.9404296875,8743.9404296875,8754.2900390625,8674.41015625,8711.8896484375,301410000,0.36869581827132514
20090720,8848.150390625,8848.150390625,8854.7998046875,8745.900390625,8746.0498046875,213730000,1.191796327702388
20090721,8915.9404296875,8915.9404296875,8927.1298828125,8811.26953125,8848.150390625,218910000,0.766149263628324
20090722,8881.259765625,8881.259765625,8949.7998046875,8860.3203125,8912.3896484375,199010000,-0.3889737076643418
20090723,9069.2900390625,9069.2900390625,9096.7197265625,8866.4404296875,8882.3095703125,274760000,2.1171576825764316
20090724,9093.240234375,9093.240234375,9100.8798828125,9007.3896484375,9066.1103515625,214310000,0.26408015632253257
20090727,9108.509765625,9108.509765625,9123.400390625,9034.51953125,9093.08984375,176830000,0.16792178427527116
20090728,9096.7197265625,9096.7197265625,9124.91015625,9007.4697265625,9106.919921875,198270000,-0.1294398245802464
20090729,9070.7197265625,9070.7197265625,9094.830078125,9014.1904296875,9092.33984375,190510000,-0.2858173141696341
20090730,9154.4599609375,9154.4599609375,9246.4296875,9072.6103515625,9072.83984375,232410000,0.9231928325354133
20090731,9171.6103515625,9171.6103515625,9218.76953125,9133.4501953125,9154.6103515625,265570000,0.18734464619629687
20090803,9286.5595703125,9286.5595703125,9298.4296875,9173.650390625,9173.650390625,221690000,1.2533155503102744
20090804,9320.1904296875,9320.1904296875,9321.099609375,9250.740234375,9285.0498046875,195990000,0.3621455192352574
20090805,9280.9697265625,9280.9697265625,9318.080078125,9206.4501953125,9315.3603515625,236610000,-0.42081439666802334
20090806,9256.259765625,9256.259765625,9325.1103515625,9208.7998046875,9277.1904296875,244450000,-0.2662433093255201
20090807,9370.0703125,9370.0703125,9437.7099609375,9258.4501953125,9258.4501953125,216600000,1.2295522139261772
20090810,9337.9501953125,9337.9501953125,9371.9599609375,9290.33984375,9368.41015625,161370000,-0.3427948362847433
20090811,9241.4501953125,9241.4501953125,9334.330078125,9216.8798828125,9334.330078125,171380000,-1.0334173772788113
20090812,9361.6103515625,9361.6103515625,9424.1103515625,9221.01953125,9236.0595703125,197420000,1.300230523462087
20090813,9398.1904296875,9398.1904296875,9406.5,9305.3095703125,9362.2900390625,145620000,0.3907455742258481
20090814,9321.400390625,9321.400390625,9401.9697265625,9232.830078125,9398.0400390625,172780000,-0.8170726017631136
20090817,9135.33984375,9135.33984375,9313.849609375,9116.51953125,9313.849609375,207100000,-1.996057878407742
20090818,9217.9404296875,9217.9404296875,9233.509765625,9134.3603515625,9134.3603515625,158530000,0.9041873356688823
20090819,9279.16015625,9279.16015625,9313.08984375,9131.9404296875,9208.6796875,176910000,0.6641367128532805
20090820,9350.0498046875,9350.0498046875,9363.9501953125,9267.9697265625,9278.5498046875,151740000,0.7639662129309333
20090821,9505.9599609375,9505.9599609375,9519.1103515625,9347.25,9347.8603515625,293530000,1.6674794199688314
20090824,9509.2802734375,9509.2802734375,9587.73046875,9486.23046875,9506.1796875,190590000,0.0349287448468516
20090825,9539.2900390625,9539.2900390625,9620.0,9508.98046875,9509.2099609375,173890000,0.3155839849291908
20090826,9543.51953125,9543.51953125,9582.9697265625,9485.7802734375,9538.6103515625,154660000,0.0443375992362105
20090827,9580.6298828125,9580.6298828125,9609.7197265625,9459.400390625,9541.6298828125,163980000,0.38885393843417493
20090828,9544.2001953125,9544.2001953125,9630.2001953125,9495.98046875,9582.740234375,205770000,-0.3802431358438607
20090831,9496.2802734375,9496.2802734375,9543.0595703125,9436.1298828125,9542.91015625,201600000,-0.5020842071034481
20090901,9310.599609375,9310.599609375,9557.9501953125,9292.080078125,9492.3203125,267680000,-1.9552989035283241
20090902,9280.669921875,9280.669921875,9330.9296875,9262.2998046875,9306.2099609375,175200000,-0.3214582170396718
20090903,9344.6103515625,9344.6103515625,9350.26953125,9252.9296875,9282.0302734375,168750000,0.6889635147651285
20090904,9441.26953125,9441.26953125,9445.7197265625,9321.6298828125,9345.3603515625,152400000,1.0343842712643214
20090908,9497.33984375,9497.33984375,9511.01953125,9439.98046875,9440.1298828125,202370000,0.5938853065724947
20090909,9547.2197265625,9547.2197265625,9577.2197265625,9476.1796875,9496.58984375,190820000,0.5251984622338668
20090910,9627.48046875,9627.48046875,9633.0,9508.2197265625,9546.5400390625,234130000,0.8406713628282381
20090911,9605.41015625,9605.41015625,9649.849609375,9571.5595703125,9625.4404296875,196760000,-0.22924286963383889
20090914,9626.7998046875,9626.7998046875,9631.1103515625,9535.9599609375,9598.080078125,196480000,0.2226833429240127
20090915,9683.41015625,9683.41015625,9713.7099609375,9580.9296875,9626.419921875,224030000,0.5880495357858617
20090916,9791.7099609375,9791.7099609375,9799.7197265625,9679.1796875,9683.7099609375,241270000,1.1184056333460202
20090917,9783.919921875,9783.919921875,9854.580078125,9749.4599609375,9789.8203125,225470000,-0.07955749397783318
20090918,9820.2001953125,9820.2001953125,9847.7099609375,9784.6796875,9784.75,424930000,0.37081531458964534
20090921,9778.8603515625,9778.8603515625,9818.6904296875,9725.8798828125,9818.6103515625,172830000,-0.4209674235534755
20090922,9829.8701171875,9829.8701171875,9843.400390625,9771.91015625,9779.6103515625,194620000,0.52163303075341
20090923,9748.5498046875,9748.5498046875,9917.990234375,9740.83984375,9830.6298828125,233330000,-0.8272775889257344
20090924,9707.4404296875,9707.4404296875,9805.3896484375,9666.0302734375,9749.990234375,201890000,-0.42169733779513496
20090925,9665.1904296875,9665.1904296875,9735.9296875,9641.009765625,9706.6796875,189350000,-0.4352331627067274
20090928,9789.3603515625,9789.3603515625,9823.669921875,9663.23046875,9663.23046875,163780000,1.2847126270125075
20090929,9742.2001953125,9742.2001953125,9834.48046875,9739.1103515625,9789.740234375,154000000,-0.48174910879108523
20090930,9712.2802734375,9712.2802734375,9776.8203125,9608.58984375,9741.830078125,268390000,-0.30711668078219345
20091001,9509.2802734375,9509.2802734375,9711.669921875,9500.3701171875,9711.599609375,266990000,-2.0901373754131924
20091002,9487.669921875,9487.669921875,9524.7802734375,9430.080078125,9507.6201171875,219750000,-0.22725538569795534
20091005,9599.75,9599.75,9625.0595703125,9481.08984375,9488.73046875,173850000,1.1813235393717259
20091006,9731.25,9731.25,9774.3203125,9601.259765625,9601.259765625,206020000,1.3698273392536153
20091007,9725.580078125,9725.580078125,9740.3203125,9675.6201171875,9725.6904296875,167650000,-0.058265093127807255
20091008,9786.8701171875,9786.8701171875,9836.669921875,9728.0703125,9728.2197265625,209580000,0.630194174230847
20091009,9864.9404296875,9864.9404296875,9865.009765625,9764.8798828125,9786.0400390625,161120000,0.7977045936564897
20091012,9885.7998046875,9885.7998046875,9931.8203125,9849.3701171875,9865.240234375,158850000,0.21144957892726968
20091013,9871.0595703125,9871.0595703125,9895.08984375,9815.0595703125,9883.98046875,211510000,-0.14910512721501012
20091014,10015.8603515625,10015.8603515625,10027.73046875,9873.48046875,9873.5498046875,284810000,1.4669223726041736
20091015,10062.9404296875,10062.9404296875,10062.9404296875,9977.4697265625,10014.8798828125,252480000,0.47005525708687657
20091016,9995.91015625,9995.91015625,10061.66015625,9939.91015625,10061.3603515625,307770000,-0.6661102081032766
20091019,10092.1904296875,10092.1904296875,10117.9599609375,9995.150390625,9996.669921875,186240000,0.9631966667617675
20091020,10041.48046875,10041.48046875,10098.3896484375,9992.8095703125,10092.419921875,214500000,-0.5024673413645653
20091021,9949.3603515625,9949.3603515625,10119.4697265625,9943.759765625,10038.83984375,251050000,-0.9173957712130809
20091022,10081.3095703125,10081.3095703125,10105.1904296875,9916.7802734375,9946.1796875,231900000,1.3262080584836689
20091023,9972.1796875,9972.1796875,10109.5703125,9932.5,10099.900390625,305670000,-1.0824970907933107
20091026,9867.9599609375,9867.9599609375,10072.3203125,9849.4501953125,9972.330078125,270050000,-1.0451047797818802
20091027,9882.169921875,9882.169921875,9947.5400390625,9837.9599609375,9868.33984375,237060000,0.14400099913001174
20091028,9762.6904296875,9762.6904296875,9902.419921875,9758.080078125,9881.1103515625,257370000,-1.2090410621560133
20091029,9962.580078125,9962.580078125,9969.91015625,9759.1298828125,9762.91015625,248950000,2.0474852693234347
20091030,9712.73046875,9712.73046875,9962.1298828125,9684.5400390625,9961.51953125,327980000,-2.5078805632247736
20091102,9789.4404296875,9789.4404296875,9858.58984375,9678.9501953125,9712.1298828125,242460000,0.7897878066760899
20091103,9771.91015625,9771.91015625,9787.4697265625,9703.8896484375,9787.4697265625,231520000,-0.17907329395802085
20091104,9802.1396484375,9802.1396484375,9928.0400390625,9767.1396484375,9767.2998046875,224130000,0.30935090175963076
20091105,10005.9599609375,10005.9599609375,10013.0703125,9807.7998046875,9807.7998046875,211040000,2.0793451206593483
20091106,10023.419921875,10023.419921875,10044.5,9936.8095703125,10001.349609375,181010000,0.17449561067266472
20091109,10226.9404296875,10226.9404296875,10228.23046875,10020.6201171875,10020.6201171875,227470000,2.0304497806017174
20091110,10246.9697265625,10246.9697265625,10260.7998046875,10197.6904296875,10223.009765625,193950000,0.1958483772610764
20091111,10291.259765625,10291.259765625,10341.9697265625,10246.1396484375,10247.419921875,166920000,0.43222572374435053
20091112,10197.4697265625,10197.4697265625,10321.6396484375,10171.240234375,10289.8203125,183810000,-0.9113562498517358
20091113,10270.4697265625,10270.4697265625,10305.6904296875,10192.0302734375,10197.849609375,167280000,0.7158638560097685
20091116,10406.9599609375,10406.9599609375,10434.240234375,10267.4501953125,10267.5302734375,202570000,1.3289580516653077
20091117,10437.419921875,10437.419921875,10438.169921875,10361.990234375,10404.76953125,158320000,0.29268836482345684
20091118,10426.3095703125,10426.3095703125,10432.66015625,10360.099609375,10426.26953125,166340000,-0.10644729871617242
20091119,10332.4404296875,10332.4404296875,10425.330078125,10256.1103515625,10425.330078125,196250000,-0.9003103158597869
20091120,10318.16015625,10318.16015625,10342.7197265625,10271.6796875,10327.91015625,230430000,-0.13820813712576152
20091123,10450.9501953125,10450.9501953125,10495.6103515625,10320.0498046875,10320.1298828125,182350000,1.2869546222546768
20091124,10433.7099609375,10433.7099609375,10453.9697265625,10359.580078125,10451.25,163750000,-0.16496331962937427
20091125,10464.400390625,10464.400390625,10481.48046875,10420.9404296875,10432.9599609375,130080000,0.2941468547851267
20091127,10309.919921875,10309.919921875,10452.23046875,10231.25,10452.23046875,130290000,-1.4762476872387076
20091130,10344.83984375,10344.83984375,10364.33984375,10263.2900390625,10309.76953125,223580000,0.33870216393154795
20091201,10471.580078125,10471.580078125,10501.2802734375,10343.4404296875,10343.8203125,190220000,1.2251541472782845
20091202,10452.6796875,10452.6796875,10513.51953125,10421.4697265625,10470.4404296875,159500000,-0.1804922512552154
20091203,10366.150390625,10366.150390625,10507.6298828125,10350.0498046875,10455.6298828125,243970000,-0.8278192718224942
20091204,10388.900390625,10388.900390625,10516.7001953125,10311.8095703125,10368.5703125,460660000,0.2194643058678336
20091207,10390.1103515625,10390.1103515625,10443.16015625,10360.1796875,10386.8603515625,196580000,0.011646669926612674
20091208,10285.9697265625,10285.9697265625,10385.650390625,10249.83984375,10385.419921875,221770000,-1.0023052833537882
20091209,10337.0498046875,10337.0498046875,10342.26953125,10235.6298828125,10282.849609375,188610000,0.49659953784513267
20091210,10405.830078125,10405.830078125,10444.599609375,10335.76953125,10336.0,195910000,0.6653762411622521
20091211,10471.5,10471.5,10484.0498046875,10400.080078125,10403.41015625,179970000,0.6310877785045799
20091214,10501.0498046875,10501.0498046875,10514.66015625,10471.2802734375,10471.2802734375,154360000,0.2821926628228999
20091215,10452.0,10452.0,10499.3095703125,10426.6904296875,10499.3095703125,187560000,-0.4670942962826885
20091216,10441.1201171875,10441.1201171875,10509.9697265625,10427.58984375,10449.8095703125,208310000,-0.10409378886815368
20091217,10308.259765625,10308.259765625,10440.0595703125,10307.9599609375,10439.990234375,198860000,-1.2724722067299465
20091218,10328.8896484375,10328.8896484375,10372.349609375,10263.900390625,10309.3896484375,480080000,0.20012963663658123
20091221,10414.1396484375,10414.1396484375,10458.0498046875,10329.7998046875,10330.099609375,164470000,0.8253549307005725
20091222,10464.9296875,10464.9296875,10479.8203125,10414.58984375,10414.669921875,135080000,0.48770268862412536
20091223,10466.4404296875,10466.4404296875,10492.0595703125,10437.7998046875,10464.3203125,112460000,0.014436238298909387
20091224,10520.08984375,10520.08984375,10522.0595703125,10461.6796875,10467.1201171875,52670000,0.5125850992313108
20091228,10547.080078125,10547.080078125,10551.6103515625,10506.33984375,10517.91015625,102010000,0.25655897217489176
20091229,10545.41015625,10545.41015625,10580.330078125,10544.2802734375,10547.830078125,92890000,-0.015833025468947604
20091230,10548.509765625,10548.509765625,10550.7001953125,10505.66015625,10544.3603515625,110160000,0.0293929712460006
20091231,10428.0498046875,10428.0498046875,10555.009765625,10423.1298828125,10548.509765625,137940000,-1.1419618847967494
20100104,10583.9599609375,10583.9599609375,10604.9697265625,10430.6904296875,10430.6904296875,179780000,1.4951036787330674
20100105,10572.01953125,10572.01953125,10584.5595703125,10522.51953125,10584.5595703125,188540000,-0.11281627794860194
20100106,10573.6796875,10573.6796875,10594.990234375,10546.5498046875,10564.7197265625,186040000,0.015703302903413707
20100107,10606.8603515625,10606.8603515625,10612.3701171875,10505.2099609375,10571.1103515625,217390000,0.3138043239736543
20100108,10618.1904296875,10618.1904296875,10619.400390625,10554.330078125,10606.400390625,172710000,0.10681839629698153
20100111,10663.990234375,10663.990234375,10676.23046875,10591.58984375,10620.3095703125,182050000,0.43133342720476087
20100112,10627.259765625,10627.259765625,10663.080078125,10568.83984375,10662.8603515625,256050000,-0.34443456851264154
20100113,10680.76953125,10680.76953125,10709.259765625,10614.490234375,10628.08984375,202810000,0.5035142341968779
20100114,10710.5498046875,10710.5498046875,10723.76953125,10666.8603515625,10680.16015625,201320000,0.2788214215311724
20100115,10609.650390625,10609.650390625,10709.9404296875,10561.0595703125,10706.990234375,362930000,-0.9420563454019981
20100119,10725.4296875,10725.4296875,10729.8896484375,10591.9697265625,10608.3701171875,192150000,1.0912640154222775
20100120,10603.150390625,10603.150390625,10719.919921875,10517.2998046875,10719.6904296875,203270000,-1.140087627608155
20100121,10389.8798828125,10389.8798828125,10614.9404296875,10374.6904296875,10603.91015625,304290000,-2.0113881248073895
20100122,10172.98046875,10172.98046875,10389.580078125,10157.6396484375,10389.580078125,323620000,-2.0876027106079165
20100125,10196.8603515625,10196.8603515625,10256.8701171875,10171.76953125,10175.099609375,215330000,0.23473831377005538
20100126,10194.2900390625,10194.2900390625,10285.1298828125,10155.599609375,10195.349609375,217300000,-0.02520690105956014
20100127,10236.16015625,10236.16015625,10255.0595703125,10104.3603515625,10194.2900390625,262170000,0.41072126677839105
20100128,10120.4599609375,10120.4599609375,10258.830078125,10055.080078125,10236.919921875,240050000,-1.1303085683146086
20100129,10067.330078125,10067.330078125,10239.33984375,10043.75,10122.0400390625,316900000,-0.5249749815479543
20100201,10185.5302734375,10185.5302734375,10190.8896484375,10068.91015625,10068.990234375,198430000,1.1740967505310396
20100202,10296.849609375,10296.849609375,10314.83984375,10173.58984375,10186.1298828125,237140000,1.0929164505828926
20100203,10270.5498046875,10270.5498046875,10307.2001953125,10231.9296875,10291.73046875,198940000,-0.2554160319439336
20100204,10002.1796875,10002.1796875,10273.1201171875,9998.0302734375,10273.1201171875,304240000,-2.6130063364768974
20100205,10012.23046875,10012.23046875,10031.9599609375,9835.08984375,10003.6904296875,308320000,0.10048590971187821
20100208,9908.3896484375,9908.3896484375,10028.5595703125,9904.08984375,10005.4296875,216270000,-1.037139732616088
20100209,10058.6396484375,10058.6396484375,10139.4296875,9910.0595703125,9910.2802734375,236210000,1.5163917178377506
20100210,10038.3798828125,10038.3798828125,10085.5400390625,9962.9599609375,10055.4599609375,178600000,-0.20141655664289715
20100211,10144.1904296875,10144.1904296875,10161.5703125,9976.7099609375,10037.849609375,194470000,1.054059998826773
20100212,10099.1396484375,10099.1396484375,10137.3896484375,9983.8203125,10137.23046875,296510000,-0.4441042541764251
20100216,10268.8095703125,10268.8095703125,10279.5400390625,10100.8095703125,10100.8095703125,234900000,1.6800433282576854
20100217,10309.240234375,10309.240234375,10320.1298828125,10261.48046875,10261.48046875,193270000,0.39372298985256293
20100218,10392.900390625,10392.900390625,10406.580078125,10294.509765625,10309.3896484375,185310000,0.8115065159801427
20100219,10402.349609375,10402.349609375,10438.5498046875,10339.169921875,10387.76953125,241750000,0.09091993952452526
20100222,10383.3798828125,10383.3798828125,10433.6396484375,10368.9501953125,10402.4296875,158440000,-0.18236001744648123
20100223,10282.41015625,10282.41015625,10411.1201171875,10267.830078125,10383.16015625,190740000,-0.9724167631546821
20100224,10374.16015625,10374.16015625,10393.509765625,10283.9296875,10284.0,181450000,0.8923005268782314
20100225,10321.0302734375,10321.0302734375,10366.6796875,10185.830078125,10366.599609375,242550000,-0.5121367128739673
20100226,10325.259765625,10325.259765625,10353.4501953125,10272.2900390625,10321.41015625,282120000,0.040979360349191474
20100301,10403.7900390625,10403.7900390625,10413.990234375,10326.099609375,10326.099609375,173750000,0.760564627138427
20100302,10405.98046875,10405.98046875,10456.919921875,10389.4296875,10404.16015625,217180000,0.02105415122062304
20100303,10396.759765625,10396.759765625,10469.5400390625,10376.580078125,10406.2802734375,183290000,-0.0886096524271851
20100304,10444.1396484375,10444.1396484375,10452.3798828125,10390.8603515625,10396.5302734375,165740000,0.45571778016024744
20100305,10566.2001953125,10566.2001953125,10571.9404296875,10445.0498046875,10445.1298828125,184270000,1.1686989161741046
20100308,10552.51953125,10552.51953125,10587.740234375,10542.3896484375,10563.7802734375,171780000,-0.12947572267814067
20100309,10564.3798828125,10564.3798828125,10612.599609375,10533.9296875,10552.240234375,219860000,0.1123935523395847
20100310,10567.330078125,10567.330078125,10601.7900390625,10526.51953125,10560.1298828125,186570000,0.027925873030176795
20100311,10611.83984375,10611.83984375,10611.83984375,10507.169921875,10560.98046875,150000000,0.42120162137395667
20100312,10624.6904296875,10624.6904296875,10644.9501953125,10594.83984375,10611.76953125,166140000,0.1210966818828263
20100315,10642.150390625,10642.150390625,10644.1904296875,10570.509765625,10623.41015625,160570000,0.16433383215301856
20100316,10685.98046875,10685.98046875,10693.990234375,10621.900390625,10642.5302734375,227410000,0.41185358706836706
20100317,10733.669921875,10733.669921875,10767.98046875,10686.3603515625,10686.3603515625,194190000,0.4462805567019501
20100318,10779.169921875,10779.169921875,10784.0,10728.150390625,10733.4404296875,153280000,0.42389975032930405
20100319,10741.98046875,10741.98046875,10819.900390625,10694.2197265625,10780.0,434190000,-0.3450122170310044
20100322,10785.8896484375,10785.8896484375,10809.849609375,10695.1298828125,10741.0,157200000,0.40876242342124947
20100323,10888.830078125,10888.830078125,10893.8896484375,10784.759765625,10787.1796875,189140000,0.9543990625048959
20100324,10836.150390625,10836.150390625,10887.83984375,10825.419921875,10887.6201171875,195570000,-0.4837956614441974
20100325,10841.2099609375,10841.2099609375,10955.48046875,10834.1904296875,10837.509765625,200330000,0.04669158446599653
20100326,10850.3603515625,10850.3603515625,10909.3798828125,10816.4296875,10841.2900390625,175490000,0.08440377649698849
20100329,10895.8603515625,10895.8603515625,10916.6396484375,10849.23046875,10849.23046875,136710000,0.4193409115066604
20100330,10907.419921875,10907.419921875,10940.2197265625,10866.830078125,10895.01953125,148810000,0.1060913956266285
20100331,10856.6298828125,10856.6298828125,10907.419921875,10832.830078125,10907.33984375,197060000,-0.4656466829578987
20100401,10927.0703125,10927.0703125,10956.3896484375,10857.3095703125,10857.3095703125,159520000,0.6488240867363215
20100405,10973.5498046875,10973.5498046875,10988.0595703125,10923.9697265625,10927.4501953125,139480000,0.4253609692099314
20100406,10969.990234375,10969.990234375,10987.3798828125,10927.51953125,10972.490234375,159960000,-0.03243772868265493
20100407,10897.51953125,10897.51953125,10962.66015625,10845.4501953125,10961.9501953125,187000000,-0.6606268700031226
20100408,10927.0703125,10927.0703125,10949.3603515625,10844.08984375,10896.990234375,158930000,0.2711697938715174
20100409,10997.349609375,10997.349609375,11000.98046875,10926.919921875,10926.919921875,150660000,0.6431668769862675
20100412,11005.9697265625,11005.9697265625,11029.76953125,10992.2099609375,10996.75,153960000,0.07838358780694055
20100413,11019.419921875,11019.419921875,11038.919921875,10947.76953125,11006.7197265625,183950000,0.12220818016643875
20100414,11123.1103515625,11123.1103515625,11125.2197265625,11020.6298828125,11020.7001953125,223920000,0.9409790208798618
20100415,11144.5703125,11144.5703125,11154.5498046875,11096.2001953125,11122.9599609375,203720000,0.19293129582667046
20100416,11018.66015625,11018.66015625,11153.7900390625,10973.919921875,11143.66015625,373950000,-1.129789240135859
20100419,11092.0498046875,11092.0498046875,11095.2998046875,10977.849609375,11018.3603515625,214850000,0.6660487518155511
20100420,11117.0595703125,11117.0595703125,11146.080078125,11081.4697265625,11093.1103515625,175170000,0.22547469643015017
20100421,11124.919921875,11124.919921875,11153.7197265625,11071.33984375,11116.91015625,188880000,0.07070531117321366
20100422,11134.2900390625,11134.2900390625,11149.8603515625,11016.400390625,11119.7802734375,214700000,0.08422637873621852
20100423,11204.2802734375,11204.2802734375,11205.6396484375,11105.650390625,11132.1796875,207380000,0.6286007830715201
20100426,11205.0302734375,11205.0302734375,11258.009765625,11187.650390625,11205.1103515625,191920000,0.0066938703932484245
20100427,10991.990234375,10991.990234375,11218.8603515625,10973.169921875,11203.669921875,263400000,-1.901289276902085
20100428,11045.26953125,11045.26953125,11078.51953125,10965.3798828125,10988.8701171875,236760000,0.4847101911388263
20100429,11167.3203125,11167.3203125,11197.3203125,11041.6396484375,11045.6396484375,194310000,1.105005006031634
20100430,11008.6103515625,11008.6103515625,11197.9296875,10999.6904296875,11168.23046875,255130000,-1.4212000416953252
20100503,11151.830078125,11151.830078125,11177.669921875,11009.599609375,11009.599609375,178080000,1.3009791607545784
20100504,10926.76953125,10926.76953125,11149.48046875,10869.25,11149.48046875,242100000,-2.01814899705538
20100505,10866.830078125,10866.830078125,10946.7900390625,10814.83984375,10918.400390625,218830000,-0.5485560297906589
20100506,10520.3203125,10520.3203125,10879.759765625,9869.6201171875,10868.1201171875,459890000,-3.18869222334236
20100507,10380.4296875,10380.4296875,10579.1201171875,10241.23046875,10519.419921875,428730000,-1.3297183055708373
20100510,10785.1396484375,10785.1396484375,10835.169921875,10386.0302734375,10386.1796875,313350000,3.8987785007093434
20100511,10748.259765625,10748.259765625,10874.5400390625,10685.3798828125,10780.0,223950000,-0.34195090666111483
20100512,10896.91015625,10896.91015625,10909.080078125,10742.150390625,10742.150390625,196630000,1.3830182175203154
20100513,10782.9501953125,10782.9501953125,10920.26953125,10771.6904296875,10896.6103515625,201480000,-1.0458006838951261
20100514,10620.16015625,10620.16015625,10780.75,10537.25,10780.6796875,256500000,-1.5096985158409404
20100517,10625.830078125,10625.830078125,10660.9697265625,10436.0595703125,10616.98046875,221910000,0.053388289739331185
20100518,10510.9501953125,10510.9501953125,10718.8603515625,10482.2001953125,10625.4501953125,246370000,-1.081137962567258
20100519,10444.3701171875,10444.3701171875,10522.51953125,10324.66015625,10505.7001953125,266340000,-0.6334353877415655
20100520,10068.009765625,10068.009765625,10440.2099609375,10065.3603515625,10440.2099609375,360350000,-3.6034758184522064
20100521,10193.3896484375,10193.3896484375,10198.5302734375,9918.8203125,10063.9296875,438220000,1.2453293722517245
20100524,10066.5703125,10066.5703125,10196.41015625,10052.669921875,10193.4599609375,211430000,-1.2441331128447475
20100525,10043.75,10043.75,10061.66015625,9774.48046875,10061.4296875,316960000,-0.2266940158522801
20100526,9974.4501953125,9974.4501953125,10179.0302734375,9952.6796875,10045.1103515625,316080000,-0.6899793870566273
20100527,10258.990234375,10258.990234375,10264.2001953125,9971.73046875,9971.73046875,264770000,2.852688955188931
20100528,10136.6298828125,10136.6298828125,10258.0,10095.900390625,10258.0,243720000,-1.1927134032402642
20100601,10024.01953125,10024.01953125,10218.330078125,10013.900390625,10133.9404296875,221900000,-1.110924960902837
20100602,10249.5400390625,10249.5400390625,10254.2197265625,10025.6103515625,10025.6103515625,200850000,2.2498011611952418
20100603,10255.2802734375,10255.2802734375,10315.2099609375,10175.01953125,10250.669921875,176870000,0.05600479975806927
20100604,9931.9697265625,9931.9697265625,10249.6904296875,9889.8798828125,10249.6103515625,256600000,-3.1526251672752026
20100607,9816.490234375,9816.490234375,9982.3798828125,9810.2998046875,9931.75,222940000,-1.1627048346578905
20100608,9939.98046875,9939.98046875,9953.66015625,9757.5498046875,9812.9404296875,259680000,1.2579876455493855
20100609,9899.25,9899.25,10065.1396484375,9867.73046875,9941.5703125,222680000,-0.4097640722539819
20100610,10172.5302734375,10172.5302734375,10185.830078125,9901.669921875,9901.669921875,221730000,2.76061593997019
20100611,10211.0703125,10211.0703125,10215.98046875,10082.7099609375,10166.7802734375,187890000,0.3788638423926516
20100614,10190.8896484375,10190.8896484375,10328.669921875,10186.2099609375,10211.830078125,177920000,-0.19763514935153825
20100615,10404.76953125,10404.76953125,10408.3203125,10192.400390625,10192.400390625,203170000,2.098736127962031
20100616,10409.4599609375,10409.4599609375,10429.0302734375,10332.599609375,10404.240234375,165700000,0.04507961155133522
20100617,10434.169921875,10434.169921875,10441.2001953125,10319.2197265625,10409.98046875,181070000,0.23737985476890433
20100618,10450.6396484375,10450.6396484375,10483.4404296875,10424.490234375,10435.0,338010000,0.15784414750590336
20100621,10442.41015625,10442.41015625,10594.16015625,10395.5498046875,10452.4599609375,165190000,-0.07874630132070903
20100622,10293.51953125,10293.51953125,10493.5703125,10283.400390625,10441.9501953125,175750000,-1.4258262486547268
20100623,10298.4404296875,10298.4404296875,10368.0400390625,10227.240234375,10293.2998046875,195100000,0.0478057910373586
20100624,10152.7998046875,10152.7998046875,10298.0595703125,10128.849609375,10297.080078125,244440000,-1.414200781121766
20100625,10143.8095703125,10143.8095703125,10202.91015625,10081.080078125,10153.48046875,434500000,-0.08854931199223648
20100628,10138.51953125,10138.51953125,10201.9296875,10101.41015625,10143.0498046875,164100000,-0.05215041770877393
20100629,9870.2998046875,9870.2998046875,10135.7998046875,9811.919921875,10135.7197265625,290500000,-2.645551214215891
20100630,9774.01953125,9774.01953125,9908.919921875,9753.83984375,9868.33984375,235090000,-0.9754543969553553
20100701,9732.5302734375,9732.5302734375,9795.48046875,9621.8896484375,9773.26953125,262820000,-0.424485112597206
20100702,9686.48046875,9686.48046875,9770.8701171875,9614.3203125,9732.5302734375,199570000,-0.4731534697937856
20100706,9743.6201171875,9743.6201171875,9858.1298828125,9659.009765625,9686.48046875,261020000,0.5898907102723339
20100707,10018.2802734375,10018.2802734375,10026.599609375,9736.7001953125,9743.6201171875,219560000,2.8188717637452454
20100708,10138.990234375,10138.990234375,10139.8603515625,10019.259765625,10019.259765625,192210000,1.2048970246675061
20100709,10198.0302734375,10198.0302734375,10201.76953125,10118.41015625,10138.990234375,134810000,0.5823068934649234
20100712,10216.26953125,10216.26953125,10220.2802734375,10146.490234375,10199.240234375,131490000,0.17885079101997992
20100713,10363.01953125,10363.01953125,10407.8203125,10217.5498046875,10217.5498046875,179040000,1.436434302669043
20100714,10366.7197265625,10366.7197265625,10400.099609375,10303.0,10370.9599609375,208530000,0.03570576414857474
20100715,10359.3095703125,10359.3095703125,10379.740234375,10240.48046875,10367.099609375,210000000,-0.07148024105458894
20100716,10097.900390625,10097.900390625,10356.2001953125,10079.580078125,10356.2001953125,335060000,-2.5234228006530635
20100719,10154.4296875,10154.4296875,10187.2802734375,10073.6796875,10098.1201171875,176970000,0.5598123836464408
20100720,10229.9599609375,10229.9599609375,10236.400390625,10007.759765625,10151.48046875,194410000,0.7438160070228017
20100721,10120.5302734375,10120.5302734375,10265.5400390625,10065.5,10226.01953125,203900000,-1.069698101633343
20100722,10322.2998046875,10322.2998046875,10363.240234375,10121.8095703125,10121.8095703125,202220000,1.993665606431394
20100723,10424.6201171875,10424.6201171875,10441.9501953125,10287.48046875,10321.16015625,200000000,0.9912549958443817
20100726,10525.4296875,10525.4296875,10526.7900390625,10414.400390625,10424.169921875,178820000,0.9670335146917397
20100727,10537.6904296875,10537.6904296875,10578.330078125,10494.8603515625,10525.2802734375,180550000,0.11648685660843316
20100728,10497.8798828125,10497.8798828125,10548.51953125,10463.2197265625,10537.009765625,162070000,-0.3777919567920063
20100729,10467.16015625,10467.16015625,10584.990234375,10387.3896484375,10498.9404296875,202110000,-0.29262791063932037
20100730,10465.9404296875,10465.9404296875,10507.1904296875,10347.5,10465.1904296875,208160000,-0.011652889076807504
20100802,10674.3798828125,10674.3798828125,10692.2001953125,10468.58984375,10468.8203125,167640000,1.991597931646405
20100803,10636.3798828125,10636.3798828125,10676.9501953125,10600.9599609375,10673.919921875,164880000,-0.3559925767789629
20100804,10680.4296875,10680.4296875,10702.990234375,10627.5302734375,10630.2001953125,173360000,0.41414283029399535
20100805,10674.98046875,10674.98046875,10679.75,10612.849609375,10679.669921875,139610000,-0.051020594764816796
20100806,10653.5595703125,10653.5595703125,10668.7001953125,10515.3701171875,10668.5498046875,154870000,-0.20066452112215138
20100809,10698.75,10698.75,10719.9404296875,10649.400390625,10654.6201171875,166330000,0.4241815084361944
20100810,10644.25,10644.25,10700.7099609375,10551.6201171875,10696.6298828125,203490000,-0.5094053043579905
20100811,10378.830078125,10378.830078125,10631.900390625,10367.330078125,10631.8203125,219330000,-2.4935521232120617
20100812,10319.9501953125,10319.9501953125,10361.650390625,10268.7099609375,10361.580078125,221030000,-0.5673075131714334
20100813,10303.150390625,10303.150390625,10354.919921875,10285.4404296875,10320.330078125,151620000,-0.16278959073979804
20100816,10302.009765625,10302.009765625,10333.1201171875,10209.5302734375,10303.0703125,146040000,-0.011070643024269078
20100817,10405.849609375,10405.849609375,10480.4404296875,10297.4697265625,10297.6298828125,191340000,1.0079571473178506
20100818,10415.5400390625,10415.5400390625,10472.2998046875,10330.01953125,10398.58984375,168560000,0.09312482931493893
20100819,10271.2099609375,10271.2099609375,10411.150390625,10216.1904296875,10411.150390625,227740000,-1.385718624129939
20100820,10213.6201171875,10213.6201171875,10270.98046875,10147.240234375,10270.98046875,251150000,-0.5606919142829403
20100823,10174.41015625,10174.41015625,10304.7001953125,10170.2900390625,10215.509765625,173000000,-0.38389875957416386
20100824,10040.4501953125,10040.4501953125,10173.0498046875,9991.1796875,10173.0498046875,223680000,-1.316636137921079
20100825,10060.0595703125,10060.0595703125,10097.400390625,9937.98046875,10040.150390625,183890000,0.19530374254688176
20100826,9985.8095703125,9985.8095703125,10104.7099609375,9968.099609375,10059.900390625,176330000,-0.7380672001099597
20100827,10150.650390625,10150.650390625,10159.8798828125,9936.6201171875,9982.1796875,207760000,1.6507506892837975
20100830,10009.73046875,10009.73046875,10150.5703125,10007.6796875,10145.580078125,150480000,-1.388284656174854
20100831,10014.7197265625,10014.7197265625,10073.3798828125,9941.83984375,10006.419921875,255420000,0.04984407750114883
20100901,10269.4697265625,10269.4697265625,10279.080078125,10016.009765625,10016.009765625,205710000,2.543755661222491
20100902,10320.099609375,10320.099609375,10320.3701171875,10253.9599609375,10270.080078125,149930000,0.49301360401836636
20100903,10447.9296875,10447.9296875,10451.150390625,10321.83984375,10321.919921875,168600000,1.238651592169493
20100907,10340.6904296875,10340.6904296875,10446.7998046875,10332.400390625,10446.7998046875,149040000,-1.02641634295072
20100908,10387.009765625,10387.009765625,10426.7001953125,10335.6904296875,10338.490234375,166760000,0.4479327202806527
20100909,10415.240234375,10415.240234375,10476.6201171875,10386.6298828125,10388.1396484375,163590000,0.27178629256157105
20100910,10462.76953125,10462.76953125,10471.2802734375,10403.169921875,10415.009765625,140320000,0.4563437405709747
20100913,10544.1298828125,10544.1298828125,10567.58984375,10458.599609375,10458.599609375,190720000,0.7776177361022318
20100914,10526.490234375,10526.490234375,10588.3203125,10499.7001953125,10544.73046875,192410000,-0.16729354279155784
20100915,10572.73046875,10572.73046875,10587.7998046875,10480.7802734375,10526.419921875,167420000,0.43927494678139833
20100916,10594.830078125,10594.830078125,10603.6904296875,10522.48046875,10571.75,170300000,0.20902461705913922
20100917,10607.849609375,10607.849609375,10650.16015625,10567.3603515625,10595.5498046875,367230000,0.12288570136562704
20100920,10753.6201171875,10753.6201171875,10774.1298828125,10608.080078125,10608.080078125,157120000,1.3741758526032655
20100921,10761.0302734375,10761.0302734375,10833.3896484375,10717.740234375,10753.3896484375,186740000,0.06890848076506195
20100922,10739.3095703125,10739.3095703125,10805.3798828125,10708.400390625,10761.1103515625,168590000,-0.20184594386483123
20100923,10662.419921875,10662.419921875,10761.9404296875,10640.919921875,10738.48046875,156830000,-0.7159645406819459
20100924,10860.259765625,10860.259765625,10865.7802734375,10664.3095703125,10664.3896484375,179270000,1.8554872646134646
20100927,10812.0400390625,10812.0400390625,10873.2001953125,10809.6201171875,10860.0302734375,143910000,-0.44400159483408697
20100928,10858.1396484375,10858.1396484375,10886.2099609375,10728.6396484375,10809.169921875,167110000,0.4263729065786759
20100929,10835.2802734375,10835.2802734375,10869.259765625,10798.8798828125,10857.98046875,158830000,-0.2105275465239531
20100930,10788.0498046875,10788.0498046875,10948.8798828125,10745.4404296875,10836.0400390625,214540000,-0.435895219672211
20101001,10829.6796875,10829.6796875,10866.5400390625,10780.6396484375,10789.7197265625,161890000,0.3858888637537694
20101004,10751.26953125,10751.26953125,10853.7099609375,10711.1201171875,10828.849609375,160370000,-0.7240302438538793
20101005,10944.7197265625,10944.7197265625,10965.6103515625,10752.6298828125,10752.7802734375,216240000,1.7993242077152916
20101006,10967.650390625,10967.650390625,10974.16015625,10918.5703125,10936.7900390625,163440000,0.2095134881055838
20101007,10948.580078125,10948.580078125,10998.5302734375,10892.759765625,10968.41015625,141920000,-0.1738778299890109
20101008,11006.48046875,11006.48046875,11032.169921875,10929.2802734375,10948.5,152280000,0.5288392669354769
20101011,11010.33984375,11010.33984375,11030.5,10977.900390625,11006.9296875,114830000,0.035064569559328795
20101012,11020.400390625,11020.400390625,11053.2099609375,10913.83984375,11010.7900390625,155150000,0.09137362713387276
20101013,11096.080078125,11096.080078125,11155.23046875,11022.0703125,11022.8203125,224920000,0.6867235746205846
20101014,11094.5703125,11094.5703125,11112.2001953125,11023.5400390625,11096.990234375,196170000,-0.01360629712808814
20101015,11062.7802734375,11062.7802734375,11141.1904296875,11010.6796875,11096.009765625,319210000,-0.2865369110030547
20101018,11143.6904296875,11143.6904296875,11159.0498046875,11054.759765625,11062.6298828125,190290000,0.7313727132795877
20101019,10978.6201171875,10978.6201171875,11139.599609375,10917.6201171875,11139.599609375,247640000,-1.481289466371416
20101020,11107.9697265625,11107.9697265625,11152.8798828125,10970.8896484375,10974.51953125,220140000,1.1781955108593145
20101021,11146.5703125,11146.5703125,11213.5400390625,11066.1904296875,11105.240234375,178060000,0.3475035212348043
20101022,11132.5595703125,11132.5595703125,11159.0498046875,11109.25,11146.41015625,104570000,-0.12569554396286708
20101025,11164.0498046875,11164.0498046875,11247.599609375,11132.33984375,11133.400390625,168110000,0.2828660756415413
20101026,11169.4599609375,11169.4599609375,11184.8203125,11087.0,11163.1396484375,159040000,0.04846051696874021
20101027,11126.2802734375,11126.2802734375,11168.400390625,11020.8203125,11168.400390625,167080000,-0.3865870655430981
20101028,11113.9501953125,11113.9501953125,11179.33984375,11052.599609375,11127.33984375,156250000,-0.11081940973962645
20101029,11118.490234375,11118.490234375,11131.009765625,11075.7998046875,11120.4501953125,189650000,0.040849913691487494
20101101,11124.6201171875,11124.6201171875,11244.26953125,11062.330078125,11120.2998046875,150130000,0.05513233076868129
20101102,11188.7197265625,11188.7197265625,11219.51953125,11125.2197265625,11125.2197265625,150390000,0.5761959392749594
20101103,11215.1298828125,11215.1298828125,11226.6396484375,11097.3701171875,11184.8798828125,177580000,0.23604270100090474
20101104,11434.83984375,11434.83984375,11440.3701171875,11216.650390625,11216.650390625,234680000,1.9590496341394203
20101105,11444.080078125,11444.080078125,11451.5302734375,11393.51953125,11435.2197265625,211670000,0.08080772884677678
20101108,11406.83984375,11406.83984375,11439.6103515625,11362.5302734375,11439.5400390625,143990000,-0.325410466553655
20101109,11346.75,11346.75,11421.1396484375,11303.1904296875,11403.58984375,161910000,-0.5267878270678428
20101110,11357.0400390625,11357.0400390625,11366.16015625,11255.01953125,11342.8095703125,164170000,0.09068710478772335
20101111,11283.099609375,11283.099609375,11326.76953125,11231.2197265625,11326.6904296875,296660000,-0.6510537026653274
20101112,11192.580078125,11192.580078125,11283.7001953125,11143.83984375,11281.2802734375,217650000,-0.8022576630874356
20101115,11201.9697265625,11201.9697265625,11280.900390625,11189.099609375,11194.01953125,155660000,0.08389172444565052
20101116,11023.5,11023.5,11194.7001953125,10978.9296875,11194.7001953125,254570000,-1.5931995079339178
20101117,11007.8798828125,11007.8798828125,11042.16015625,10990.8095703125,11017.830078125,160250000,-0.14169834614686794
20101118,11181.23046875,11181.23046875,11199.6904296875,11010.33984375,11010.490234375,171770000,1.5747863147395513
20101119,11203.5498046875,11203.5498046875,11206.169921875,11119.240234375,11180.76953125,219400000,0.19961430899648747
20101122,11178.580078125,11178.580078125,11206.0498046875,11054.5302734375,11201.66015625,152850000,-0.22287334816017967
20101123,11036.3701171875,11036.3701171875,11180.169921875,10992.169921875,11177.599609375,192820000,-1.2721648003916508
20101124,11187.2802734375,11187.2802734375,11195.990234375,11037.349609375,11037.349609375,138280000,1.367389410173736
20101126,11091.8701171875,11091.8701171875,11183.5,11067.169921875,11183.5,68400000,-0.8528449624752632
20101129,11052.490234375,11052.490234375,11083.8203125,10929.2802734375,11083.75,151530000,-0.35503375351897404
20101130,11006.01953125,11006.01953125,11062.6298828125,10942.98046875,11049.7197265625,233770000,-0.4204545956572603
20101201,11255.7802734375,11255.7802734375,11276.099609375,11007.23046875,11007.23046875,202520000,2.269310366734678
20101202,11362.41015625,11362.41015625,11373.7998046875,11255.849609375,11255.9296875,212090000,0.947334438147629
20101203,11382.08984375,11382.08984375,11388.8701171875,11318.8203125,11361.8798828125,149440000,0.17319993935596134
20101206,11362.1904296875,11362.1904296875,11392.080078125,11350.26953125,11381.330078125,122240000,-0.17483093470244127
20101207,11359.16015625,11359.16015625,11450.8896484375,11354.08984375,11363.849609375,175720000,-0.026669799773659797
20101208,11372.48046875,11372.48046875,11389.08984375,11327.490234375,11354.4501953125,152510000,0.11726494139332466
20101209,11370.0595703125,11370.0595703125,11413.349609375,11331.5,11370.4404296875,167970000,-0.021287338713416037
20101210,11410.3203125,11410.3203125,11413.6904296875,11357.7197265625,11370.0595703125,151820000,0.3540943821668474
20101213,11428.5595703125,11428.5595703125,11480.0302734375,11405.330078125,11406.16015625,151190000,0.15984877999015712
20101214,11476.5400390625,11476.5400390625,11514.080078125,11428.9404296875,11429.240234375,149860000,0.4198295371766525
20101215,11457.4697265625,11457.4697265625,11519.0400390625,11445.669921875,11475.6396484375,189670000,-0.16616778606697302
20101216,11499.25,11499.25,11514.83984375,11421.2998046875,11457.9296875,163040000,0.3646553247322881
20101217,11491.91015625,11491.91015625,11503.1796875,11451.0,11499.01953125,358300000,-0.06382889101462785
20101220,11478.1298828125,11478.1298828125,11517.0703125,11442.6796875,11491.2998046875,125360000,-0.11991281910610496
20101221,11533.16015625,11533.16015625,11549.1201171875,11478.2900390625,11478.3603515625,119420000,0.4794358837139745
20101222,11559.490234375,11559.490234375,11566.990234375,11528.080078125,11532.169921875,122040000,0.22829890306110823
20101223,11573.490234375,11573.490234375,11580.83984375,11542.6201171875,11559.1103515625,100840000,0.12111260718372652
20101227,11555.0302734375,11555.0302734375,11573.1904296875,11518.4404296875,11572.8095703125,76820000,-0.15950210838447942
20101228,11575.5400390625,11575.5400390625,11591.1298828125,11541.1396484375,11554.7998046875,114100000,0.17749642484405914
20101229,11585.3798828125,11585.3798828125,11625.0,11572.66015625,11572.740234375,77800000,0.08500548325862667
20101230,11569.7099609375,11569.7099609375,11594.3798828125,11551.9296875,11585.3798828125,76820000,-0.13525600397659154
20101231,11577.509765625,11577.509765625,11597.41015625,11530.3203125,11569.330078125,93330000,0.06741573223385533
20110103,11670.75,11670.75,11711.4697265625,11577.349609375,11577.4296875,203420000,0.8053565599386525
20110104,11691.1796875,11691.1796875,11698.2197265625,11635.740234375,11670.900390625,178630000,0.17505033952402993
20110105,11722.8896484375,11722.8896484375,11742.6796875,11652.8896484375,11688.6103515625,169990000,0.2712297799289054
20110106,11697.3095703125,11697.3095703125,11736.740234375,11667.4599609375,11716.9296875,193080000,-0.21820625197482846
20110107,11674.759765625,11674.759765625,11726.9404296875,11599.6796875,11696.8603515625,188720000,-0.19277770287221552
20110110,11637.4501953125,11637.4501953125,11677.330078125,11573.8701171875,11672.33984375,150340000,-0.3195746298982005
20110111,11671.8798828125,11671.8798828125,11704.1201171875,11635.48046875,11638.509765625,157440000,0.2958525013827096
20110112,11755.4404296875,11755.4404296875,11782.23046875,11673.6201171875,11673.6201171875,144960000,0.7159133551232655
20110113,11731.900390625,11731.900390625,11757.25,11700.5302734375,11753.7001953125,161660000,-0.20024804007386932
20110114,11787.3798828125,11787.3798828125,11794.150390625,11698.830078125,11732.1298828125,200770000,0.47289433374182455
20110118,11837.9296875,11837.9296875,11858.7802734375,11777.990234375,11783.8203125,203390000,0.4288468276245849
20110119,11825.2900390625,11825.2900390625,11861.240234375,11798.4599609375,11834.2099609375,166250000,-0.10677245744116215
20110120,11822.7998046875,11822.7998046875,11845.16015625,11744.76953125,11823.7001953125,180800000,-0.021058547966046337
20110121,11871.83984375,11871.83984375,11905.48046875,11822.7998046875,11822.9501953125,249480000,0.41479209554962093
20110124,11980.51953125,11980.51953125,11982.9404296875,11867.98046875,11873.4296875,184000000,0.9154409841303224
20110125,11977.1904296875,11977.1904296875,11985.9697265625,11898.740234375,11980.51953125,191950000,-0.02778762268044188
20110126,11985.4404296875,11985.4404296875,12020.51953125,11961.830078125,11978.849609375,168320000,0.06888092869885565
20110127,11989.830078125,11989.830078125,12019.5302734375,11971.9296875,11985.3603515625,167770000,0.03662484047417536
20110128,11823.7001953125,11823.7001953125,12012.419921875,11803.0400390625,11990.3603515625,214170000,-1.3855899685817685
20110131,11891.9296875,11891.9296875,11891.9296875,11817.8798828125,11824.3896484375,206580000,0.5770570215789972
20110201,12040.16015625,12040.16015625,12050.75,11892.5,11892.5,180890000,1.2464795255711092
20110202,12041.9697265625,12041.9697265625,12057.91015625,12018.509765625,12038.26953125,143440000,0.015029453836290507
20110203,12062.259765625,12062.259765625,12080.5400390625,11981.0498046875,12040.6796875,143710000,0.16849435369152843
20110204,12092.150390625,12092.150390625,12092.419921875,12025.7802734375,12061.73046875,121780000,0.2478028626541562
20110207,12161.6298828125,12161.6298828125,12188.759765625,12092.2998046875,12092.3798828125,132960000,0.5745834276206674
20110208,12233.150390625,12233.150390625,12238.7900390625,12150.0498046875,12152.7001953125,126650000,0.5880832462561436
20110209,12239.8896484375,12239.8896484375,12254.23046875,12188.1904296875,12229.2900390625,162910000,0.05509012476185848
20110210,12229.2900390625,12229.2900390625,12239.66015625,12156.9404296875,12239.66015625,274440000,-0.08659889655421305
20110211,12273.259765625,12273.259765625,12285.9404296875,12180.48046875,12227.7802734375,184290000,0.3595443923731789
20110214,12268.1904296875,12268.1904296875,12276.2099609375,12235.91015625,12266.830078125,146350000,-0.041303908124701305
20110215,12226.6396484375,12226.6396484375,12267.66015625,12193.26953125,12266.75,142580000,-0.3386871233222122
20110216,12288.169921875,12288.169921875,12303.16015625,12219.7900390625,12219.7900390625,146270000,0.5032476232777805
20110217,12318.1396484375,12318.1396484375,12331.3095703125,12253.240234375,12287.7197265625,130860000,0.24389088654404034
20110218,12391.25,12391.25,12391.2900390625,12303.23046875,12318.669921875,230040000,0.5935178009755182
20110222,12212.7900390625,12212.7900390625,12389.8203125,12176.3095703125,12389.740234375,201860000,-1.4402095102390766
20110223,12105.7802734375,12105.7802734375,12221.1201171875,12063.4296875,12211.8095703125,213490000,-0.8762106388690016
20110224,12068.5,12068.5,12129.6201171875,11983.169921875,12104.5595703125,190860000,-0.3079543209560831
20110225,12130.4501953125,12130.4501953125,12151.0302734375,12060.9296875,12060.9296875,147540000,0.5133214178439705
20110228,12226.33984375,12226.33984375,12235.0400390625,12130.150390625,12130.4501953125,199560000,0.7904871368628497
20110301,12058.01953125,12058.01953125,12261.3798828125,12054.990234375,12226.490234375,183240000,-1.3767023872319761
20110302,12066.7998046875,12066.7998046875,12115.1201171875,12018.6298828125,12057.33984375,147270000,0.07281687854912011
20110303,12258.2001953125,12258.2001953125,12283.099609375,12068.009765625,12068.009765625,157840000,1.5861735814217237
20110304,12169.8798828125,12169.8798828125,12271.3701171875,12079.509765625,12258.8798828125,166700000,-0.720499837600741
20110307,12090.0302734375,12090.0302734375,12243.4404296875,12041.599609375,12171.08984375,176200000,-0.6561248766947303
20110308,12214.3798828125,12214.3798828125,12251.2001953125,12072.2099609375,12085.8701171875,158610000,1.0285301737267272
20110309,12213.08984375,12213.08984375,12257.8203125,12156.599609375,12211.16015625,128360000,-0.010561641891582152
20110310,11984.6103515625,11984.6103515625,12211.4296875,11974.3896484375,12211.4296875,180660000,-1.870775496705479
20110311,12044.400390625,12044.400390625,12087.009765625,11936.3203125,11976.9599609375,143670000,0.4988901375062582
20110314,11993.16015625,11993.16015625,12042.1298828125,11897.3095703125,12042.1298828125,163000000,-0.42542785620846013
20110315,11855.419921875,11855.419921875,11988.6904296875,11696.25,11988.6904296875,221930000,-1.1484899107531699
20110316,11613.2998046875,11613.2998046875,11856.7001953125,11555.48046875,11854.2001953125,254070000,-2.0422736502209604
20110317,11774.58984375,11774.58984375,11800.5400390625,11614.8203125,11614.8896484375,182260000,1.388839018841126
20110318,11858.51953125,11858.51953125,11927.08984375,11777.23046875,11777.23046875,355050000,0.712803491363645
20110321,12036.5302734375,12036.5302734375,12078.2998046875,11860.1103515625,11860.1103515625,143390000,1.5011211283027404
20110322,12018.6298828125,12018.6298828125,12050.98046875,12002.849609375,12036.3701171875,115660000,-0.1487171985476876
20110323,12086.01953125,12086.01953125,12116.1396484375,11972.6103515625,12018.400390625,133940000,0.5607099069909083
20110324,12170.5595703125,12170.5595703125,12191.1796875,12087.5400390625,12087.5400390625,131610000,0.6994862025823334
20110325,12220.58984375,12220.58984375,12259.7900390625,12170.7099609375,12170.7099609375,129790000,0.4110761970184118
20110328,12197.8798828125,12197.8798828125,12272.919921875,12197.8798828125,12221.1904296875,123070000,-0.1858335909138975
20110329,12279.009765625,12279.009765625,12285.41015625,12173.509765625,12194.48046875,129030000,0.6651146231306582
20110330,12350.6103515625,12350.6103515625,12383.4599609375,12280.0703125,12280.0703125,140340000,0.5831136818373217
20110331,12319.73046875,12319.73046875,12381.6796875,12319.009765625,12350.759765625,186140000,-0.2500271803052456
20110401,12376.7197265625,12376.7197265625,12419.7099609375,12321.01953125,12321.01953125,147600000,0.462585264808002
20110404,12400.0302734375,12400.0302734375,12407.41015625,12369.150390625,12374.599609375,114660000,0.18834188209797542
20110405,12393.900390625,12393.900390625,12438.1396484375,12353.33984375,12402.080078125,142340000,-0.049434418120986034
20110406,12426.75,12426.75,12450.9296875,12386.66015625,12386.66015625,182350000,0.2650465821062209
20110407,12409.490234375,12409.490234375,12440.5595703125,12328.3603515625,12426.4501953125,158590000,-0.13889203230933456
20110408,12380.0498046875,12380.0498046875,12450.3603515625,12320.7197265625,12409.8701171875,122820000,-0.2372412494910381
20110411,12381.1103515625,12381.1103515625,12444.0,12352.8798828125,12380.4296875,109950000,0.008566580035873628
20110412,12263.580078125,12263.580078125,12381.1904296875,12233.0,12381.1904296875,137260000,-0.9492708658611404
20110413,12270.990234375,12270.990234375,12335.099609375,12224.4501953125,12263.650390625,118950000,0.06042408662718657
20110414,12285.150390625,12285.150390625,12305.580078125,12163.8603515625,12270.240234375,140670000,0.11539538357983048
20110415,12341.830078125,12341.830078125,12369.26953125,12272.580078125,12285.4501953125,234710000,0.4613674696506198
20110418,12201.58984375,12201.58984375,12339.7900390625,12093.8896484375,12339.7099609375,190220000,-1.1363001555463437
20110419,12266.75,12266.75,12275.33984375,12200.2998046875,12201.4404296875,149870000,0.5340300492347572
20110420,12453.5400390625,12453.5400390625,12475.5302734375,12263.580078125,12266.75,203900000,1.5227345389976943
20110421,12505.990234375,12505.990234375,12506.0595703125,12447.5595703125,12453.6201171875,166630000,0.4211669545204133
20110425,12479.8798828125,12479.8798828125,12506.2197265625,12446.0498046875,12505.990234375,128660000,-0.20878275988678308
20110426,12595.3701171875,12595.3701171875,12613.16015625,12478.1396484375,12480.8603515625,183980000,0.9254114259068746
20110427,12690.9599609375,12690.9599609375,12708.3701171875,12588.330078125,12592.23046875,160550000,0.7589284225920423
20110428,12763.3095703125,12763.3095703125,12776.1396484375,12674.5400390625,12689.900390625,148760000,0.5700877600882004
20110429,12810.5400390625,12810.5400390625,12832.830078125,12751.1298828125,12763.4599609375,378620000,0.3700487596090207
20110502,12807.3603515625,12807.3603515625,12876.0,12784.6201171875,12810.16015625,150960000,-0.024820870082797875
20110503,12807.509765625,12807.509765625,12840.66015625,12749.990234375,12806.3798828125,191510000,0.0011666265209875348
20110504,12723.580078125,12723.580078125,12806.6796875,12673.01953125,12806.2900390625,193720000,-0.6553162092857834
20110505,12584.169921875,12584.169921875,12724.5595703125,12521.2802734375,12723.650390625,176950000,-1.0956834113826197
20110506,12638.740234375,12638.740234375,12759.23046875,12579.9296875,12580.759765625,168320000,0.43364252738784526
20110509,12684.6796875,12684.6796875,12722.0703125,12620.2001953125,12637.830078125,133940000,0.36348126690706195
20110510,12760.3603515625,12760.3603515625,12781.0595703125,12681.650390625,12685.1298828125,156000000,0.5966304701968905
20110511,12630.0302734375,12630.0302734375,12748.2099609375,12577.2099609375,12745.8701171875,200680000,-1.0213667524604175
20110512,12695.919921875,12695.919921875,12718.580078125,12537.169921875,12629.9599609375,216510000,0.5216903444489329
20110513,12595.75,12595.75,12714.5,12543.1904296875,12695.650390625,169940000,-0.7889930189494021
20110516,12548.3701171875,12548.3701171875,12642.900390625,12530.8095703125,12594.76953125,192310000,-0.3761576945596756
20110517,12479.580078125,12479.580078125,12541.330078125,12378.83984375,12541.330078125,192830000,-0.5481989965236855
20110518,12560.1796875,12560.1796875,12571.150390625,12443.099609375,12471.7802734375,175120000,0.6458519346839164
20110519,12605.3203125,12605.3203125,12633.58984375,12533.4599609375,12561.4599609375,158470000,0.3593947389536556
20110520,12512.0400390625,12512.0400390625,12604.830078125,12485.8603515625,12604.7197265625,174980000,-0.7400071646334827
20110523,12381.259765625,12381.259765625,12511.3603515625,12331.76953125,12511.3603515625,150720000,-1.0452354134833697
20110524,12356.2099609375,12356.2099609375,12422.5498046875,12350.0400390625,12381.5703125,145920000,-0.20232032250100396
20110525,12394.66015625,12394.66015625,12440.0302734375,12309.51953125,12355.4501953125,145750000,0.3111811423895716
20110526,12402.759765625,12402.759765625,12441.580078125,12317.919921875,12391.6298828125,149070000,0.06534757123546342
20110527,12441.580078125,12441.580078125,12483.8095703125,12397.6904296875,12398.0595703125,126030000,0.31299737504868475
20110531,12569.7900390625,12569.7900390625,12574.2900390625,12443.400390625,12443.400390625,208290000,1.0304958062595349
20110601,12290.1396484375,12290.1396484375,12569.490234375,12282.419921875,12569.41015625,183020000,-2.2247817167665107
20110602,12248.5498046875,12248.5498046875,12306.7099609375,12190.5400390625,12289.6103515625,156370000,-0.3384000909646856
20110603,12151.259765625,12151.259765625,12247.8701171875,12104.0302734375,12247.7998046875,157740000,-0.7942984321724911
20110606,12089.9599609375,12089.9599609375,12151.490234375,12070.66015625,12151.1904296875,166600000,-0.5044728354907879
20110607,12070.8095703125,12070.8095703125,12178.8896484375,12066.6103515625,12090.1796875,162610000,-0.15839912362716202
20110608,12048.9404296875,12048.9404296875,12098.3603515625,12024.259765625,12066.26953125,156870000,-0.18117376881485736
20110609,12124.3603515625,12124.3603515625,12183.1201171875,12049.08984375,12049.4697265625,149700000,0.6259465080362681
20110610,11951.91015625,11951.91015625,12124.849609375,11937.419921875,12124.169921875,178310000,-1.422344687159316
20110613,11952.9697265625,11952.9697265625,12011.66015625,11917.7802734375,11945.330078125,153370000,0.00886528009873544
20110614,12076.1103515625,12076.1103515625,12120.7998046875,11951.3798828125,11951.3798828125,159620000,1.0302094610542767
20110615,11897.26953125,11897.26953125,12075.2001953125,11862.5302734375,12075.1201171875,182500000,-1.480947218152573
20110616,11961.51953125,11961.51953125,11990.01953125,11875.76953125,11896.1298828125,189500000,0.5400398791608252
20110617,12004.3603515625,12004.3603515625,12072.8896484375,11962.509765625,11962.66015625,342010000,0.35815533470122674
20110620,12080.3798828125,12080.3798828125,12099.8701171875,11971.2900390625,12004.2802734375,127250000,0.6332659885547764
20110621,12190.009765625,12190.009765625,12217.330078125,12081.1796875,12081.330078125,147570000,0.9075036039924322
20110622,12109.669921875,12109.669921875,12207.990234375,12105.849609375,12189.7099609375,125330000,-0.6590629974436379
20110623,12050.0,12050.0,12108.73046875,11874.9404296875,12108.349609375,206760000,-0.4927460637652259
20110624,11934.580078125,11934.580078125,12057.1904296875,11925.419921875,12049.240234375,279660000,-0.9578416753111996
20110627,12043.5595703125,12043.5595703125,12098.8095703125,11934.0498046875,11934.66015625,177920000,0.9131405669416948
20110628,12188.6904296875,12188.6904296875,12190.4296875,12042.2802734375,12043.5595703125,135050000,1.2050495414391404
20110629,12261.419921875,12261.419921875,12284.3896484375,12175.8603515625,12187.6298828125,158720000,0.5966965245942646
20110630,12414.33984375,12414.33984375,12427.08984375,12262.099609375,12262.25,179980000,1.2471632392442755
20110701,12582.76953125,12582.76953125,12596.1298828125,12404.080078125,12414.33984375,141870000,1.3567349502261017
20110705,12569.8701171875,12569.8701171875,12601.7998046875,12540.580078125,12569.8701171875,123000000,-0.10251649313343103
20110706,12626.01953125,12626.01953125,12643.240234375,12539.2099609375,12562.4697265625,132330000,0.4466984426969134
20110707,12719.490234375,12719.490234375,12753.8896484375,12627.23046875,12627.23046875,153740000,0.7403022218812172
20110708,12657.2001953125,12657.2001953125,12717.900390625,12567.41015625,12717.900390625,131150000,-0.4897211909810517
20110711,12505.759765625,12505.759765625,12655.83984375,12470.2998046875,12655.6201171875,133250000,-1.1964765299642188
20110712,12446.8798828125,12446.8798828125,12570.580078125,12446.8798828125,12505.5400390625,162640000,-0.47082211649662753
20110713,12491.6103515625,12491.6103515625,12611.0400390625,12447.330078125,12447.330078125,139970000,0.35937093609914594
20110714,12437.1201171875,12437.1201171875,12581.98046875,12414.41015625,12491.5302734375,140810000,-0.4362146500045405
20110715,12479.73046875,12479.73046875,12504.8203125,12406.08984375,12437.1201171875,215420000,0.3426062557972287
20110718,12385.16015625,12385.16015625,12475.259765625,12296.23046875,12475.1103515625,148950000,-0.7577913059645836
20110719,12587.419921875,12587.419921875,12607.5595703125,12385.9599609375,12386.0302734375,167550000,1.6330815514156383
20110720,12571.91015625,12571.91015625,12603.509765625,12546.5595703125,12583.6796875,140340000,-0.123216399558157
20110721,12724.41015625,12724.41015625,12751.4296875,12566.6103515625,12567.0703125,188410000,1.2130217135236654
20110722,12681.16015625,12681.16015625,12740.8701171875,12644.1904296875,12724.7099609375,136760000,-0.3398978771425143
20110725,12592.7998046875,12592.7998046875,12679.9501953125,12536.1904296875,12679.7197265625,128760000,-0.6967844461687633
20110726,12501.2998046875,12501.2998046875,12593.400390625,12489.0400390625,12592.1201171875,145140000,-0.7266056907054175
20110727,12302.5498046875,12302.5498046875,12498.650390625,12289.6904296875,12498.419921875,182770000,-1.5898346820342302
20110728,12240.1103515625,12240.1103515625,12384.900390625,12226.830078125,12301.7197265625,148710000,-0.5075326181667617
20110729,12143.240234375,12143.240234375,12243.0703125,12083.4501953125,12239.3603515625,230910000,-0.7914153909170718
20110801,12132.490234375,12132.490234375,12282.419921875,11998.080078125,12144.2197265625,182820000,-0.08852661886379343
20110802,11866.6201171875,11866.6201171875,12130.2998046875,11865.5595703125,12129.76953125,207060000,-2.1913895008479733
20110803,11896.4404296875,11896.4404296875,11904.91015625,11700.33984375,11863.740234375,198220000,0.2512957540185212
20110804,11383.6796875,11383.6796875,11893.9404296875,11372.1396484375,11893.8603515625,300760000,-4.310203083166863
20110805,11444.6103515625,11444.6103515625,11555.41015625,11139.0,11383.98046875,406310000,0.5352457705692926
20110808,10809.849609375,10809.849609375,11434.08984375,10809.849609375,11433.9296875,479980000,-5.546372682761003
20110809,11239.76953125,11239.76953125,11244.009765625,10604.0703125,10810.91015625,431410000,3.977112886955858
20110810,10719.9404296875,10719.9404296875,11228.0,10686.490234375,11228.0,396300000,-4.624908901532332
20110811,11143.3095703125,11143.3095703125,11278.900390625,10729.849609375,10729.849609375,393190000,3.949360944698288
20110812,11269.01953125,11269.01953125,11346.669921875,11142.1796875,11143.4599609375,228030000,1.1281205116333792
20110815,11482.900390625,11482.900390625,11484.599609375,11269.849609375,11269.849609375,188120000,1.8979544651767544
20110816,11405.9296875,11405.9296875,11488.009765625,11292.6298828125,11480.48046875,187800000,-0.6703071567862873
20110817,11410.2099609375,11410.2099609375,11529.669921875,11322.2998046875,11392.009765625,171280000,0.03752673876458168
20110818,10990.580078125,10990.580078125,11406.5,10881.599609375,11406.26953125,308520000,-3.6776701239424114
20110819,10817.650390625,10817.650390625,11086.400390625,10801.41015625,10989.75,336370000,-1.573435489944608
20110822,10854.650390625,10854.650390625,11020.5498046875,10820.3701171875,10820.3701171875,226720000,0.34203360862969934
20110823,11176.759765625,11176.759765625,11176.83984375,10854.4296875,10854.580078125,244130000,2.9674781168281594
20110824,11320.7099609375,11320.7099609375,11331.5703125,11113.0400390625,11175.7802734375,227380000,1.28794210783012
20110825,11149.8203125,11149.8203125,11406.3896484375,11106.759765625,11321.01953125,255050000,-1.5095311957214808
20110826,11284.5400390625,11284.5400390625,11326.4296875,10929.2001953125,11149.8203125,244410000,1.208268140531965
20110829,11539.25,11539.25,11541.7802734375,11286.580078125,11286.650390625,177540000,2.2571585554732154
20110830,11559.9501953125,11559.9501953125,11630.0703125,11429.3896484375,11532.1298828125,182090000,0.17938943443032151
20110831,11613.5302734375,11613.5302734375,11712.599609375,11528.080078125,11560.48046875,229740000,0.463497482426245
20110901,11493.5703125,11493.5703125,11716.83984375,11488.4599609375,11613.2998046875,178110000,-1.0329327785184583
20110902,11240.259765625,11240.259765625,11492.1396484375,11211.349609375,11492.0595703125,174660000,-2.2039326335308362
20110906,11139.2998046875,11139.2998046875,11237.4599609375,10932.5302734375,11237.3095703125,217420000,-0.8981995349098271
20110907,11414.8603515625,11414.8603515625,11414.8603515625,11137.6298828125,11137.6298828125,166320000,2.4737690133722845
20110908,11295.8095703125,11295.8095703125,11477.2998046875,11283.740234375,11414.8603515625,173040000,-1.0429455778116825
20110909,10992.1298828125,10992.1298828125,11294.830078125,10935.6396484375,11294.599609375,228170000,-2.6884278245813076
20110912,11061.1201171875,11061.1201171875,11062.0302734375,10824.759765625,10990.009765625,197160000,0.6276329984316709
20110913,11105.849609375,11105.849609375,11140.849609375,10987.1796875,11054.990234375,189980000,0.4043848336661382
20110914,11246.73046875,11246.73046875,11386.7802734375,10993.83984375,11106.830078125,192600000,1.2685284271819697
20110915,11433.1796875,11433.1796875,11433.400390625,11247.490234375,11247.7197265625,172080000,1.657808189393939
20110916,11509.08984375,11509.08984375,11532.4697265625,11407.41015625,11433.7099609375,425900000,0.6639461490576704
20110919,11401.009765625,11401.009765625,11506.8203125,11255.25,11506.8203125,157580000,-0.9390844940157739
20110920,11408.66015625,11408.66015625,11550.2197265625,11373.919921875,11401.4697265625,157060000,0.06710274600472133
20110921,11124.83984375,11124.83984375,11447.8603515625,11117.2802734375,11408.580078125,221860000,-2.4877620037136006
20110922,10733.830078125,10733.830078125,11122.1201171875,10597.1396484375,11121.8896484375,306170000,-3.514745120979623
20110923,10771.48046875,10771.48046875,10808.490234375,10638.73046875,10732.76953125,223140000,0.350763803329901
20110926,11043.8603515625,11043.8603515625,11057.490234375,10771.7802734375,10771.7802734375,225620000,2.5287135190257493
20110927,11190.6904296875,11190.6904296875,11369.2998046875,11045.23046875,11045.23046875,212700000,1.3295176998885827
20110928,11010.900390625,11010.900390625,11317.080078125,10996.98046875,11189.099609375,172410000,-1.606603633548287
20110929,11153.98046875,11153.98046875,11271.1396484375,10965.4501953125,11012.7900390625,191340000,1.299440309593769
20110930,10913.3798828125,10913.3798828125,11152.3896484375,10909.51953125,11152.3203125,213200000,-2.157082725862647
20111003,10655.2998046875,10655.2998046875,10979.1904296875,10653.33984375,10912.099609375,242870000,-2.3648043126534124
20111004,10808.7099609375,10808.7099609375,10825.4404296875,10404.490234375,10651.4404296875,267440000,1.4397544795737405
20111005,10939.9501953125,10939.9501953125,10950.8896484375,10738.099609375,10800.4697265625,226440000,1.2142081233496027
20111006,11123.330078125,11123.330078125,11132.599609375,10858.669921875,10939.8701171875,190030000,1.6762405636094657
20111007,11103.1201171875,11103.1201171875,11232.0498046875,11051.1298828125,11123.41015625,188080000,-0.18168984283982725
20111010,11433.1796875,11433.1796875,11433.330078125,11104.5595703125,11104.5595703125,144270000,2.9726740486358594
20111011,11416.2998046875,11416.2998046875,11447.8603515625,11365.669921875,11432.7998046875,133360000,-0.1476394430409811
20111012,11518.849609375,11518.849609375,11625.2998046875,11417.2802734375,11417.3603515625,188130000,0.8982753295020629
20111013,11478.1298828125,11478.1298828125,11518.08984375,11377.8203125,11518.08984375,143990000,-0.35350514976216774
20111014,11644.490234375,11644.490234375,11646.830078125,11478.66015625,11478.9697265625,133570000,1.4493680874931636
20111017,11397.0,11397.0,11643.349609375,11378.349609375,11643.349609375,140360000,-2.1253848763975847
20111018,11577.0498046875,11577.0498046875,11652.740234375,11296.1201171875,11396.169921875,201410000,1.5797999884838099
20111019,11504.6201171875,11504.6201171875,11633.7001953125,11469.169921875,11577.5400390625,169580000,-0.6256316481481616
20111020,11541.7802734375,11541.7802734375,11581.25,11391.1396484375,11502.1298828125,166100000,0.32300202763309027
20111021,11808.7900390625,11808.7900390625,11812.4599609375,11542.83984375,11543.2197265625,264000000,2.313419241219683
20111024,11913.6201171875,11913.6201171875,11940.75,11805.76953125,11807.9599609375,161870000,0.8877292066183706
20111025,11706.6201171875,11706.6201171875,11912.8603515625,11682.51953125,11912.6298828125,161450000,-1.7375071385847374
20111026,11869.0400390625,11869.0400390625,11891.2099609375,11694.3603515625,11707.759765625,183730000,1.3874194280596663
20111027,12208.5498046875,12208.5498046875,12284.3095703125,11872.0703125,11872.0703125,251640000,2.860465248306787
20111028,12231.1103515625,12231.1103515625,12251.919921875,12164.240234375,12207.33984375,163620000,0.18479301174934015
20111031,11955.009765625,11955.009765625,12229.2900390625,11954.41015625,12229.2197265625,185790000,-2.2573632156154044
20111101,11657.9599609375,11657.9599609375,11951.759765625,11630.0302734375,11951.5302734375,218290000,-2.4847307573233945
20111102,11836.0400390625,11836.0400390625,11876.830078125,11658.490234375,11658.490234375,154140000,1.5275406565273375
20111103,12044.4697265625,12044.4697265625,12065.9296875,11835.4296875,11835.58984375,158170000,1.7609748430397199
20111104,11983.240234375,11983.240234375,12043.490234375,11850.3095703125,12043.41015625,126150000,-0.5083618754295749
20111107,12068.3896484375,12068.3896484375,12074.4404296875,11880.6904296875,11983.01953125,122110000,0.7105708672871414
20111108,12170.1796875,12170.1796875,12187.509765625,12002.169921875,12055.51953125,144950000,0.8434434255748302
20111109,11780.9404296875,11780.9404296875,12166.400390625,11736.9296875,12166.400390625,180200000,-3.1983032938477263
20111110,11893.8603515625,11893.8603515625,11961.1396484375,11779.8798828125,11780.0302734375,165250000,0.958496671373088
20111111,12153.6796875,12153.6796875,12179.7197265625,11896.2802734375,11896.2802734375,134520000,2.18448281935113
20111114,12078.98046875,12078.98046875,12170.5595703125,12027.0302734375,12153.0,119610000,-0.6146222433920823
20111115,12096.16015625,12096.16015625,12165.1103515625,12001.259765625,12077.919921875,14510000,0.1422279599213372
20111116,11905.58984375,11905.58984375,12109.0302734375,11890.5703125,12084.740234375,166220000,-1.5754612210680197
20111117,11770.73046875,11770.73046875,11948.4296875,11676.349609375,11905.669921875,169830000,-1.1327399714747943
20111118,11796.16015625,11796.16015625,11854.8095703125,11755.8203125,11768.98046875,181240000,0.21604171098397185
20111121,11547.3095703125,11547.3095703125,11795.7001953125,11454.0703125,11795.5498046875,170960000,-2.1095897532863783
20111122,11493.7197265625,11493.7197265625,11571.75,11433.9697265625,11542.3896484375,148570000,-0.4640894350643965
20111123,11257.5498046875,11257.5498046875,11492.8203125,11257.5498046875,11492.740234375,152220000,-2.0547736284990514
20111125,11231.650390625,11231.650390625,11361.4697265625,11231.4296875,11251.8798828125,87480000,-0.23006262030229596
20111128,11523.009765625,11523.009765625,11562.099609375,11232.16015625,11232.4697265625,204950000,2.594092273769455
20111129,11555.6298828125,11555.6298828125,11624.009765625,11517.0400390625,11523.009765625,156950000,0.28308677898383205
20111130,12045.6796875,12045.6796875,12045.6796875,11559.26953125,11559.26953125,286790000,4.240788340031432
20111201,12020.0302734375,12020.0302734375,12062.6396484375,11974.6201171875,12046.2099609375,143700000,-0.21293455187187948
20111202,12019.419921875,12019.419921875,12146.6796875,12007.1201171875,12022.3701171875,150110000,-0.005077787231944075
20111205,12097.830078125,12097.830078125,12186.5302734375,12021.4599609375,12021.5400390625,153830000,0.6523622334493551
20111206,12150.1298828125,12150.1298828125,12215.7099609375,12076.7099609375,12097.75,145920000,0.43230731750867335
20111207,12196.3701171875,12196.3701171875,12257.669921875,12060.3701171875,12144.41015625,168440000,0.3805739923851359
20111208,11997.7001953125,11997.7001953125,12195.91015625,11966.2197265625,12195.91015625,165880000,-1.6289266393697655
20111209,12184.259765625,12184.259765625,12212.830078125,11995.509765625,11996.0302734375,154250000,1.554961094838725
20111212,12021.3896484375,12021.3896484375,12181.3798828125,11940.8603515625,12181.080078125,149050000,-1.336725581368503
20111213,11954.9404296875,11954.9404296875,12147.7001953125,11904.3798828125,12018.66015625,171910000,-0.552758214260507
20111214,11823.48046875,11823.48046875,11950.01953125,11786.4697265625,11949.7197265625,161240000,-1.0996287410269923
20111215,11868.8095703125,11868.8095703125,11967.83984375,11825.2197265625,11825.2900390625,136930000,0.38338204797061515
20111216,11866.3896484375,11866.3896484375,11968.1796875,11819.3095703125,11870.25,389520000,-0.020388918203329
20111219,11766.259765625,11766.259765625,11925.8798828125,11735.1904296875,11866.5400390625,135170000,-0.8438108454131621
20111220,12103.580078125,12103.580078125,12117.1298828125,11768.830078125,11769.2099609375,165180000,2.866844003270086
20111221,12107.740234375,12107.740234375,12119.7001953125,11999.4404296875,12103.580078125,163250000,0.03437128703365211
20111222,12169.650390625,12169.650390625,12182.7099609375,12107.3701171875,12107.58984375,151610000,0.5113270936737857
20111223,12294.0,12294.0,12297.4404296875,12169.7998046875,12169.8798828125,80420000,1.021800999893907
20111227,12291.349609375,12291.349609375,12328.4697265625,12269.9697265625,12293.4697265625,95980000,-0.021558407556532266
20111228,12151.41015625,12151.41015625,12299.1103515625,12140.169921875,12288.849609375,84010000,-1.1385198336418934
20111229,12287.0400390625,12287.0400390625,12293.9599609375,12152.08984375,12152.3203125,8410000,1.1161657870855324
20111230,12217.5595703125,12217.5595703125,12290.0595703125,12213.7802734375,12286.2802734375,96670000,-0.5654776783432847
20120103,12397.3798828125,12397.3798828125,12479.650390625,12221.1904296875,12221.1904296875,152560000,1.4718185859060373
20120104,12418.419921875,12418.419921875,12430.0,12337.25,12392.4599609375,145130000,0.16971359481909865
20120105,12415.7001953125,12415.7001953125,12435.98046875,12283.900390625,12418.419921875,158440000,-0.021900745663372412
20120106,12359.919921875,12359.919921875,12415.240234375,12332.41015625,12407.4501953125,131120000,-0.44927207132916536
20120109,12392.6904296875,12392.6904296875,12409.080078125,12333.849609375,12359.3095703125,122200000,0.26513527611535803
20120110,12462.4697265625,12462.4697265625,12514.6904296875,12394.509765625,12394.509765625,141230000,0.5630681833852513
20120111,12449.4501953125,12449.4501953125,12462.580078125,12399.009765625,12459.51953125,130260000,-0.104469912751326
20120112,12471.01953125,12471.01953125,12483.7001953125,12385.080078125,12449.91015625,128230000,0.17325532934475696
20120113,12422.0595703125,12422.0595703125,12470.1201171875,12311.7900390625,12469.9599609375,161470000,-0.39258988260595373
20120117,12482.0703125,12482.0703125,12573.650390625,12423.1201171875,12423.1201171875,148670000,0.4830981678023871
20120118,12578.9501953125,12578.9501953125,12582.2802734375,12453.2001953125,12474.6904296875,154170000,0.7761523560356975
20120119,12623.98046875,12623.98046875,12625.7998046875,12563.580078125,12578.1904296875,148030000,0.35798117281902186
20120120,12720.48046875,12720.48046875,12720.48046875,12620.759765625,12623.830078125,255110000,0.7644181661947247
20120123,12708.8203125,12708.8203125,12764.490234375,12665.830078125,12720.25,149860000,-0.09166443263400881
20120124,12675.75,12675.75,12708.51953125,12613.5400390625,12708.3701171875,125420000,-0.2602154384657829
20120125,12758.849609375,12758.849609375,12778.259765625,12580.1201171875,12673.6298828125,135430000,0.6555794282389504
20120126,12734.6298828125,12734.6298828125,12841.9501953125,12695.16015625,12756.9599609375,130840000,-0.1898268833320449
20120127,12660.4599609375,12660.4599609375,12733.9501953125,12630.7197265625,12733.9501953125,164410000,-0.582426992833962
20120130,12653.7197265625,12653.7197265625,12659.3203125,12529.41015625,12659.169921875,130430000,-0.0532384636561134
20120131,12632.91015625,12632.91015625,12720.099609375,12567.330078125,12654.7802734375,168070000,-0.1644541744418193
20120201,12716.4599609375,12716.4599609375,12784.6201171875,12632.759765625,12632.759765625,143500000,0.6613662541260501
20120202,12705.41015625,12705.41015625,12741.8896484375,12676.0498046875,12716.5400390625,114360000,-0.08689371665890899
20120203,12862.23046875,12862.23046875,12869.9501953125,12704.9599609375,12705.0400390625,142840000,1.2342798112885633
20120206,12845.1298828125,12845.1298828125,12860.7900390625,12793.4296875,12860.7197265625,108040000,-0.1329519477904495
20120207,12878.2001953125,12878.2001953125,12903.7099609375,12782.5703125,12844.3701171875,116150000,0.2574540919531687
20120208,12883.9501953125,12883.9501953125,12893.6396484375,12817.6904296875,12865.7900390625,138250000,0.044649096246329734
20120209,12890.4599609375,12890.4599609375,12924.7099609375,12846.41015625,12884.41015625,157080000,0.05052616260010634
20120210,12801.23046875,12801.23046875,12889.6298828125,12743.5595703125,12889.5498046875,123620000,-0.6922134078837794
20120213,12874.0400390625,12874.0400390625,12887.9296875,12799.1103515625,12799.1103515625,112240000,0.5687700919863925
20120214,12878.2802734375,12878.2802734375,12878.8798828125,12786.9296875,12871.76953125,120050000,0.03293631495733251
20120215,12780.9501953125,12780.9501953125,12899.4697265625,12753.6201171875,12864.650390625,127560000,-0.7557692180822584
20120216,12904.080078125,12904.080078125,12914.0,12779.580078125,12779.8095703125,134450000,0.9633859840691539
20120217,12949.8701171875,12949.8701171875,12967.919921875,12903.25,12903.330078125,234650000,0.3548493095615779
20120221,12965.6904296875,12965.6904296875,13005.0400390625,12926.1103515625,12949.33984375,164780000,0.12216580055890436
20120222,12938.669921875,12938.669921875,12977.91015625,12914.830078125,12966.2197265625,124200000,-0.20840006908255937
20120223,12984.6904296875,12984.6904296875,12996.080078125,12882.669921875,12937.080078125,120480000,0.35568190618029405
20120224,12982.9501953125,12982.9501953125,13013.8203125,12950.58984375,12981.2001953125,89440000,-0.013402201495860133
20120227,12981.509765625,12981.509765625,13027.51953125,12882.58984375,12981.1298828125,143530000,-0.01109477942864423
20120228,13005.1201171875,13005.1201171875,13021.509765625,12952.8203125,12976.740234375,114490000,0.18187677696026583
20120229,12952.0703125,12952.0703125,13055.75,12929.66015625,13005.419921875,182460000,-0.4079147613361145
20120301,12980.2998046875,12980.2998046875,13032.669921875,12943.0595703125,12952.2900390625,139670000,0.21795351249951356
20120302,12977.5703125,12977.5703125,12997.509765625,12927.76953125,12980.75,93900000,-0.021027959512265326
20120305,12962.8095703125,12962.8095703125,12977.33984375,12883.91015625,12977.33984375,108630000,-0.11374041389922152
20120306,12759.150390625,12759.150390625,12958.73046875,12734.8603515625,12958.650390625,142330000,-1.5711036915478704
20120307,12837.330078125,12837.330078125,12857.73046875,12751.509765625,12756.1201171875,175110000,0.6127342738858621
20120308,12907.9404296875,12907.9404296875,12937.1904296875,12835.5302734375,12835.5302734375,103530000,0.550039230375643
20120309,12922.01953125,12922.01953125,12968.7900390625,12906.4296875,12908.6201171875,103240000,0.10907318358952534
20120312,12959.7099609375,12959.7099609375,12976.3603515625,12919.98046875,12920.580078125,100000000,0.29167599999637694
20120313,13177.6796875,13177.6796875,13180.400390625,12953.1298828125,12953.2001953125,163130000,1.6819028143337578
20120314,13194.099609375,13194.099609375,13221.26953125,13166.25,13177.150390625,163610000,0.12460404459955221
20120315,13252.759765625,13252.759765625,13253.509765625,13170.1904296875,13192.9697265625,161650000,0.44459385624404657
20120316,13232.6201171875,13232.6201171875,13289.080078125,13231.4501953125,13253.509765625,392620000,-0.15196569464526188
20120319,13239.1298828125,13239.1298828125,13269.7099609375,13208.6298828125,13231.9404296875,147120000,0.049194834940857746
20120320,13170.1904296875,13170.1904296875,13238.4501953125,13123.3798828125,13238.4501953125,131660000,-0.5207249550025161
20120321,13124.6201171875,13124.6201171875,13190.01953125,13112.9296875,13170.7900390625,124860000,-0.3460110371470204
20120322,13046.1396484375,13046.1396484375,13124.4697265625,13017.419921875,13124.400390625,122060000,-0.5979637357063416
20120323,13080.73046875,13080.73046875,13099.91015625,13002.76953125,13045.990234375,129930000,0.2651421895260908
20120326,13241.6298828125,13241.6298828125,13243.8603515625,13082.3896484375,13082.6201171875,122080000,1.230049150900947
20120327,13197.73046875,13197.73046875,13264.98046875,13194.330078125,13242.08984375,129280000,-0.3315257596761656
20120328,13126.2099609375,13126.2099609375,13212.6396484375,13069.259765625,13195.3896484375,141540000,-0.5419152026316043
20120329,13145.8203125,13145.8203125,13151.5703125,13032.669921875,13125.990234375,136250000,0.14939842971322115
20120330,13212.0400390625,13212.0400390625,13224.490234375,13147.7802734375,13147.9404296875,171190000,0.5037321748535772
20120402,13264.490234375,13264.490234375,13297.1103515625,13153.6904296875,13211.3603515625,108790000,0.3969878622637202
20120403,13199.5498046875,13199.5498046875,13265.3603515625,13131.2099609375,13258.9599609375,123980000,-0.4895810433725223
20120404,13074.75,13074.75,13198.1904296875,13020.8603515625,13198.1904296875,125000000,-0.9454853122579987
20120405,13060.1396484375,13060.1396484375,13088.1103515625,13012.4599609375,13067.1796875,109530000,-0.11174478718521952
20120409,12929.58984375,12929.58984375,13057.7197265625,12903.7802734375,13057.5703125,105580000,-0.9996049674945051
20120410,12715.9296875,12715.9296875,12929.58984375,12710.5595703125,12929.4404296875,159290000,-1.6524898224306805
20120411,12805.3896484375,12805.3896484375,12844.8203125,12716.919921875,12716.919921875,125210000,0.7035267034029014
20120412,12986.580078125,12986.580078125,12986.9599609375,12806.2998046875,12806.4501953125,119780000,1.41495444232429
20120413,12849.58984375,12849.58984375,12986.349609375,12845.2802734375,12986.2001953125,140990000,-1.0548599673731673
20120416,12921.41015625,12921.41015625,12986.76953125,12850.7998046875,12850.8798828125,120990000,0.5589307781285635
20120417,13115.5400390625,13115.5400390625,13131.3603515625,12921.7900390625,12921.7900390625,115320000,1.5023892939316719
20120418,13032.75,13032.75,13114.5595703125,13027.490234375,13114.5595703125,113520000,-0.6312362191409848
20120419,12964.099609375,12964.099609375,13080.2001953125,12896.8203125,13028.73046875,139810000,-0.5267529157315209
20120420,13029.259765625,13029.259765625,13082.5400390625,12964.25,12964.48046875,212080000,0.5026199906924544
20120423,12927.169921875,12927.169921875,13028.2001953125,12845.580078125,13028.2001953125,139370000,-0.7835429301927266
20120424,13001.5595703125,13001.5595703125,13050.2998046875,12926.490234375,12927.76953125,134110000,0.575451927119941
20120425,13090.7197265625,13090.7197265625,13105.7001953125,12993.599609375,12997.6904296875,135260000,0.6857650866253451
20120426,13204.6201171875,13204.6201171875,13227.8203125,13075.9599609375,13090.1103515625,107570000,0.8700850144540473
20120427,13228.3095703125,13228.3095703125,13266.6796875,13192.2099609375,13204.7001953125,110850000,0.1794027614180571
20120430,13213.6298828125,13213.6298828125,13228.759765625,13176.009765625,13228.3095703125,127870000,-0.11097175661011205
20120501,13279.3203125,13279.3203125,13338.66015625,13174.650390625,13214.16015625,123400000,0.49714143857582105
20120502,13268.5703125,13268.5703125,13278.1103515625,13192.2099609375,13278.1103515625,100770000,-0.08095293845634677
20120503,13206.58984375,13206.58984375,13284.08984375,13175.6396484375,13267.58984375,102090000,-0.46712243512482265
20120504,13038.26953125,13038.26953125,13205.0,13022.33984375,13204.6201171875,113790000,-1.2745176044038131
20120507,13008.5302734375,13008.5302734375,13049.08984375,12970.0,13035.849609375,110080000,-0.2280920619198823
20120508,12932.08984375,12932.08984375,13000.73046875,12810.3896484375,13000.73046875,138620000,-0.5876177252981951
20120509,12835.0595703125,12835.0595703125,12921.8095703125,12748.48046875,12921.8095703125,147460000,-0.7503062119878057
20120510,12855.0400390625,12855.0400390625,12931.7099609375,12820.2998046875,12831.580078125,151650000,0.15567102466913507
20120511,12820.599609375,12820.599609375,12918.009765625,12779.2802734375,12851.7900390625,148370000,-0.2679138266613368
20120514,12695.349609375,12695.349609375,12818.8603515625,12661.48046875,12818.490234375,143190000,-0.97694338655121
20120515,12632.0,12632.0,12758.4296875,12608.16015625,12695.0498046875,156060000,-0.4989985413888842
20120516,12598.5498046875,12598.5498046875,12722.6298828125,12597.33984375,12617.3203125,143130000,-0.2648052193833128
20120517,12442.490234375,12442.490234375,12611.419921875,12440.51953125,12598.3203125,147430000,-1.238710587582359
20120518,12369.3798828125,12369.3798828125,12492.9697265625,12336.759765625,12443.01953125,240720000,-0.5875861679241479
20120521,12504.48046875,12504.48046875,12508.1103515625,12367.7197265625,12369.150390625,142110000,1.0922179383076935
20120522,12502.8095703125,12502.8095703125,12575.9599609375,12447.330078125,12505.3798828125,133650000,-0.013362397915495094
20120523,12496.150390625,12496.150390625,12508.2998046875,12311.5595703125,12501.51953125,152190000,-0.05326146615327598
20120524,12529.75,12529.75,12539.58984375,12419.6298828125,12491.91015625,126810000,0.26887968153941344
20120525,12454.830078125,12454.830078125,12533.1201171875,12421.5302734375,12530.740234375,93000000,-0.5979362866378013
20120529,12580.6904296875,12580.6904296875,12611.6103515625,12454.599609375,12454.830078125,107510000,1.0105344735578115
20120530,12419.8603515625,12419.8603515625,12579.099609375,12396.400390625,12579.01953125,122830000,-1.2783883287158737
20120531,12393.4501953125,12393.4501953125,12489.8701171875,12316.48046875,12414.41015625,205140000,-0.2126445507632302
20120601,12118.5703125,12118.5703125,12391.6298828125,12107.48046875,12391.5595703125,162940000,-2.217944789227988
20120604,12101.4599609375,12101.4599609375,12143.6904296875,12035.08984375,12119.849609375,126440000,-0.14119117289644878
20120605,12127.9501953125,12127.9501953125,12147.5498046875,12072.169921875,12101.080078125,108970000,0.21890114465947796
20120606,12414.7900390625,12414.7900390625,12414.7900390625,12125.0,12125.0,140110000,2.3651139651023945
20120607,12460.9599609375,12460.9599609375,12555.259765625,12416.5302734375,12416.5302734375,131150000,0.37189450429471194
20120608,12554.2001953125,12554.2001953125,12554.2001953125,12398.4404296875,12460.8095703125,111810000,0.7482588393453504
20120611,12411.23046875,12411.23046875,12650.4697265625,12398.48046875,12553.8095703125,121060000,-1.1388198717420694
20120612,12573.7998046875,12573.7998046875,12577.01953125,12411.91015625,12412.0703125,111360000,1.309856716840696
20120613,12496.3798828125,12496.3798828125,12598.25,12453.6904296875,12566.3798828125,125780000,-0.6157241492435572
20120614,12651.91015625,12651.91015625,12698.6796875,12497.66015625,12497.8896484375,128640000,1.244602636091563
20120615,12767.169921875,12767.169921875,12774.7001953125,12651.3798828125,12652.2099609375,284290000,0.9110068298110896
20120618,12741.8203125,12741.8203125,12781.9296875,12696.1796875,12767.01953125,111280000,-0.1985530820856951
20120619,12837.330078125,12837.330078125,12898.9404296875,12744.4697265625,12744.6201171875,125180000,0.7495770877517627
20120620,12824.3896484375,12824.3896484375,12877.1796875,12744.919921875,12837.099609375,119110000,-0.10080312345907005
20120621,12573.5703125,12573.5703125,12857.3896484375,12561.4599609375,12823.099609375,146750000,-1.9557994010893087
20120622,12640.7802734375,12640.7802734375,12674.080078125,12574.669921875,12574.8203125,209990000,0.534533623044875
20120625,12502.66015625,12502.66015625,12639.8701171875,12458.009765625,12639.7998046875,134090000,-1.0926549959715426
20120626,12534.669921875,12534.669921875,12576.41015625,12452.0302734375,12503.5703125,109270000,0.25602363996912736
20120627,12627.009765625,12627.009765625,12646.8701171875,12532.7099609375,12532.9296875,97950000,0.7366755114057932
20120628,12602.259765625,12602.259765625,12626.25,12450.169921875,12626.25,125870000,-0.1960084015091068
20120629,12880.08984375,12880.08984375,12880.3896484375,12604.5302734375,12604.599609375,191630000,2.204605231855594
20120702,12871.3896484375,12871.3896484375,12902.1201171875,12795.48046875,12879.7099609375,109640000,-0.06754762907745793
20120703,12943.66015625,12943.66015625,12946.2001953125,12845.2802734375,12868.0595703125,63850000,0.5614817808057948
20120705,12896.669921875,12896.669921875,12961.2998046875,12852.240234375,12941.849609375,97800000,-0.3630366821112063
20120706,12772.4697265625,12772.4697265625,12889.400390625,12702.990234375,12889.400390625,96760000,-0.9630408164656101
20120709,12736.2900390625,12736.2900390625,12772.01953125,12686.5703125,12772.01953125,100150000,-0.2832630515049006
20120710,12653.1201171875,12653.1201171875,12830.2900390625,12606.91015625,12733.8701171875,114760000,-0.6530152942490819
20120711,12604.5302734375,12604.5302734375,12661.9697265625,12534.330078125,12653.0400390625,128420000,-0.3840147196895516
20120712,12573.26953125,12573.26953125,12630.6396484375,12492.25,12602.7099609375,142760000,-0.2480119568864736
20120713,12777.08984375,12777.08984375,12784.73046875,12573.0400390625,12573.73046875,121080000,1.621060552256659
20120716,12727.2099609375,12727.2099609375,12779.580078125,12690.0498046875,12776.330078125,93500000,-0.3903853179595407
20120717,12805.5400390625,12805.5400390625,12829.23046875,12645.099609375,12728.73046875,119620000,0.6154536490355023
20120718,12908.7001953125,12908.7001953125,12921.9404296875,12754.6103515625,12796.98046875,130070000,0.8055900488016521
20120719,12943.3603515625,12943.3603515625,12977.5703125,12889.9296875,12909.6103515625,139480000,0.26850229477470844
20120720,12822.5703125,12822.5703125,12942.830078125,12810.349609375,12942.6796875,210770000,-0.9332200895412646
20120723,12721.4599609375,12721.4599609375,12820.4501953125,12583.41015625,12820.4501953125,137760000,-0.7885341947700852
20120724,12617.3203125,12617.3203125,12730.08984375,12521.83984375,12720.9296875,131530000,-0.8186139700731787
20120725,12676.0498046875,12676.0498046875,12732.76953125,12617.6201171875,12617.76953125,127320000,0.4654672365677959
20120726,12887.9296875,12887.9296875,12931.2197265625,12680.58984375,12680.58984375,133620000,1.671497714801884
20120727,13075.66015625,13075.66015625,13117.740234375,12888.5302734375,12888.91015625,161510000,1.4566379030767074
20120730,13073.009765625,13073.009765625,13128.6396484375,13042.849609375,13075.349609375,91730000,-0.02026965058229413
20120731,13008.6796875,13008.6796875,13082.66015625,13006.48046875,13071.7197265625,125980000,-0.49208314900944794
20120801,12976.1298828125,12976.1298828125,13074.830078125,12951.16015625,13007.4697265625,132780000,-0.25021605166262173
20120802,12878.8798828125,12878.8798828125,12969.849609375,12778.900390625,12969.7001953125,112770000,-0.7494530409164035
20120803,13096.169921875,13096.169921875,13133.1796875,12884.8203125,12884.8203125,112390000,1.6871811915295742
20120806,13117.509765625,13117.509765625,13187.2802734375,13099.7197265625,13099.8798828125,84270000,0.16294721187417593
20120807,13168.599609375,13168.599609375,13215.9697265625,13118.419921875,13118.650390625,95240000,0.3894782215743575
20120808,13175.6396484375,13175.6396484375,13202.650390625,13115.240234375,13158.099609375,84910000,0.053460802752991476
20120809,13165.1904296875,13165.1904296875,13200.23046875,13125.08984375,13174.73046875,84350000,-0.07930710788101036
20120810,13207.9501953125,13207.9501953125,13208.2197265625,13094.9599609375,13163.150390625,86640000,0.3247941292864098
20120813,13169.4296875,13169.4296875,13205.009765625,13112.9404296875,13204.9296875,67550000,-0.29164637391024817
20120814,13172.1396484375,13172.1396484375,13223.009765625,13142.099609375,13168.1103515625,84430000,0.020577663587606487
20120815,13164.7802734375,13164.7802734375,13192.8896484375,13138.23046875,13157.4697265625,77130000,-0.05587076356932119
20120816,13250.1103515625,13250.1103515625,13269.349609375,13145.849609375,13163.240234375,114580000,0.6481694061933663
20120817,13275.2001953125,13275.2001953125,13281.3203125,13244.849609375,13251.2001953125,138550000,0.18935573428671137
20120820,13271.6396484375,13271.6396484375,13276.150390625,13230.0595703125,13274.580078125,87590000,-0.0268210409079761
20120821,13203.580078125,13203.580078125,13330.759765625,13186.599609375,13272.099609375,117060000,-0.5128196071878199
20120822,13172.759765625,13172.759765625,13205.0595703125,13120.33984375,13198.3095703125,111220000,-0.23342390713456673
20120823,13057.4599609375,13057.4599609375,13171.3701171875,13046.4599609375,13171.3701171875,108800000,-0.8752896639653396
20120824,13157.9697265625,13157.9697265625,13175.509765625,13027.2001953125,13052.8203125,88030000,0.7697497516797602
20120827,13124.669921875,13124.669921875,13176.169921875,13115.4599609375,13157.740234375,96070000,-0.2530770732834031
20120828,13102.990234375,13102.990234375,13147.3203125,13081.1201171875,13122.740234375,81630000,-0.16518272557747293
20120829,13107.48046875,13107.48046875,13144.8095703125,13081.26953125,13103.4599609375,91530000,0.03426877601739875
20120830,13000.7099609375,13000.7099609375,13101.3701171875,12978.91015625,13101.2900390625,89980000,-0.8145768980320489
20120831,13090.83984375,13090.83984375,13151.8701171875,13002.6396484375,13002.7197265625,119780000,0.6932689297992845
20120904,13035.9404296875,13035.9404296875,13092.3896484375,12977.08984375,13092.150390625,103920000,-0.41937274245021916
20120905,13047.48046875,13047.48046875,13095.91015625,13018.740234375,13036.08984375,92550000,0.08852479132399615
20120906,13292.0,13292.0,13294.1298828125,13045.080078125,13045.23046875,128650000,1.8740747061139373
20120907,13306.6396484375,13306.6396484375,13320.26953125,13266.2197265625,13289.5302734375,142210000,0.11013879354122569
20120910,13254.2900390625,13254.2900390625,13324.099609375,13251.3896484375,13308.5595703125,123810000,-0.3934096868787429
20120911,13323.3603515625,13323.3603515625,13354.33984375,13253.2099609375,13254.599609375,104920000,0.5211166520155963
20120912,13333.349609375,13333.349609375,13373.6201171875,13317.51953125,13321.6201171875,111520000,0.07497551330080121
20120913,13539.8603515625,13539.8603515625,13573.330078125,13325.1103515625,13329.7099609375,151770000,1.5488286757462388
20120914,13593.3701171875,13593.3701171875,13653.240234375,13533.9404296875,13540.400390625,185160000,0.39520175419553993
20120917,13553.099609375,13553.099609375,13593.150390625,13526.669921875,13588.5703125,128020000,-0.29625109494798574
20120918,13564.6396484375,13564.6396484375,13582.1201171875,13517.8095703125,13552.330078125,120720000,0.08514686230534085
20120919,13577.9599609375,13577.9599609375,13626.48046875,13556.740234375,13565.41015625,116210000,0.09819879366670392
20120920,13596.9296875,13596.9296875,13599.01953125,13503.0,13575.169921875,117910000,0.1397096958384969
20120921,13579.4697265625,13579.4697265625,13647.099609375,13571.5302734375,13597.240234375,429610000,-0.1284110555749285
20120924,13558.919921875,13558.919921875,13601.900390625,13521.6796875,13577.849609375,120370000,-0.15132994955836532
20120925,13457.5498046875,13457.5498046875,13620.2099609375,13457.25,13559.919921875,138630000,-0.7476267856996288
20120926,13413.509765625,13413.509765625,13480.3701171875,13406.91015625,13458.6298828125,124350000,-0.32725154059738415
20120927,13485.9697265625,13485.9697265625,13522.830078125,13413.4697265625,13413.4697265625,113990000,0.5402013507545433
20120928,13437.1298828125,13437.1298828125,13487.66015625,13367.26953125,13485.8896484375,146950000,-0.36215299856267036
20121001,13515.1103515625,13515.1103515625,13598.25,13437.66015625,13437.66015625,106120000,0.5803357519803765
20121002,13482.3603515625,13482.3603515625,13567.0595703125,13424.919921875,13515.2998046875,90730000,-0.24232136584969588
20121003,13494.6103515625,13494.6103515625,13536.26953125,13439.1201171875,13479.2099609375,103890000,0.09085946140416912
20121004,13575.3603515625,13575.3603515625,13594.330078125,13495.1796875,13495.1796875,106390000,0.5983870441331529
20121005,13610.150390625,13610.150390625,13661.8701171875,13568.75,13569.1796875,115500000,0.2562734112505183
20121008,13583.650390625,13583.650390625,13610.3798828125,13552.08984375,13589.259765625,71300000,-0.19470762070530334
20121009,13473.5302734375,13473.5302734375,13592.330078125,13473.3095703125,13582.8798828125,103630000,-0.8106813266005486
20121010,13344.9697265625,13344.9697265625,13478.830078125,13327.6201171875,13473.5302734375,101120000,-0.9541712102614341
20121011,13326.3896484375,13326.3896484375,13428.490234375,13326.1201171875,13346.2802734375,86630000,-0.13922907661616524
20121012,13328.849609375,13328.849609375,13401.3203125,13296.4296875,13325.6201171875,113740000,0.018459320208963348
20121015,13424.23046875,13424.23046875,13437.66015625,13325.9296875,13329.5400390625,114880000,0.7155970857973593
20121016,13551.7802734375,13551.7802734375,13556.3701171875,13423.759765625,13423.83984375,113450000,0.9501461181288695
20121017,13557.0,13557.0,13561.650390625,13468.900390625,13539.6298828125,135570000,0.03851690668812413
20121018,13548.9404296875,13548.9404296875,13588.73046875,13510.9296875,13553.240234375,128410000,-0.05944951178358249
20121019,13343.509765625,13343.509765625,13545.490234375,13312.2197265625,13545.330078125,239080000,-1.5162120250552968
20121022,13345.8896484375,13345.8896484375,13368.5498046875,13235.150390625,13344.2802734375,121880000,0.017835508455443794
20121023,13102.5302734375,13102.5302734375,13344.900390625,13083.2802734375,13344.900390625,122220000,-1.8234781000792344
20121024,13077.33984375,13077.33984375,13155.2099609375,13063.6298828125,13103.5302734375,110670000,-0.192256221980025
20121025,13103.6796875,13103.6796875,13214.1103515625,13017.3701171875,13079.6396484375,114590000,0.20141591535214332
20121026,13107.2099609375,13107.2099609375,13151.7197265625,13040.169921875,13104.2197265625,134640000,0.026941084654774627
20121031,13096.4599609375,13096.4599609375,13189.080078125,13052.0703125,13107.4404296875,138160000,-0.08201592888217313
20121101,13232.6201171875,13232.6201171875,13273.7099609375,13099.1103515625,13099.1904296875,140510000,1.0396714582117772
20121102,13093.16015625,13093.16015625,13289.4501953125,13076.5703125,13232.6201171875,137660000,-1.0539104100506846
20121105,13112.4404296875,13112.4404296875,13140.580078125,13038.7099609375,13092.2802734375,95350000,0.1472545451778995
20121106,13245.6796875,13245.6796875,13290.75,13112.900390625,13112.900390625,105710000,1.0161286034202854
20121107,12932.73046875,12932.73046875,13228.3203125,12876.599609375,13228.240234375,164250000,-2.362651265418503
20121108,12811.3203125,12811.3203125,12980.23046875,12811.240234375,12932.8095703125,138350000,-0.938782081195999
20121109,12815.3896484375,12815.3896484375,12890.1904296875,12743.3896484375,12811.169921875,131670000,0.031763595306633086
20121112,12815.080078125,12815.080078125,12861.2802734375,12783.0,12815.9296875,62360000,-0.002415613734674249
20121113,12756.1796875,12756.1796875,12898.25,12748.509765625,12808.7099609375,142200000,-0.4596178117180938
20121114,12570.9501953125,12570.9501953125,12797.73046875,12542.6796875,12746.5400390625,162180000,-1.452076536433633
20121115,12542.3798828125,12542.3798828125,12600.58984375,12496.5595703125,12571.099609375,129150000,-0.2272724977516294
20121116,12588.3095703125,12588.3095703125,12604.169921875,12471.490234375,12542.3095703125,197110000,0.36619595267513017
20121119,12795.9599609375,12795.9599609375,12796.1904296875,12590.23046875,12590.23046875,136910000,1.6495494447857473
20121120,12788.509765625,12788.509765625,12808.5595703125,12701.0703125,12790.8896484375,134160000,-0.05822302769971088
20121121,12836.8896484375,12836.8896484375,12845.990234375,12786.1298828125,12788.3603515625,97300000,0.37830743142992507
20121123,13009.5302734375,13009.5302734375,13011.4501953125,12832.98046875,12833.1298828125,61110000,1.344878936627869
20121126,12967.3701171875,12967.3701171875,13008.4501953125,12900.169921875,13008.4501953125,114360000,-0.32407131820955115
20121127,12878.1298828125,12878.1298828125,12980.1904296875,12868.259765625,12963.3798828125,117900000,-0.6881906937839077
20121128,12985.1103515625,12985.1103515625,12989.099609375,12765.3203125,12875.5595703125,131000000,0.8307143174008491
20121129,13021.8203125,13021.8203125,13062.5595703125,12961.919921875,12977.349609375,113620000,0.2827081167861012
20121130,13025.580078125,13025.580078125,13053.740234375,12988.6796875,13022.0498046875,171070000,0.02887281144088316
20121203,12965.599609375,12965.599609375,13087.3203125,12959.419921875,13027.73046875,112900000,-0.46048213123905946
20121204,12951.7802734375,12951.7802734375,13022.509765625,12940.0703125,12966.4501953125,125290000,-0.10658462665704693
20121205,13034.490234375,13034.490234375,13089.1103515625,12923.4404296875,12948.9599609375,161230000,0.6385991669973556
20121206,13074.0400390625,13074.0400390625,13076.8798828125,13007.83984375,13026.1904296875,116850000,0.3034242534717402
20121207,13155.1298828125,13155.1298828125,13157.2802734375,13072.8701171875,13072.8701171875,124130000,0.6202355469902221
20121210,13169.8798828125,13169.8798828125,13195.349609375,13139.080078125,13154.8896484375,118530000,0.11212356040111171
20121211,13248.4404296875,13248.4404296875,13306.5703125,13170.33984375,13170.33984375,124510000,0.5965168063341686
20121212,13245.4501953125,13245.4501953125,13329.4404296875,13227.4404296875,13250.0498046875,127510000,-0.02257046322448053
20121213,13170.7197265625,13170.7197265625,13264.41015625,13147.1904296875,13241.3798828125,101190000,-0.5641972726336375
20121214,13135.009765625,13135.009765625,13190.41015625,13118.4599609375,13170.7998046875,117620000,-0.27113143153051356
20121217,13235.3896484375,13235.3896484375,13244.330078125,13134.6298828125,13135.169921875,142980000,0.7642162785078455
20121218,13350.9599609375,13350.9599609375,13365.8603515625,13232.580078125,13236.6103515625,152920000,0.8731916140726881
20121219,13251.9697265625,13251.9697265625,13357.7001953125,13251.740234375,13351.0400390625,149020000,-0.7414465676223059
20121220,13311.7197265625,13311.7197265625,13314.6396484375,13216.0302734375,13246.669921875,119800000,0.4508763695727058
20121221,13190.83984375,13190.83984375,13309.9501953125,13122.5302734375,13309.9501953125,413270000,-0.9080711230066929
20121224,13138.9296875,13138.9296875,13190.3798828125,13128.5498046875,13190.150390625,47710000,-0.39353185138242264
20121226,13114.58984375,13114.58984375,13174.8798828125,13076.8701171875,13138.849609375,79410000,-0.18524982117194
20121227,13096.3095703125,13096.3095703125,13141.740234375,12964.080078125,13114.9697265625,100160000,-0.13938883072437402
20121228,12938.1103515625,12938.1103515625,13095.4599609375,12926.8603515625,13095.080078125,85980000,-1.2079679233347962
20121231,13104.1396484375,13104.1396484375,13109.1298828125,12883.8896484375,12938.1904296875,145740000,1.2832576965534193
20130102,13412.5498046875,13412.5498046875,13412.7099609375,13104.2998046875,13104.2998046875,161430000,2.3535322770066314
20130103,13391.3603515625,13391.3603515625,13430.599609375,13358.2998046875,13413.009765625,129630000,-0.15798228848026286
20130104,13435.2099609375,13435.2099609375,13447.1103515625,13376.23046875,13391.0498046875,107590000,0.3274470122812012
20130107,13384.2900390625,13384.2900390625,13436.1298828125,13343.3203125,13436.1298828125,113120000,-0.3790035438452244
20130108,13328.849609375,13328.849609375,13377.419921875,13293.1298828125,13377.419921875,129570000,-0.4142201754870456
20130109,13390.509765625,13390.509765625,13416.5498046875,13329.080078125,13329.919921875,123070000,0.4626067369432274
20130110,13471.2197265625,13471.2197265625,13478.2001953125,13382.2900390625,13391.8203125,133520000,0.6027400177451847
20130111,13488.4296875,13488.4296875,13496.6796875,13439.9697265625,13471.4501953125,119200000,0.12775354635159442
20130114,13507.3203125,13507.3203125,13520.1796875,13459.83984375,13488.4296875,118460000,0.140050587337881
20130115,13534.8896484375,13534.8896484375,13546.3701171875,13445.7998046875,13507.3203125,102280000,0.20410662736698448
20130116,13511.23046875,13511.23046875,13534.8896484375,13468.9599609375,13534.8896484375,118540000,-0.17480142285630773
20130117,13596.01953125,13596.01953125,13633.8896484375,13510.240234375,13511.23046875,183900000,0.6275450833002072
20130118,13649.7001953125,13649.7001953125,13649.9296875,13571.8603515625,13596.01953125,260900000,0.3948263235362237
20130122,13712.2099609375,13712.2099609375,13712.2099609375,13622.9599609375,13649.7001953125,144300000,0.4579570593533422
20130123,13779.330078125,13779.330078125,13794.2900390625,13710.1298828125,13712.2099609375,104490000,0.4894916091476631
20130124,13825.330078125,13825.330078125,13879.66015625,13779.330078125,13779.330078125,124780000,0.3338333557523665
20130125,13895.98046875,13895.98046875,13895.98046875,13825.330078125,13825.330078125,130300000,0.5110213660416418
20130128,13881.9296875,13881.9296875,13915.7197265625,13862.5703125,13895.98046875,113570000,-0.10111399682518618
20130129,13954.419921875,13954.419921875,13969.990234375,13880.009765625,13881.9296875,108230000,0.5221913379972909
20130130,13910.419921875,13910.419921875,13966.1298828125,13896.9501953125,13954.419921875,117200000,-0.31531228274868095
20130131,13860.580078125,13860.580078125,13941.0595703125,13860.580078125,13910.419921875,142600000,-0.35829143929453355
20130201,14009.7900390625,14009.7900390625,14019.7802734375,13860.580078125,13860.580078125,128420000,1.0765058900600089
20130204,13880.080078125,13880.080078125,14009.7900390625,13866.830078125,14009.7900390625,130420000,-0.9258522831237181
20130205,13979.2998046875,13979.2998046875,14013.599609375,13880.080078125,13880.080078125,134390000,0.714835404435954
20130206,13986.51953125,13986.51953125,13991.6103515625,13913.1796875,13979.2998046875,127560000,0.051645838227742935
20130207,13944.0498046875,13944.0498046875,13988.0595703125,13852.2001953125,13986.51953125,118530000,-0.3036475691297613
20130208,13992.9697265625,13992.9697265625,14022.6201171875,13944.0498046875,13944.0498046875,99860000,0.35083008566532126
20130211,13971.240234375,13971.240234375,13992.9697265625,13940.41015625,13992.9697265625,75090000,-0.15528863859578523
20130212,14018.7001953125,14018.7001953125,14038.9697265625,13968.9404296875,13971.240234375,117180000,0.3396975511216871
20130213,13982.91015625,13982.91015625,14029.349609375,13945.7802734375,14018.7001953125,130520000,-0.25530212190761903
20130214,13973.3896484375,13973.3896484375,13990.3603515625,13921.9404296875,13982.91015625,114800000,-0.06808674092956268
20130215,13981.759765625,13981.759765625,14001.9296875,13906.73046875,13973.3896484375,195670000,0.05990040640164729
20130219,14035.669921875,14035.669921875,14044.8203125,13977.900390625,13981.759765625,136410000,0.385574900110508
20130220,13927.5400390625,13927.5400390625,14058.26953125,13919.2802734375,14035.669921875,138540000,-0.7703934576288152
20130221,13880.6201171875,13880.6201171875,13927.5400390625,13834.400390625,13927.5400390625,131410000,-0.3368859234538446
20130222,14000.5703125,14000.5703125,14001.1904296875,13880.6201171875,13880.6201171875,139850000,0.8641558828050622
20130225,13784.169921875,13784.169921875,14081.580078125,13784.009765625,14000.5703125,152190000,-1.5456541111885547
20130226,13900.1298828125,13900.1298828125,13918.4404296875,13784.169921875,13784.169921875,132580000,0.8412545811226302
20130227,14075.3701171875,14075.3701171875,14104.8603515625,13880.1904296875,13900.1298828125,107010000,1.2607093304335626
20130228,14054.490234375,14054.490234375,14149.150390625,14050.1796875,14075.3701171875,177150000,-0.14834340154937786
20130301,14089.66015625,14089.66015625,14107.08984375,13937.599609375,14054.490234375,125920000,0.2502397546157997
20130304,14127.8203125,14127.8203125,14128.2099609375,14030.3701171875,14089.66015625,110810000,0.27083801757328274
20130305,14253.76953125,14253.76953125,14286.3701171875,14127.8203125,14127.8203125,112100000,0.891497881230574
20130306,14296.240234375,14296.240234375,14320.650390625,14253.0,14253.76953125,116510000,0.2979612026972056
20130307,14329.490234375,14329.490234375,14354.6904296875,14296.240234375,14296.240234375,117080000,0.232578632248015
20130308,14397.0703125,14397.0703125,14413.169921875,14329.490234375,14329.490234375,115630000,0.47161536816489047
20130311,14447.2900390625,14447.2900390625,14448.0595703125,14373.3203125,14397.0703125,94880000,0.34881906854964395
20130312,14450.0595703125,14450.0595703125,14478.7998046875,14412.0595703125,14447.2900390625,102100000,0.01916990136221486
20130313,14455.2802734375,14455.2802734375,14472.7998046875,14411.66015625,14450.0595703125,83920000,0.03612928444756136
20130314,14539.1396484375,14539.1396484375,14539.2900390625,14455.2802734375,14455.2802734375,117390000,0.5801297063336541
20130315,14514.1103515625,14514.1103515625,14539.1396484375,14470.5,14539.1396484375,407770000,-0.1721511552967958
20130318,14452.0595703125,14452.0595703125,14521.58984375,14404.2099609375,14514.1103515625,119640000,-0.42752039048208346
20130319,14455.8203125,14455.8203125,14514.33984375,14382.08984375,14452.0595703125,122170000,0.026022188527541346
20130320,14511.73046875,14511.73046875,14546.8203125,14455.8203125,14455.8203125,121240000,0.3867657112592626
20130321,14421.490234375,14421.490234375,14511.73046875,14383.01953125,14511.73046875,110450000,-0.6218433740161178
20130322,14512.0302734375,14512.0302734375,14519.9501953125,14421.490234375,14421.490234375,101450000,0.6278133368400995
20130325,14447.75,14447.75,14563.75,14395.0,14512.0302734375,124840000,-0.4429447308634482
20130326,14559.650390625,14559.650390625,14561.5400390625,14447.75,14447.75,96030000,0.7745177666072633
20130327,14526.16015625,14526.16015625,14559.650390625,14439.5498046875,14559.650390625,92680000,-0.23002086915880904
20130328,14578.5400390625,14578.5400390625,14585.099609375,14520.8603515625,14526.16015625,153710000,0.3605900131148143
20130401,14572.849609375,14572.849609375,14605.7197265625,14531.48046875,14578.5400390625,91400000,-0.03903291874394199
20130402,14662.009765625,14662.009765625,14684.490234375,14572.849609375,14572.849609375,98420000,0.6118237588387698
20130403,14550.349609375,14550.349609375,14683.1298828125,14525.3603515625,14662.009765625,127140000,-0.7615610549638774
20130404,14606.1103515625,14606.1103515625,14625.240234375,14538.7197265625,14550.349609375,104790000,0.3832261332852971
20130405,14565.25,14565.25,14606.1103515625,14434.4296875,14606.1103515625,131250000,-0.27974834215961364
20130408,14613.48046875,14613.48046875,14613.48046875,14497.7998046875,14565.25,106680000,0.33113382022278426
20130409,14673.4599609375,14673.4599609375,14716.4599609375,14598.5,14613.48046875,128580000,0.41043947275778425
20130410,14802.240234375,14802.240234375,14826.66015625,14673.4599609375,14673.4599609375,120520000,0.8776408139615999
20130411,14865.1396484375,14865.1396484375,14887.509765625,14785.3603515625,14802.240234375,144570000,0.42493172024347103
20130412,14865.0595703125,14865.0595703125,14865.2099609375,14790.5703125,14865.1396484375,119570000,-0.0005386974283094759
20130415,14599.2001953125,14599.2001953125,14865.0595703125,14598.580078125,14865.0595703125,161680000,-1.7884850964940413
20130416,14756.7802734375,14756.7802734375,14761.73046875,14599.2001953125,14599.2001953125,126320000,1.0793747329774561
20130417,14618.58984375,14618.58984375,14756.7802734375,14560.8095703125,14756.7802734375,168010000,-0.9364538004014711
20130418,14537.1396484375,14537.1396484375,14650.259765625,14495.2900390625,14618.58984375,158050000,-0.5571686201136794
20130419,14547.509765625,14547.509765625,14553.73046875,14444.0302734375,14537.1396484375,207200000,0.07133533444878548
20130422,14567.169921875,14567.169921875,14588.830078125,14457.599609375,14547.509765625,146890000,0.13514447879221514
20130423,14719.4599609375,14719.4599609375,14721.419921875,14554.2900390625,14567.169921875,137320000,1.0454332576557146
20130424,14676.2998046875,14676.2998046875,14747.419921875,14666.5400390625,14719.4599609375,138020000,-0.29321834064930385
20130425,14700.7998046875,14700.7998046875,14768.0498046875,14665.4501953125,14676.2998046875,129600000,0.16693581029310067
20130426,14712.5498046875,14712.5498046875,14743.490234375,14684.8203125,14700.7998046875,128910000,0.0799276240484037
20130429,14818.75,14818.75,14844.9599609375,14712.5498046875,14712.5498046875,97060000,0.721834058149895
20130430,14839.7998046875,14839.7998046875,14839.7998046875,14734.4697265625,14818.75,148250000,0.14204845002108168
20130501,14700.9501953125,14700.9501953125,14839.7998046875,14687.0498046875,14839.7998046875,112620000,-0.9356568902711304
20130502,14831.580078125,14831.580078125,14834.6298828125,14700.9501953125,14700.9501953125,91180000,0.8885812214652011
20130503,14973.9599609375,14973.9599609375,15009.58984375,14831.580078125,14831.580078125,119890000,0.9599778449937091
20130506,14968.8896484375,14968.8896484375,14988.8701171875,14941.08984375,14973.9599609375,116160000,-0.03386086588469395
20130507,15056.2001953125,15056.2001953125,15056.669921875,14968.8896484375,14968.8896484375,117230000,0.5832800489922407
20130508,15105.1201171875,15105.1201171875,15106.8095703125,15021.8701171875,15056.2001953125,113510000,0.3249154583520486
20130509,15082.6201171875,15082.6201171875,15144.830078125,15046.8701171875,15105.1201171875,97810000,-0.1489561143866558
20130510,15118.490234375,15118.490234375,15118.490234375,15038.1796875,15082.6201171875,98980000,0.23782417715754178
20130513,15091.6796875,15091.6796875,15113.419921875,15053.4599609375,15113.419921875,94280000,-0.17733613912083168
20130514,15215.25,15215.25,15219.5498046875,15089.2998046875,15091.6796875,124590000,0.8187976094029548
20130515,15275.6904296875,15275.6904296875,15301.33984375,15175.3896484375,15211.8701171875,124030000,0.39723586327862215
20130516,15233.2197265625,15233.2197265625,15302.490234375,15215.8203125,15273.919921875,145090000,-0.2780280427944537
20130517,15354.400390625,15354.400390625,15357.400390625,15234.75,15234.75,175750000,0.7955026333086757
20130520,15335.2802734375,15335.2802734375,15391.83984375,15314.150390625,15348.330078125,116420000,-0.12452532629781965
20130521,15387.580078125,15387.580078125,15434.5,15325.6796875,15334.9697265625,122970000,0.34104237910856927
20130522,15307.169921875,15307.169921875,15542.400390625,15265.9599609375,15387.1201171875,171850000,-0.5225653146352149
20130523,15294.5,15294.5,15348.41015625,15180.23046875,15300.5703125,148810000,-0.08277115848105421
20130524,15303.099609375,15303.099609375,15306.7099609375,15199.6298828125,15290.740234375,105660000,0.0562268094739915
20130528,15409.3896484375,15409.3896484375,15521.490234375,15307.330078125,15307.330078125,130680000,0.6945654264537637
20130529,15302.7998046875,15302.7998046875,15400.25,15229.5302734375,15399.9404296875,114020000,-0.6917200887369912
20130530,15324.5302734375,15324.5302734375,15398.7001953125,15280.990234375,15306.01953125,121150000,0.14200322181137093
20130531,15115.5703125,15115.5703125,15392.3798828125,15115.5703125,15322.2197265625,208830000,-1.3635651939015503
20130603,15254.0302734375,15254.0302734375,15254.1103515625,15123.5498046875,15123.5498046875,147980000,0.9160088443569858
20130604,15177.5400390625,15177.5400390625,15304.98046875,15100.7802734375,15255.2197265625,134280000,-0.5014427859645454
20130605,14960.58984375,14960.58984375,15168.6298828125,14945.5703125,15168.099609375,141400000,-1.429416063170541
20130606,15040.6201171875,15040.6201171875,15040.6201171875,14844.2197265625,14955.4501953125,140410000,0.5349406291686565
20130607,15248.1201171875,15248.1201171875,15255.580078125,15044.4599609375,15044.4599609375,137380000,1.379597372869501
20130610,15238.58984375,15238.58984375,15300.6396484375,15211.25,15247.8095703125,94250000,-0.06250130090960093
20130611,15122.01953125,15122.01953125,15251.0703125,15086.08984375,15231.3798828125,101610000,-0.7649678460754039
20130612,14995.23046875,14995.23046875,15241.2802734375,14981.2099609375,15130.3896484375,105770000,-0.8384400128434444
20130613,15176.080078125,15176.080078125,15202.26953125,14953.4501953125,14992.5400390625,104490000,1.206047547931255
20130614,15070.1796875,15070.1796875,15205.919921875,15044.7998046875,15178.080078125,107430000,-0.6978112271405768
20130617,15179.849609375,15179.849609375,15261.7099609375,15078.7099609375,15078.7099609375,139250000,0.727728030780983
20130618,15318.23046875,15318.23046875,15340.08984375,15186.2998046875,15186.2998046875,99210000,0.9116088955817947
20130619,15112.1904296875,15112.1904296875,15322.0703125,15112.1103515625,15315.4697265625,111380000,-1.3450642323395767
20130620,14758.3203125,14758.3203125,15105.509765625,14732.0302734375,15105.509765625,172630000,-2.3416202888254523
20130621,14799.400390625,14799.400390625,14858.5595703125,14688.4296875,14760.6201171875,420080000,0.27835198894692326
20130624,14659.5595703125,14659.5595703125,14795.7900390625,14551.26953125,14795.7900390625,158670000,-0.9449086896864078
20130625,14760.3095703125,14760.3095703125,14812.0302734375,14669.6904296875,14669.6904296875,135940000,0.6872648493753575
20130626,14910.1396484375,14910.1396484375,14938.98046875,14769.6796875,14769.990234375,133230000,1.0150876403456577
20130627,15024.490234375,15024.490234375,15075.009765625,14921.2802734375,14921.2802734375,113650000,0.766931689667194
20130628,14909.599609375,14909.599609375,15034.6298828125,14884.7998046875,15016.580078125,230000000,-0.7646890058015998
20130701,14974.9599609375,14974.9599609375,15083.2802734375,14911.599609375,14911.599609375,120570000,0.4383776444365495
20130702,14932.41015625,14932.41015625,15049.2197265625,14870.509765625,14974.9599609375,116610000,-0.28413968917774257
20130703,14988.3701171875,14988.3701171875,15025.900390625,14858.9296875,14923.73046875,61000000,0.37475504859527664
20130705,15135.83984375,15135.83984375,15137.509765625,14971.2001953125,14995.4599609375,94560000,0.9838943488151175
20130708,15224.6904296875,15224.6904296875,15262.7197265625,15137.2197265625,15137.2197265625,136820000,0.5870211818750803
20130709,15300.33984375,15300.33984375,15320.419921875,15228.4599609375,15228.4599609375,109270000,0.4968863860442596
20130710,15291.66015625,15291.66015625,15348.9501953125,15258.8896484375,15298.0302734375,105050000,-0.056728723601162656
20130711,15460.919921875,15460.919921875,15483.5498046875,15298.0,15298.0,124950000,1.106876322750483
20130712,15464.2998046875,15464.2998046875,15498.3896484375,15410.26953125,15460.6904296875,130140000,0.0218608131312914
20130715,15484.259765625,15484.259765625,15509.48046875,15455.76953125,15459.6904296875,99430000,0.12907122333110088
20130716,15451.849609375,15451.849609375,15498.16015625,15415.7099609375,15485.0302734375,105970000,-0.2093103366939797
20130717,15470.51953125,15470.51953125,15502.0,15438.1201171875,15456.919921875,126240000,0.12082645344717591
20130718,15548.5400390625,15548.5400390625,15589.400390625,15465.91015625,15465.91015625,136270000,0.5043173091562991
20130719,15543.740234375,15543.740234375,15544.5498046875,15491.9599609375,15524.26953125,229260000,-0.030869809483347055
20130722,15545.5498046875,15545.5498046875,15576.2099609375,15516.2001953125,15543.9697265625,180920000,0.011641794608086009
20130723,15567.740234375,15567.740234375,15604.2197265625,15544.0595703125,15547.0,98700000,0.14274457942176078
20130724,15542.240234375,15542.240234375,15602.599609375,15496.83984375,15576.6904296875,99320000,-0.1638002665518168
20130725,15555.6103515625,15555.6103515625,15560.330078125,15455.58984375,15539.169921875,103260000,0.08602438892901798
20130726,15558.830078125,15558.830078125,15560.9697265625,15405.16015625,15547.849609375,94880000,0.020698169276123224
20130729,15521.9697265625,15521.9697265625,15557.1396484375,15482.26953125,15557.1396484375,87240000,-0.23690953225541378
20130730,15520.58984375,15520.58984375,15593.91015625,15479.1298828125,15534.490234375,117550000,-0.008889869242167947
20130731,15499.5400390625,15499.5400390625,15634.3203125,15492.9599609375,15528.5703125,145120000,-0.1356250303591211
20130801,15628.01953125,15628.01953125,15650.6904296875,15503.849609375,15503.849609375,111040000,0.8289245478491747
20130802,15658.3603515625,15658.3603515625,15658.4296875,15558.6796875,15627.5595703125,104840000,0.19414373172383925
20130805,15612.1298828125,15612.1298828125,15655.2099609375,15584.830078125,15651.98046875,76850000,-0.2952446342530779
20130806,15518.740234375,15518.740234375,15608.4404296875,15473.400390625,15608.4404296875,87730000,-0.5981864687169547
20130807,15470.669921875,15470.669921875,15516.2099609375,15421.75,15516.2099609375,88430000,-0.30975653805661585
20130808,15498.3203125,15498.3203125,15557.1201171875,15418.599609375,15477.26953125,90990000,0.1787278169893769
20130809,15425.509765625,15425.509765625,15507.759765625,15346.650390625,15496.6298828125,81180000,-0.46979637410303754
20130812,15419.6796875,15419.6796875,15441.75,15359.9296875,15415.2197265625,78060000,-0.037795043493427105
20130813,15451.009765625,15451.009765625,15504.1396484375,15342.33984375,15420.6796875,84790000,0.20318241857124608
20130814,15337.66015625,15337.66015625,15453.080078125,15316.6201171875,15447.7099609375,91030000,-0.7336064832939138
20130815,15112.1904296875,15112.1904296875,15332.7099609375,15094.0302734375,15332.7099609375,128340000,-1.4700399165554767
20130816,15081.4697265625,15081.4697265625,15139.76953125,15054.3798828125,15112.5703125,151620000,-0.20328425100208936
20130819,15010.740234375,15010.740234375,15106.3896484375,15005.419921875,15076.7900390625,111660000,-0.46898275479694274
20130820,15002.990234375,15002.990234375,15074.919921875,14992.16015625,15011.8203125,102340000,-0.0516296989954701
20130821,14897.5498046875,14897.5498046875,15019.7001953125,14880.83984375,14993.8095703125,98340000,-0.7027960962469604
20130822,14963.740234375,14963.740234375,14989.1201171875,14899.0,14908.599609375,153490000,0.44430413427229976
20130823,15010.509765625,15010.509765625,15025.5595703125,14931.240234375,14988.7802734375,131860000,0.31255241348389085
20130826,14946.4599609375,14946.4599609375,15049.98046875,14945.240234375,15014.580078125,102820000,-0.42669973030614594
20130827,14776.1298828125,14776.1298828125,14939.25,14765.419921875,14939.25,118610000,-1.13960147466462
20130828,14824.509765625,14824.509765625,14867.400390625,14760.41015625,14770.990234375,104620000,0.32741917671401666
20130829,14840.9501953125,14840.9501953125,14916.009765625,14792.1103515625,14817.91015625,93170000,0.11090032619913703
20130830,14810.3095703125,14810.3095703125,14848.240234375,14762.349609375,14844.099609375,135850000,-0.20645999478980936
20130903,14833.9599609375,14833.9599609375,14933.349609375,14777.48046875,14801.5498046875,142530000,0.159688698691407
20130904,14930.8701171875,14930.8701171875,14956.740234375,14799.08984375,14832.419921875,122150000,0.6532992977276164
20130905,14937.48046875,14937.48046875,14987.4697265625,14923.26953125,14929.490234375,101010000,0.044273049799636865
20130906,14922.5,14922.5,15009.83984375,14789.400390625,14941.5498046875,108410000,-0.10028778803319316
20130909,15063.1201171875,15063.1201171875,15088.41015625,14927.1904296875,14927.1904296875,90660000,0.9423361848718281
20130910,15191.0595703125,15191.0595703125,15192.1298828125,15067.23046875,15067.23046875,103200000,0.8493555925310314
20130911,15326.599609375,15326.599609375,15326.599609375,15194.1298828125,15194.1298828125,102090000,0.8922355839311003
20130912,15300.6396484375,15300.6396484375,15345.3203125,15283.259765625,15327.1396484375,99760000,-0.1693784766297446
20130913,15376.0595703125,15376.0595703125,15380.9697265625,15312.8603515625,15312.8603515625,90890000,0.4929200582977078
20130916,15494.7802734375,15494.7802734375,15549.8701171875,15381.3603515625,15381.3603515625,105740000,0.772113964453025
20130917,15529.73046875,15529.73046875,15555.0703125,15503.150390625,15503.150390625,104480000,0.2255610902234917
20130918,15676.9404296875,15676.9404296875,15709.580078125,15470.16015625,15533.0302734375,145410000,0.94792347641659
20130919,15636.5498046875,15636.5498046875,15695.8896484375,15625.4501953125,15677.8603515625,116280000,-0.25764354454975713
20130920,15451.08984375,15451.08984375,15654.76953125,15448.08984375,15635.08984375,379650000,-1.1860670240816384
20130923,15401.3798828125,15401.3798828125,15466.9501953125,15368.25,15452.3095703125,94920000,-0.3217246255131201
20130924,15334.58984375,15334.58984375,15433.75,15327.1396484375,15402.5400390625,85430000,-0.43366269497082666
20130925,15273.259765625,15273.259765625,15372.48046875,15253.16015625,15339.01953125,81890000,-0.39994599627323213
20130926,15328.2998046875,15328.2998046875,15387.1904296875,15274.419921875,15274.419921875,79050000,0.3603686436760345
20130927,15258.240234375,15258.240234375,15317.4501953125,15211.8095703125,15317.4501953125,95660000,-0.45706028199602455
20130930,15129.669921875,15129.669921875,15249.8203125,15086.7099609375,15249.8203125,122330000,-0.8426287076693573
20131001,15191.7001953125,15191.7001953125,15208.400390625,15110.33984375,15132.490234375,82460000,0.40999092351521327
20131002,15133.1396484375,15133.1396484375,15182.650390625,15044.7099609375,15182.650390625,86090000,-0.3854772416656105
20131003,14996.48046875,14996.48046875,15127.23046875,14947.0302734375,15127.23046875,91300000,-0.903045784696832
20131004,15072.580078125,15072.580078125,15083.990234375,14972.330078125,14994.6796875,75100000,0.507449794860726
20131007,14936.240234375,14936.240234375,15069.2998046875,14920.830078125,15069.2998046875,79620000,-0.9045554446771242
20131008,14776.5302734375,14776.5302734375,14938.0400390625,14773.4697265625,14938.0400390625,102690000,-1.0692782014173563
20131009,14802.98046875,14802.98046875,14852.5,14719.4296875,14778.1904296875,103190000,0.17900139493536305
20131010,15126.0703125,15126.0703125,15126.0703125,14806.3896484375,14806.3896484375,106540000,2.18259994622072
20131011,15237.1103515625,15237.1103515625,15237.2998046875,15100.1298828125,15126.51953125,85730000,0.7340970706101846
20131014,15301.259765625,15301.259765625,15309.48046875,15136.3798828125,15231.330078125,81420000,0.4210077408537183
20131015,15168.009765625,15168.009765625,15301.91015625,15161.330078125,15300.2998046875,91440000,-0.8708433295103735
20131016,15373.830078125,15373.830078125,15374.150390625,15170.7001953125,15170.7001953125,92850000,1.3569368406292082
20131017,15371.650390625,15371.650390625,15376.1103515625,15229.01953125,15369.4599609375,108490000,-0.0141779081004767
20131018,15399.650390625,15399.650390625,15412.9697265625,15321.8095703125,15371.7099609375,156660000,0.1821535052415557
20131021,15392.2001953125,15392.2001953125,15410.1796875,15362.66015625,15401.3203125,93660000,-0.0483789899349607
20131022,15467.66015625,15467.66015625,15518.099609375,15394.2197265625,15394.2197265625,107030000,0.4902480475824422
20131023,15413.330078125,15413.330078125,15465.66015625,15366.1904296875,15465.33984375,90630000,-0.35124949459822696
20131024,15509.2099609375,15509.2099609375,15528.6298828125,15414.1298828125,15414.8701171875,89240000,0.6220581946050352
20131025,15570.2802734375,15570.2802734375,15570.599609375,15512.9599609375,15523.7197265625,109900000,0.3937680426908674
20131028,15568.9296875,15568.9296875,15599.08984375,15533.48046875,15569.1904296875,92760000,-0.008674127336061321
20131029,15680.349609375,15680.349609375,15683.080078125,15572.2099609375,15572.2099609375,86600000,0.715655630229084
20131030,15618.759765625,15618.759765625,15721.0,15574.51953125,15680.740234375,79170000,-0.39278361314837307
20131031,15545.75,15545.75,15651.8603515625,15544.6904296875,15619.919921875,114050000,-0.46744918751926434
20131101,15615.5498046875,15615.5498046875,15649.400390625,15543.25,15558.009765625,101830000,0.44899605800621245
20131104,15639.1201171875,15639.1201171875,15658.900390625,15588.48046875,15621.2001953125,71200000,0.1509412911796737
20131105,15618.2197265625,15618.2197265625,15651.8896484375,15522.1796875,15631.2197265625,91890000,-0.13364172963944432
20131106,15746.8798828125,15746.8798828125,15750.2900390625,15628.7197265625,15628.7197265625,109200000,0.8237824701056162
20131107,15593.98046875,15593.98046875,15797.6796875,15586.330078125,15751.3095703125,103860000,-0.9709822847470129
20131108,15761.7802734375,15761.7802734375,15764.2900390625,15579.349609375,15591.5400390625,101200000,1.0760549881652537
20131111,15783.099609375,15783.099609375,15791.4501953125,15737.2197265625,15759.2802734375,58860000,0.13525969508296765
20131112,15750.669921875,15750.669921875,15793.3798828125,15708.2900390625,15773.150390625,79260000,-0.20547096769722994
20131113,15821.6298828125,15821.6298828125,15822.98046875,15672.0,15739.5,92450000,0.45052027176919474
20131114,15876.2197265625,15876.2197265625,15884.990234375,15798.740234375,15806.2197265625,123860000,0.3450329969436394
20131115,15961.7001953125,15961.7001953125,15962.98046875,15875.900390625,15876.16015625,126460000,0.5384182772866453
20131118,15976.01953125,15976.01953125,16030.2802734375,15942.169921875,15962.7197265625,94860000,0.08971059324685005
20131119,15967.0302734375,15967.0302734375,16025.849609375,15943.7802734375,15974.0595703125,84570000,-0.05626719343273523
20131120,15900.8203125,15900.8203125,16016.849609375,15865.3701171875,15971.2001953125,84350000,-0.41466672138553706
20131121,16009.990234375,16009.990234375,16016.0400390625,15908.0703125,15908.0703125,79000000,0.6865678608365844
20131122,16064.76953125,16064.76953125,16068.7802734375,15976.26953125,16008.7099609375,81000000,0.34215696620092384
20131125,16072.5400390625,16072.5400390625,16109.6298828125,16055.4599609375,16072.08984375,94040000,0.048369867973430125
20131126,16072.7998046875,16072.7998046875,16120.25,16070.9296875,16070.9296875,107450000,0.0016162076707848527
20131127,16097.330078125,16097.330078125,16107.990234375,16057.33984375,16073.3701171875,65730000,0.1526197907992799
20131129,16086.41015625,16086.41015625,16174.509765625,16074.1396484375,16105.16015625,69190000,-0.06783685134119644
20131202,16008.76953125,16008.76953125,16098.0,15986.23046875,16087.1201171875,92590000,-0.48264730443811077
20131203,15914.6201171875,15914.6201171875,16004.7197265625,15859.6796875,16004.7197265625,103910000,-0.5881114965064271
20131204,15889.76953125,15889.76953125,15960.3603515625,15791.2900390625,15910.509765625,111180000,-0.15614941327227738
20131205,15821.509765625,15821.509765625,15896.1904296875,15809.3701171875,15886.5,128080000,-0.429583106858511
20131206,16020.2001953125,16020.2001953125,16022.349609375,15825.5498046875,15825.5498046875,98260000,1.2558247135124212
20131209,16025.5302734375,16025.5302734375,16058.400390625,16015.2900390625,16019.490234375,91810000,0.03327098325873745
20131210,15973.1298828125,15973.1298828125,16029.0595703125,15969.5302734375,16024.1201171875,79420000,-0.32698069724316214
20131211,15843.5302734375,15843.5302734375,15997.2197265625,15827.7001953125,15970.75,107170000,-0.8113601424756034
20131212,15739.4296875,15739.4296875,15845.1103515625,15703.7900390625,15844.8203125,105870000,-0.6570542305967653
20131213,15755.3603515625,15755.3603515625,15792.7998046875,15717.919921875,15745.66015625,83180000,0.10121500193334132
20131216,15884.5703125,15884.5703125,15930.3095703125,15759.599609375,15759.599609375,101470000,0.8201015911685205
20131217,15875.259765625,15875.259765625,15917.9599609375,15836.4501953125,15884.0595703125,101490000,-0.058613778602956135
20131218,16167.9697265625,16167.9697265625,16173.0400390625,15808.919921875,15876.5703125,129620000,1.8438121029761723
20131219,16179.080078125,16179.080078125,16194.7197265625,16121.5400390625,16162.509765625,94980000,0.06871828529124713
20131220,16221.1396484375,16221.1396484375,16287.83984375,16178.5703125,16178.5703125,285190000,0.2599626808780453
20131223,16294.6103515625,16294.6103515625,16318.1103515625,16225.25,16225.25,78930000,0.4529318205584776
20131224,16357.5498046875,16357.5498046875,16360.599609375,16295.7001953125,16295.7001953125,33640000,0.3862593321782848
20131226,16479.880859375,16479.880859375,16483.0,16370.9697265625,16370.9697265625,50160000,0.7478568376569683
20131227,16478.41015625,16478.41015625,16529.009765625,16461.23046875,16486.369140625,47230000,-0.008924233964735517
20131230,16504.2890625,16504.2890625,16504.349609375,16476.869140625,16484.509765625,54220000,0.15704734864960823
20131231,16576.66015625,16576.66015625,16588.25,16511.48046875,16512.380859375,78760000,0.43849870464542917
20140102,16441.349609375,16441.349609375,16573.0703125,16416.490234375,16572.169921875,80960000,-0.8162714660225667
20140103,16469.990234375,16469.990234375,16518.740234375,16439.30078125,16456.890625,72770000,0.17419874694271087
20140106,16425.099609375,16425.099609375,16532.990234375,16405.51953125,16474.0390625,89380000,-0.27256011910867795
20140107,16530.939453125,16530.939453125,16562.3203125,16429.01953125,16429.01953125,81270000,0.6443787025169012
20140108,16462.740234375,16462.740234375,16528.880859375,16416.689453125,16527.66015625,103260000,-0.41255500900831965
20140109,16444.759765625,16444.759765625,16525.349609375,16378.6103515625,16471.41015625,83990000,-0.10921917307822326
20140110,16437.05078125,16437.05078125,16487.650390625,16379.01953125,16453.619140625,85190000,-0.04687806015333251
20140113,16257.9404296875,16257.9404296875,16453.130859375,16240.599609375,16434.029296875,111680000,-1.0896745039372546
20140114,16373.8603515625,16373.8603515625,16373.919921875,16260.830078125,16261.990234375,98610000,0.7130049613377043
20140115,16481.939453125,16481.939453125,16505.279296875,16376.7802734375,16378.0302734375,101130000,0.6600709865721255
20140116,16417.009765625,16417.009765625,16477.69921875,16375.5595703125,16477.69921875,87370000,-0.39394446075148304
20140117,16458.560546875,16458.560546875,16495.259765625,16378.7998046875,16408.01953125,184970000,0.253095916023649
20140121,16414.439453125,16414.439453125,16520.599609375,16316.25,16459.26953125,111570000,-0.26807383078453206
20140122,16373.33984375,16373.33984375,16453.490234375,16332.98046875,16420.48046875,87470000,-0.25038691995769025
20140123,16197.349609375,16197.349609375,16372.9599609375,16140.580078125,16371.990234375,100540000,-1.074858495911446
20140124,15879.1103515625,15879.1103515625,16203.2900390625,15879.1103515625,16203.2900390625,141450000,-1.9647613065553848
20140127,15837.8798828125,15837.8798828125,15942.76953125,15783.5498046875,15879.0498046875,127540000,-0.25965225908227696
20140128,15928.5595703125,15928.5595703125,15945.8896484375,15840.83984375,15840.83984375,89110000,0.5725494079444671
20140129,15738.7900390625,15738.7900390625,15927.080078125,15708.98046875,15927.080078125,109590000,-1.1913791100338411
20140130,15848.6103515625,15848.6103515625,15907.5302734375,15733.26953125,15743.0302734375,92100000,0.6977684575970144
20140131,15698.849609375,15698.849609375,15847.1904296875,15617.5498046875,15847.1904296875,137090000,-0.9449455748196556
20140203,15372.7998046875,15372.7998046875,15708.5400390625,15356.169921875,15697.6904296875,151050000,-2.076902529805691
20140204,15445.240234375,15445.240234375,15481.849609375,15356.6201171875,15372.9296875,124110000,0.47122469952032286
20140205,15440.23046875,15440.23046875,15478.2099609375,15340.6904296875,15443.0,105130000,-0.03243566010614485
20140206,15628.5302734375,15628.5302734375,15632.08984375,15443.0,15443.830078125,106980000,1.2195401167657938
20140207,15794.080078125,15794.080078125,15798.509765625,15625.5302734375,15630.6396484375,105780000,1.0592794190562582
20140210,15801.7900390625,15801.7900390625,15801.7900390625,15733.6904296875,15793.6298828125,84110000,0.04881551125082151
20140211,15994.76953125,15994.76953125,16027.1904296875,15803.400390625,15804.169921875,95930000,1.2212508311428616
20140212,15963.9404296875,15963.9404296875,16036.5595703125,15928.75,15993.0400390625,77310000,-0.19274489389964344
20140213,16027.58984375,16027.58984375,16039.3701171875,15863.25,15946.990234375,99470000,0.3987074140174851
20140214,16154.3896484375,16154.3896484375,16175.5498046875,15985.3896484375,16018.080078125,84060000,0.791134574341168
20140218,16130.400390625,16130.400390625,16167.330078125,16107.0400390625,16153.9697265625,91250000,-0.14849993304959508
20140219,16040.5595703125,16040.5595703125,16225.7197265625,16031.66015625,16126.23046875,80560000,-0.5569658417451051
20140220,16133.23046875,16133.23046875,16161.6396484375,16006.58984375,16044.150390625,77720000,0.5777285887770045
20140221,16103.2998046875,16103.2998046875,16191.919921875,16093.7998046875,16135.919921875,126580000,-0.18552182788484917
20140224,16207.1396484375,16207.1396484375,16300.0400390625,16102.26953125,16102.26953125,244580000,0.6448358101100116
20140225,16179.66015625,16179.66015625,16254.259765625,16147.25,16207.33984375,99470000,-0.16955177029124302
20140226,16198.41015625,16198.41015625,16252.349609375,16155.8603515625,16180.3603515625,93980000,0.11588624123701763
20140227,16272.650390625,16272.650390625,16276.2802734375,16159.8095703125,16197.7001953125,97640000,0.4583180303429746
20140228,16321.7099609375,16321.7099609375,16398.94921875,16226.08984375,16273.23046875,122110000,0.30148481737655164
20140303,16168.0302734375,16168.0302734375,16321.7099609375,16071.25,16321.7099609375,92760000,-0.9415660973500883
20140304,16395.880859375,16395.880859375,16419.490234375,16169.3203125,16169.3203125,96120000,1.4092662005453782
20140305,16360.1796875,16360.1796875,16406.55078125,16343.9599609375,16395.880859375,73980000,-0.2177447627315865
20140306,16421.890625,16421.890625,16450.169921875,16360.5595703125,16360.5595703125,75900000,0.37720207649767357
20140307,16452.720703125,16452.720703125,16505.69921875,16398.859375,16424.529296875,80690000,0.18773769006881214
20140310,16418.6796875,16418.6796875,16453.099609375,16334.2001953125,16453.099609375,68210000,-0.2069020451950787
20140311,16351.25,16351.25,16460.330078125,16325.169921875,16419.390625,78150000,-0.4106888543013332
20140312,16340.080078125,16340.080078125,16364.740234375,16260.0302734375,16350.669921875,77900000,-0.0683123423285692
20140313,16108.8896484375,16108.8896484375,16405.0703125,16084.099609375,16341.5498046875,86160000,-1.4148671767955534
20140314,16065.669921875,16065.669921875,16165.0498046875,16046.990234375,16106.3203125,85660000,-0.26829736565171514
20140317,16247.2197265625,16247.2197265625,16270.33984375,16066.3701171875,16066.3701171875,88930000,1.130048143465845
20140318,16336.1904296875,16336.1904296875,16369.9404296875,16245.9296875,16245.9296875,79140000,0.5476057111454047
20140319,16222.169921875,16222.169921875,16363.3203125,16126.2900390625,16335.7099609375,90110000,-0.6979626511043335
20140320,16331.0498046875,16331.0498046875,16353.98046875,16160.330078125,16221.98046875,91530000,0.671179523681853
20140321,16302.76953125,16302.76953125,16456.44921875,16290.7900390625,16332.6904296875,353670000,-0.17316874160400175
20140324,16276.6904296875,16276.6904296875,16380.509765625,16215.5595703125,16303.2802734375,110620000,-0.15996730808535142
20140325,16367.8798828125,16367.8798828125,16407.1796875,16279.2001953125,16279.2001953125,89110000,0.5602456686076396
20140326,16268.990234375,16268.990234375,16466.0390625,16268.990234375,16370.7099609375,92770000,-0.6041689525186578
20140327,16264.23046875,16264.23046875,16300.9404296875,16191.7900390625,16268.669921875,93650000,-0.029256675161948298
20140328,16323.0595703125,16323.0595703125,16414.859375,16267.76953125,16267.76953125,86370000,0.36170848461312133
20140331,16457.66015625,16457.66015625,16480.849609375,16324.2197265625,16324.2197265625,104510000,0.8246039007436146
20140401,16532.609375,16532.609375,16565.73046875,16457.599609375,16458.05078125,88010000,0.4554062852096141
20140402,16573.0,16573.0,16588.189453125,16506.599609375,16532.80078125,78120000,0.24430883282755556
20140403,16572.55078125,16572.55078125,16604.150390625,16527.599609375,16572.359375,77220000,-0.002710545767214967
20140404,16412.7109375,16412.7109375,16631.630859375,16392.76953125,16576.01953125,104350000,-0.9644854667203107
20140407,16245.8701171875,16245.8701171875,16421.380859375,16244.009765625,16414.150390625,116540000,-1.0165342029591184
20140408,16256.1396484375,16256.1396484375,16296.8603515625,16180.2802734375,16245.16015625,98510000,0.06321318080177996
20140409,16437.1796875,16437.1796875,16438.8203125,16256.3701171875,16256.3701171875,91550000,1.1136717755737324
20140410,16170.2197265625,16170.2197265625,16456.119140625,16153.33984375,16437.240234375,112550000,-1.62412266588845
20140411,16026.75,16026.75,16168.8701171875,16015.3203125,16168.8701171875,119550000,-0.8872466112926358
20140414,16173.240234375,16173.240234375,16184.759765625,16028.2900390625,16028.2900390625,90020000,0.9140358112218694
20140415,16262.5595703125,16262.5595703125,16272.9501953125,16063.2001953125,16173.490234375,97850000,0.5522661794614248
20140416,16424.849609375,16424.849609375,16424.849609375,16266.23046875,16266.23046875,94650000,0.9979366308287885
20140417,16408.5390625,16408.5390625,16460.490234375,16368.1396484375,16424.140625,136190000,-0.09930408656947387
20140421,16449.25,16449.25,16459.779296875,16402.080078125,16408.919921875,79500000,0.2481082401360135
20140422,16514.369140625,16514.369140625,16565.7109375,16449.380859375,16449.380859375,84830000,0.3958790864325046
20140423,16501.650390625,16501.650390625,16525.990234375,16477.279296875,16513.73046875,76830000,-0.0770162631808402
20140424,16501.650390625,16501.650390625,16541.259765625,16452.30078125,16503.390625,80340000,0.0
20140425,16361.4599609375,16361.4599609375,16503.259765625,16333.7802734375,16503.259765625,90630000,-0.8495539922912521
20140428,16448.740234375,16448.740234375,16500.369140625,16312.66015625,16363.2001953125,105510000,0.5334503989612216
20140429,16535.369140625,16535.369140625,16559.390625,16451.1796875,16451.1796875,71240000,0.5266598232791075
20140430,16580.83984375,16580.83984375,16592.279296875,16510.869140625,16534.859375,92970000,0.2749905535116559
20140501,16558.869140625,16558.869140625,16604.7890625,16525.25,16580.259765625,75630000,-0.13250657585527348
20140502,16512.890625,16512.890625,16620.060546875,16488.310546875,16562.33984375,78910000,-0.2776670027073158
20140505,16530.55078125,16530.55078125,16547.919921875,16377.08984375,16509.75,70320000,0.10694769711163676
20140506,16401.01953125,16401.01953125,16529.849609375,16399.990234375,16529.849609375,74340000,-0.7835870184490279
20140507,16518.5390625,16518.5390625,16522.939453125,16357.349609375,16401.66015625,93870000,0.71653796293627
20140508,16550.970703125,16550.970703125,16622.94921875,16502.009765625,16518.16015625,75620000,0.19633479996197245
20140509,16583.33984375,16583.33984375,16588.76953125,16498.7109375,16551.23046875,74980000,0.1955724604049358
20140512,16695.470703125,16695.470703125,16704.83984375,16584.8203125,16584.8203125,71550000,0.676165720726396
20140513,16715.439453125,16715.439453125,16735.509765625,16695.919921875,16695.919921875,71340000,0.11960579222400902
20140514,16613.970703125,16613.970703125,16717.560546875,16595.0,16716.080078125,71970000,-0.6070360895060412
20140515,16446.810546875,16446.810546875,16622.900390625,16397.4609375,16613.51953125,106610000,-1.0061421151931982
20140516,16491.310546875,16491.310546875,16498.990234375,16414.3203125,16447.3203125,119330000,0.2705691773682739
20140519,16511.859375,16511.859375,16526.259765625,16442.119140625,16490.349609375,82180000,0.1246039729019266
20140520,16374.3095703125,16374.3095703125,16511.220703125,16341.2998046875,16511.220703125,75150000,-0.8330364349866004
20140521,16533.060546875,16533.060546875,16544.599609375,16376.169921875,16376.169921875,76730000,0.9695124907759478
20140522,16543.080078125,16543.080078125,16565.390625,16489.609375,16532.740234375,59250000,0.06060300342813907
20140523,16606.26953125,16606.26953125,16613.0703125,16544.490234375,16544.490234375,61340000,0.3819690941867293
20140527,16675.5,16675.5,16688.689453125,16607.419921875,16607.419921875,80870000,0.4168935631191584
20140528,16633.1796875,16633.1796875,16674.98046875,16620.220703125,16674.98046875,62480000,-0.2537873676951241
20140529,16698.740234375,16698.740234375,16698.740234375,16620.4296875,16637.740234375,55500000,0.39415522531911495
20140530,16717.169921875,16717.169921875,16721.220703125,16648.849609375,16697.330078125,105190000,0.11036573562634988
20140602,16743.630859375,16743.630859375,16756.640625,16682.0703125,16716.849609375,57560000,0.15828598754250578
20140603,16722.33984375,16722.33984375,16736.69921875,16690.009765625,16736.69921875,67830000,-0.12715889285792592
20140604,16737.529296875,16737.529296875,16742.91015625,16673.650390625,16720.0,65570000,0.09083330004608925
20140605,16836.109375,16836.109375,16845.810546875,16709.94921875,16739.140625,70460000,0.5889762842321344
20140606,16924.279296875,16924.279296875,16924.279296875,16839.640625,16839.640625,80530000,0.5236953497458563
20140609,16943.099609375,16943.099609375,16970.169921875,16912.919921875,16926.080078125,67130000,0.11120303659533093
20140610,16945.919921875,16945.919921875,16946.33984375,16897.439453125,16940.400390625,64560000,0.01664578834466024
20140611,16843.880859375,16843.880859375,16943.16015625,16821.849609375,16943.16015625,61860000,-0.6021453126795473
20140612,16734.189453125,16734.189453125,16841.5703125,16703.73046875,16840.48046875,72560000,-0.6512240686441739
20140613,16775.740234375,16775.740234375,16787.890625,16718.599609375,16734.640625,95220000,0.24829873813960734
20140616,16781.009765625,16781.009765625,16802.140625,16722.859375,16765.560546875,77900000,0.0314116168728118
20140617,16808.490234375,16808.490234375,16823.55078125,16732.91015625,16779.2109375,63530000,0.16375932756020894
20140618,16906.619140625,16906.619140625,16911.41015625,16755.2890625,16806.119140625,73720000,0.5838055939689113
20140619,16921.4609375,16921.4609375,16923.4296875,16858.880859375,16909.900390625,80220000,0.08778690021671309
20140620,16947.080078125,16947.080078125,16978.01953125,16920.619140625,16920.619140625,247350000,0.15140028818803053
20140623,16937.259765625,16937.259765625,16954.26953125,16896.08984375,16946.5,63640000,-0.05794692923341005
20140624,16818.130859375,16818.130859375,16969.69921875,16805.23046875,16934.619140625,80220000,-0.7033540720192355
20140625,16867.509765625,16867.509765625,16883.5390625,16799.41015625,16817.6796875,73920000,0.29360519705121657
20140626,16846.130859375,16846.130859375,16872.51953125,16746.08984375,16866.810546875,63650000,-0.12674607305441787
20140627,16851.83984375,16851.83984375,16862.73046875,16773.83984375,16846.900390625,137690000,0.03388899458669492
20140630,16826.599609375,16826.599609375,16871.26953125,16801.939453125,16852.490234375,90360000,-0.1497773216991516
20140701,16956.0703125,16956.0703125,16998.69921875,16828.529296875,16828.529296875,74050000,0.7694406839802825
20140702,16976.240234375,16976.240234375,16986.630859375,16949.7109375,16949.7109375,57840000,0.11895398817809433
20140703,17068.259765625,17068.259765625,17074.650390625,16979.0,16979.0,66800000,0.5420489459360356
20140707,17024.2109375,17024.2109375,17063.830078125,16992.44921875,17063.830078125,61480000,-0.258074512163875
20140708,16906.619140625,16906.619140625,17022.08984375,16874.7890625,17022.08984375,75250000,-0.6907327294445986
20140709,16985.609375,16985.609375,16998.94921875,16913.810546875,16916.830078125,67120000,0.4672148447775415
20140710,16915.0703125,16915.0703125,16980.349609375,16805.380859375,16980.349609375,67510000,-0.4152872054376866
20140711,16943.810546875,16943.810546875,16949.4609375,16860.30078125,16918.310546875,61000000,0.16990904468048296
20140714,17055.419921875,17055.419921875,17088.4296875,16950.9296875,16950.9296875,60570000,0.6587029209942585
20140715,17060.6796875,17060.6796875,17120.33984375,17006.390625,17055.029296875,101730000,0.03083926194191733
20140716,17138.19921875,17138.19921875,17139.349609375,17061.91015625,17061.91015625,111500000,0.45437539810795347
20140717,16976.810546875,16976.810546875,17151.560546875,16966.189453125,17133.44921875,99240000,-0.9416897879121033
20140718,17100.1796875,17100.1796875,17113.509765625,16977.51953125,16978.16015625,112530000,0.7266920973427959
20140721,17051.73046875,17051.73046875,17095.109375,16974.33984375,17095.109375,67590000,-0.2833257874209072
20140722,17113.5390625,17113.5390625,17133.4296875,17040.130859375,17054.970703125,77960000,0.3624769571819897
20140723,17086.630859375,17086.630859375,17121.05078125,17058.05078125,17117.009765625,73440000,-0.15723342218537661
20140724,17083.80078125,17083.80078125,17119.830078125,17061.0703125,17092.01953125,66390000,-0.016563113865408763
20140725,16960.5703125,16960.5703125,17082.330078125,16915.650390625,17079.5,67290000,-0.7213293477716598
20140728,16982.58984375,16982.58984375,17001.380859375,16877.720703125,16956.91015625,66190000,0.12982777609649165
20140729,16912.109375,16912.109375,17056.4609375,16912.109375,16984.330078125,75980000,-0.41501602169317087
20140730,16880.359375,16880.359375,16983.939453125,16817.16015625,16920.109375,77750000,-0.18773530430765684
20140731,16563.30078125,16563.30078125,16869.630859375,16563.30078125,16869.630859375,101670000,-1.8782692163507364
20140801,16493.369140625,16493.369140625,16584.75,16437.0703125,16561.69921875,84860000,-0.42220836020899766
20140804,16569.279296875,16569.279296875,16596.220703125,16447.19921875,16493.720703125,76260000,0.4602465124182942
20140805,16429.470703125,16429.470703125,16559.970703125,16369.5498046875,16559.970703125,76630000,-0.8437819849917538
20140806,16443.33984375,16443.33984375,16490.69921875,16372.3203125,16425.099609375,78600000,0.08441623516430852
20140807,16368.26953125,16368.26953125,16504.349609375,16333.7802734375,16448.2890625,80430000,-0.4565393236005799
20140808,16553.9296875,16553.9296875,16556.58984375,16364.2197265625,16369.6796875,82420000,1.1342686891582687
20140811,16569.98046875,16569.98046875,16627.990234375,16557.26953125,16557.26953125,65560000,0.09696054986942926
20140812,16560.5390625,16560.5390625,16589.310546875,16518.060546875,16565.55078125,62770000,-0.05697898236999288
20140813,16651.80078125,16651.80078125,16670.2890625,16567.5390625,16567.5390625,66020000,0.5510793966644112
20140814,16713.580078125,16713.580078125,16714.220703125,16651.669921875,16657.3203125,62370000,0.3710067018370955
20140815,16662.91015625,16662.91015625,16775.26953125,16575.419921875,16717.009765625,109180000,-0.3031661776719985
20140818,16838.740234375,16838.740234375,16840.279296875,16664.44921875,16664.44921875,75670000,1.055218305063299
20140819,16919.58984375,16919.58984375,16929.130859375,16839.060546875,16839.060546875,67220000,0.4801404870534931
20140820,16979.130859375,16979.130859375,16994.890625,16896.55078125,16910.029296875,61960000,0.3519057859844965
20140821,17039.490234375,17039.490234375,17074.58984375,16983.880859375,16983.880859375,65160000,0.35549154724061616
20140822,17001.220703125,17001.220703125,17064.279296875,16984.51953125,17038.26953125,64330000,-0.22459316988718836
20140825,17076.869140625,17076.869140625,17124.740234375,17011.810546875,17011.810546875,57400000,0.4449588580783148
20140826,17106.69921875,17106.69921875,17153.80078125,17079.5703125,17079.5703125,50710000,0.17468118938754884
20140827,17122.009765625,17122.009765625,17134.599609375,17090.609375,17111.029296875,61690000,0.0895002985626725
20140828,17079.5703125,17079.5703125,17119.060546875,17018.330078125,17119.060546875,51860000,-0.2478649043303527
20140829,17098.44921875,17098.44921875,17110.419921875,17035.380859375,17083.419921875,81500000,0.11053501876556737
20140902,17067.560546875,17067.560546875,17113.509765625,17009.0703125,17097.419921875,64820000,-0.18065189117342229
20140903,17078.279296875,17078.279296875,17151.890625,17060.2109375,17067.240234375,62770000,0.06280188648262186
20140904,17069.580078125,17069.580078125,17161.55078125,17030.119140625,17083.609375,68120000,-0.05093732570348175
20140905,17137.359375,17137.359375,17137.359375,17009.619140625,17065.890625,76630000,0.39707653360412376
20140908,17111.419921875,17111.419921875,17137.880859375,17079.169921875,17131.7109375,65640000,-0.15136201883494405
20140909,17013.869140625,17013.869140625,17111.55078125,16993.2890625,17110.390625,69030000,-0.5700916796816613
20140910,17068.7109375,17068.7109375,17080.26953125,16974.5703125,17016.05078125,76780000,0.3223358333234838
20140911,17049.0,17049.0,17057.41015625,16983.880859375,17057.41015625,63650000,-0.1154799420540642
20140912,16987.509765625,16987.509765625,17044.05078125,16937.669921875,17044.05078125,82820000,-0.3606676894539307
20140915,17031.140625,17031.140625,17051.849609375,16951.380859375,16988.759765625,71740000,0.2568408199728589
20140916,17131.970703125,17131.970703125,17167.05078125,16985.55078125,17027.16015625,73200000,0.5920336185645247
20140917,17156.849609375,17156.849609375,17221.109375,17089.009765625,17131.009765625,87810000,0.14521917344547663
20140918,17265.990234375,17265.990234375,17275.369140625,17163.73046875,17163.73046875,85300000,0.6361344156118331
20140919,17279.740234375,17279.740234375,17350.640625,17257.4609375,17267.2109375,349620000,0.07963632443521718
20140922,17172.6796875,17172.6796875,17277.880859375,17159.359375,17271.7109375,74300000,-0.61957266384145
20140923,17055.869140625,17055.869140625,17171.880859375,17055.869140625,17165.91015625,77090000,-0.6802115278492393
20140924,17210.060546875,17210.060546875,17226.599609375,17033.9296875,17056.640625,80530000,0.9040372260052942
20140925,16945.80078125,16945.80078125,17204.859375,16945.80078125,17204.859375,93520000,-1.5354958508439709
20140926,17113.150390625,17113.150390625,17148.150390625,16948.109375,16948.619140625,74670000,0.987557988762422
20140929,17071.220703125,17071.220703125,17107.689453125,16934.4296875,17107.689453125,70220000,-0.24501442775241022
20140930,17042.900390625,17042.900390625,17145.099609375,17017.109375,17070.44921875,102290000,-0.165895063935384
20141001,16804.7109375,16804.7109375,17041.16015625,16776.130859375,17040.4609375,104240000,-1.3975875447586605
20141002,16801.05078125,16801.05078125,16857.25,16674.0390625,16808.26953125,75490000,-0.021780536800741768
20141003,17009.689453125,17009.689453125,17027.83984375,16802.19921875,16802.19921875,87940000,1.2418191849514537
20141006,16991.91015625,16991.91015625,17099.390625,16930.380859375,17010.33984375,655450000,-0.10452452364868581
20141007,16719.390625,16719.390625,16988.25,16715.7890625,16988.25,79420000,-1.6038192807284912
20141008,16994.220703125,16994.220703125,17006.91015625,16663.259765625,16718.650390625,106930000,1.6437804719632299
20141009,16659.25,16659.25,16989.369140625,16649.0390625,16989.369140625,93210000,-1.9710859884466747
20141010,16544.099609375,16544.099609375,16757.599609375,16543.91015625,16654.880859375,136370000,-0.6912099321698117
20141013,16321.0703125,16321.0703125,16602.41015625,16310.4697265625,16535.4296875,107830000,-1.3480896642366513
20141014,16315.1904296875,16315.1904296875,16463.669921875,16273.6396484375,16321.900390625,110410000,-0.036026330993721434
20141015,16141.740234375,16141.740234375,16313.2998046875,15855.1201171875,16313.2998046875,160380000,-1.063120875358503
20141016,16117.240234375,16117.240234375,16211.1201171875,15935.2197265625,16137.1396484375,131670000,-0.15178041304261258
20141017,16380.41015625,16380.41015625,16427.380859375,16118.3896484375,16118.3896484375,137910000,1.63284729921509
20141020,16399.669921875,16399.669921875,16401.630859375,16260.5400390625,16373.150390625,94320000,0.11757804255989601
20141021,16614.810546875,16614.810546875,16620.779296875,16405.76953125,16406.029296875,105110000,1.3118594826901475
20141022,16461.3203125,16461.3203125,16653.890625,16459.849609375,16615.259765625,92050000,-0.9238157362189692
20141023,16677.900390625,16677.900390625,16767.51953125,16468.0703125,16468.0703125,99420000,1.3156908073803653
20141024,16805.41015625,16805.41015625,16811.7109375,16649.720703125,16677.0390625,90400000,0.7645432736645752
20141027,16817.939453125,16817.939453125,16836.98046875,16729.830078125,16796.099609375,72580000,0.07455513884224718
20141028,17005.75,17005.75,17006.44921875,16825.189453125,16825.189453125,83870000,1.116727452839661
20141029,16974.310546875,16974.310546875,17065.5,16895.380859375,17005.0703125,76450000,-0.1848754281639997
20141030,17195.419921875,17195.419921875,17223.9609375,16920.759765625,16968.140625,80180000,1.3026118167768885
20141031,17390.51953125,17390.51953125,17395.5390625,17208.779296875,17208.779296875,121610000,1.1346021804725215
20141103,17366.240234375,17366.240234375,17410.650390625,17339.849609375,17390.900390625,80030000,-0.1396122573070424
20141104,17383.83984375,17383.83984375,17397.23046875,17278.359375,17368.810546875,81390000,0.10134380923836339
20141105,17484.529296875,17484.529296875,17486.58984375,17385.759765625,17385.759765625,76030000,0.5792129588745754
20141106,17554.470703125,17554.470703125,17560.310546875,17440.349609375,17491.66015625,70670000,0.40001881127278427
20141107,17573.9296875,17573.9296875,17575.330078125,17493.369140625,17558.580078125,82860000,0.11084916602774886
20141110,17613.740234375,17613.740234375,17621.869140625,17547.509765625,17568.98046875,71430000,0.2265318433777308
20141111,17614.900390625,17614.900390625,17638.2109375,17584.939453125,17615.640625,52880000,0.006586654705720285
20141112,17612.19921875,17612.19921875,17626.7109375,17536.169921875,17604.75,75980000,-0.01533458501098428
20141113,17652.7890625,17652.7890625,17705.48046875,17583.880859375,17618.689453125,80540000,0.23046436873588316
20141114,17634.740234375,17634.740234375,17664.150390625,17613.19921875,17653.109375,72850000,-0.10224349286165335
20141117,17647.75,17647.75,17675.0703125,17606.810546875,17631.849609375,70330000,0.07377350305188823
20141118,17687.8203125,17687.8203125,17735.7109375,17642.029296875,17643.08984375,87420000,0.22705621113172647
20141119,17685.73046875,17685.73046875,17712.259765625,17624.5,17685.509765625,73780000,-0.011815157057670778
20141120,17719.0,17719.0,17720.439453125,17603.890625,17677.3203125,77740000,0.18811510957257305
20141121,17810.060546875,17810.060546875,17894.830078125,17721.01953125,17721.01953125,140940000,0.513914706670815
20141124,17817.900390625,17817.900390625,17855.26953125,17793.189453125,17812.630859375,85510000,0.04401918639953539
20141125,17814.939453125,17814.939453125,17854.73046875,17790.890625,17819.05078125,88190000,-0.01661776884530619
20141126,17827.75,17827.75,17833.759765625,17791.16015625,17812.25,67450000,0.07190901158382612
20141128,17828.240234375,17828.240234375,17893.419921875,17807.779296875,17830.55078125,80470000,0.0027498387345614717
20141201,17776.80078125,17776.80078125,17827.26953125,17726.55078125,17827.26953125,86390000,-0.2885279334850943
20141202,17879.55078125,17879.55078125,17897.05078125,17778.849609375,17778.849609375,81970000,0.5780005146278855
20141203,17912.619140625,17912.619140625,17924.150390625,17855.58984375,17880.900390625,99400000,0.1849507282346119
20141204,17900.099609375,17900.099609375,17937.9609375,17814.810546875,17910.01953125,76270000,-0.06989224273521444
20141205,17958.7890625,17958.7890625,17991.189453125,17903.05078125,17903.05078125,79110000,0.3278722152711522
20141208,17852.48046875,17852.48046875,17960.560546875,17804.279296875,17954.939453125,88680000,-0.5919585857377507
20141209,17801.19921875,17801.19921875,17847.369140625,17629.5703125,17847.369140625,100400000,-0.287249999179473
20141210,17533.150390625,17533.150390625,17797.990234375,17508.099609375,17797.990234375,115100000,-1.5057908449373714
20141211,17596.33984375,17596.33984375,17758.509765625,17534.30078125,17534.30078125,90100000,0.360399880895268
20141212,17280.830078125,17280.830078125,17590.05078125,17280.830078125,17590.05078125,121950000,-1.7930420100238376
20141215,17180.83984375,17180.83984375,17403.5390625,17115.279296875,17285.740234375,114050000,-0.5786193945716334
20141216,17068.869140625,17068.869140625,17427.439453125,17067.58984375,17173.0703125,116640000,-0.6517184499902795
20141217,17356.869140625,17356.869140625,17389.30078125,17069.16015625,17069.16015625,118220000,1.6872822541860177
20141218,17778.150390625,17778.150390625,17778.400390625,17367.849609375,17367.849609375,123940000,2.4271730493949484
20141219,17804.80078125,17804.80078125,17874.029296875,17746.55078125,17778.01953125,343690000,0.14990530532947854
20141222,17959.439453125,17959.439453125,17962.779296875,17812.25,17812.25,98460000,0.8685223371768913
20141223,18024.169921875,18024.169921875,18069.220703125,17970.16015625,17971.509765625,82890000,0.36042588589109137
20141224,18030.2109375,18030.2109375,18086.240234375,18027.779296875,18035.73046875,42870000,0.03351619326261712
20141226,18053.7109375,18053.7109375,18103.44921875,18038.30078125,18038.30078125,52570000,0.13033680017089377
20141229,18038.23046875,18038.23046875,18073.0390625,18021.5703125,18046.580078125,53870000,-0.08574674095310764
20141230,17983.0703125,17983.0703125,18035.01953125,17959.69921875,18035.01953125,47490000,-0.3057958281748374
20141231,17823.0703125,17823.0703125,18043.220703125,17820.880859375,17987.66015625,82840000,-0.8897257099016342
20150102,17832.990234375,17832.990234375,17951.779296875,17731.30078125,17823.0703125,76270000,0.0556577609865716
20150105,17501.650390625,17501.650390625,17821.30078125,17475.9296875,17821.30078125,116160000,-1.8580161789765737
20150106,17371.640625,17371.640625,17581.05078125,17262.369140625,17504.1796875,101870000,-0.7428428903747397
20150107,17584.51953125,17584.51953125,17597.080078125,17374.779296875,17374.779296875,91030000,1.225439271082096
20150108,17907.869140625,17907.869140625,17916.0390625,17591.970703125,17591.970703125,114890000,1.8388310741181524
20150109,17737.369140625,17737.369140625,17915.3203125,17686.08984375,17911.01953125,93390000,-0.9520954093483525
20150112,17640.83984375,17640.83984375,17793.880859375,17571.580078125,17742.05078125,92500000,-0.5442142862884469
20150113,17613.6796875,17613.6796875,17923.009765625,17498.23046875,17645.01953125,99360000,-0.15396180958823225
20150114,17427.08984375,17427.08984375,17609.060546875,17264.900390625,17609.060546875,109180000,-1.0593461846726937
20150115,17320.7109375,17320.7109375,17517.41015625,17298.0390625,17436.30078125,94520000,-0.6104226649646383
20150116,17511.5703125,17511.5703125,17528.369140625,17243.55078125,17320.0,140480000,1.10191420946113
20150120,17515.23046875,17515.23046875,17588.69921875,17346.73046875,17516.9609375,119600000,0.0209013594137053
20150121,17554.279296875,17554.279296875,17599.580078125,17396.0390625,17509.9609375,95530000,0.22294213139055774
20150122,17813.98046875,17813.98046875,17840.890625,17482.5390625,17557.2890625,111980000,1.4794180238503651
20150123,17672.599609375,17672.599609375,17812.5,17667.529296875,17812.5,97110000,-0.7936511417143133
20150126,17678.69921875,17678.69921875,17696.359375,17567.599609375,17668.109375,87220000,0.03451449990279354
20150127,17387.2109375,17387.2109375,17638.529296875,17288.310546875,17638.529296875,135940000,-1.6488106825237936
20150128,17191.369140625,17191.369140625,17484.41015625,17189.0,17402.91015625,115980000,-1.1263554435439471
20150129,17416.849609375,17416.849609375,17433.130859375,17136.30078125,17195.2890625,111690000,1.3115911065929353
20150130,17164.94921875,17164.94921875,17419.900390625,17156.8203125,17416.849609375,168560000,-1.4463028404942402
20150202,17361.0390625,17361.0390625,17367.6796875,17037.759765625,17169.990234375,108090000,1.1423852249781374
20150203,17666.400390625,17666.400390625,17670.759765625,17369.970703125,17369.970703125,112860000,1.7588885493874828
20150204,17673.01953125,17673.01953125,17782.220703125,17603.2109375,17664.990234375,102560000,0.037467398443613575
20150205,17884.880859375,17884.880859375,17889.580078125,17677.259765625,17677.259765625,79890000,1.1987839868019101
20150206,17824.2890625,17824.2890625,17951.08984375,17764.400390625,17881.5390625,93610000,-0.33878781386031953
20150209,17729.2109375,17729.2109375,17821.490234375,17685.3203125,17821.490234375,81590000,-0.5334188907429205
20150210,17868.759765625,17868.759765625,17890.33984375,17729.240234375,17736.150390625,89930000,0.787112458737993
20150211,17862.140625,17862.140625,17897.2109375,17759.650390625,17867.859375,89890000,-0.03704308923405675
20150212,17972.380859375,17972.380859375,17975.650390625,17862.140625,17862.140625,117160000,0.6171725813238105
20150213,18019.349609375,18019.349609375,18037.41015625,17961.759765625,17968.650390625,85230000,0.2613384969276211
20150217,18047.580078125,18047.580078125,18052.009765625,17951.41015625,18019.80078125,98760000,0.15666752331233713
20150218,18029.849609375,18029.849609375,18048.69921875,17982.19921875,18045.720703125,75090000,-0.09824291496836057
20150219,17985.76953125,17985.76953125,18028.669921875,17924.599609375,18028.669921875,79130000,-0.24448389243402202
20150220,18140.439453125,18140.439453125,18144.2890625,17878.369140625,17985.76953125,111390000,0.8599572100947084
20150223,18116.83984375,18116.83984375,18141.2109375,18054.83984375,18140.759765625,83670000,-0.13009392322596014
20150224,18209.189453125,18209.189453125,18231.08984375,18098.73046875,18112.5703125,79310000,0.5097445811271584
20150225,18224.5703125,18224.5703125,18244.380859375,18182.759765625,18208.669921875,80480000,0.0844675674037676
20150226,18214.419921875,18214.419921875,18239.4296875,18157.0703125,18224.41015625,81500000,-0.05569618625267392
20150227,18132.69921875,18132.69921875,18213.259765625,18132.380859375,18213.259765625,101110000,-0.4486593779846726
20150302,18288.630859375,18288.630859375,18288.630859375,18122.58984375,18134.05078125,89790000,0.8599472077701398
20150303,18203.369140625,18203.369140625,18281.94921875,18136.880859375,18281.94921875,83830000,-0.4662006653510242
20150304,18096.900390625,18096.900390625,18203.369140625,18029.5,18203.369140625,80900000,-0.5848848593768885
20150305,18135.720703125,18135.720703125,18160.349609375,18087.650390625,18096.900390625,75840000,0.21451359990969365
20150306,17856.779296875,17856.779296875,18135.720703125,17825.150390625,18135.720703125,113350000,-1.5380773161219663
20150309,17995.720703125,17995.720703125,18031.0390625,17856.560546875,17856.560546875,85820000,0.7780877163795941
20150310,17662.939453125,17662.939453125,17989.560546875,17662.939453125,17989.560546875,120450000,-1.849224354444512
20150311,17635.390625,17635.390625,17731.779296875,17627.0,17662.939453125,102120000,-0.15596966857136518
20150312,17895.220703125,17895.220703125,17900.099609375,17620.490234375,17626.83984375,111550000,1.4733446150983598
20150313,17749.310546875,17749.310546875,17889.05078125,17629.890625,17889.05078125,113620000,-0.8153582382167568
20150316,17977.419921875,17977.419921875,17988.5,17751.240234375,17751.240234375,101760000,1.2851731586845272
20150317,17849.080078125,17849.080078125,17972.220703125,17785.7890625,17972.220703125,82560000,-0.7138946762534903
20150318,18076.189453125,18076.189453125,18097.119140625,17697.51953125,17846.80078125,130950000,1.2723870026127182
20150319,17959.029296875,17959.029296875,18072.990234375,17934.240234375,18072.580078125,107820000,-0.6481463173077406
20150320,18127.650390625,18127.650390625,18197.2890625,17961.130859375,17961.130859375,333870000,0.9389209793167375
20150323,18116.0390625,18116.0390625,18205.9296875,18116.0390625,18136.73046875,98030000,-0.06405313360966503
20150324,18011.140625,18011.140625,18149.240234375,18010.439453125,18110.869140625,87190000,-0.5790362735369592
20150325,17718.5390625,17718.5390625,18041.970703125,17718.5390625,18012.609375,106560000,-1.624558758337935
20150326,17678.23046875,17678.23046875,17759.509765625,17579.26953125,17716.26953125,117740000,-0.22749388991843977
20150327,17712.66015625,17712.66015625,17729.140625,17630.490234375,17673.630859375,103220000,0.194757544092794
20150330,17976.310546875,17976.310546875,18008.640625,17727.48046875,17727.48046875,104040000,1.488485570768261
20150331,17776.119140625,17776.119140625,17965.369140625,17773.01953125,17965.369140625,119470000,-1.1136401194671297
20150401,17698.1796875,17698.1796875,17778.51953125,17585.009765625,17778.51953125,103360000,-0.4384503305160714
20150402,17763.240234375,17763.240234375,17815.029296875,17673.490234375,17699.51953125,87370000,0.3676115172508432
20150406,17880.849609375,17880.849609375,17941.7890625,17646.80078125,17755.5,100850000,0.6620941531399582
20150407,17875.419921875,17875.419921875,17983.119140625,17871.2109375,17884.3203125,72150000,-0.030365936846499242
20150408,17902.509765625,17902.509765625,17976.19921875,17822.23046875,17877.619140625,76820000,0.15154801324051004
20150409,17958.73046875,17958.73046875,17984.220703125,17823.099609375,17902.509765625,86740000,0.3140381089636435
20150410,18057.650390625,18057.650390625,18066.759765625,17945.55078125,17956.73046875,116410000,0.5508180104775828
20150413,17977.0390625,17977.0390625,18107.5703125,17974.810546875,18052.3203125,120090000,-0.44641094705683004
20150414,18036.69921875,18036.69921875,18075.599609375,17905.48046875,17979.109375,82830000,0.33186864668082183
20150415,18112.609375,18112.609375,18160.51953125,18045.7109375,18045.7109375,113610000,0.42086501154872114
20150416,18105.76953125,18105.76953125,18169.259765625,18063.859375,18106.26953125,89520000,-0.0377628844546285
20150417,17826.30078125,17826.30078125,18102.560546875,17748.529296875,18102.560546875,138860000,-1.543534228233967
20150420,18034.9296875,18034.9296875,18092.220703125,17841.1796875,17841.1796875,103160000,1.1703432406427128
20150421,17949.58984375,17949.58984375,18109.69921875,17929.630859375,18034.23046875,95180000,-0.4731919959141795
20150422,18038.26953125,18038.26953125,18056.01953125,17887.759765625,17950.8203125,91260000,0.49404854524226494
20150423,18058.689453125,18058.689453125,18133.029296875,17966.76953125,18031.900390625,100240000,0.11320333050586218
20150424,18080.140625,18080.140625,18108.869140625,18009.080078125,18056.419921875,119130000,0.11878587275495622
20150427,18037.970703125,18037.970703125,18175.560546875,18024.66015625,18097.890625,121110000,-0.23323890421897975
20150428,18110.140625,18110.140625,18119.650390625,17917.359375,18035.900390625,124930000,0.4001000060527726
20150429,18035.529296875,18035.529296875,18096.4609375,17953.689453125,18093.689453125,102080000,-0.4119864647655125
20150430,17840.51953125,17840.51953125,18033.330078125,17774.890625,18033.330078125,129180000,-1.081253355058387
20150501,18024.060546875,18024.060546875,18028.890625,17859.26953125,17859.26953125,91700000,1.0287873921132284
20150504,18070.400390625,18070.400390625,18133.759765625,18026.01953125,18026.01953125,86010000,0.2570999116957351
20150505,17928.19921875,17928.19921875,18086.009765625,17905.7109375,18062.529296875,95340000,-0.7869287276488612
20150506,17841.98046875,17841.98046875,18019.75,17733.119140625,17934.810546875,100430000,-0.480911378482618
20150507,17924.060546875,17924.060546875,17973.0703125,17796.939453125,17840.25,80920000,0.4600390537853327
20150508,18191.109375,18191.109375,18205.23046875,17933.640625,17933.640625,94960000,1.4898902367943556
20150511,18105.169921875,18105.169921875,18199.94921875,18089.109375,18187.779296875,86050000,-0.4724255753368545
20150512,18068.23046875,18068.23046875,18119.1796875,17924.80078125,18096.16015625,89270000,-0.2040270999079108
20150513,18060.490234375,18060.490234375,18132.7890625,18039.19921875,18070.369140625,85180000,-0.04283891767036252
20150514,18252.240234375,18252.240234375,18255.2109375,18062.490234375,18062.490234375,91580000,1.0617098290889082
20150515,18272.560546875,18272.560546875,18272.720703125,18215.0703125,18251.970703125,108220000,0.11133051197589339
20150518,18298.880859375,18298.880859375,18325.5390625,18244.259765625,18267.25,79080000,0.14404282548403646
20150519,18312.390625,18312.390625,18351.359375,18261.349609375,18300.48046875,87200000,0.07382837086498117
20150520,18285.400390625,18285.400390625,18350.130859375,18272.560546875,18315.060546875,80190000,-0.14738782569519993
20150521,18285.740234375,18285.740234375,18314.890625,18249.900390625,18285.869140625,84270000,0.0018585524119707486
20150522,18232.01953125,18232.01953125,18286.869140625,18217.140625,18286.869140625,78890000,-0.2937846783145903
20150526,18041.5390625,18041.5390625,18229.75,17990.01953125,18229.75,109440000,-1.0447579239563298
20150527,18162.990234375,18162.990234375,18190.349609375,18045.080078125,18045.080078125,96400000,0.6731752288663628
20150528,18126.119140625,18126.119140625,18154.140625,18066.400390625,18154.140625,67510000,-0.20300123093287548
20150529,18010.6796875,18010.6796875,18128.119140625,17967.740234375,18128.119140625,139810000,-0.636868003732094
20150601,18040.369140625,18040.369140625,18105.830078125,17982.060546875,18017.8203125,85640000,0.16484360190807124
20150602,18011.939453125,18011.939453125,18091.869140625,17925.330078125,18033.330078125,77550000,-0.15758927812612455
20150603,18076.26953125,18076.26953125,18168.08984375,18010.419921875,18018.419921875,73120000,0.35715242266061153
20150604,17905.580078125,17905.580078125,18087.150390625,17876.94921875,18072.470703125,93470000,-0.9442736668089369
20150605,17849.4609375,17849.4609375,17940.779296875,17822.900390625,17905.380859375,89140000,-0.3134170486526755
20150608,17766.55078125,17766.55078125,17852.349609375,17760.609375,17849.4609375,86300000,-0.46449669567226737
20150609,17764.0390625,17764.0390625,17817.830078125,17714.970703125,17766.94921875,90550000,-0.014137345965037351
20150610,18000.400390625,18000.400390625,18045.140625,17765.380859375,17765.380859375,96980000,1.3305607316748125
20150611,18039.369140625,18039.369140625,18109.76953125,18001.26953125,18001.26953125,89490000,0.21648824000768396
20150612,17898.83984375,17898.83984375,18035.830078125,17857.0703125,18035.830078125,83760000,-0.7790144753927364
20150615,17791.169921875,17791.169921875,17890.759765625,17698.419921875,17890.759765625,91920000,-0.6015469316163369
20150616,17904.48046875,17904.48046875,17919.619140625,17774.119140625,17787.4296875,77510000,0.6368920502281217
20150617,17935.740234375,17935.740234375,17998.0,17839.650390625,17909.580078125,92410000,0.17459186084489708
20150618,18115.83984375,18115.83984375,18174.73046875,17944.609375,17944.609375,94460000,1.0041381455214715
20150619,18015.94921875,18015.94921875,18117.7109375,18010.580078125,18116.240234375,258300000,-0.5513993602370149
20150622,18119.779296875,18119.779296875,18181.669921875,18027.630859375,18027.630859375,77780000,0.5763231060672558
20150623,18144.0703125,18144.0703125,18188.810546875,18108.099609375,18121.779296875,75970000,0.13405801045927035
20150624,17966.0703125,17966.0703125,18139.099609375,17966.0703125,18139.099609375,104980000,-0.98103676261313
20150625,17890.359375,17890.359375,18036.099609375,17890.359375,17977.109375,78990000,-0.4214106712435828
20150626,17946.6796875,17946.6796875,18013.150390625,17892.029296875,17892.029296875,158120000,0.3148081674575032
20150629,17596.349609375,17596.349609375,17936.740234375,17590.55078125,17936.740234375,116340000,-1.9520606832304943
20150630,17619.509765625,17619.509765625,17714.66015625,17576.5,17599.9609375,126460000,0.13161909580190478
20150701,17757.91015625,17757.91015625,17801.830078125,17638.119140625,17638.119140625,87010000,0.7854951270835908
20150702,17730.109375,17730.109375,17825.490234375,17687.51953125,17763.3203125,83080000,-0.1565543524287727
20150706,17683.580078125,17683.580078125,17734.359375,17564.359375,17728.080078125,90130000,-0.26243096357096984
20150707,17776.91015625,17776.91015625,17793.44921875,17465.6796875,17684.919921875,105840000,0.5277781858236574
20150708,17515.419921875,17515.419921875,17759.009765625,17496.220703125,17759.009765625,69830000,-1.4709543563905858
20150709,17548.619140625,17548.619140625,17764.849609375,17530.380859375,17530.380859375,100520000,0.1895428079833783
20150710,17760.41015625,17760.41015625,17797.490234375,17561.119140625,17561.119140625,85800000,1.206881372989077
20150713,17977.6796875,17977.6796875,17987.5703125,17787.26953125,17787.26953125,86380000,1.223336225563143
20150714,18053.580078125,18053.580078125,18072.8203125,17956.169921875,17974.609375,76740000,0.42219236266498594
20150715,18050.169921875,18050.169921875,18090.390625,18010.150390625,18053.380859375,80460000,-0.01888908590563787
20150716,18120.25,18120.25,18131.609375,18065.330078125,18078.16015625,85030000,0.3882516254878565
20150717,18086.44921875,18086.44921875,18121.119140625,18032.060546875,18117.580078125,106510000,-0.18653595425007774
20150720,18100.41015625,18100.41015625,18137.119140625,18064.5,18085.91015625,75060000,0.07719004062736179
20150721,17919.2890625,17919.2890625,18096.669921875,17868.33984375,18096.669921875,100170000,-1.00064635103011
20150722,17851.0390625,17851.0390625,17919.349609375,17807.41015625,17918.349609375,112370000,-0.38087448537692525
20150723,17731.919921875,17731.919921875,17860.94921875,17705.029296875,17853.779296875,88600000,-0.6672952773669971
20150724,17568.529296875,17568.529296875,17756.5390625,17553.73046875,17731.05078125,103470000,-0.9214491477509634
20150727,17440.58984375,17440.58984375,17561.779296875,17399.169921875,17561.779296875,117860000,-0.7282308664718906
20150728,17630.26953125,17630.26953125,17650.0703125,17449.810546875,17449.810546875,103450000,1.0875761037862697
20150729,17751.390625,17751.390625,17776.779296875,17629.19921875,17631.400390625,93140000,0.6870064778947915
20150730,17745.98046875,17745.98046875,17761.25,17640.849609375,17743.240234375,76650000,-0.03047736576975435
20150731,17689.859375,17689.859375,17783.58984375,17671.58984375,17755.869140625,106120000,-0.316246790921626
20150803,17598.19921875,17598.19921875,17704.759765625,17496.609375,17696.740234375,87880000,-0.5181508473693031
20150804,17550.689453125,17550.689453125,17635.779296875,17505.5,17596.9296875,99060000,-0.26996947264001925
20150805,17540.470703125,17540.470703125,17661.369140625,17492.900390625,17555.240234375,102450000,-0.05822420838390574
20150806,17419.75,17419.75,17572.0390625,17362.859375,17542.609375,96170000,-0.6882409552640634
20150807,17373.380859375,17373.380859375,17414.939453125,17279.080078125,17414.939453125,81800000,-0.2661871761936885
20150810,17615.169921875,17615.169921875,17629.130859375,17375.1796875,17375.1796875,92430000,1.391721418284142
20150811,17402.83984375,17402.83984375,17593.58984375,17352.630859375,17593.58984375,103010000,-1.20538194673514
20150812,17402.509765625,17402.509765625,17423.900390625,17125.810546875,17382.9296875,120400000,-0.0018966911605411418
20150813,17408.25,17408.25,17481.779296875,17341.33984375,17401.640625,88550000,0.03298509497944302
20150814,17477.400390625,17477.400390625,17492.900390625,17394.060546875,17410.119140625,82120000,0.3972276973561284
20150817,17545.1796875,17545.1796875,17551.400390625,17341.720703125,17472.66015625,73380000,0.3878110895219722
20150818,17511.33984375,17511.33984375,17568.400390625,17486.419921875,17537.30078125,79900000,-0.19287259721887384
20150819,17348.73046875,17348.73046875,17517.189453125,17282.419921875,17508.740234375,104720000,-0.9285947074920031
20150820,16990.689453125,16990.689453125,17345.3203125,16990.689453125,17345.3203125,128530000,-2.063787988809518
20150821,16459.75,16459.75,16990.689453125,16459.55078125,16990.689453125,225170000,-3.1248846881098635
20150824,15871.349609375,15871.349609375,16459.75,15370.330078125,16459.75,293920000,-3.574783278148208
20150825,15666.4404296875,15666.4404296875,16312.9404296875,15651.240234375,15882.26953125,213220000,-1.291063360903244
20150826,16285.509765625,16285.509765625,16303.75,15676.259765625,15676.259765625,208420000,3.9515634627785623
20150827,16654.76953125,16654.76953125,16666.689453125,16285.509765625,16285.509765625,171980000,2.267413000509344
20150828,16643.009765625,16643.009765625,16669.970703125,16535.1796875,16649.419921875,131790000,-0.07060899643753782
20150831,16528.029296875,16528.029296875,16632.01953125,16444.05078125,16632.01953125,141440000,-0.69086343377317
20150901,16058.349609375,16058.349609375,16528.029296875,15979.9501953125,16528.029296875,171390000,-2.8417162086517123
20150902,16351.3798828125,16351.3798828125,16352.580078125,16058.349609375,16058.349609375,133480000,1.8247844925883605
20150903,16374.759765625,16374.759765625,16550.0703125,16317.3095703125,16364.33984375,109730000,0.14298415779010476
20150904,16102.3798828125,16102.3798828125,16371.759765625,16026.6103515625,16371.759765625,127270000,-1.6634130009302361
20150908,16492.6796875,16492.6796875,16503.41015625,16109.9296875,16109.9296875,123870000,2.4238640966612657
20150909,16253.5703125,16253.5703125,16664.650390625,16220.099609375,16505.0390625,118790000,-1.4497909347091942
20150910,16330.400390625,16330.400390625,16441.939453125,16212.080078125,16252.5703125,122690000,0.47269662386677513
20150911,16433.08984375,16433.08984375,16434.759765625,16244.650390625,16330.400390625,104630000,0.6288238540921087
20150914,16370.9599609375,16370.9599609375,16450.859375,16330.8701171875,16450.859375,92660000,-0.37807791111256206
20150915,16599.849609375,16599.849609375,16644.109375,16382.580078125,16382.580078125,93050000,1.3981443298600071
20150916,16739.94921875,16739.94921875,16755.98046875,16593.900390625,16599.509765625,99620000,0.8439811966481692
20150917,16674.740234375,16674.740234375,16933.4296875,16639.9296875,16738.080078125,129600000,-0.3895411122392223
20150918,16384.580078125,16384.580078125,16674.740234375,16343.759765625,16674.740234375,341690000,-1.7401179998704497
20150921,16510.189453125,16510.189453125,16578.599609375,16391.880859375,16406.099609375,90730000,0.7666316402438644
20150922,16330.4697265625,16330.4697265625,16477.44921875,16221.73046875,16477.44921875,119010000,-1.0885382452621273
20150923,16279.8896484375,16279.8896484375,16355.2900390625,16211.98046875,16332.8095703125,86030000,-0.3097282501478116
20150924,16201.3203125,16201.3203125,16257.1103515625,16016.3603515625,16257.1103515625,122220000,-0.48261589994893495
20150925,16314.669921875,16314.669921875,16465.23046875,16205.0703125,16205.0703125,130790000,0.6996319262174255
20150928,16001.8896484375,16001.8896484375,16313.259765625,15981.849609375,16313.259765625,139930000,-1.9171719374972973
20150929,16049.1298828125,16049.1298828125,16118.8896484375,15942.3701171875,16001.759765625,121160000,0.2952165988697075
20150930,16284.7001953125,16284.7001953125,16297.599609375,16057.080078125,16057.080078125,145740000,1.4678073778459533
20151001,16272.009765625,16272.009765625,16348.8701171875,16073.8203125,16278.6201171875,111420000,-0.07792854357339118
20151002,16472.369140625,16472.369140625,16472.76953125,16013.66015625,16258.25,136870000,1.2313130208615242
20151005,16776.4296875,16776.4296875,16798.369140625,16502.099609375,16502.099609375,127660000,1.8458823031418659
20151006,16790.189453125,16790.189453125,16865.08984375,16746.029296875,16774.01953125,120010000,0.08201843825716981
20151007,16912.2890625,16912.2890625,16963.30078125,16765.0,16805.419921875,115690000,0.7272080503670342
20151008,17050.75,17050.75,17081.279296875,16859.33984375,16904.169921875,100730000,0.8187001593238596
20151009,17084.490234375,17084.490234375,17110.880859375,17027.23046875,17054.689453125,103730000,0.19788123323021267
20151012,17131.859375,17131.859375,17139.2109375,17064.580078125,17082.2890625,72500000,0.2772639977849156
20151013,17081.890625,17081.890625,17172.810546875,17034.44921875,17113.55078125,99400000,-0.29167149289655026
20151014,16924.75,16924.75,17111.380859375,16887.669921875,17079.080078125,120110000,-0.9199252497848143
20151015,17141.75,17141.75,17144.419921875,16933.5703125,16944.859375,122960000,1.2821459696598092
20151016,17215.970703125,17215.970703125,17220.01953125,17107.349609375,17141.75,145880000,0.43298206498751934
20151019,17230.5390625,17230.5390625,17235.94921875,17129.189453125,17209.4296875,118430000,0.08462119055741013
20151020,17217.109375,17217.109375,17264.880859375,17147.990234375,17228.470703125,106670000,-0.0779411918065187
20151021,17168.609375,17168.609375,17314.990234375,17153.130859375,17225.9296875,107100000,-0.2816965318837128
20151022,17489.16015625,17489.16015625,17505.1796875,17180.880859375,17180.880859375,152420000,1.8670748122254333
20151023,17646.69921875,17646.69921875,17679.369140625,17525.109375,17525.109375,158090000,0.9007811758399376
20151026,17623.05078125,17623.05078125,17660.69921875,17602.509765625,17649.5703125,116660000,-0.13401054331380058
20151027,17581.4296875,17581.4296875,17635.1796875,17540.5703125,17608.890625,113960000,-0.2361741690847463
20151028,17779.51953125,17779.51953125,17779.94921875,17556.7109375,17586.689453125,115630000,1.1266992916442842
20151029,17755.80078125,17755.80078125,17786.0,17684.720703125,17771.5,90300000,-0.13340489858745253
20151030,17663.5390625,17663.5390625,17799.9609375,17662.869140625,17756.599609375,149250000,-0.5196145185827228
20151102,17828.759765625,17828.759765625,17845.900390625,17655.01953125,17672.619140625,100840000,0.9353771208611583
20151103,17918.150390625,17918.150390625,17977.849609375,17796.01953125,17819.740234375,92290000,0.5013844270443935
20151104,17867.580078125,17867.580078125,17964.119140625,17828.830078125,17929.580078125,99890000,-0.2822295348433923
20151105,17863.4296875,17863.4296875,17929.509765625,17779.189453125,17871.25,98910000,-0.02322861073996707
20151106,17910.330078125,17910.330078125,17912.0390625,17768.599609375,17855.220703125,107450000,0.2625497535773791
20151109,17730.48046875,17730.48046875,17900.779296875,17667.779296875,17900.779296875,121210000,-1.0041669170277379
20151110,17758.2109375,17758.2109375,17768.66015625,17657.720703125,17724.130859375,108640000,0.1563999847543629
20151111,17702.220703125,17702.220703125,17807.1796875,17696.91015625,17769.5,95230000,-0.31529208979472756
20151112,17448.0703125,17448.0703125,17691.9296875,17443.5,17691.9296875,113660000,-1.4356977855333963
20151113,17245.240234375,17245.240234375,17439.25,17238.890625,17439.25,134640000,-1.1624785692185724
20151116,17483.009765625,17483.009765625,17483.009765625,17210.4296875,17229.939453125,137590000,1.3787545317927918
20151117,17489.5,17489.5,17599.330078125,17451.41015625,17486.990234375,167190000,0.03712309529084745
20151118,17737.16015625,17737.16015625,17752.16015625,17485.490234375,17485.490234375,106810000,1.4160505231710419
20151119,17732.75,17732.75,17772.970703125,17681.98046875,17739.830078125,114630000,-0.02486393656678798
20151120,17823.810546875,17823.810546875,17914.33984375,17732.75,17732.75,153140000,0.513516216463894
20151123,17792.6796875,17792.6796875,17868.1796875,17751.529296875,17823.609375,134680000,-0.17465883231382318
20151124,17812.189453125,17812.189453125,17862.599609375,17683.509765625,17770.900390625,127170000,0.10965051902049883
20151125,17813.390625,17813.390625,17854.919921875,17801.830078125,17820.810546875,82540000,0.0067435386209124815
20151127,17813.390625,17813.390625,17830.359375,17749.3203125,17806.0390625,82540000,0.0
20151130,17719.919921875,17719.919921875,17837.240234375,17719.7890625,17802.83984375,155560000,-0.5247215709390018
20151201,17888.349609375,17888.349609375,17895.5,17719.720703125,17719.720703125,103880000,0.9505104325673308
20151202,17729.6796875,17729.6796875,17901.580078125,17708.19921875,17883.140625,102860000,-0.8870014581548902
20151203,17477.669921875,17477.669921875,17780.58984375,17425.560546875,17741.5703125,126990000,-1.421400555829977
20151204,17847.630859375,17847.630859375,17866.470703125,17482.6796875,17482.6796875,137650000,2.1167634996754225
20151207,17730.509765625,17730.509765625,17845.490234375,17639.25,17845.490234375,99670000,-0.6562276790282096
20151208,17568.0,17568.0,17703.990234375,17485.390625,17703.990234375,113720000,-0.9165543899931516
20151209,17492.30078125,17492.30078125,17767.689453125,17403.509765625,17558.1796875,122020000,-0.4308926386042855
20151210,17574.75,17574.75,17697.740234375,17474.66015625,17493.169921875,107310000,0.47134576395106986
20151211,17265.2109375,17265.2109375,17574.75,17230.5,17574.75,134510000,-1.7612714974608479
20151214,17368.5,17368.5,17378.01953125,17138.470703125,17277.109375,142540000,0.5982496412809901
20151215,17524.91015625,17524.91015625,17627.630859375,17341.1796875,17374.779296875,123430000,0.9005392305035054
20151216,17749.08984375,17749.08984375,17784.359375,17483.6796875,17530.849609375,123790000,1.279205916043158
20151217,17495.83984375,17495.83984375,17796.759765625,17493.5,17756.5390625,115780000,-1.4268337262892228
20151218,17128.55078125,17128.55078125,17496.580078125,17124.310546875,17495.0390625,344560000,-2.0992936937017426
20151221,17251.619140625,17251.619140625,17272.359375,17116.73046875,17154.939453125,114910000,0.7184983770472719
20151222,17417.26953125,17417.26953125,17451.109375,17242.859375,17253.55078125,91570000,0.9602019919099591
20151223,17602.609375,17602.609375,17607.919921875,17427.630859375,17427.630859375,92820000,1.0641153793794267
20151224,17552.169921875,17552.169921875,17606.33984375,17543.94921875,17593.259765625,40350000,-0.2865453186539302
20151228,17528.26953125,17528.26953125,17536.900390625,17437.33984375,17535.66015625,59770000,-0.13616772587879966
20151229,17720.98046875,17720.98046875,17750.01953125,17547.369140625,17547.369140625,69860000,1.0994293370285568
20151230,17603.869140625,17603.869140625,17714.130859375,17588.869140625,17711.939453125,59760000,-0.6608625766024612
20151231,17425.029296875,17425.029296875,17590.66015625,17421.16015625,17590.66015625,93690000,-1.0159121402310678
20160104,17148.939453125,17148.939453125,17405.48046875,16957.630859375,17405.48046875,148060000,-1.5844440720654274
20160105,17158.66015625,17158.66015625,17195.83984375,17038.609375,17147.5,105750000,0.05668399000164914
20160106,16906.509765625,16906.509765625,17154.830078125,16817.619140625,17154.830078125,120250000,-1.4695226103254577
20160107,16514.099609375,16514.099609375,16888.359375,16463.630859375,16888.359375,176240000,-2.321059530855174
20160108,16346.4501953125,16346.4501953125,16651.890625,16314.5703125,16519.169921875,141850000,-1.0151895533397792
20160111,16398.5703125,16398.5703125,16461.849609375,16232.0302734375,16358.7099609375,127790000,0.3188467010559082
20160112,16516.220703125,16516.220703125,16591.349609375,16322.0703125,16419.109375,117480000,0.7174429744971178
20160113,16151.41015625,16151.41015625,16593.509765625,16123.2001953125,16526.630859375,153530000,-2.2088015983340203
20160114,16379.0498046875,16379.0498046875,16482.05078125,16075.1201171875,16159.009765625,158830000,1.4094103625336585
20160115,15988.080078125,15988.080078125,16354.330078125,15842.1103515625,16354.330078125,239210000,-2.387011036810016
20160119,16016.01953125,16016.01953125,16171.9599609375,15900.25,16009.4501953125,144360000,0.17475177124754993
20160120,15766.740234375,15766.740234375,15989.4501953125,15450.5595703125,15989.4501953125,191870000,-1.556437268252664
20160121,15882.6796875,15882.6796875,16038.58984375,15704.66015625,15768.8701171875,145140000,0.7353419375314196
20160122,16093.509765625,16093.509765625,16136.7900390625,15921.099609375,15921.099609375,145850000,1.3274213311178729
20160125,15885.2197265625,15885.2197265625,16086.4599609375,15880.150390625,16086.4599609375,123250000,-1.2942486884209514
20160126,16167.23046875,16167.23046875,16185.7900390625,15893.16015625,15893.16015625,118210000,1.7753027470934768
20160127,15944.4599609375,15944.4599609375,16235.0302734375,15878.2998046875,16168.740234375,138350000,-1.377913850137158
20160128,16069.6396484375,16069.6396484375,16102.1396484375,15863.7197265625,15960.2802734375,130120000,0.7850983213396834
20160129,16466.30078125,16466.30078125,16466.30078125,16090.259765625,16090.259765625,217940000,2.4683884734843398
20160201,16449.1796875,16449.1796875,16510.98046875,16299.4697265625,16453.630859375,114450000,-0.10397656387702847
20160202,16153.5400390625,16153.5400390625,16420.2109375,16108.4404296875,16420.2109375,126210000,-1.7972911358136723
20160203,16336.66015625,16336.66015625,16381.6904296875,15960.4501953125,16186.2001953125,141870000,1.133622207545093
20160204,16416.580078125,16416.580078125,16485.83984375,16266.16015625,16329.669921875,131490000,0.48920600116924007
20160205,16204.9697265625,16204.9697265625,16423.630859375,16129.8095703125,16417.94921875,139010000,-1.2890038641146018
20160208,16027.0498046875,16027.0498046875,16147.509765625,15803.5498046875,16147.509765625,165880000,-1.0979343058158286
20160209,16014.3798828125,16014.3798828125,16136.6201171875,15881.1103515625,16005.41015625,127740000,-0.07905336309177446
20160210,15914.740234375,15914.740234375,16201.8896484375,15899.91015625,16035.6103515625,122290000,-0.6221886152734446
20160211,15660.1796875,15660.1796875,15897.8203125,15503.009765625,15897.8203125,172070000,-1.5995268733646206
20160212,15973.83984375,15973.83984375,15974.0400390625,15691.6201171875,15691.6201171875,132550000,2.00291543589608
20160216,16196.41015625,16196.41015625,16196.41015625,16012.3896484375,16012.3896484375,142030000,1.3933425818531964
20160217,16453.830078125,16453.830078125,16486.119140625,16217.98046875,16217.98046875,124080000,1.5893640590205926
20160218,16413.4296875,16413.4296875,16511.83984375,16390.4296875,16483.759765625,104950000,-0.24553791082789767
20160219,16391.990234375,16391.990234375,16410.9609375,16278.0,16410.9609375,134340000,-0.13062140901196617
20160222,16620.66015625,16620.66015625,16664.240234375,16417.130859375,16417.130859375,102240000,1.3950101153395345
20160223,16431.779296875,16431.779296875,16610.390625,16403.529296875,16610.390625,98170000,-1.1364221252305295
20160224,16484.990234375,16484.990234375,16507.390625,16165.8603515625,16418.83984375,93620000,0.32382943160707
20160225,16697.2890625,16697.2890625,16697.98046875,16458.419921875,16504.380859375,94120000,1.2878310821337724
20160226,16639.970703125,16639.970703125,16795.98046875,16623.91015625,16712.69921875,98480000,-0.343279433927568
20160229,16516.5,16516.5,16726.119140625,16510.400390625,16634.150390625,126220000,-0.7420127434588086
20160301,16865.080078125,16865.080078125,16865.560546875,16545.669921875,16545.669921875,105050000,2.110496038052867
20160302,16899.3203125,16899.3203125,16900.169921875,16766.3203125,16851.169921875,104470000,0.20302443994566488
20160303,16943.900390625,16943.900390625,16944.310546875,16820.73046875,16896.169921875,91110000,0.2637980540082685
20160304,17006.76953125,17006.76953125,17062.380859375,16898.83984375,16945.0,106910000,0.37104290733309675
20160307,17073.94921875,17073.94921875,17099.25,16940.48046875,16991.2890625,100290000,0.3950173334010154
20160308,16964.099609375,16964.099609375,17072.7890625,16921.509765625,17050.669921875,108380000,-0.6433755188539947
20160309,17000.359375,17000.359375,17048.5,16947.939453125,16969.169921875,116690000,0.213744121173165
20160310,16995.130859375,16995.130859375,17130.109375,16821.859375,17006.05078125,117570000,-0.030755324106201964
20160311,17213.310546875,17213.310546875,17220.08984375,17014.990234375,17014.990234375,123420000,1.2837776261054534
20160314,17229.130859375,17229.130859375,17275.0703125,17161.16015625,17207.490234375,96350000,0.09190743672995438
20160315,17251.529296875,17251.529296875,17251.69921875,17120.349609375,17217.150390625,92830000,0.1300032931597972
20160316,17325.759765625,17325.759765625,17379.1796875,17204.0703125,17249.33984375,118710000,0.4302834112419607
20160317,17481.490234375,17481.490234375,17529.009765625,17297.650390625,17321.380859375,117990000,0.8988377471271125
20160318,17602.30078125,17602.30078125,17620.580078125,17481.490234375,17481.490234375,321230000,0.6910769348338563
20160321,17623.869140625,17623.869140625,17644.970703125,17551.279296875,17589.69921875,84410000,0.12253147837339995
20160322,17582.5703125,17582.5703125,17648.939453125,17540.419921875,17602.7109375,95450000,-0.2343346276318048
20160323,17502.58984375,17502.58984375,17588.810546875,17486.26953125,17588.810546875,84240000,-0.4548849646467179
20160324,17515.73046875,17515.73046875,17517.140625,17399.009765625,17485.330078125,84100000,0.07507817481475776
20160328,17535.390625,17535.390625,17583.810546875,17493.029296875,17526.080078125,70460000,0.11224285670001777
20160329,17633.109375,17633.109375,17642.810546875,17434.26953125,17512.580078125,86160000,0.5572658863993718
20160330,17716.66015625,17716.66015625,17790.109375,17652.359375,17652.359375,79330000,0.47382897408019264
20160331,17685.08984375,17685.08984375,17755.69921875,17669.720703125,17716.05078125,102600000,-0.1781956205152091
20160401,17792.75,17792.75,17811.48046875,17568.01953125,17661.740234375,104890000,0.6087622805492687
20160404,17737.0,17737.0,17806.380859375,17710.669921875,17799.390625,85230000,-0.31332986750221004
20160405,17603.3203125,17603.3203125,17718.029296875,17579.560546875,17718.029296875,115230000,-0.7536769887805161
20160406,17716.05078125,17716.05078125,17723.55078125,17542.5390625,17605.44921875,99410000,0.640393214170798
20160407,17541.9609375,17541.9609375,17687.279296875,17484.23046875,17687.279296875,90120000,-0.9826673331409186
20160408,17576.9609375,17576.9609375,17694.509765625,17528.16015625,17555.390625,79990000,0.19952159353622267
20160411,17556.41015625,17556.41015625,17731.630859375,17555.900390625,17586.48046875,107100000,-0.11691885373742439
20160412,17721.25,17721.25,17744.4296875,17553.5703125,17571.33984375,81020000,0.9389154290822876
20160413,17908.279296875,17908.279296875,17918.349609375,17741.66015625,17741.66015625,91710000,1.055395623192501
20160414,17926.4296875,17926.4296875,17962.140625,17885.439453125,17912.25,84510000,0.10135195193301527
20160415,17897.4609375,17897.4609375,17937.650390625,17867.41015625,17925.94921875,118160000,-0.16159798970009076
20160418,18004.16015625,18004.16015625,18009.529296875,17848.220703125,17890.19921875,89390000,0.5961695858569316
20160419,18053.599609375,18053.599609375,18103.4609375,17984.4296875,18012.099609375,89820000,0.2746001629397643
20160420,18096.26953125,18096.26953125,18167.630859375,18031.2109375,18059.490234375,100210000,0.2363513249338034
20160421,17982.51953125,17982.51953125,18107.2890625,17963.890625,18092.83984375,102720000,-0.6285825915864462
20160422,18003.75,18003.75,18026.849609375,17909.890625,17985.05078125,134120000,0.11806170271693173
20160425,17977.240234375,17977.240234375,17990.939453125,17855.55078125,17990.939453125,83770000,-0.14724579948621752
20160426,17990.3203125,17990.3203125,18043.76953125,17934.169921875,17987.380859375,92570000,0.07275909958630589
20160427,18041.55078125,18041.55078125,18084.66015625,17920.259765625,17996.140625,109090000,0.2847668516185564
20160428,17830.759765625,17830.759765625,18035.73046875,17796.55078125,18023.880859375,100920000,-1.1683641732398553
20160429,17773.640625,17773.640625,17814.830078125,17651.98046875,17813.08984375,136670000,-0.32034047553664013
20160502,17891.16015625,17891.16015625,17912.349609375,17773.7109375,17783.779296875,80100000,0.6612012346232543
20160503,17750.91015625,17750.91015625,17870.75,17670.880859375,17870.75,97060000,-0.7839066822673657
20160504,17651.259765625,17651.259765625,17738.060546875,17609.009765625,17735.01953125,95020000,-0.5613818657626002
20160505,17660.7109375,17660.7109375,17736.109375,17615.8203125,17664.48046875,81530000,0.053543894319685315
20160506,17740.630859375,17740.630859375,17744.5390625,17580.380859375,17650.30078125,80020000,0.4525294715361783
20160509,17705.91015625,17705.91015625,17783.16015625,17668.380859375,17743.849609375,85590000,-0.19571289995390373
20160510,17928.349609375,17928.349609375,17934.609375,17726.66015625,17726.66015625,75790000,1.2563005864258292
20160511,17711.119140625,17711.119140625,17919.029296875,17711.05078125,17919.029296875,87390000,-1.2116590399174676
20160512,17720.5,17720.5,17798.189453125,17625.380859375,17711.119140625,88560000,0.05296593230792457
20160513,17535.3203125,17535.3203125,17734.740234375,17512.48046875,17711.119140625,86640000,-1.0450026099715015
20160516,17710.7109375,17710.7109375,17755.80078125,17531.759765625,17531.759765625,88440000,1.0002134085624448
20160517,17529.98046875,17529.98046875,17701.4609375,17469.919921875,17701.4609375,103260000,-1.020458576664629
20160518,17526.619140625,17526.619140625,17636.220703125,17418.2109375,17501.279296875,79120000,-0.019174739703742283
20160519,17435.400390625,17435.400390625,17514.16015625,17331.0703125,17514.16015625,95530000,-0.5204583340808977
20160520,17500.939453125,17500.939453125,17571.75,17437.3203125,17437.3203125,111990000,0.37589651531741985
20160523,17492.9296875,17492.9296875,17550.69921875,17480.05078125,17507.0390625,87790000,-0.0457676323402767
20160524,17706.05078125,17706.05078125,17742.58984375,17525.189453125,17525.189453125,86480000,1.2183270473115293
20160525,17851.509765625,17851.509765625,17891.7109375,17735.08984375,17735.08984375,79180000,0.8215213328600424
20160526,17828.2890625,17828.2890625,17888.66015625,17803.8203125,17859.51953125,68940000,-0.13007697068689872
20160527,17873.220703125,17873.220703125,17873.220703125,17824.73046875,17826.849609375,73190000,0.2520244116947179
20160531,17787.19921875,17787.19921875,17899.240234375,17724.029296875,17891.5,147390000,-0.48128698125435854
20160601,17789.669921875,17789.669921875,17809.1796875,17664.7890625,17754.55078125,78530000,0.013890343806322036
20160602,17838.560546875,17838.560546875,17838.560546875,17703.55078125,17789.05078125,75560000,0.27482592546521634
20160603,17807.060546875,17807.060546875,17833.169921875,17689.6796875,17799.80078125,82270000,-0.17658375471062415
20160606,17920.330078125,17920.330078125,17949.6796875,17822.810546875,17825.689453125,71870000,0.6360933684244507
20160607,17938.279296875,17938.279296875,18003.23046875,17936.220703125,17936.220703125,78750000,0.1001612061370949
20160608,18005.05078125,18005.05078125,18016.0,17931.91015625,17931.91015625,71260000,0.3722290375232973
20160609,17985.189453125,17985.189453125,18005.220703125,17915.880859375,17969.98046875,69690000,-0.11030975900208073
20160610,17865.33984375,17865.33984375,17938.8203125,17812.33984375,17938.8203125,90540000,-0.6663794656562527
20160613,17732.48046875,17732.48046875,17893.279296875,17731.349609375,17830.5,101690000,-0.7436711317108213
20160614,17674.8203125,17674.8203125,17733.919921875,17595.7890625,17710.76953125,93740000,-0.3251668955824627
20160615,17640.169921875,17640.169921875,17762.9609375,17629.009765625,17703.650390625,94130000,-0.19604380702243906
20160616,17733.099609375,17733.099609375,17754.91015625,17471.2890625,17602.23046875,91950000,0.5268072128078671
20160617,17675.16015625,17675.16015625,17733.439453125,17602.779296875,17733.439453125,248680000,-0.3267305457099523
20160620,17804.869140625,17804.869140625,17946.359375,17736.869140625,17736.869140625,99380000,0.7338489904949119
20160621,17829.73046875,17829.73046875,17877.83984375,17799.80078125,17827.330078125,85130000,0.13963218672736755
20160622,17780.830078125,17780.830078125,17920.16015625,17770.359375,17832.669921875,89440000,-0.2742632072352813
20160623,18011.0703125,18011.0703125,18011.0703125,17844.109375,17844.109375,98070000,1.2948789981309883
20160624,17400.75,17400.75,17946.630859375,17356.33984375,17946.630859375,239000000,-3.3885843645639846
20160627,17140.240234375,17140.240234375,17355.2109375,17063.080078125,17355.2109375,138740000,-1.4971180301136422
20160628,17409.720703125,17409.720703125,17409.720703125,17190.509765625,17190.509765625,112190000,1.5722094035155454
20160629,17694.6796875,17694.6796875,17704.509765625,17456.01953125,17456.01953125,106380000,1.6367809066796246
20160630,17929.990234375,17929.990234375,17930.609375,17711.80078125,17712.759765625,133030000,1.3298378440906644
20160701,17949.369140625,17949.369140625,18002.380859375,17916.91015625,17924.240234375,82160000,0.10808096377457055
20160705,17840.619140625,17840.619140625,17904.44921875,17785.279296875,17904.44921875,103650000,-0.6058708757282427
20160706,17918.619140625,17918.619140625,17926.91015625,17713.44921875,17807.470703125,93000000,0.43720455767359834
20160707,17895.880859375,17895.880859375,17984.94921875,17816.650390625,17924.240234375,81570000,-0.12689750851642145
20160708,18146.740234375,18146.740234375,18166.76953125,17971.220703125,17971.220703125,93460000,1.401771597448831
20160711,18226.9296875,18226.9296875,18283.900390625,18161.529296875,18161.529296875,80880000,0.44189453361491715
20160712,18347.669921875,18347.669921875,18371.94921875,18259.119140625,18259.119140625,90170000,0.6624277179156701
20160713,18372.119140625,18372.119140625,18390.16015625,18315.759765625,18356.779296875,80920000,0.13325517002489295
20160714,18506.41015625,18506.41015625,18537.5703125,18414.30078125,18414.30078125,87050000,0.7309500586029305
20160715,18516.55078125,18516.55078125,18557.4296875,18471.619140625,18508.880859375,123690000,0.05479520292905882
20160718,18533.05078125,18533.05078125,18556.130859375,18489.83984375,18521.55078125,75540000,0.0891094685772087
20160719,18559.009765625,18559.009765625,18562.529296875,18495.109375,18503.119140625,85840000,0.1400685978870886
20160720,18595.029296875,18595.029296875,18622.009765625,18555.650390625,18582.69921875,93230000,0.19408110510676924
20160721,18517.23046875,18517.23046875,18590.439453125,18469.669921875,18589.9609375,86800000,-0.41838507959799376
20160722,18570.849609375,18570.849609375,18571.30078125,18491.58984375,18524.150390625,87710000,0.2895634998737462
20160725,18493.060546875,18493.060546875,18555.689453125,18452.619140625,18554.490234375,76810000,-0.41887724113995883
20160726,18473.75,18473.75,18522.470703125,18387.220703125,18497.369140625,85370000,-0.10442050317227558
20160727,18472.169921875,18472.169921875,18542.390625,18430.939453125,18473.26953125,111370000,-0.008553098991814778
20160728,18456.349609375,18456.349609375,18483.259765625,18368.8203125,18461.009765625,85750000,-0.08564403947619592
20160729,18432.240234375,18432.240234375,18466.55078125,18371.119140625,18442.51953125,111550000,-0.1306291629182943
20160801,18404.509765625,18404.509765625,18467.029296875,18355.75,18434.5,83470000,-0.15044546076544707
20160802,18313.76953125,18313.76953125,18403.650390625,18247.7890625,18401.150390625,89680000,-0.4930326073910418
20160803,18355.0,18355.0,18355.0,18283.23046875,18313.080078125,78550000,0.22513370980041802
20160804,18352.05078125,18352.05078125,18397.869140625,18325.169921875,18351.4296875,64500000,-0.01606765867611104
20160805,18543.529296875,18543.529296875,18543.529296875,18402.80078125,18402.80078125,92420000,1.0433630437674646
20160808,18529.2890625,18529.2890625,18569.310546875,18502.029296875,18541.890625,71810000,-0.07679354963674445
20160809,18533.05078125,18533.05078125,18585.3203125,18507.75,18538.05078125,60090000,0.020301473722561525
20160810,18495.66015625,18495.66015625,18561.75,18468.779296875,18541.48046875,62780000,-0.2017510524377819
20160811,18613.51953125,18613.51953125,18638.33984375,18519.080078125,18519.080078125,71470000,0.6372271873744006
20160812,18576.470703125,18576.470703125,18606.060546875,18535.859375,18595.650390625,61580000,-0.19904257259245606
20160815,18636.05078125,18636.05078125,18722.609375,18559.9296875,18588.58984375,62350000,0.3207287276316473
20160816,18552.01953125,18552.01953125,18614.859375,18550.650390625,18614.48046875,67570000,-0.45090695977575423
20160817,18573.939453125,18573.939453125,18582.349609375,18468.6796875,18537.08984375,71000000,0.1181538313824948
20160818,18597.69921875,18597.69921875,18600.8203125,18533.2890625,18566.5390625,70740000,0.12791990457901026
20160819,18552.5703125,18552.5703125,18585.169921875,18491.240234375,18585.169921875,93170000,-0.24265854458223046
20160822,18529.419921875,18529.419921875,18570.919921875,18466.859375,18535.859375,73450000,-0.1247826594108159
20160823,18547.30078125,18547.30078125,18631.599609375,18545.51953125,18568.939453125,73990000,0.09649983351012192
20160824,18481.48046875,18481.48046875,18539.150390625,18448.26953125,18537.5,72270000,-0.354878120952995
20160825,18448.41015625,18448.41015625,18497.6796875,18431.4609375,18471.2109375,64480000,-0.17893757243050423
20160826,18395.400390625,18395.400390625,18572.08984375,18335.33984375,18467.919921875,78730000,-0.2873405630947623
20160829,18502.990234375,18502.990234375,18523.08984375,18419.919921875,18421.2890625,64480000,0.5848736176725655
20160830,18454.30078125,18454.30078125,18514.2890625,18408.51953125,18491.279296875,68920000,-0.26314370006284005
20160831,18400.880859375,18400.880859375,18439.6796875,18333.560546875,18436.69921875,98250000,-0.2894713948158656
20160901,18419.30078125,18419.30078125,18430.05078125,18295.48046875,18396.5703125,74780000,0.10010347882674075
20160902,18491.9609375,18491.9609375,18544.759765625,18439.099609375,18466.009765625,74350000,0.39447836328274644
20160906,18538.119140625,18538.119140625,18551.5390625,18450.3203125,18493.400390625,83710000,0.24961226816888615
20160907,18526.140625,18526.140625,18536.890625,18474.76953125,18527.7109375,67570000,-0.06461559306062403
20160908,18479.91015625,18479.91015625,18506.240234375,18446.689453125,18486.689453125,79060000,-0.24954182139594883
20160909,18085.44921875,18085.44921875,18404.169921875,18085.44921875,18404.169921875,120670000,-2.1345392600114477
20160912,18325.0703125,18325.0703125,18358.689453125,17994.83984375,18028.94921875,103260000,1.3249385782553524
20160913,18066.75,18066.75,18262.990234375,18028.060546875,18262.990234375,102830000,-1.4096552323938027
20160914,18034.76953125,18034.76953125,18163.48046875,17992.2109375,18073.390625,103360000,-0.17701284818797403
20160915,18212.48046875,18212.48046875,18250.109375,18015.490234375,18024.91015625,99550000,0.985379586870061
20160916,18123.80078125,18123.80078125,18217.2109375,18070.2109375,18217.2109375,278510000,-0.4869171316458587
20160919,18120.169921875,18120.169921875,18254.880859375,18093.05078125,18154.8203125,78090000,-0.020033653088680214
20160920,18129.9609375,18129.9609375,18227.2109375,18128.80078125,18175.359375,72450000,0.05403379585959822
20160921,18293.69921875,18293.69921875,18307.4296875,18121.5703125,18164.9609375,94090000,0.9031364260213337
20160922,18392.4609375,18392.4609375,18449.880859375,18343.759765625,18343.759765625,73030000,0.5398674022625949
20160923,18261.44921875,18261.44921875,18383.759765625,18254.83984375,18377.359375,87170000,-0.7123120674019323
20160926,18094.830078125,18094.830078125,18217.759765625,18083.3203125,18217.759765625,95510000,-0.9124091884992525
20160927,18228.30078125,18228.30078125,18238.099609375,18052.16015625,18099.2109375,84130000,0.7376178861516536
20160928,18339.240234375,18339.240234375,18349.859375,18179.33984375,18240.220703125,97650000,0.608611051882102
20160929,18143.44921875,18143.44921875,18366.23046875,18091.640625,18322.880859375,95880000,-1.0676070170999252
20160930,18308.150390625,18308.150390625,18369.619140625,18181.80078125,18181.80078125,135470000,0.9077721104143288
20161003,18253.849609375,18253.849609375,18279.80078125,18203.75,18279.599609375,68520000,-0.2965934848219609
20161004,18168.44921875,18168.44921875,18313.76953125,18116.259765625,18267.6796875,79710000,-0.4678486590638853
20161005,18281.029296875,18281.029296875,18315.8203125,18205.5,18205.5,76190000,0.6196460510719648
20161006,18268.5,18268.5,18288.119140625,18162.970703125,18280.419921875,78660000,-0.06853715221134538
20161007,18240.490234375,18240.490234375,18319.73046875,18149.349609375,18295.349609375,82680000,-0.15332274475189367
20161010,18329.0390625,18329.0390625,18399.9609375,18282.94921875,18282.94921875,72110000,0.4854520190368916
20161011,18128.66015625,18128.66015625,18312.330078125,18061.9609375,18308.4296875,88610000,-1.0932319232161092
20161012,18144.19921875,18144.19921875,18193.9609375,18082.08984375,18132.630859375,72230000,0.08571544927242769
20161013,18098.939453125,18098.939453125,18137.69921875,17959.94921875,18088.3203125,83160000,-0.24944482299460446
20161014,18138.380859375,18138.380859375,18261.109375,18138.380859375,18177.349609375,87050000,0.21792109063711873
20161017,18086.400390625,18086.400390625,18162.279296875,18063.01953125,18135.849609375,75960000,-0.28657722623093296
20161018,18161.939453125,18161.939453125,18225.80078125,18129.44921875,18145.060546875,74600000,0.41765669712341413
20161019,18202.619140625,18202.619140625,18252.19921875,18169.25,18178.2109375,88040000,0.22398316878542435
20161020,18162.349609375,18162.349609375,18249.05078125,18129.0703125,18161.869140625,88830000,-0.22122932386211547
20161021,18145.7109375,18145.7109375,18168.759765625,18049.76953125,18152.630859375,117810000,-0.09161078953359159
20161024,18223.029296875,18223.029296875,18275.0390625,18191.1796875,18197.140625,88540000,0.4260971622512377
20161025,18169.26953125,18169.26953125,18241.689453125,18151.69921875,18206.51953125,83190000,-0.2950100378438125
20161026,18199.330078125,18199.330078125,18236.0390625,18062.30078125,18103.80078125,86340000,0.16544719545987796
20161027,18169.6796875,18169.6796875,18253.19921875,18149.19921875,18234.810546875,83530000,-0.1629202311168476
20161028,18161.189453125,18161.189453125,18257.060546875,18094.970703125,18193.7890625,107850000,-0.04672748513470104
20161031,18142.419921875,18142.419921875,18193.6796875,18130.580078125,18176.599609375,110080000,-0.10334968036341818
20161101,18037.099609375,18037.099609375,18177.009765625,17940.83984375,18158.240234375,101280000,-0.5805196492724263
20161102,17959.640625,17959.640625,18044.150390625,17931.890625,18017.720703125,88610000,-0.42944257143615605
20161103,17930.669921875,17930.669921875,18006.9609375,17904.0703125,17978.75,77860000,-0.16131003804537025
20161104,17888.279296875,17888.279296875,17986.759765625,17883.560546875,17928.349609375,97760000,-0.23641406140818555
20161107,18259.599609375,18259.599609375,18263.30078125,17994.640625,17994.640625,93450000,2.0757743455228184
20161108,18332.740234375,18332.740234375,18400.5,18200.75,18251.380859375,79820000,0.40055985106293157
20161109,18589.689453125,18589.689453125,18650.060546875,18252.55078125,18317.259765625,173110000,1.4015865357007717
20161110,18807.880859375,18807.880859375,18873.66015625,18603.140625,18603.140625,164390000,1.173722706881053
20161111,18847.66015625,18847.66015625,18855.779296875,18736.9609375,18781.650390625,107300000,0.2115033435846847
20161114,18868.689453125,18868.689453125,18934.05078125,18815.75,18876.76953125,112250000,0.11157510640931179
20161115,18923.060546875,18923.060546875,18925.259765625,18806.060546875,18858.2109375,100660000,0.28815511477398026
20161116,18868.140625,18868.140625,18909.849609375,18825.890625,18909.849609375,87320000,-0.2902274805862137
20161117,18903.8203125,18903.8203125,18904.029296875,18845.26953125,18866.220703125,89940000,0.1891001779620316
20161118,18867.9296875,18867.9296875,18915.740234375,18853.830078125,18905.330078125,109880000,-0.18985910999306244
20161121,18956.689453125,18956.689453125,18960.759765625,18883.099609375,18898.6796875,80520000,0.4704266291802206
20161122,19023.869140625,19023.869140625,19043.900390625,18962.8203125,18970.390625,85310000,0.3543851243969387
20161123,19083.1796875,19083.1796875,19083.759765625,19000.380859375,19015.51953125,77880000,0.3117691066763184
20161125,19152.140625,19152.140625,19152.140625,19093.720703125,19093.720703125,45890000,0.36137026758267243
20161128,19097.900390625,19097.900390625,19138.720703125,19072.25,19122.140625,88460000,-0.28320716434275806
20161129,19121.599609375,19121.599609375,19144.400390625,19062.220703125,19064.0703125,81510000,0.12409332054970079
20161130,19123.580078125,19123.580078125,19225.2890625,19123.380859375,19135.640625,164570000,0.010357233654390008
20161201,19191.9296875,19191.9296875,19214.30078125,19138.7890625,19149.19921875,108800000,0.3574101140883412
20161202,19170.419921875,19170.419921875,19196.140625,19141.1796875,19161.25,84920000,-0.11207713854334278
20161205,19216.240234375,19216.240234375,19274.849609375,19186.73046875,19244.349609375,317800000,0.23901569546589396
20161206,19251.779296875,19251.779296875,19255.890625,19184.740234375,19219.91015625,284960000,0.18494285076862127
20161207,19549.619140625,19549.619140625,19558.419921875,19229.830078125,19241.990234375,385200000,1.54707696965104
20161208,19614.810546875,19614.810546875,19664.970703125,19527.830078125,19559.939453125,324570000,0.333466374874436
20161209,19756.849609375,19756.849609375,19757.740234375,19623.189453125,19631.349609375,334470000,0.7241419036934316
20161212,19796.4296875,19796.4296875,19824.58984375,19747.740234375,19770.19921875,333660000,0.2003359792049908
20161213,19911.2109375,19911.2109375,19953.75,19846.44921875,19852.2109375,388420000,0.579807833088597
20161214,19792.529296875,19792.529296875,19966.4296875,19748.669921875,19876.130859375,408430000,-0.5960543585095568
20161215,19852.240234375,19852.240234375,19951.2890625,19811.5,19811.5,357350000,0.3016842193555691
20161216,19843.41015625,19843.41015625,19923.169921875,19821.0,19909.009765625,573470000,-0.044479000962871496
20161219,19883.060546875,19883.060546875,19917.779296875,19832.94921875,19836.66015625,302310000,0.19981641417874396
20161220,19974.619140625,19974.619140625,19987.630859375,19920.419921875,19920.58984375,284080000,0.46048541437646584
20161221,19941.9609375,19941.9609375,19986.560546875,19941.9609375,19968.970703125,256640000,-0.16349850224968154
20161222,19918.880859375,19918.880859375,19933.830078125,19882.189453125,19922.6796875,258290000,-0.11573625180258951
20161223,19933.810546875,19933.810546875,19934.150390625,19899.060546875,19908.609375,158260000,0.07495244138162604
20161227,19945.0390625,19945.0390625,19980.240234375,19939.80078125,19943.4609375,158540000,0.05632899740164454
20161228,19833.6796875,19833.6796875,19981.109375,19827.310546875,19964.310546875,188350000,-0.5583311952964465
20161229,19819.779296875,19819.779296875,19878.439453125,19788.939453125,19835.4609375,172040000,-0.0700847792442727
20161230,19762.599609375,19762.599609375,19852.55078125,19718.669921875,19833.169921875,271910000,-0.2884981040581769
20170103,19881.759765625,19881.759765625,19938.529296875,19775.9296875,19872.859375,339180000,0.6029579033391519
20170104,19942.16015625,19942.16015625,19956.140625,19878.830078125,19890.939453125,280010000,0.3037980105233373
20170105,19899.2890625,19899.2890625,19948.599609375,19811.119140625,19924.560546875,269920000,-0.21497718107816866
20170106,19963.80078125,19963.80078125,19999.630859375,19834.080078125,19906.9609375,277700000,0.32419107309502593
20170109,19887.380859375,19887.380859375,19943.779296875,19887.380859375,19931.41015625,287510000,-0.382792448754421
20170110,19855.529296875,19855.529296875,19957.119140625,19836.029296875,19876.349609375,299410000,-0.1601596646900072
20170111,19954.279296875,19954.279296875,19973.419921875,19833.16015625,19887.380859375,336150000,0.4973425715502966
20170112,19891.0,19891.0,19929.2890625,19770.470703125,19926.2109375,306290000,-0.31712143512449
20170113,19885.73046875,19885.73046875,19952.029296875,19849.380859375,19912.5390625,263780000,-0.026492037856318262
20170117,19826.76953125,19826.76953125,19882.990234375,19775.349609375,19848.8203125,341900000,-0.29649872602193206
20170118,19804.720703125,19804.720703125,19828.19921875,19739.0,19822.73046875,279760000,-0.1112073658305679
20170119,19732.400390625,19732.400390625,19824.140625,19677.939453125,19813.55078125,301750000,-0.36516704064697425
20170120,19827.25,19827.25,19843.939453125,19759.140625,19795.060546875,435260000,0.4806795295926758
20170123,19799.849609375,19799.849609375,19833.98046875,19732.359375,19794.7890625,326690000,-0.13819561777351774
20170124,19912.7109375,19912.7109375,19949.240234375,19786.7109375,19794.6796875,374460000,0.5700110372129474
20170125,20068.509765625,20068.509765625,20082.0,19994.48046875,19994.48046875,372240000,0.7824089277145951
20170126,20100.91015625,20100.91015625,20125.580078125,20067.529296875,20076.25,356730000,0.16144891176970155
20170127,20093.779296875,20093.779296875,20115.970703125,20072.640625,20103.359375,343130000,-0.035475305941723434
20170130,19971.130859375,19971.130859375,20028.619140625,19870.390625,20028.619140625,317280000,-0.6103801364986339
20170131,19864.08984375,19864.08984375,19918.169921875,19784.76953125,19913.16015625,373750000,-0.5359787404064398
20170201,19890.939453125,19890.939453125,19967.73046875,19845.990234375,19923.810546875,426670000,0.13516657237355734
20170202,19884.91015625,19884.91015625,19922.75,19831.08984375,19858.33984375,347220000,-0.030311775314628697
20170203,20071.4609375,20071.4609375,20081.48046875,19964.2109375,19964.2109375,344220000,0.9381524974673594
20170206,20052.419921875,20052.419921875,20094.94921875,20002.810546875,20025.609375,281720000,-0.09486611704195846
20170207,20090.2890625,20090.2890625,20155.349609375,20068.6796875,20107.619140625,279670000,0.18885072610956843
20170208,20054.33984375,20054.33984375,20068.279296875,20015.330078125,20049.2890625,280410000,-0.17893828524897515
20170209,20172.400390625,20172.400390625,20206.359375,20061.73046875,20061.73046875,325310000,0.5887032322920982
20170210,20269.369140625,20269.369140625,20298.2109375,20204.759765625,20211.23046875,312230000,0.4807001057001825
20170213,20412.16015625,20412.16015625,20441.48046875,20322.94921875,20338.5390625,314620000,0.7044669946772553
20170214,20504.41015625,20504.41015625,20504.41015625,20374.01953125,20374.220703125,356580000,0.4519364892977995
20170215,20611.859375,20611.859375,20620.44921875,20496.029296875,20504.26953125,384380000,0.5240297961814244
20170216,20619.76953125,20619.76953125,20639.869140625,20556.830078125,20627.310546875,354120000,0.0383767233517629
20170217,20624.05078125,20624.05078125,20624.05078125,20532.609375,20564.130859375,340620000,0.020762841182642156
20170221,20743.0,20743.0,20757.640625,20663.369140625,20663.4296875,336880000,0.5767500284577398
20170222,20775.599609375,20775.599609375,20781.58984375,20692.390625,20715.41015625,310530000,0.15715956889070792
20170223,20810.3203125,20810.3203125,20840.69921875,20746.41015625,20817.2109375,302110000,0.16712250802779494
20170224,20821.759765625,20821.759765625,20821.759765625,20733.94921875,20751.91015625,292540000,0.05497009634267691
20170227,20837.439453125,20837.439453125,20851.330078125,20774.759765625,20808.7109375,256540000,0.07530433391074176
20170228,20812.240234375,20812.240234375,20841.240234375,20781.2109375,20833.880859375,339210000,-0.1209324149768376
20170301,21115.55078125,21115.55078125,21169.109375,20957.2890625,20957.2890625,392820000,1.457366162697049
20170302,21002.970703125,21002.970703125,21129.19921875,20996.609375,21128.91015625,319910000,-0.5331619302346935
20170303,21005.7109375,21005.7109375,21039.9609375,20953.859375,21008.75,254420000,0.01304688947927346
20170306,20954.33984375,20954.33984375,20986.4296875,20912.109375,20955.7109375,266620000,-0.24455774861821267
20170307,20924.759765625,20924.759765625,20970.5390625,20901.259765625,20934.890625,274630000,-0.14116444777344528
20170308,20855.73046875,20855.73046875,20951.439453125,20835.580078125,20940.439453125,296780000,-0.32989290031611995
20170309,20858.189453125,20858.189453125,20900.5703125,20777.16015625,20864.3203125,275960000,0.011790449529858194
20170310,20902.98046875,20902.98046875,20940.2890625,20827.66015625,20919.009765625,315430000,0.21474066924964674
20170313,20881.48046875,20881.48046875,20926.060546875,20845.7109375,20899.279296875,289260000,-0.10285614547715927
20170314,20837.369140625,20837.369140625,20874.0,20786.310546875,20848.599609375,246820000,-0.21124617189386408
20170315,20950.099609375,20950.099609375,20977.470703125,20859.599609375,20874.779296875,306590000,0.5410014478757663
20170316,20934.55078125,20934.55078125,21000.109375,20893.5,20969.26953125,264360000,-0.0742183971194188
20170317,20914.619140625,20914.619140625,20980.509765625,20911.0703125,20965.369140625,535280000,-0.09520930653478255
20170320,20905.859375,20905.859375,20955.44921875,20885.69921875,20916.26953125,253610000,-0.04188345752844658
20170321,20668.009765625,20668.009765625,20970.0390625,20653.259765625,20956.330078125,369320000,-1.137717446140618
20170322,20661.30078125,20661.30078125,20686.2109375,20578.94921875,20640.419921875,325090000,-0.03246071804242634
20170323,20656.580078125,20656.580078125,20757.890625,20618.619140625,20645.0703125,280050000,-0.02284804415259023
20170324,20596.720703125,20596.720703125,20718.330078125,20529.669921875,20674.44921875,292980000,-0.2897835690787498
20170327,20550.98046875,20550.98046875,20578.4609375,20412.80078125,20488.349609375,269380000,-0.22207532468049296
20170328,20701.5,20701.5,20735.609375,20520.099609375,20542.140625,299670000,0.7324201951283138
20170329,20659.3203125,20659.3203125,20684.73046875,20625.029296875,20675.75,238320000,-0.2037518416539874
20170330,20728.490234375,20728.490234375,20753.779296875,20643.599609375,20662.7890625,270900000,0.3348121856320052
20170331,20663.220703125,20663.220703125,20722.58984375,20660.6796875,20700.33984375,303770000,-0.3148783655345988
20170403,20650.2109375,20650.2109375,20692.33984375,20517.8203125,20665.169921875,285670000,-0.06296097695472902
20170404,20689.240234375,20689.240234375,20701.2890625,20605.30078125,20634.939453125,237390000,0.18900192832473905
20170405,20648.150390625,20648.150390625,20887.5,20639.55078125,20745.060546875,284980000,-0.1986048945467278
20170406,20662.94921875,20662.94921875,20746.4609375,20612.169921875,20653.76953125,251720000,0.07167144681259341
20170407,20656.099609375,20656.099609375,20726.0703125,20606.94921875,20647.810546875,219730000,-0.033149233937934675
20170410,20658.01953125,20658.01953125,20750.330078125,20614.859375,20668.220703125,230480000,0.009294697020778564
20170411,20651.30078125,20651.30078125,20660.029296875,20512.560546875,20644.3203125,255120000,-0.032523688874608325
20170412,20591.859375,20591.859375,20642.5390625,20553.029296875,20637.94921875,267670000,-0.28783371507508093
20170413,20453.25,20453.25,20612.26953125,20453.25,20561.689453125,235810000,-0.6731270473237627
20170417,20636.919921875,20636.919921875,20644.41015625,20484.75,20484.75,229240000,0.8979987135296241
20170418,20523.279296875,20523.279296875,20600.119140625,20462.279296875,20561.390625,263180000,-0.5506665986504178
20170419,20404.490234375,20404.490234375,20546.689453125,20379.55078125,20503.51953125,294790000,-0.5788015686074455
20170420,20578.7109375,20578.7109375,20629.779296875,20406.6796875,20406.6796875,312440000,0.853835117289492
20170421,20547.759765625,20547.759765625,20601.400390625,20505.330078125,20578.099609375,369600000,-0.15040384195590395
20170424,20763.890625,20763.890625,20792.19921875,20723.58984375,20723.58984375,342400000,1.051846341597651
20170425,20996.119140625,20996.119140625,21026.970703125,20909.380859375,20915.509765625,348180000,1.1184248646801898
20170426,20975.08984375,20975.08984375,21070.900390625,20972.26953125,21009.94921875,328550000,-0.1001580184135542
20170427,20981.330078125,20981.330078125,21005.80078125,20935.80078125,20991.119140625,305690000,0.029750691994578915
20170428,20940.509765625,20940.509765625,20987.759765625,20926.75,20987.390625,329990000,-0.19455540877534316
20170501,20913.4609375,20913.4609375,20976.619140625,20898.380859375,20962.73046875,288160000,-0.12916986466777747
20170502,20949.890625,20949.890625,20960.919921875,20904.060546875,20941.189453125,338810000,0.17419253374115762
20170503,20957.900390625,20957.900390625,20972.740234375,20874.1796875,20915.0,310920000,0.03823297108502821
20170504,20951.470703125,20951.470703125,20990.7890625,20847.94921875,20987.830078125,274720000,-0.030679063170258036
20170505,21006.939453125,21006.939453125,21006.939453125,20905.0,20929.0390625,260960000,0.2647487175767793
20170508,21012.279296875,21012.279296875,21017.890625,20971.05078125,20991.259765625,276150000,0.025419427527340055
20170509,20975.779296875,20975.779296875,21046.849609375,20938.0390625,21022.279296875,273000000,-0.1737079518328577
20170510,20943.109375,20943.109375,20976.279296875,20884.150390625,20958.490234375,283340000,-0.15575069422982812
20170511,20919.419921875,20919.419921875,20933.359375,20798.900390625,20925.720703125,287680000,-0.11311335246750875
20170512,20896.609375,20896.609375,20916.099609375,20869.740234375,20893.189453125,288500000,-0.10904005445747655
20170515,20981.939453125,20981.939453125,21000.830078125,20923.630859375,20923.630859375,313170000,0.4083441317857428
20170516,20979.75,20979.75,21033.529296875,20932.880859375,20984.48046875,311580000,-0.010434941583414847
20170517,20606.9296875,20606.9296875,20846.169921875,20601.080078125,20846.169921875,423200000,-1.7770484038179712
20170518,20663.01953125,20663.01953125,20759.19921875,20553.44921875,20579.650390625,422590000,0.2721892324601072
20170519,20804.83984375,20804.83984375,20857.130859375,20687.939453125,20698.279296875,365180000,0.6863484414052712
20170522,20894.830078125,20894.830078125,20914.259765625,20860.16015625,20867.76953125,276120000,0.43254471099440917
20170523,20937.91015625,20937.91015625,20961.140625,20896.220703125,20908.669921875,244950000,0.20617577632326967
20170524,21012.419921875,21012.419921875,21022.8203125,20933.580078125,20949.2109375,283180000,0.35586056616427886
20170525,21082.94921875,21082.94921875,21112.3203125,21051.41015625,21062.9609375,268970000,0.335655279768976
20170526,21080.279296875,21080.279296875,21092.8203125,21050.490234375,21070.150390625,208000000,-0.012663891789033155
20170530,21029.470703125,21029.470703125,21063.619140625,21009.599609375,21045.490234375,242810000,-0.24102429116075186
20170531,21008.650390625,21008.650390625,21051.69921875,20942.5703125,21048.4609375,371580000,-0.099005404339092
20170601,21144.1796875,21144.1796875,21144.1796875,20994.220703125,21030.55078125,276730000,0.6451118675166345
20170602,21206.2890625,21206.2890625,21225.0390625,21129.560546875,21142.08984375,329700000,0.29374218304016875
20170605,21184.0390625,21184.0390625,21224.41015625,21168.689453125,21195.029296875,269790000,-0.1049217047566553
20170606,21136.23046875,21136.23046875,21180.470703125,21118.4609375,21145.48046875,283550000,-0.22568214498164263
20170607,21173.689453125,21173.689453125,21189.83984375,21113.310546875,21171.5703125,273400000,0.17722641901725122
20170608,21182.529296875,21182.529296875,21265.689453125,21138.16015625,21169.759765625,330330000,0.04174918957591256
20170609,21271.970703125,21271.970703125,21305.349609375,21159.44921875,21208.9609375,397200000,0.4222413905179634
20170612,21235.669921875,21235.669921875,21277.080078125,21186.150390625,21259.94921875,528080000,-0.1706507674188673
20170613,21328.470703125,21328.470703125,21332.76953125,21256.830078125,21256.830078125,323510000,0.4370042555351894
20170614,21374.560546875,21374.560546875,21391.970703125,21294.08984375,21342.7109375,295090000,0.2160953984537084
20170615,21359.900390625,21359.900390625,21367.279296875,21261.869140625,21291.689453125,317200000,-0.06858693640905411
20170616,21384.279296875,21384.279296875,21384.419921875,21308.009765625,21335.9296875,603260000,0.1141339884745074
20170619,21528.990234375,21528.990234375,21528.990234375,21436.080078125,21444.75,289400000,0.6767164583430629
20170620,21467.140625,21467.140625,21535.029296875,21464.240234375,21521.25,310200000,-0.2872852312239216
20170621,21410.029296875,21410.029296875,21492.619140625,21390.0,21466.390625,292500000,-0.2660406857282638
20170622,21397.2890625,21397.2890625,21456.470703125,21394.810546875,21407.98046875,270680000,-0.05950591752277301
20170623,21394.759765625,21394.759765625,21421.7890625,21333.890625,21380.919921875,368400000,-0.01182064170658359
20170626,21409.55078125,21409.55078125,21506.2109375,21381.25,21434.6796875,241880000,0.0691338242963857
20170627,21310.66015625,21310.66015625,21440.599609375,21310.66015625,21411.189453125,292170000,-0.4618995793531866
20170628,21454.609375,21454.609375,21478.75,21372.359375,21372.359375,271510000,0.6754798663887618
20170629,21287.029296875,21287.029296875,21487.380859375,21197.080078125,21487.380859375,336750000,-0.7810912573419926
20170630,21349.630859375,21349.630859375,21426.119140625,21325.080078125,21348.599609375,313260000,0.29408313215968374
20170703,21479.26953125,21479.26953125,21562.75,21391.7109375,21392.30078125,186810000,0.6072173927919478
20170705,21478.169921875,21478.169921875,21505.359375,21404.759765625,21492.830078125,273690000,-0.005119398373398809
20170706,21320.0390625,21320.0390625,21433.099609375,21305.380859375,21423.9296875,320450000,-0.7362399122000984
20170707,21414.33984375,21414.33984375,21425.8203125,21350.720703125,21354.66015625,242240000,0.44231054630601285
20170710,21408.51953125,21408.51953125,21446.390625,21371.109375,21381.23046875,270340000,-0.027179509349661846
20170711,21409.0703125,21409.0703125,21441.619140625,21279.30078125,21410.169921875,247570000,0.0025727199360892072
20170712,21532.140625,21532.140625,21580.7890625,21467.9296875,21467.9296875,267870000,0.574851269595511
20170713,21553.08984375,21553.08984375,21568.720703125,21512.359375,21537.189453125,232270000,0.09729278251915385
20170714,21637.740234375,21637.740234375,21681.529296875,21521.720703125,21532.76953125,235590000,0.3927529242381267
20170717,21629.720703125,21629.720703125,21661.810546875,21617.66015625,21633.970703125,244780000,-0.03706270231148556
20170718,21574.73046875,21574.73046875,21589.939453125,21471.140625,21589.939453125,251110000,-0.25423460214655247
20170719,21640.75,21640.75,21640.75,21565.83984375,21569.25,253040000,0.30600396767703764
20170720,21611.779296875,21611.779296875,21661.91015625,21576.9609375,21641.5390625,313950000,-0.1338710678927435
20170721,21580.0703125,21580.0703125,21592.609375,21503.779296875,21591.720703125,362830000,-0.1467208411645493
20170724,21513.169921875,21513.169921875,21577.779296875,21496.130859375,21577.779296875,284080000,-0.31001006788309304
20170725,21613.4296875,21613.4296875,21670.619140625,21577.369140625,21638.560546875,304300000,0.4660390169793249
20170726,21711.009765625,21711.009765625,21742.69921875,21683.2890625,21690.380859375,278240000,0.45147891628432024
20170727,21796.55078125,21796.55078125,21798.470703125,21687.849609375,21717.419921875,407320000,0.39399832872093477
20170728,21830.310546875,21830.310546875,21841.1796875,21756.119140625,21787.509765625,285630000,0.15488581640192844
20170731,21891.119140625,21891.119140625,21929.80078125,21861.7109375,21863.390625,307610000,0.27855120805280187
20170801,21963.919921875,21963.919921875,21990.9609375,21940.810546875,21961.419921875,328410000,0.33255851737108433
20170802,22016.240234375,22016.240234375,22036.099609375,21967.4609375,22004.359375,336820000,0.2382102679580944
20170803,22026.099609375,22026.099609375,22044.849609375,21991.3203125,22007.580078125,278730000,0.044782282964939135
20170804,22092.810546875,22092.810546875,22092.810546875,22024.640625,22058.390625,253640000,0.3028722228769265
20170807,22118.419921875,22118.419921875,22121.150390625,22081.970703125,22100.19921875,213010000,0.11591723445807389
20170808,22085.33984375,22085.33984375,22179.109375,22057.2890625,22095.140625,262000000,-0.1495589569320166
20170809,22048.69921875,22048.69921875,22057.189453125,21996.689453125,22022.33984375,277800000,-0.16590473707548403
20170810,21844.009765625,21844.009765625,21988.19921875,21843.939453125,21988.19921875,303310000,-0.9283516052091323
20170811,21858.3203125,21858.3203125,21911.08984375,21842.740234375,21883.3203125,237790000,0.06551245411692275
20170814,21993.7109375,21993.7109375,22019.23046875,21945.640625,21945.640625,235030000,0.6194008645878268
20170815,21998.990234375,21998.990234375,22038.919921875,21971.48046875,22029.91015625,269070000,0.02400366582067104
20170816,22024.869140625,22024.869140625,22085.7109375,22002.470703125,22031.9296875,264920000,0.1176367913903631
20170817,21750.73046875,21750.73046875,21984.740234375,21750.3203125,21984.740234375,311030000,-1.2446778690246574
20170818,21674.509765625,21674.509765625,21793.349609375,21641.630859375,21724.880859375,309070000,-0.3504282453157592
20170821,21703.75,21703.75,21718.740234375,21600.33984375,21671.359375,277880000,0.13490609333814962
20170822,21899.890625,21899.890625,21912.830078125,21738.130859375,21739.779296875,244980000,0.903717675516913
20170823,21812.08984375,21812.08984375,21866.66015625,21808.390625,21850.26953125,234810000,-0.4009188116664397
20170824,21783.400390625,21783.400390625,21870.109375,21765.8203125,21839.900390625,228480000,-0.13153005205147617
20170825,21813.669921875,21813.669921875,21906.859375,21812.810546875,21819.080078125,217570000,0.13895686948410813
20170828,21808.400390625,21808.400390625,21861.490234375,21767.939453125,21832.5,218740000,-0.024157013784809056
20170829,21865.369140625,21865.369140625,21879.220703125,21673.580078125,21718.0,227340000,0.26122388153002607
20170830,21892.4296875,21892.4296875,21914.259765625,21839.470703125,21859.759765625,242840000,0.12375984462444922
20170831,21948.099609375,21948.099609375,21985.759765625,21910.5,21936.009765625,376790000,0.254288458017915
20170901,21987.560546875,21987.560546875,22038.970703125,21974.91015625,21981.76953125,256240000,0.17979204670250937
20170905,21753.310546875,21753.310546875,21921.08984375,21709.630859375,21912.369140625,332840000,-1.065375121995027
20170906,21807.640625,21807.640625,21849.240234375,21794.0703125,21815.759765625,318760000,0.24975544760383883
20170907,21784.779296875,21784.779296875,21850.009765625,21745.7109375,21820.380859375,333810000,-0.10483173543676116
20170908,21797.7890625,21797.7890625,21846.630859375,21731.119140625,21764.4296875,289400000,0.05971951998093861
20170911,22057.369140625,22057.369140625,22067.099609375,21927.7890625,21927.7890625,312770000,1.1908550788372052
20170912,22118.859375,22118.859375,22134.5703125,22087.08984375,22090.560546875,364580000,0.2787741093825513
20170913,22158.1796875,22158.1796875,22158.1796875,22095.7890625,22103.470703125,291890000,0.17776826477970964
20170914,22203.48046875,22203.48046875,22216.439453125,22135.259765625,22144.9609375,297780000,0.2044427019226358
20170915,22268.33984375,22268.33984375,22275.01953125,22214.51953125,22252.439453125,527540000,0.2921135499062144
20170918,22331.349609375,22331.349609375,22355.619140625,22283.349609375,22297.919921875,302740000,0.2829567272060629
20170919,22370.80078125,22370.80078125,22386.009765625,22340.7109375,22349.69921875,295570000,0.1766627300413548
20170920,22412.58984375,22412.58984375,22413.259765625,22314.6796875,22351.380859375,334560000,0.18680181772940951
20170921,22359.23046875,22359.23046875,22419.509765625,22356.55078125,22414.01953125,287390000,-0.23807768478339986
20170922,22349.58984375,22349.58984375,22364.310546875,22299.580078125,22334.0703125,297140000,-0.04311698031591593
20170925,22296.08984375,22296.08984375,22359.880859375,22219.109375,22320.470703125,332430000,-0.23937799473738863
20170926,22284.3203125,22284.3203125,22369.349609375,22279.51953125,22322.029296875,285990000,-0.05278742296286332
20170927,22340.7109375,22340.7109375,22371.099609375,22254.9296875,22330.9296875,342900000,0.25305068410979015
20170928,22381.19921875,22381.19921875,22394.740234375,22288.970703125,22306.830078125,263010000,0.18123094364932424
20170929,22405.08984375,22405.08984375,22405.630859375,22332.9609375,22358.470703125,274790000,0.10674416847147317
20171002,22557.599609375,22557.599609375,22559.380859375,22416.0,22423.470703125,268530000,0.6806924975020445
20171003,22641.669921875,22641.669921875,22646.3203125,22562.900390625,22564.44921875,238830000,0.37269174892642365
20171004,22661.640625,22661.640625,22685.939453125,22632.80078125,22645.669921875,235730000,0.08820331359793432
20171005,22775.390625,22775.390625,22777.0390625,22655.140625,22669.080078125,246400000,0.5019495361448412
20171006,22773.669921875,22773.669921875,22773.669921875,22730.849609375,22762.029296875,221450000,-0.007555098190548115
20171009,22761.0703125,22761.0703125,22803.369140625,22739.380859375,22779.73046875,310770000,-0.055325335873501746
20171010,22830.6796875,22830.6796875,22850.509765625,22770.990234375,22784.759765625,319270000,0.3058264573866376
20171011,22872.890625,22872.890625,22872.890625,22821.66015625,22827.650390625,316000000,0.18488690690672271
20171012,22841.009765625,22841.009765625,22884.8203125,22821.130859375,22854.849609375,291790000,-0.13938272996485424
20171013,22871.720703125,22871.720703125,22905.330078125,22855.9296875,22876.4296875,259560000,0.13445525313955375
20171016,22956.9609375,22956.9609375,22960.119140625,22887.119140625,22892.919921875,247180000,0.3726883319423946
20171017,22997.439453125,22997.439453125,23002.19921875,22948.23046875,22952.41015625,273090000,0.17632349392937563
20171018,23157.599609375,23157.599609375,23172.9296875,23086.75,23087.130859375,271870000,0.6964260372397169
20171019,23163.0390625,23163.0390625,23167.240234375,23052.669921875,23107.470703125,350400000,0.023488846930397322
20171020,23328.630859375,23328.630859375,23328.83984375,23201.779296875,23205.1796875,474380000,0.7148966784029875
20171023,23273.9609375,23273.9609375,23368.369140625,23273.9609375,23348.94921875,456830000,-0.23434689418573296
20171024,23441.759765625,23441.759765625,23485.25,23343.23046875,23346.779296875,406850000,0.7209723715512206
20171025,23329.4609375,23329.4609375,23451.509765625,23251.109375,23431.08984375,399560000,-0.47905459849338916
20171026,23400.859375,23400.859375,23459.83984375,23380.890625,23380.890625,370600000,0.30604409459471515
20171027,23434.189453125,23434.189453125,23449.400390625,23353.16015625,23419.16015625,518870000,0.14243100046404944
20171030,23348.740234375,23348.740234375,23428.75,23327.869140625,23405.75,436900000,-0.3646348380041964
20171031,23377.240234375,23377.240234375,23406.349609375,23334.390625,23369.220703125,388050000,0.12206225995028408
20171101,23435.009765625,23435.009765625,23517.7109375,23388.91015625,23442.900390625,361260000,0.24711869609421733
20171102,23516.259765625,23516.259765625,23531.380859375,23350.98046875,23463.240234375,348040000,0.34670350391394766
20171103,23539.189453125,23539.189453125,23557.060546875,23481.5703125,23549.58984375,312250000,0.09750567364252838
20171106,23548.419921875,23548.419921875,23574.859375,23520.75,23533.9609375,325190000,0.03921319707451687
20171107,23557.23046875,23557.23046875,23602.119140625,23484.189453125,23574.029296875,285080000,0.037414598959206735
20171108,23563.359375,23563.359375,23575.0,23510.560546875,23542.599609375,264670000,0.02601709168712496
20171109,23461.939453125,23461.939453125,23516.740234375,23310.01953125,23492.08984375,305440000,-0.43041367854620427
20171110,23422.2109375,23422.2109375,23452.19921875,23392.9609375,23432.7109375,351280000,-0.16933176263784766
20171113,23439.69921875,23439.69921875,23461.6796875,23343.33984375,23367.470703125,491260000,0.07466537337856849
20171114,23409.470703125,23409.470703125,23414.080078125,23271.5703125,23388.400390625,561330000,-0.12896289898131075
20171115,23271.279296875,23271.279296875,23344.990234375,23242.75,23334.58984375,404300000,-0.5903226433545683
20171116,23458.359375,23458.359375,23492.189453125,23365.33984375,23365.33984375,402020000,0.8039097281176133
20171117,23358.240234375,23358.240234375,23433.76953125,23356.009765625,23433.76953125,386000000,-0.4267951523144409
20171120,23430.330078125,23430.330078125,23456.880859375,23360.580078125,23370.7109375,315330000,0.3086270328015006
20171121,23590.830078125,23590.830078125,23617.80078125,23500.150390625,23500.150390625,329650000,0.685009555839966
20171122,23526.1796875,23526.1796875,23605.76953125,23507.609375,23597.240234375,268760000,-0.2740488164719057
20171124,23557.990234375,23557.990234375,23599.1796875,23551.58984375,23552.75,118610000,0.13521339757471829
20171127,23580.779296875,23580.779296875,23638.919921875,23545.01953125,23552.859375,296320000,0.09673602150810368
20171128,23836.7109375,23836.7109375,23849.609375,23617.109375,23625.189453125,319240000,1.0853400449700956
20171129,23940.6796875,23940.6796875,23959.759765625,23872.58984375,23883.259765625,401410000,0.4361707043920804
20171130,24272.349609375,24272.349609375,24327.8203125,24013.80078125,24013.80078125,488200000,1.3853822289271678
20171201,24231.58984375,24231.58984375,24322.060546875,23921.900390625,24305.400390625,417910000,-0.16792674084282755
20171204,24290.05078125,24290.05078125,24534.0390625,24288.189453125,24424.109375,424250000,0.24125919049045041
20171205,24180.640625,24180.640625,24349.740234375,24155.279296875,24335.009765625,371190000,-0.4504319782421162
20171206,24140.91015625,24140.91015625,24229.349609375,24134.490234375,24171.900390625,312720000,-0.16430693200462088
20171207,24211.48046875,24211.48046875,24262.880859375,24101.240234375,24116.599609375,319060000,0.2923266440380212
20171208,24329.16015625,24329.16015625,24330.119140625,24225.5,24263.259765625,293590000,0.4860491189371485
20171211,24386.029296875,24386.029296875,24389.720703125,24314.740234375,24338.109375,300580000,0.2337488851229086
20171212,24504.80078125,24504.80078125,24552.970703125,24443.830078125,24452.9609375,342220000,0.48704724713104497
20171213,24585.4296875,24585.4296875,24666.01953125,24518.30078125,24525.189453125,325280000,0.32903310241025885
20171214,24508.66015625,24508.66015625,24672.48046875,24508.66015625,24631.009765625,314780000,-0.31225621120233304
20171215,24651.740234375,24651.740234375,24688.619140625,24584.439453125,24585.7109375,635740000,0.5837939618601018
20171218,24792.19921875,24792.19921875,24876.0703125,24739.560546875,24739.560546875,354880000,0.5697730993414529
20171219,24754.75,24754.75,24850.109375,24715.599609375,24834.380859375,335330000,-0.15105242749774428
20171220,24726.650390625,24726.650390625,24852.439453125,24697.109375,24838.08984375,341790000,-0.1135119901231052
20171221,24782.2890625,24782.2890625,24850.91015625,24766.26953125,24778.259765625,339530000,0.22501499797196178
20171222,24754.060546875,24754.060546875,24784.150390625,24717.509765625,24764.0390625,255140000,-0.11390600583266464
20171226,24746.2109375,24746.2109375,24778.130859375,24708.419921875,24715.83984375,208290000,-0.03171039094832517
20171227,24774.30078125,24774.30078125,24789.51953125,24731.6796875,24766.51953125,225890000,0.11351169607720646
20171228,24837.509765625,24837.509765625,24839.23046875,24797.130859375,24807.2109375,200960000,0.2551393273744429
20171229,24719.220703125,24719.220703125,24871.66015625,24719.220703125,24849.630859375,270760000,-0.4762517000142741
20180102,24824.009765625,24824.009765625,24864.189453125,24741.69921875,24809.349609375,341130000,0.42391733848936575
20180103,24922.6796875,24922.6796875,24941.919921875,24825.55078125,24850.44921875,456790000,0.3974777757767223
20180104,25075.130859375,25075.130859375,25105.9609375,24963.26953125,24964.859375,403280000,0.6116965502367844
20180105,25295.869140625,25295.869140625,25299.7890625,25112.009765625,25114.919921875,358020000,0.8803075943568661
20180108,25283.0,25283.0,25311.990234375,25235.41015625,25308.400390625,341390000,-0.050874475011941644
20180109,25385.80078125,25385.80078125,25439.779296875,25308.41015625,25312.05078125,333490000,0.4066004083771668
20180110,25369.130859375,25369.130859375,25404.919921875,25256.990234375,25348.130859375,341470000,-0.0656663227551646
20180111,25574.73046875,25574.73046875,25575.419921875,25396.189453125,25398.599609375,346830000,0.8104322158873689
20180112,25803.189453125,25803.189453125,25810.4296875,25633.080078125,25638.390625,376390000,0.8932996758427514
20180116,25792.859375,25792.859375,26086.119140625,25702.990234375,25987.619140625,606520000,-0.04003411339426055
20180117,26115.650390625,26115.650390625,26130.44921875,25865.01953125,25910.779296875,522720000,1.2514743361019764
20180118,26017.810546875,26017.810546875,26153.419921875,25947.3203125,26149.55078125,492780000,-0.37464065526441326
20180119,26071.720703125,26071.720703125,26071.720703125,25942.830078125,25987.349609375,585000000,0.20720481515104083
20180122,26214.599609375,26214.599609375,26215.23046875,25974.650390625,26025.3203125,431200000,0.5480225408861283
20180123,26210.810546875,26210.810546875,26246.189453125,26143.900390625,26214.869140625,433490000,-0.01445401629801557
20180124,26252.119140625,26252.119140625,26392.80078125,26106.939453125,26282.0703125,518790000,0.15760135947007203
20180125,26392.7890625,26392.7890625,26458.25,26259.720703125,26313.060546875,401390000,0.5358421585757389
20180126,26616.7109375,26616.7109375,26616.7109375,26425.349609375,26466.740234375,477780000,0.8484206594071564
20180129,26439.48046875,26439.48046875,26608.900390625,26435.33984375,26584.279296875,421000000,-0.6658616429586761
20180130,26076.890625,26076.890625,26256.990234375,26028.419921875,26198.44921875,448330000,-1.3713954938659345
20180131,26149.390625,26149.390625,26338.029296875,26050.98046875,26268.169921875,479130000,0.27802394481224457
20180201,26186.7109375,26186.7109375,26306.69921875,26014.439453125,26083.0390625,410620000,0.14271962599510246
20180202,25520.9609375,25520.9609375,26061.7890625,25490.66015625,26061.7890625,522880000,-2.5423200400728097
20180205,24345.75,24345.75,25520.529296875,23923.880859375,25337.869140625,714450000,-4.6048851388396095
20180206,24912.76953125,24912.76953125,24946.23046875,23778.740234375,24085.169921875,823940000,2.3290288089296896
20180207,24893.349609375,24893.349609375,25293.9609375,24785.439453125,24892.869140625,504620000,-0.07795167795632274
20180208,23860.4609375,23860.4609375,24903.6796875,23849.23046875,24902.30078125,657500000,-4.1492554761935585
20180209,24190.900390625,24190.900390625,24382.140625,23360.2890625,23992.669921875,735030000,1.3848829408222851
20180212,24601.26953125,24601.26953125,24765.16015625,24290.48046875,24337.759765625,496610000,1.6963781173851444
20180213,24640.44921875,24640.44921875,24705.720703125,24421.029296875,24540.330078125,374410000,0.15925880349481059
20180214,24893.490234375,24893.490234375,24925.94921875,24490.359375,24535.8203125,431160000,1.0269334514910078
20180215,25200.369140625,25200.369140625,25203.94921875,24809.419921875,25047.8203125,416780000,1.2327676969388301
20180216,25219.380859375,25219.380859375,25432.419921875,25149.259765625,25165.939453125,406730000,0.07544222326232308
20180220,24964.75,24964.75,25179.009765625,24884.189453125,25124.91015625,421510000,-1.0096634044857722
20180221,24797.779296875,24797.779296875,25267.990234375,24792.990234375,24988.060546875,456070000,-0.6688258569583105
20180222,24962.48046875,24962.48046875,25156.720703125,24854.830078125,24855.41015625,378900000,0.6641771019220144
20180223,25309.990234375,25309.990234375,25313.91015625,25028.73046875,25050.509765625,335420000,1.3921283426141962
20180226,25709.26953125,25709.26953125,25732.80078125,25398.560546875,25403.349609375,473360000,1.5775561079937273
20180227,25410.029296875,25410.029296875,25800.349609375,25407.830078125,25735.779296875,438390000,-1.1639390765702973
20180228,25029.19921875,25029.19921875,25576.150390625,25022.419921875,25485.150390625,451870000,-1.4987392327478921
20180301,24608.98046875,24608.98046875,25185.349609375,24442.560546875,25024.0390625,506280000,-1.6789140808196712
20180302,24538.060546875,24538.060546875,24592.4609375,24217.759765625,24394.91015625,437130000,-0.28818715982589227
20180305,24874.759765625,24874.759765625,24961.0,24387.150390625,24471.310546875,383910000,1.3721509004625876
20180306,24884.119140625,24884.119140625,24995.240234375,24708.41015625,24965.890625,331770000,0.0376259915198629
20180307,24801.359375,24801.359375,24849.6796875,24535.119140625,24758.150390625,394070000,-0.3325806517695429
20180308,24895.2109375,24895.2109375,24950.490234375,24703.05078125,24853.41015625,327300000,0.37841297761527226
20180309,25335.740234375,25335.740234375,25336.330078125,25004.890625,25004.890625,371570000,1.7695343011190356
20180312,25178.609375,25178.609375,25449.150390625,25152.01953125,25372.439453125,362580000,-0.6201944680574556
20180313,25007.029296875,25007.029296875,25376.400390625,24947.5,25257.75,447880000,-0.6814517655425512
20180314,24758.119140625,24758.119140625,25130.119140625,24668.830078125,25086.970703125,356830000,-0.9953607575495016
20180315,24873.66015625,24873.66015625,25053.869140625,24753.2890625,24837.2890625,316310000,0.466679294047867
20180316,24946.509765625,24946.509765625,25031.0,24857.08984375,24877.33984375,654240000,0.29287852659150015
20180319,24610.91015625,24610.91015625,24893.689453125,24453.140625,24893.689453125,377990000,-1.345276804362583
20180320,24727.26953125,24727.26953125,24803.609375,24650.640625,24650.640625,342510000,0.4727959033666629
20180321,24682.310546875,24682.310546875,24977.650390625,24655.400390625,24723.490234375,343230000,-0.18181944560511365
20180322,23957.890625,23957.890625,24526.009765625,23938.740234375,24526.009765625,439280000,-2.9349761259150786
20180323,23533.19921875,23533.19921875,24108.470703125,23509.060546875,23995.1796875,482550000,-1.7726577556324452
20180326,24202.599609375,24202.599609375,24232.30078125,23741.220703125,23825.740234375,479540000,2.844493791101965
20180327,23857.7109375,23857.7109375,24446.220703125,23708.73046875,24276.619140625,524480000,-1.4250067242421616
20180328,23848.419921875,23848.419921875,24092.470703125,23728.669921875,23883.080078125,530040000,-0.03894344955951423
20180329,24103.109375,24103.109375,24314.30078125,23928.130859375,23949.1796875,463550000,1.0679510590611008
20180402,23644.189453125,23644.189453125,24123.80078125,23344.51953125,24076.599609375,509820000,-1.903986389204193
20180403,24033.359375,24033.359375,24044.349609375,23664.330078125,23698.330078125,394130000,1.6459431719853868
20180404,24264.30078125,24264.30078125,24308.9609375,23523.16015625,23654.150390625,388540000,0.9609202053135757
20180405,24505.220703125,24505.220703125,24622.259765625,24313.91015625,24313.91015625,347790000,0.9928986787913985
20180406,23932.759765625,23932.759765625,24434.400390625,23738.19921875,24373.599609375,395990000,-2.336077460534758
20180409,23979.099609375,23979.099609375,24373.1796875,23954.830078125,24037.51953125,380790000,0.19362515733165608
20180410,24408.0,24408.0,24511.349609375,24198.94921875,24198.94921875,368590000,1.788642599646706
20180411,24189.44921875,24189.44921875,24366.5703125,24150.869140625,24274.189453125,286360000,-0.8954063473041618
20180412,24483.05078125,24483.05078125,24592.119140625,24302.8203125,24302.8203125,336130000,1.2137587749307732
20180413,24360.140625,24360.140625,24646.44921875,24243.740234375,24582.8203125,331890000,-0.502021407986164
20180416,24573.0390625,24573.0390625,24675.359375,24480.19921875,24483.150390625,305070000,0.8739622680236536
20180417,24786.630859375,24786.630859375,24858.970703125,24681.7890625,24681.7890625,342410000,0.8692119698004985
20180418,24748.0703125,24748.0703125,24832.5390625,24721.08984375,24820.849609375,302030000,-0.1555699404802935
20180419,24664.890625,24664.890625,24762.48046875,24557.029296875,24711.30078125,381110000,-0.33610575066932435
20180420,24462.939453125,24462.939453125,24678.0703125,24375.0390625,24657.390625,537770000,-0.8187799205981672
20180423,24448.689453125,24448.689453125,24536.890625,24328.5390625,24488.0703125,351030000,-0.05825138073576319
20180424,24024.130859375,24024.130859375,24579.939453125,23828.73046875,24579.939453125,468180000,-1.736529046123303
20180425,24083.830078125,24083.830078125,24146.33984375,23823.080078125,24070.19921875,437100000,0.24849689297585797
20180426,24322.33984375,24322.33984375,24402.4609375,24128.720703125,24128.720703125,390360000,0.9903315413341884
20180427,24311.189453125,24311.189453125,24359.380859375,24194.44921875,24342.140625,392810000,-0.045844234956959884
20180430,24163.150390625,24163.150390625,24498.23046875,24163.080078125,24410.41015625,416650000,-0.608933852395166
20180501,24099.05078125,24099.05078125,24117.2890625,23808.189453125,24117.2890625,380070000,-0.26527836121845727
20180502,23924.98046875,23924.98046875,24185.51953125,23886.30078125,24097.630859375,385350000,-0.7223119038175296
20180503,23930.150390625,23930.150390625,23996.150390625,23531.310546875,23836.23046875,389240000,0.021608886501511826
20180504,24262.509765625,24262.509765625,24333.349609375,23778.869140625,23865.220703125,329480000,1.3888729054131188
20180507,24357.3203125,24357.3203125,24479.44921875,24263.419921875,24317.66015625,307670000,0.3907697422520062
20180508,24360.2109375,24360.2109375,24412.33984375,24198.33984375,24341.349609375,344940000,0.011867582159741374
20180509,24542.5390625,24542.5390625,24586.48046875,24323.869140625,24399.1796875,361580000,0.7484669384341114
20180510,24739.529296875,24739.529296875,24794.990234375,24575.91015625,24591.66015625,304210000,0.8026481444048938
20180511,24831.169921875,24831.169921875,24868.650390625,24717.5,24758.640625,274150000,0.3704218617109012
20180514,24899.41015625,24899.41015625,24994.189453125,24862.51953125,24879.369140625,282860000,0.27481683138450563
20180515,24706.41015625,24706.41015625,24809.55078125,24629.390625,24809.55078125,301900000,-0.7751187630103518
20180516,24768.9296875,24768.9296875,24801.189453125,24672.7890625,24722.3203125,280810000,0.2530498395137526
20180517,24713.98046875,24713.98046875,24839.490234375,24639.400390625,24752.400390625,314650000,-0.22184736863187782
20180518,24715.08984375,24715.08984375,24774.970703125,24664.869140625,24707.720703125,269700000,0.0044888560197797744
20180521,25013.2890625,25013.2890625,25086.490234375,24883.060546875,24883.060546875,308920000,1.2065471767864544
20180522,24834.41015625,24834.41015625,25064.990234375,24812.060546875,25047.55078125,288200000,-0.7151354857933279
20180523,24886.810546875,24886.810546875,24889.4609375,24667.119140625,24757.7109375,399610000,0.21099913505218115
20180524,24811.759765625,24811.759765625,24877.359375,24605.900390625,24877.359375,347050000,-0.3015684999435386
20180525,24753.08984375,24753.08984375,24824.220703125,24687.810546875,24781.2890625,257210000,-0.23646013998686044
20180529,24361.44921875,24361.44921875,24635.1796875,24247.83984375,24606.58984375,395810000,-1.5821888397455464
20180530,24667.779296875,24667.779296875,24714.48046875,24459.08984375,24467.830078125,324870000,1.2574378288186194
20180531,24415.83984375,24415.83984375,24620.7890625,24352.150390625,24620.7890625,429740000,-1.021330092558903
20180601,24635.2109375,24635.2109375,24673.599609375,24542.08984375,24542.08984375,315710000,0.8984785907586001
20180604,24813.689453125,24813.689453125,24859.369140625,24722.140625,24727.55078125,340400000,0.7244854370348275
20180605,24799.98046875,24799.98046875,24838.779296875,24710.8203125,24820.119140625,306340000,-0.055247666417757024
20180606,25146.390625,25146.390625,25146.4609375,24854.140625,24854.140625,316090000,1.3968162462325573
20180607,25241.41015625,25241.41015625,25326.08984375,25164.48046875,25192.140625,357680000,0.37786548641114415
20180608,25316.529296875,25316.529296875,25325.630859375,25165.69921875,25209.2890625,317510000,0.29760278906763027
20180611,25322.310546875,25322.310546875,25402.830078125,25290.19921875,25336.669921875,276740000,0.02283587111095997
20180612,25320.73046875,25320.73046875,25364.369140625,25247.0390625,25346.8203125,265750000,-0.006239865521251442
20180613,25201.19921875,25201.19921875,25362.0703125,25191.419921875,25328.650390625,329700000,-0.4720687270358237
20180614,25175.310546875,25175.310546875,25332.5,25138.599609375,25254.650390625,341170000,-0.10272793627907895
20180615,25090.48046875,25090.48046875,25130.8203125,24894.380859375,25116.7109375,659370000,-0.3369574248828111
20180618,24987.470703125,24987.470703125,25003.099609375,24825.76953125,24944.279296875,337070000,-0.410553180730433
20180619,24700.2109375,24700.2109375,24763.58984375,24567.75,24763.58984375,376380000,-1.1496152173139929
20180620,24657.80078125,24657.80078125,24804.759765625,24628.390625,24771.169921875,359520000,-0.1716995711385283
20180621,24461.69921875,24461.69921875,24639.2109375,24406.630859375,24639.2109375,349570000,-0.7952921845695071
20180622,24580.890625,24580.890625,24663.1796875,24526.970703125,24526.970703125,473970000,0.48725726362721655
20180625,24252.80078125,24252.80078125,24463.73046875,24084.390625,24463.73046875,439130000,-1.3347353794264771
20180626,24283.109375,24283.109375,24384.2109375,24241.220703125,24281.890625,301130000,0.12496945826327988
20180627,24117.58984375,24117.58984375,24569.01953125,24115.8203125,24303.109375,313790000,-0.6816241227344921
20180628,24216.05078125,24216.05078125,24308.16015625,23997.2109375,24064.189453125,305020000,0.4082536361962319
20180629,24271.41015625,24271.41015625,24509.51953125,24269.7109375,24323.9296875,329070000,0.22860612368249544
20180702,24307.1796875,24307.1796875,24319.419921875,24077.560546875,24161.529296875,244110000,0.14737310695889239
20180703,24174.8203125,24174.8203125,24444.880859375,24150.849609375,24359.390625,160960000,-0.5445278995821368
20180705,24356.740234375,24356.740234375,24372.80078125,24177.439453125,24285.8203125,237670000,0.7525181967161787
20180706,24456.48046875,24456.48046875,24520.2890625,24281.470703125,24352.470703125,219450000,0.4094974672934182
20180709,24776.58984375,24776.58984375,24796.51953125,24518.4296875,24519.19921875,240580000,1.3088938754250767
20180710,24919.66015625,24919.66015625,24945.380859375,24806.970703125,24806.970703125,235040000,0.5774415018461099
20180711,24700.44921875,24700.44921875,24815.16015625,24663.8203125,24789.48046875,237370000,-0.879670654116127
20180712,24924.890625,24924.890625,24939.970703125,24802.900390625,24802.900390625,233150000,0.9086531352621163
20180713,25019.41015625,25019.41015625,25043.2109375,24890.060546875,24926.0703125,255520000,0.37921743638544836
20180716,25064.359375,25064.359375,25072.41015625,24979.640625,25025.580078125,231270000,0.17965738788119356
20180717,25119.890625,25119.890625,25155.390625,24989.609375,25033.919921875,250450000,0.22155463528579222
20180718,25199.2890625,25199.2890625,25215.3203125,25101.119140625,25133.7890625,252870000,0.3160779586395934
20180719,25064.5,25064.5,25154.169921875,25052.619140625,25139.150390625,285760000,-0.5348923224210544
20180720,25058.119140625,25058.119140625,25124.099609375,24986.349609375,25041.140625,274080000,-0.025457756488256322
20180723,25044.2890625,25044.2890625,25081.44921875,24983.330078125,25036.900390625,228820000,-0.05519200402626101
20180724,25241.939453125,25241.939453125,25286.619140625,25092.4296875,25092.4296875,274940000,0.7892034392821046
20180725,25414.099609375,25414.099609375,25432.869140625,25113.55078125,25183.69921875,273670000,0.6820401283732735
20180726,25527.0703125,25527.0703125,25587.240234375,25463.16015625,25468.55078125,297530000,0.44451979358468563
20180727,25451.060546875,25451.060546875,25580.220703125,25370.0703125,25520.51953125,329680000,-0.2977614144298424
20180730,25306.830078125,25306.830078125,25500.16015625,25287.380859375,25439.3203125,296880000,-0.5666972835350448
20180731,25415.189453125,25415.189453125,25490.98046875,25345.2109375,25345.2109375,348700000,0.42818233127375205
20180801,25333.8203125,25333.8203125,25488.80078125,25278.3203125,25461.630859375,315880000,-0.32015948877766043
20180802,25326.16015625,25326.16015625,25360.48046875,25120.0703125,25256.44921875,307700000,-0.030236877642253468
20180803,25462.580078125,25462.580078125,25467.900390625,25325.169921875,25360.369140625,239020000,0.538652211915891
20180806,25502.1796875,25502.1796875,25540.01953125,25381.380859375,25437.4296875,238990000,0.15552080446481487
20180807,25628.91015625,25628.91015625,25692.720703125,25551.650390625,25551.650390625,239910000,0.4969397530051767
20180808,25583.75,25583.75,25634.109375,25557.48046875,25615.720703125,217770000,-0.17620786828107526
20180809,25509.23046875,25509.23046875,25613.310546875,25492.689453125,25589.7890625,214970000,-0.2912768114525788
20180810,25313.140625,25313.140625,25401.189453125,25222.880859375,25401.189453125,234480000,-0.768701525474158
20180813,25187.69921875,25187.69921875,25381.390625,25153.9296875,25327.189453125,219990000,-0.4955584457430384
20180814,25299.919921875,25299.919921875,25339.509765625,25201.869140625,25215.689453125,219210000,0.4455377291525675
20180815,25162.41015625,25162.41015625,25235.369140625,24965.76953125,25235.369140625,295810000,-0.5435185804920528
20180816,25558.73046875,25558.73046875,25607.33984375,25294.970703125,25294.970703125,342430000,1.575049091239622
20180817,25669.3203125,25669.3203125,25728.16015625,25521.66015625,25550.80078125,284160000,0.43268911139859867
20180820,25758.689453125,25758.689453125,25790.169921875,25716.41015625,25727.69921875,248570000,0.34815546160558153
20180821,25822.2890625,25822.2890625,25888.8203125,25784.900390625,25786.990234375,241620000,0.24690545491741211
20180822,25733.599609375,25733.599609375,25836.16015625,25722.4296875,25825.060546875,200480000,-0.3434608485341384
20180823,25656.98046875,25656.98046875,25762.560546875,25608.01953125,25714.859375,213270000,-0.29773969358366514
20180824,25790.349609375,25790.349609375,25826.05078125,25688.580078125,25688.580078125,200330000,0.5198161988993366
20180827,26049.640625,26049.640625,26067.5703125,25882.7109375,25882.7109375,220510000,1.0053799950456854
20180828,26064.01953125,26064.01953125,26122.240234375,26037.849609375,26092.69921875,211470000,0.055198098342290614
20180829,26124.5703125,26124.5703125,26167.939453125,26035.30078125,26082.529296875,214960000,0.23231559191168039
20180830,25986.919921875,25986.919921875,26104.369140625,25934.80078125,26099.009765625,240440000,-0.5269001134887041
20180831,25964.8203125,25964.8203125,26028.830078125,25879.76953125,25964.849609375,273440000,-0.08504128015723866
20180904,25952.48046875,25952.48046875,25971.76953125,25805.94921875,25916.0703125,254600000,-0.04752524223732291
20180905,25974.990234375,25974.990234375,26011.220703125,25871.0390625,25919.83984375,289210000,0.08673454413001824
20180906,25995.869140625,25995.869140625,26073.6796875,25880.83984375,25973.01953125,262380000,0.08038080500361033
20180907,25916.5390625,25916.5390625,26002.990234375,25818.390625,25951.01953125,281350000,-0.30516416933730195
20180910,25857.0703125,25857.0703125,26039.9609375,25854.130859375,25991.91015625,252170000,-0.2294625445804499
20180911,25971.060546875,25971.060546875,26019.919921875,25754.3203125,25841.140625,265960000,0.44084744712897805
20180912,25998.919921875,25998.919921875,26145.720703125,25929.4296875,25989.0703125,282770000,0.10727084074875215
20180913,26145.990234375,26145.990234375,26191.640625,26067.080078125,26083.939453125,260800000,0.5656785471932491
20180914,26154.669921875,26154.669921875,26211.109375,26068.2890625,26169.560546875,228640000,0.033197011940244714
20180917,26062.119140625,26062.119140625,26184.470703125,26030.349609375,26151.66015625,230230000,-0.35385948867431294
20180918,26246.9609375,26246.9609375,26317.33984375,26076.2109375,26076.2109375,243000000,0.7092354841816029
20180919,26405.759765625,26405.759765625,26464.41015625,26280.759765625,26287.83984375,251330000,0.6050179619009555
20180920,26656.98046875,26656.98046875,26697.490234375,26519.390625,26519.390625,260480000,0.9513860057609014
20180921,26743.5,26743.5,26769.16015625,26680.369140625,26726.25,657620000,0.32456613513083266
20180924,26562.05078125,26562.05078125,26709.939453125,26548.6796875,26705.25,254850000,-0.6784797006749277
20180925,26492.2109375,26492.2109375,26634.849609375,26475.580078125,26601.580078125,234110000,-0.2629309172140437
20180926,26385.279296875,26385.279296875,26606.08984375,26349.33984375,26536.859375,262620000,-0.4036342639626045
20180927,26439.9296875,26439.9296875,26557.009765625,26379.94921875,26418.26953125,226350000,0.20712454854125983
20180928,26458.310546875,26458.310546875,26515.759765625,26383.5703125,26407.66015625,264030000,0.06951932018068874
20181001,26651.2109375,26651.2109375,26737.98046875,26596.05078125,26598.359375,238320000,0.7290729704122478
20181002,26773.939453125,26773.939453125,26824.779296875,26627.66015625,26648.91015625,258290000,0.4604988340410232
20181003,26828.390625,26828.390625,26951.810546875,26789.080078125,26833.470703125,280130000,0.20337377684120916
20181004,26627.48046875,26627.48046875,26793.8203125,26471.609375,26784.080078125,289600000,-0.7488714439053301
20181005,26447.05078125,26447.05078125,26676.16015625,26301.810546875,26632.76953125,267100000,-0.6776070597882988
20181008,26486.779296875,26486.779296875,26529.349609375,26223.08984375,26399.44921875,273020000,0.15021907718031358
20181009,26430.5703125,26430.5703125,26539.939453125,26324.16015625,26469.189453125,282560000,-0.21221524801103842
20181010,25598.740234375,25598.740234375,26487.869140625,25567.099609375,26441.73046875,438200000,-3.147227124840346
20181011,25052.830078125,25052.830078125,25683.640625,24899.76953125,25518.390625,522880000,-2.1325664905842867
20181012,25339.990234375,25339.990234375,25467.55078125,25000.830078125,25407.630859375,397510000,1.1462184326262337
20181015,25250.55078125,25250.55078125,25482.419921875,25243.880859375,25332.4609375,287320000,-0.3529577253098992
20181016,25798.419921875,25798.419921875,25817.6796875,25351.529296875,25351.529296875,305800000,2.169731446142653
20181017,25706.6796875,25706.6796875,25810.08984375,25479.16015625,25705.869140625,298210000,-0.3556040821601325
20181018,25379.44921875,25379.44921875,25691.4609375,25236.009765625,25645.560546875,328020000,-1.272939456701272
20181019,25444.33984375,25444.33984375,25608.7109375,25350.01953125,25421.08984375,350810000,0.2556817700837266
20181022,25317.41015625,25317.41015625,25561.33984375,25236.05078125,25492.140625,314940000,-0.4988523509725784
20181023,25191.4296875,25191.4296875,25307.69921875,24768.7890625,25038.4609375,436430000,-0.49760409130512606
20181024,24583.419921875,24583.419921875,25306.23046875,24533.189453125,25172.880859375,496400000,-2.4135579963796006
20181025,24984.55078125,24984.55078125,25104.2890625,24645.560546875,24736.5390625,439670000,1.6317130027057924
20181026,24688.310546875,24688.310546875,24916.16015625,24445.189453125,24770.25,505310000,-1.1856936591284173
20181029,24442.919921875,24442.919921875,25040.580078125,24122.23046875,24818.98046875,443850000,-0.9939547079743871
20181030,24874.640625,24874.640625,24906.6796875,24415.689453125,24482.0390625,470050000,1.7662403039607089
20181031,25115.759765625,25115.759765625,25336.55078125,25008.8203125,25008.8203125,448930000,0.969337182635166
20181101,25380.740234375,25380.740234375,25396.470703125,25108.109375,25142.080078125,383970000,1.0550366432182212
20181102,25270.830078125,25270.830078125,25578.98046875,25078.720703125,25443.599609375,429480000,-0.43304551102548716
20181105,25461.69921875,25461.69921875,25507.349609375,25261.470703125,25261.470703125,334740000,0.755294305865406
20181106,25635.009765625,25635.009765625,25651.859375,25444.900390625,25452.830078125,265450000,0.6806715662848406
20181107,26180.30078125,26180.30078125,26200.140625,25765.880859375,25788.4609375,361780000,2.1271340272949857
20181108,26191.220703125,26191.220703125,26277.8203125,26081.900390625,26139.58984375,295650000,0.04171045232155279
20181109,25989.30078125,25989.30078125,26161.490234375,25882.91015625,26149.109375,324450000,-0.7709450588949007
20181112,25387.1796875,25387.1796875,25966.7109375,25340.509765625,25959.330078125,346910000,-2.3168037448102474
20181113,25286.490234375,25286.490234375,25511.029296875,25193.779296875,25321.2109375,339690000,-0.3966153561144714
20181114,25080.5,25080.5,25501.2890625,24935.8203125,25388.080078125,384240000,-0.8146256458121393
20181115,25289.26953125,25289.26953125,25354.560546875,24787.7890625,25061.48046875,392750000,0.8323978040708946
20181116,25413.220703125,25413.220703125,25510.23046875,25147.80078125,25242.349609375,354460000,0.4901334604458851
20181119,25017.439453125,25017.439453125,25392.609375,24900.98046875,25392.609375,358090000,-1.5573832794492315
20181120,24465.640625,24465.640625,24707.259765625,24368.98046875,24618.6796875,445920000,-2.205656694638558
20181121,24464.689453125,24464.689453125,24669.7890625,24463.279296875,24541.650390625,289370000,-0.0038877865067177275
20181123,24285.94921875,24285.94921875,24408.80078125,24268.740234375,24336.400390625,155940000,-0.7306049591083941
20181126,24640.240234375,24640.240234375,24673.2890625,24364.130859375,24364.130859375,306280000,1.458831246140746
20181127,24748.73046875,24748.73046875,24750.73046875,24416.029296875,24557.01953125,308250000,0.44029698307750387
20181128,25366.4296875,25366.4296875,25368.9296875,24832.83984375,24832.83984375,362160000,2.4958824434649918
20181129,25338.83984375,25338.83984375,25479.0390625,25202.7890625,25343.650390625,305110000,-0.10876518331468521
20181130,25538.4609375,25538.4609375,25549.7109375,25250.970703125,25307.140625,482250000,0.7878067621917451
20181203,25826.4296875,25826.4296875,25980.2109375,25670.509765625,25779.5703125,388480000,1.1275885054496504
20181204,25027.0703125,25027.0703125,25773.119140625,25008.109375,25752.560546875,418900000,-3.09512148861556
20181206,24947.669921875,24947.669921875,24951.009765625,24242.220703125,24737.419921875,471690000,-0.317258031537726
20181207,24388.94921875,24388.94921875,25095.619140625,24284.779296875,24918.8203125,398230000,-2.2395706888645894
20181210,24423.259765625,24423.259765625,24500.810546875,23881.369140625,24360.94921875,389690000,0.14068070980532976
20181211,24370.240234375,24370.240234375,24791.259765625,24221.060546875,24719.91015625,342960000,-0.21708621927947203
20181212,24527.26953125,24527.26953125,24828.2890625,24509.08984375,24509.08984375,344330000,0.6443485799270343
20181213,24597.380859375,24597.380859375,24740.9609375,24473.2890625,24575.859375,299970000,0.28585052256091537
20181214,24100.509765625,24100.509765625,24431.140625,24033.7890625,24408.0390625,416940000,-2.0200162634820717
20181217,23592.98046875,23592.98046875,24088.080078125,23456.880859375,23986.830078125,466740000,-2.105886148511671
20181218,23675.640625,23675.640625,23927.76953125,23516.01953125,23769.130859375,408070000,0.3503591093947822
20181219,23323.66015625,23323.66015625,24057.33984375,23162.640625,23693.330078125,503550000,-1.4866776968152307
20181220,22859.599609375,22859.599609375,23282.19921875,22644.310546875,23224.119140625,576700000,-1.9896557562842365
20181221,22445.369140625,22445.369140625,23254.58984375,22396.33984375,22871.740234375,900510000,-1.8120635349191283
20181224,21792.19921875,21792.19921875,22339.869140625,21792.19921875,22317.279296875,308420000,-2.9100431264139637
20181226,22878.44921875,22878.44921875,22878.919921875,21712.529296875,21857.73046875,433080000,4.984581817999301
20181227,23138.8203125,23138.8203125,23138.890625,22267.419921875,22629.060546875,407940000,1.1380626862445453
20181228,23062.400390625,23062.400390625,23381.880859375,22981.330078125,23213.609375,336510000,-0.33026714777553146
20181231,23327.4609375,23327.4609375,23333.1796875,23118.30078125,23153.939453125,288830000,1.1493189884204336
20190102,23346.240234375,23346.240234375,23413.470703125,22928.58984375,23058.609375,321570000,0.08050296140378332
20190103,22686.220703125,22686.220703125,23176.390625,22638.41015625,23176.390625,424240000,-2.8270913201612125
20190104,23433.16015625,23433.16015625,23518.640625,22894.919921875,22894.919921875,396020000,3.2924807657456645
20190107,23531.349609375,23531.349609375,23687.740234375,23301.58984375,23474.259765625,334200000,0.4190192550654004
20190108,23787.44921875,23787.44921875,23864.650390625,23581.44921875,23680.3203125,317420000,1.0883337064227172
20190109,23879.119140625,23879.119140625,24084.7109375,23703.16015625,23844.26953125,324570000,0.3853709619388024
20190110,24001.919921875,24001.919921875,24014.779296875,23703.25,23811.109375,338150000,0.5142600969777034
20190111,23995.94921875,23995.94921875,23996.3203125,23798.16015625,23940.009765625,262650000,-0.02487593969330293
20190114,23909.83984375,23909.83984375,23964.900390625,23765.240234375,23880.529296875,277560000,-0.35884963005637927
20190115,24065.58984375,24065.58984375,24099.140625,23887.9296875,23914.109375,291570000,0.651405450717446
20190116,24207.16015625,24207.16015625,24288.609375,24119.720703125,24139.91015625,302830000,0.5882686168058537
20190117,24370.099609375,24370.099609375,24474.4609375,24088.900390625,24147.08984375,288590000,0.673104371075639
20190118,24706.349609375,24706.349609375,24750.220703125,24459.029296875,24534.189453125,372970000,1.3797645696558725
20190122,24404.48046875,24404.48046875,24607.759765625,24244.310546875,24607.759765625,338480000,-1.2218281753385907
20190123,24575.619140625,24575.619140625,24700.98046875,24307.169921875,24577.25,318600000,0.7012592302226839
20190124,24553.240234375,24553.240234375,24626.30078125,24422.73046875,24579.9609375,320170000,-0.091061413842497
20190125,24737.19921875,24737.19921875,24860.150390625,24676.75,24687.2109375,376890000,0.7492248787492217
20190128,24528.220703125,24528.220703125,24596.98046875,24323.939453125,24596.98046875,347170000,-0.8447945694135095
20190129,24579.9609375,24579.9609375,24674.869140625,24504.0390625,24519.619140625,330870000,0.2109416537026121
20190130,25014.859375,25014.859375,25109.619140625,24790.900390625,24826.51953125,397330000,1.7693211091987626
20190131,24999.669921875,24999.669921875,25049.619140625,24842.08984375,24954.48046875,507350000,-0.0607217210270683
20190201,25063.890625,25063.890625,25193.150390625,24982.490234375,25025.310546875,372090000,0.256886204200657
20190204,25239.369140625,25239.369140625,25239.91015625,24977.669921875,25062.119140625,298540000,0.7001248060425569
20190205,25411.51953125,25411.51953125,25427.3203125,25287.650390625,25287.9296875,310650000,0.6820708935545872
20190206,25390.30078125,25390.30078125,25439.0390625,25312.060546875,25371.5703125,247590000,-0.08350051626745403
20190207,25169.529296875,25169.529296875,25314.259765625,25000.51953125,25265.810546875,295460000,-0.8695111029879299
20190208,25106.330078125,25106.330078125,25106.390625,24883.0390625,25042.359375,248210000,-0.25109416232844683
20190211,25053.109375,25053.109375,25196.75,25009.099609375,25142.810546875,241700000,-0.21198121334097264
20190212,25425.759765625,25425.759765625,25458.98046875,25152.029296875,25152.029296875,278110000,1.487441678584056
20190213,25543.26953125,25543.26953125,25625.94921875,25480.859375,25480.859375,263330000,0.4621681582308801
20190214,25439.390625,25439.390625,25558.900390625,25308.08984375,25460.650390625,313010000,-0.40667819020940854
20190215,25883.25,25883.25,25883.720703125,25564.630859375,25564.630859375,328530000,1.74477204089869
20190219,25891.3203125,25891.3203125,25961.439453125,25820.009765625,25849.849609375,280620000,0.031179672181824714
20190220,25954.439453125,25954.439453125,25986.19921875,25846.48046875,25872.259765625,287880000,0.2437849436149664
20190221,25850.630859375,25850.630859375,25938.880859375,25762.2109375,25922.41015625,255710000,-0.3999646917340782
20190222,26031.810546875,26031.810546875,26052.900390625,25906.26953125,25906.26953125,279760000,0.7008714351522061
20190225,26091.94921875,26091.94921875,26241.419921875,26080.66015625,26126.150390625,281600000,0.23101993526999376
20190226,26057.98046875,26057.98046875,26155.2890625,25966.009765625,26051.609375,257850000,-0.13018862529284858
20190227,25985.16015625,25985.16015625,26039.6796875,25877.240234375,25995.599609375,255380000,-0.2794549354556808
20190228,25916.0,25916.0,26029.2109375,25896.560546875,25984.279296875,338520000,-0.2661525110260521
20190301,26026.3203125,26026.3203125,26143.919921875,25914.369140625,26019.669921875,289890000,0.42568418158666077
20190304,25819.650390625,25819.650390625,26155.98046875,25611.55078125,26122.189453125,295510000,-0.7940804516101352
20190305,25806.630859375,25806.630859375,25877.150390625,25725.630859375,25829.0703125,252260000,-0.0504248936489371
20190306,25673.4609375,25673.4609375,25837.609375,25633.7109375,25818.759765625,256250000,-0.5160298630250026
20190307,25473.23046875,25473.23046875,25645.44921875,25352.55078125,25645.44921875,289140000,-0.779912257398585
20190308,25450.240234375,25450.240234375,25466.140625,25252.4609375,25347.380859375,270500000,-0.09025252766116099
20190311,25650.880859375,25650.880859375,25661.630859375,25208.0,25208.0,309790000,0.788364365728067
20190312,25554.66015625,25554.66015625,25675.439453125,25522.169921875,25600.30078125,317730000,-0.37511656481704625
20190313,25702.890625,25702.890625,25776.490234375,25571.310546875,25637.23046875,331410000,0.5800525925356403
20190314,25709.939453125,25709.939453125,25752.83984375,25621.310546875,25692.310546875,302790000,0.027424262227304652
20190315,25848.869140625,25848.869140625,25927.91015625,25649.69921875,25720.9609375,616910000,0.5403734526613801
20190318,25914.099609375,25914.099609375,25924.76953125,25785.66015625,25801.880859375,303170000,0.25235327857140444
20190319,25887.380859375,25887.380859375,26109.6796875,25814.919921875,25987.869140625,342250000,-0.10310506790802698
20190320,25745.669921875,25745.669921875,25929.51953125,25670.630859375,25867.7890625,321980000,-0.547413190503121
20190321,25962.509765625,25962.509765625,26009.900390625,25657.779296875,25688.439453125,335250000,0.8422381099734366
20190322,25502.3203125,25502.3203125,25877.009765625,25501.44921875,25844.650390625,386510000,-1.7725152817633316
20190325,25516.830078125,25516.830078125,25603.26953125,25372.259765625,25490.720703125,303120000,0.05689586456134599
20190326,25657.73046875,25657.73046875,25796.2890625,25544.779296875,25649.560546875,305110000,0.5521861069482492
20190327,25625.58984375,25625.58984375,25758.169921875,25425.26953125,25676.33984375,270340000,-0.12526682762976638
20190328,25717.4609375,25717.4609375,25743.41015625,25576.689453125,25693.3203125,237170000,0.35851308910419544
20190329,25928.6796875,25928.6796875,25949.3203125,25771.669921875,25827.310546875,300620000,0.8213048345375729
20190401,26258.419921875,26258.419921875,26280.900390625,26071.689453125,26075.099609375,295570000,1.2717201120501453
20190402,26179.130859375,26179.130859375,26221.240234375,26122.310546875,26213.55078125,250940000,-0.3019567161158365
20190403,26218.130859375,26218.130859375,26282.169921875,26138.470703125,26238.029296875,271980000,0.1489736241034656
20190404,26384.630859375,26384.630859375,26398.900390625,26212.779296875,26213.419921875,233040000,0.635056712826132
20190405,26424.990234375,26424.990234375,26487.5703125,26370.8203125,26427.560546875,229550000,0.15296547150918105
20190408,26341.01953125,26341.01953125,26344.650390625,26246.029296875,26312.669921875,229380000,-0.3177700441144071
20190409,26150.580078125,26150.580078125,26246.33984375,26103.140625,26243.5390625,244410000,-0.7229767735416281
20190410,26157.16015625,26157.16015625,26209.490234375,26101.240234375,26173.7109375,203130000,0.02516226449027492
20190411,26143.05078125,26143.05078125,26229.880859375,26062.58984375,26188.2109375,211680000,-0.05394077535832986
20190412,26412.30078125,26412.30078125,26436.6796875,26309.720703125,26357.7890625,369910000,1.0299104043094642
20190415,26384.76953125,26384.76953125,26424.849609375,26316.419921875,26407.759765625,250620000,-0.10423647007512526
20190416,26452.66015625,26452.66015625,26530.7109375,26397.189453125,26482.189453125,302340000,0.257309903425873
20190417,26449.5390625,26449.5390625,26501.01953125,26391.859375,26468.529296875,367780000,-0.011798789730654846
20190418,26559.5390625,26559.5390625,26602.419921875,26444.529296875,26463.369140625,332850000,0.4158862645585959
20190422,26511.05078125,26511.05078125,26553.05078125,26458.609375,26510.76953125,232570000,-0.18256446821571792
20190423,26656.390625,26656.390625,26695.9609375,26503.560546875,26513.830078125,311690000,0.5482236254958028
20190424,26597.05078125,26597.05078125,26680.580078125,26582.859375,26652.560546875,283370000,-0.22261019724983955
20190425,26462.080078125,26462.080078125,26536.48046875,26310.279296875,26426.369140625,296730000,-0.5074649224648287
20190426,26543.330078125,26543.330078125,26543.560546875,26392.55078125,26454.619140625,317290000,0.3070431340246982
20190429,26554.390625,26554.390625,26602.5390625,26520.75,26559.869140625,279450000,0.0416697785939002
20190430,26592.91015625,26592.91015625,26614.0390625,26419.470703125,26594.560546875,340320000,0.145058991539182
20190501,26430.140625,26430.140625,26689.390625,26426.380859375,26639.060546875,303850000,-0.6120786716971804
20190502,26307.7890625,26307.7890625,26454.689453125,26180.359375,26407.150390625,287610000,-0.46292437197352765
20190503,26504.94921875,26504.94921875,26534.9609375,26370.08984375,26379.140625,248900000,0.7494364341359194
20190506,26438.48046875,26438.48046875,26476.26953125,26033.94921875,26160.619140625,283020000,-0.25077863553489843
20190507,25965.08984375,25965.08984375,26276.900390625,25789.7109375,26276.900390625,334960000,-1.7905364325288775
20190508,25967.330078125,25967.330078125,26118.099609375,25889.41015625,25933.7890625,276420000,0.008627870685140593
20190509,25828.359375,25828.359375,25884.890625,25517.390625,25878.849609375,334760000,-0.5351751709047226
20190510,25942.369140625,25942.369140625,26019.3203125,25469.859375,25763.720703125,294580000,0.4414131148235301
20190513,25324.990234375,25324.990234375,25568.060546875,25222.509765625,25568.060546875,361240000,-2.3798092722503217
20190514,25532.05078125,25532.05078125,25688.9609375,25384.029296875,25384.029296875,291570000,0.8176135309775789
20190515,25648.01953125,25648.01953125,25724.890625,25341.939453125,25400.130859375,270720000,0.4542085200816004
20190516,25862.6796875,25862.6796875,25957.630859375,25692.140625,25692.140625,320960000,0.8369463224575879
20190517,25764.0,25764.0,25948.740234375,25657.779296875,25719.94921875,283760000,-0.38155244813125044
20190520,25679.900390625,25679.900390625,25751.7109375,25560.55078125,25655.310546875,279560000,-0.3264229520843043
20190521,25877.330078125,25877.330078125,25898.26953125,25779.609375,25782.33984375,260870000,0.7688101764291799
20190522,25776.609375,25776.609375,25878.2109375,25755.109375,25818.4609375,241760000,-0.3892237059268444
20190523,25490.470703125,25490.470703125,25657.990234375,25328.08984375,25657.990234375,316940000,-1.11007102490569
20190524,25585.689453125,25585.689453125,25670.810546875,25496.19921875,25551.0703125,201370000,0.37354645627758476
20190528,25347.76953125,25347.76953125,25717.630859375,25342.279296875,25616.55078125,358980000,-0.929894511191065
20190529,25126.41015625,25126.41015625,25231.4609375,24938.240234375,25231.4609375,298930000,-0.8732893627074301
20190530,25169.880859375,25169.880859375,25218.5390625,25066.75,25139.939453125,215240000,0.17300801369823926
20190531,24815.0390625,24815.0390625,25046.310546875,24809.509765625,25046.310546875,292230000,-1.4097873520240833
20190603,24819.779296875,24819.779296875,24935.2109375,24680.5703125,24830.16015625,328240000,0.019102264409331937
20190604,25332.1796875,25332.1796875,25343.76953125,24962.8203125,24962.8203125,281690000,2.0644840733516023
20190605,25539.5703125,25539.5703125,25544.66015625,25373.580078125,25451.0,262660000,0.8186844857346998
20190606,25720.66015625,25720.66015625,25800.30078125,25518.05078125,25567.44921875,248070000,0.7090559533077467
20190607,25983.939453125,25983.939453125,26072.75,25768.720703125,25768.720703125,263010000,1.0236101844805168
20190610,26062.6796875,26062.6796875,26210.609375,26054.310546875,26090.220703125,249280000,0.30303424358359976
20190611,26048.509765625,26048.509765625,26248.669921875,25998.869140625,26180.58984375,253490000,-0.05436862995249481
20190612,26004.830078125,26004.830078125,26082.099609375,25958.66015625,26040.30078125,223690000,-0.16768593632807693
20190613,26106.76953125,26106.76953125,26146.91015625,25995.7109375,26036.939453125,213400000,0.3920019966242805
20190614,26089.609375,26089.609375,26162.279296875,25988.08984375,26076.359375,208020000,-0.06573067659504384
20190617,26112.529296875,26112.529296875,26165.779296875,26049.80078125,26108.529296875,199500000,0.08785076673842873
20190618,26465.5390625,26465.5390625,26527.189453125,26227.80078125,26228.900390625,273490000,1.351878868613654
20190619,26504.0,26504.0,26569.75,26415.05078125,26490.16015625,240950000,0.14532459516192198
20190620,26753.169921875,26753.169921875,26798.630859375,26539.689453125,26665.380859375,278170000,0.9401219509319381
20190621,26719.130859375,26719.130859375,26907.369140625,26705.869140625,26749.119140625,485560000,-0.12723375435285122
20190624,26727.5390625,26727.5390625,26806.51953125,26723.369140625,26727.609375,232390000,0.03146884967648589
20190625,26548.220703125,26548.220703125,26752.310546875,26527.66015625,26731.609375,282160000,-0.6709123460849842
20190626,26536.8203125,26536.8203125,26660.0390625,26536.330078125,26599.419921875,274340000,-0.04294220223827194
20190627,26526.580078125,26526.580078125,26607.240234375,26465.3203125,26523.720703125,246930000,-0.03858877685574136
20190628,26599.9609375,26599.9609375,26638.349609375,26522.26953125,26605.9296875,499350000,0.2766314359366362
20190701,26717.4296875,26717.4296875,26890.640625,26616.2109375,26805.859375,267670000,0.4416124906198471
20190702,26786.6796875,26786.6796875,26787.560546875,26632.650390625,26719.529296875,219270000,0.2591940946789384
20190703,26966.0,26966.0,26966.0,26831.439453125,26832.3203125,149840000,0.6694383723253372
20190705,26922.119140625,26922.119140625,26950.810546875,26733.330078125,26867.75,192170000,-0.16272661638729868
20190708,26806.140625,26806.140625,26839.140625,26744.869140625,26835.640625,214290000,-0.4307926691030417
20190709,26783.490234375,26783.490234375,26807.69921875,26665.5703125,26725.119140625,218330000,-0.08449702231240197
20190710,26860.19921875,26860.19921875,26983.44921875,26813.109375,26851.9609375,207990000,0.2864039888145209
20190711,27088.080078125,27088.080078125,27088.44921875,26916.3203125,26950.16015625,252300000,0.8483960134440416
20190712,27332.029296875,27332.029296875,27333.7890625,27135.44921875,27139.490234375,248390000,0.9005777376854374
20190715,27359.16015625,27359.16015625,27364.689453125,27294.169921875,27364.689453125,199730000,0.09926397736630399
20190716,27335.630859375,27335.630859375,27398.6796875,27290.240234375,27349.3203125,226000000,-0.08600153199375127
20190717,27219.849609375,27219.849609375,27343.060546875,27218.380859375,27320.91015625,193930000,-0.4235543368127259
20190718,27222.970703125,27222.970703125,27266.810546875,27068.7890625,27191.98046875,216070000,0.011466241712532188
20190719,27154.19921875,27154.19921875,27342.9609375,27145.779296875,27246.380859375,287690000,-0.25262299667796473
20190722,27171.900390625,27171.900390625,27227.76953125,27088.900390625,27174.1796875,216310000,0.06518760406963864
20190723,27349.189453125,27349.189453125,27368.810546875,27204.580078125,27231.859375,248850000,0.6524720757520752
20190724,27269.970703125,27269.970703125,27291.0390625,27191.119140625,27262.240234375,244320000,-0.2896566647277665
20190725,27140.98046875,27140.98046875,27298.4296875,27062.48046875,27247.390625,241420000,-0.47301200202689575
20190726,27192.44921875,27192.44921875,27213.69921875,27123.25,27166.0,233650000,0.18963482199643167
20190729,27221.349609375,27221.349609375,27275.849609375,27178.060546875,27192.240234375,250850000,0.10628093994957677
20190730,27198.01953125,27198.01953125,27224.359375,27069.859375,27145.390625,293250000,-0.08570507509652048
20190731,26864.26953125,26864.26953125,27281.650390625,26719.599609375,27244.669921875,385150000,-1.2271114064629884
20190801,26583.419921875,26583.419921875,27175.58984375,26548.7109375,26879.859375,386320000,-1.0454392182460026
20190802,26485.009765625,26485.009765625,26570.01953125,26249.220703125,26528.66015625,327640000,-0.3701937393277954
20190805,25717.740234375,25717.740234375,26259.23046875,25523.380859375,26259.23046875,422240000,-2.896995462866858
20190806,26029.51953125,26029.51953125,26038.6796875,25710.869140625,25810.619140625,318160000,1.2123121784170854
20190807,26007.0703125,26007.0703125,26073.2109375,25440.390625,25814.220703125,344790000,-0.08624522908711185
20190808,26378.189453125,26378.189453125,26383.609375,26038.099609375,26086.51953125,282530000,1.4269932605466273
20190809,26287.439453125,26287.439453125,26413.359375,26097.640625,26337.08984375,240260000,-0.3440342263113516
20190812,25896.439453125,25896.439453125,26178.94921875,25824.939453125,26169.91015625,199390000,-1.487402379745728
20190813,26279.91015625,26279.91015625,26426.970703125,25833.25,25888.880859375,308900000,1.480785433144649
20190814,25479.419921875,25479.419921875,26035.080078125,25471.58984375,26035.080078125,352250000,-3.0460158714987973
20190815,25579.390625,25579.390625,25639.689453125,25339.599609375,25514.25,332600000,0.39235863073621147
20190816,25886.009765625,25886.009765625,25929.650390625,25678.169921875,25678.169921875,276210000,1.1986960327558638
20190819,26135.7890625,26135.7890625,26222.3203125,26020.060546875,26020.060546875,252640000,0.9649200442112704
20190820,25962.439453125,25962.439453125,26160.119140625,25952.0,26086.859375,238100000,-0.66326526036945
20190821,26202.73046875,26202.73046875,26268.3203125,26141.76953125,26145.359375,208790000,0.9255332730148336
20190822,26252.240234375,26252.240234375,26388.779296875,26099.009765625,26271.640625,222810000,0.18894887952247696
20190823,25628.900390625,25628.900390625,26320.2890625,25507.1796875,26134.2109375,364260000,-2.374425337361463
20190826,25898.830078125,25898.830078125,25941.25,25716.390625,25826.05078125,222780000,1.0532238347562561
20190827,25777.900390625,25777.900390625,26054.01953125,25721.849609375,26014.4609375,263530000,-0.46693108196474986
20190828,26036.099609375,26036.099609375,26041.5703125,25637.4296875,25712.990234375,207070000,1.0016301360366242
20190829,26362.25,26362.25,26408.83984375,26185.7109375,26249.08984375,208650000,1.2526852927984722
20190830,26403.279296875,26403.279296875,26514.619140625,26295.58984375,26476.390625,216160000,0.15563655179280378
20190903,26118.01953125,26118.01953125,26198.259765625,25978.220703125,26198.259765625,223210000,-1.0803952131005268
20190904,26355.470703125,26355.470703125,26362.349609375,26244.439453125,26301.990234375,202710000,0.9091469266683472
20190905,26728.150390625,26728.150390625,26836.30078125,26603.150390625,26603.150390625,256670000,1.4140505844041362
20190906,26797.4609375,26797.4609375,26860.869140625,26708.390625,26790.25,209700000,0.259316660008424
20190909,26835.509765625,26835.509765625,26900.830078125,26762.1796875,26866.23046875,273120000,0.14198669125311536
20190910,26909.4296875,26909.4296875,26909.4296875,26717.05078125,26805.830078125,322340000,0.2754556277134279
20190911,27137.0390625,27137.0390625,27137.0390625,26885.48046875,26928.05078125,272590000,0.8458350014966198
20190912,27182.44921875,27182.44921875,27306.73046875,27105.009765625,27197.3203125,250010000,0.16733644427977534
20190913,27219.51953125,27219.51953125,27277.55078125,27193.94921875,27216.669921875,255260000,0.1363759100649009
20190916,27076.8203125,27076.8203125,27172.869140625,27032.560546875,27146.060546875,220620000,-0.5242532609224471
20190917,27110.80078125,27110.80078125,27110.80078125,26984.140625,27010.119140625,223580000,0.1254965256548779
20190918,27147.080078125,27147.080078125,27161.9296875,26899.150390625,27075.390625,212860000,0.13381861040449028
20190919,27094.7890625,27094.7890625,27272.169921875,27064.2109375,27186.05078125,212360000,-0.19262114184845913
20190920,26935.0703125,26935.0703125,27194.75,26926.6796875,27102.1796875,497640000,-0.5894814299220896
20190923,26949.990234375,26949.990234375,27011.0703125,26831.33984375,26851.44921875,204240000,0.055392177194635295
20190924,26807.76953125,26807.76953125,27079.6796875,26704.9609375,27034.0703125,301750000,-0.5277207965129316
20190925,26970.7109375,26970.7109375,27016.560546875,26755.859375,26866.7109375,237220000,0.6078141117263014
20190926,26891.119140625,26891.119140625,27015.0703125,26803.83984375,27004.109375,229180000,-0.29510455641840183
20190927,26820.25,26820.25,27012.5390625,26715.8203125,26987.259765625,217780000,-0.2635410607286226
20190930,26916.830078125,26916.830078125,26998.859375,26852.330078125,26852.330078125,222680000,0.36010133434625224
20191001,26573.0390625,26573.0390625,27046.2109375,26562.220703125,26962.5390625,260110000,-1.2772344092047971
20191002,26078.619140625,26078.619140625,26438.0390625,25974.119140625,26425.859375,309640000,-1.860607364901401
20191003,26201.0390625,26201.0390625,26205.19921875,25743.4609375,26039.01953125,241610000,0.46942639568019473
20191004,26573.720703125,26573.720703125,26590.740234375,26271.69921875,26271.69921875,221310000,1.4223925995301423
20191007,26478.01953125,26478.01953125,26655.83984375,26424.5390625,26502.330078125,195200000,-0.36013463430337733
20191008,26164.0390625,26164.0390625,26421.810546875,26139.80078125,26276.58984375,244590000,-1.18581553419973
20191009,26346.009765625,26346.009765625,26424.310546875,26249.75,26308.23046875,190060000,0.6954992793364756
20191010,26496.669921875,26496.669921875,26603.310546875,26314.509765625,26317.349609375,217680000,0.5718518955632357
20191011,26816.58984375,26816.58984375,27013.970703125,26694.19921875,26694.19921875,282080000,1.2073967136937425
20191014,26787.359375,26787.359375,26874.330078125,26749.1796875,26766.4296875,178620000,-0.10900143873742163
20191015,27024.80078125,27024.80078125,27120.109375,26811.19921875,26811.19921875,245510000,0.8863934773339244
20191016,27001.98046875,27001.98046875,27058.33984375,26943.2890625,26972.310546875,214660000,-0.08444211183911143
20191017,27025.880859375,27025.880859375,27112.16015625,26970.2890625,27032.380859375,222540000,0.0885134727530934
20191018,26770.19921875,26770.19921875,27018.25,26770.130859375,27004.490234375,288970000,-0.9460621911100642
20191021,26827.640625,26827.640625,26852.669921875,26747.619140625,26852.669921875,241030000,0.2145722031450914
20191022,26788.099609375,26788.099609375,26946.640625,26782.609375,26850.4296875,265510000,-0.14738909089214713
20191023,26833.94921875,26833.94921875,26896.890625,26745.0,26835.240234375,247680000,0.17115663314524188
20191024,26805.529296875,26805.529296875,26931.779296875,26714.33984375,26893.9296875,253590000,-0.10591032144885437
20191025,26958.060546875,26958.060546875,27015.369140625,26765.6796875,26789.609375,274610000,0.5690290548292953
20191028,27090.720703125,27090.720703125,27167.880859375,27028.7109375,27040.330078125,290770000,0.4920982947542951
20191029,27071.4609375,27071.4609375,27165.939453125,27039.759765625,27061.0703125,269610000,-0.07109358896745244
20191030,27186.689453125,27186.689453125,27204.359375,26999.640625,27110.7109375,231750000,0.425645722966439
20191031,27046.23046875,27046.23046875,27188.369140625,26918.2890625,27188.369140625,273830000,-0.5166461500109354
20191101,27347.359375,27347.359375,27347.4296875,27142.94921875,27142.94921875,270870000,1.1133858620258952
20191104,27462.109375,27462.109375,27517.580078125,27402.060546875,27402.060546875,273030000,0.4196017554254361
20191105,27492.630859375,27492.630859375,27560.359375,27453.55078125,27500.23046875,286350000,0.11114034962946828
20191106,27492.560546875,27492.560546875,27526.05078125,27407.810546875,27502.740234375,237910000,-0.00025575035128566626
20191107,27674.80078125,27674.80078125,27774.669921875,27590.16015625,27590.16015625,259020000,0.6628710849405195
20191108,27681.240234375,27681.240234375,27694.94921875,27578.970703125,27686.19921875,221440000,0.02326829080323556
20191111,27691.490234375,27691.490234375,27714.390625,27517.669921875,27580.66015625,202350000,0.0370286877076742
20191112,27691.490234375,27691.490234375,27770.859375,27635.3203125,27701.58984375,213670000,0.0
20191113,27783.58984375,27783.58984375,27806.400390625,27587.19921875,27622.0390625,278390000,0.3325917406231671
20191114,27781.9609375,27781.9609375,27800.7109375,27676.970703125,27757.19921875,303970000,-0.005862835793213339
20191115,28004.890625,28004.890625,28004.890625,27843.5390625,27843.5390625,283720000,0.8024260346543466
20191118,28036.220703125,28036.220703125,28040.970703125,27969.240234375,27993.220703125,252320000,0.11187359573914257
20191119,27934.01953125,27934.01953125,28090.2109375,27894.51953125,28079.759765625,245890000,-0.3645326271226268
20191120,27821.08984375,27821.08984375,27897.279296875,27675.279296875,27879.55078125,258140000,-0.40427295962066623
20191121,27766.2890625,27766.2890625,27828.330078125,27708.33984375,27820.279296875,232020000,-0.19697568124675824
20191122,27875.619140625,27875.619140625,27898.4609375,27773.98046875,27831.23046875,214780000,0.3937511342581912
20191125,28066.470703125,28066.470703125,28068.689453125,27917.76953125,27917.76953125,248420000,0.6846540754384955
20191126,28121.6796875,28121.6796875,28146.01953125,28042.2109375,28080.75,324050000,0.19670796858990425
20191127,28164.0,28164.0,28174.970703125,28075.23046875,28156.470703125,198210000,0.15048998840141437
20191129,28051.41015625,28051.41015625,28119.509765625,28042.529296875,28103.16015625,120630000,-0.3997651035009264
20191202,27783.0390625,27783.0390625,28109.83984375,27782.349609375,28109.740234375,236610000,-0.9567115957990646
20191203,27502.810546875,27502.810546875,27524.740234375,27325.130859375,27501.98046875,275350000,-1.0086316151181496
20191204,27649.779296875,27649.779296875,27727.44921875,27612.080078125,27634.630859375,218200000,0.5343772039207106
20191205,27677.7890625,27677.7890625,27745.19921875,27562.80078125,27736.05078125,208600000,0.10130195009609988
20191206,28015.060546875,28015.060546875,28035.849609375,27839.6796875,27839.6796875,223310000,1.218563677949125
20191209,27909.599609375,27909.599609375,28010.419921875,27906.140625,27987.05078125,217000000,-0.37644372505831747
20191210,27881.720703125,27881.720703125,27949.01953125,27804.0,27900.650390625,213250000,-0.0998900257982771
20191211,27911.30078125,27911.30078125,27925.5,27801.80078125,27867.310546875,213510000,0.10609129343184254
20191212,28132.05078125,28132.05078125,28224.94921875,27859.869140625,27898.33984375,277740000,0.790898287865871
20191213,28135.380859375,28135.380859375,28290.73046875,28028.3203125,28123.640625,250660000,0.011837310229867448
20191216,28235.890625,28235.890625,28337.490234375,28191.669921875,28191.669921875,286770000,0.3572362006662111
20191217,28267.16015625,28267.16015625,28328.630859375,28220.560546875,28221.75,286770000,0.1107439169009794
20191218,28239.279296875,28239.279296875,28323.25,28239.279296875,28291.439453125,289890000,-0.09863339373635815
20191219,28376.9609375,28376.9609375,28381.48046875,28278.240234375,28278.310546875,262570000,0.48755366302934977
20191220,28455.08984375,28455.08984375,28608.640625,28445.599609375,28608.640625,603780000,0.27532513584551666
20191223,28551.529296875,28551.529296875,28582.490234375,28491.779296875,28491.779296875,223530000,0.33891811150328355
20191224,28515.44921875,28515.44921875,28576.80078125,28503.2109375,28572.5703125,86150000,-0.12636828573995285
20191226,28621.390625,28621.390625,28624.099609375,28535.150390625,28539.4609375,155970000,0.37152283815449216
20191227,28645.259765625,28645.259765625,28701.66015625,28608.98046875,28675.33984375,182280000,0.08339615966861391
20191230,28462.140625,28462.140625,28664.689453125,28428.98046875,28654.759765625,181600000,-0.6392650725574711
20191231,28538.439453125,28538.439453125,28547.349609375,28376.490234375,28414.640625,193340000,0.2680712920727579
20200102,28868.80078125,28868.80078125,28872.80078125,28627.76953125,28638.970703125,251820000,1.1576012369829414
20200103,28634.880859375,28634.880859375,28716.310546875,28500.359375,28553.330078125,239590000,-0.8102862451665471
20200106,28703.380859375,28703.380859375,28708.01953125,28418.630859375,28465.5,252760000,0.23921873583621078
20200107,28583.6796875,28583.6796875,28685.5,28565.279296875,28639.1796875,258900000,-0.41702812801546196
20200108,28745.08984375,28745.08984375,28866.1796875,28522.509765625,28556.140625,291750000,0.5646934125160374
20200109,28956.900390625,28956.900390625,28988.009765625,28844.310546875,28851.970703125,275060000,0.7368581835240029
20200110,28823.76953125,28823.76953125,29009.0703125,28789.099609375,28977.51953125,237830000,-0.45975521405634545
20200113,28907.05078125,28907.05078125,28909.91015625,28819.4296875,28869.009765625,249830000,0.28893254197619456
20200114,28939.669921875,28939.669921875,29054.16015625,28872.26953125,28895.5,287440000,0.11284146858094868
20200115,29030.220703125,29030.220703125,29127.58984375,28897.349609375,28901.80078125,260270000,0.31289500362114975
20200116,29297.640625,29297.640625,29300.3203125,29131.94921875,29131.94921875,252110000,0.9211777086014727
20200117,29348.099609375,29348.099609375,29373.619140625,29289.91015625,29313.310546875,321820000,0.17222883241985176
20200121,29196.0390625,29196.0390625,29341.2109375,29146.470703125,29269.05078125,320640000,-0.5181274048368878
20200122,29186.26953125,29186.26953125,29320.19921875,29172.259765625,29263.630859375,283440000,-0.03346183785096768
20200123,29160.08984375,29160.08984375,29190.470703125,28966.98046875,29111.01953125,307060000,-0.0896986422741275
20200124,28989.73046875,28989.73046875,29288.7890625,28843.310546875,29230.390625,380010000,-0.5842210223385602
20200127,28535.80078125,28535.80078125,28671.7890625,28440.470703125,28542.490234375,337270000,-1.565829278714137
20200128,28722.849609375,28722.849609375,28823.23046875,28575.75,28594.279296875,330140000,0.6554882743921686
20200129,28734.44921875,28734.44921875,28944.240234375,28728.189453125,28820.529296875,302290000,0.04038460505400021
20200130,28859.439453125,28859.439453125,28879.7109375,28489.759765625,28640.16015625,326850000,0.4349839226897023
20200131,28256.029296875,28256.029296875,28813.0390625,28169.529296875,28813.0390625,403890000,-2.0908588929112404
20200203,28399.810546875,28399.810546875,28630.390625,28319.650390625,28319.650390625,307910000,0.5088515746120903
20200204,28807.630859375,28807.630859375,28904.880859375,28696.740234375,28696.740234375,332750000,1.435996595212763
20200205,29290.849609375,29290.849609375,29308.890625,29000.849609375,29048.73046875,357540000,1.6773984377918438
20200206,29379.76953125,29379.76953125,29408.05078125,29246.9296875,29388.580078125,263700000,0.3035757687497753
20200207,29102.509765625,29102.509765625,29286.919921875,29056.98046875,29286.919921875,252860000,-0.9437098045649739
20200210,29276.8203125,29276.8203125,29278.0703125,28995.66015625,28995.66015625,250510000,0.5989536582198474
20200211,29276.33984375,29276.33984375,29415.390625,29210.470703125,29390.7109375,279540000,-0.0016411234036728395
20200212,29551.419921875,29551.419921875,29568.5703125,29406.75,29406.75,309530000,0.9395985959758768
20200213,29423.310546875,29423.310546875,29535.400390625,29345.9296875,29436.029296875,291150000,-0.4335134329879309
20200214,29398.080078125,29398.080078125,29463.0390625,29283.1796875,29440.470703125,231000000,-0.08574993187733249
20200218,29232.189453125,29232.189453125,29330.16015625,29116.810546875,29282.779296875,256600000,-0.5642906766671452
20200219,29348.029296875,29348.029296875,29409.08984375,29274.380859375,29312.69921875,240640000,0.39627494866834034
20200220,29219.98046875,29219.98046875,29368.44921875,28959.650390625,29296.25,287780000,-0.436311504359288
20200221,28992.41015625,28992.41015625,29146.529296875,28892.69921875,29146.529296875,311210000,-0.7788174695851691
20200224,27960.80078125,27960.80078125,28402.9296875,27912.439453125,28402.9296875,452580000,-3.558204955849842
20200225,27081.359375,27081.359375,28149.19921875,26997.619140625,28037.650390625,513270000,-3.1452654490487175
20200226,26957.58984375,26957.58984375,27542.779296875,26890.970703125,27159.4609375,472450000,-0.45702850265433304
20200227,25766.640625,25766.640625,26775.310546875,25752.8203125,26526.0,664980000,-4.417862374392179
20200228,25409.359375,25409.359375,25494.240234375,24681.009765625,25270.830078125,915990000,-1.386603924041807
20200302,26703.3203125,26703.3203125,26706.169921875,25391.9609375,25590.509765625,637200000,5.09245793411508
20200303,25917.41015625,25917.41015625,27084.58984375,25706.279296875,26762.470703125,647080000,-2.943117736119538
20200304,27090.859375,27090.859375,27102.33984375,26286.310546875,26383.6796875,457590000,4.527648448188115
20200305,26121.279296875,26121.279296875,26671.919921875,25943.330078125,26671.919921875,477370000,-3.5789934335554885
20200306,25864.779296875,25864.779296875,25994.380859375,25226.619140625,25457.2109375,599780000,-0.9819580315527876
20200309,23851.01953125,23851.01953125,24992.359375,23706.0703125,24992.359375,750430000,-7.785721820824909
20200310,25018.16015625,25018.16015625,25020.990234375,23690.33984375,24453.0,654860000,4.893462199679943
20200311,23553.220703125,23553.220703125,24604.630859375,23328.3203125,24604.630859375,663960000,-5.855504337552297
20200312,21200.619140625,21200.619140625,22837.94921875,21154.4609375,22184.7109375,908260000,-9.98844952948562
20200313,23185.619140625,23185.619140625,23189.759765625,21285.369140625,21973.8203125,843080000,9.362934105053133
20200316,20188.51953125,20188.51953125,21768.279296875,20116.4609375,20917.529296875,770130000,-12.926545507355424
20200317,21237.380859375,21237.380859375,21379.349609375,19882.259765625,20487.05078125,793060000,5.195335529687828
20200318,19898.919921875,19898.919921875,20489.330078125,18917.4609375,20188.689453125,871360000,-6.30238232465069
20200319,20087.189453125,20087.189453125,20442.630859375,19177.130859375,19830.009765625,780300000,0.9461293979229124
20200320,19173.98046875,19173.98046875,20531.259765625,19094.26953125,20253.150390625,872290000,-4.5462257749200985
20200323,18591.9296875,18591.9296875,19121.009765625,18213.650390625,19028.359375,787970000,-3.0356283203617163
20200324,20704.91015625,20704.91015625,20737.69921875,19649.25,19722.189453125,799340000,11.365041199411529
20200325,21200.55078125,21200.55078125,22019.9296875,20538.33984375,21050.33984375,796320000,2.393831324355622
20200326,22552.169921875,22552.169921875,22595.060546875,21427.099609375,21468.380859375,705180000,6.37539634970421
20200327,21636.779296875,21636.779296875,22327.5703125,21469.26953125,21898.470703125,588830000,-4.058991343942009
20200330,22327.48046875,22327.48046875,22378.08984375,21522.080078125,21678.220703125,545540000,3.1922550135488947
20200331,21917.16015625,21917.16015625,22480.369140625,21852.080078125,22208.419921875,571210000,-1.8377367436253844
20200401,20943.509765625,20943.509765625,21487.240234375,20784.4296875,21227.380859375,506680000,-4.442411259870038
20200402,21413.439453125,21413.439453125,21477.76953125,20735.01953125,20819.4609375,529540000,2.243796253631314
20200403,21052.529296875,21052.529296875,21447.810546875,20863.08984375,21285.9296875,450010000,-1.685437582505367
20200406,22679.990234375,22679.990234375,22783.44921875,21693.630859375,21693.630859375,610760000,7.730477010862424
20200407,22653.859375,22653.859375,23617.240234375,22634.44921875,23537.439453125,594660000,-0.1152154789528681
20200408,23433.5703125,23433.5703125,23513.400390625,22682.990234375,22893.470703125,472740000,3.4418459327087536
20200409,23719.369140625,23719.369140625,24008.990234375,23504.08984375,23690.66015625,566400000,1.2196128217497826
20200413,23390.76953125,23390.76953125,23698.9296875,23095.349609375,23698.9296875,394320000,-1.3853640348814977
20200414,23949.759765625,23949.759765625,24040.580078125,23683.439453125,23690.5703125,485910000,2.389789842647927
20200415,23504.349609375,23504.349609375,23649.720703125,23233.3203125,23600.720703125,437630000,-1.859768785193805
20200416,23537.6796875,23537.6796875,23598.080078125,23211.380859375,23543.66015625,471050000,0.1418038732359017
20200417,24242.490234375,24242.490234375,24264.2109375,23817.150390625,23817.150390625,525950000,2.9943926344162985
20200420,23650.439453125,23650.439453125,24108.689453125,23627.189453125,24095.099609375,423410000,-2.44220282456995
20200421,23018.880859375,23018.880859375,23365.25,22941.880859375,23365.25,485140000,-2.6703884086456187
20200422,23475.8203125,23475.8203125,23613.099609375,23339.599609375,23437.33984375,352880000,1.985063721892022
20200423,23515.259765625,23515.259765625,23885.359375,23483.349609375,23543.08984375,389290000,0.16800031947765692
20200424,23775.26953125,23775.26953125,23826.0,23417.6796875,23628.240234375,376020000,1.1057065421198775
20200427,24133.779296875,24133.779296875,24207.650390625,23840.609375,23866.150390625,389390000,1.507910415710656
20200428,24101.55078125,24101.55078125,24512.240234375,24031.19921875,24357.169921875,400250000,-0.1335411053053459
20200429,24633.859375,24633.859375,24764.76953125,24453.990234375,24490.369140625,455290000,2.208607232710169
20200430,24345.720703125,24345.720703125,24585.5703125,24186.900390625,24585.5703125,487840000,-1.1696854621465524
20200501,23723.689453125,23723.689453125,24120.779296875,23645.30078125,24120.779296875,418160000,-2.554992138393164
20200504,23749.759765625,23749.759765625,23769.560546875,23361.16015625,23581.55078125,355360000,0.10989147599285154
20200505,23883.08984375,23883.08984375,24169.720703125,23868.91015625,23958.880859375,369710000,0.5613954812207389
20200506,23664.640625,23664.640625,24054.58984375,23661.140625,23978.880859375,377450000,-0.9146606246476341
20200507,23875.890625,23875.890625,24094.619140625,23834.390625,23837.2109375,369890000,0.892682053987448
20200508,24331.3203125,24331.3203125,24349.900390625,24107.05078125,24107.8203125,335760000,1.9074877442398996
20200511,24221.990234375,24221.990234375,24366.2109375,24070.220703125,24256.44921875,352400000,-0.4493388633284856
20200512,23764.779296875,23764.779296875,24382.08984375,23761.580078125,24292.83984375,359480000,-1.8875861689149787
20200513,23247.970703125,23247.970703125,23708.900390625,23067.640625,23702.16015625,469950000,-2.1746829090811715
20200514,23625.33984375,23625.33984375,23630.859375,22789.619140625,23049.060546875,472700000,1.6232347564610228
20200515,23685.419921875,23685.419921875,23730.080078125,23354.150390625,23454.830078125,491510000,0.2543035508583147
20200518,24597.369140625,24597.369140625,24708.5390625,24059.98046875,24059.98046875,484190000,3.8502556499230733
20200519,24206.859375,24206.859375,24599.5,24202.9609375,24577.48046875,374100000,-1.5876078591674836
20200520,24575.900390625,24575.900390625,24649.48046875,24455.939453125,24455.939453125,366510000,1.5245307534860641
20200521,24474.119140625,24474.119140625,24718.4609375,24370.880859375,24564.26953125,346770000,-0.4141506450718979
20200522,24465.16015625,24465.16015625,24481.640625,24294.0703125,24461.98046875,255660000,-0.03660595228585084
20200526,24995.109375,24995.109375,25176.419921875,24781.83984375,24781.83984375,424380000,2.1661383590600325
20200527,25548.26953125,25548.26953125,25551.560546875,25009.869140625,25298.630859375,411230000,2.2130735575147
20200528,25400.640625,25400.640625,25758.7890625,25358.73046875,25697.359375,377800000,-0.5778430749269536
20200529,25383.109375,25383.109375,25482.80078125,25031.669921875,25324.150390625,527620000,-0.0690189285334264
20200601,25475.01953125,25475.01953125,25508.830078125,25220.66015625,25342.990234375,338310000,0.36209179455579665
20200602,25742.650390625,25742.650390625,25743.130859375,25523.740234375,25582.51953125,352610000,1.0505619398905708
20200603,26269.890625,26269.890625,26337.75,25906.880859375,25906.880859375,398790000,2.048119468564935
20200604,26281.8203125,26281.8203125,26384.099609375,26082.310546875,26226.490234375,372190000,0.045412018155288614
20200605,27110.98046875,27110.98046875,27338.30078125,26836.80078125,26836.80078125,542310000,3.1548810028795504
20200608,27572.439453125,27572.439453125,27580.2109375,27232.48046875,27232.9296875,430200000,1.7021110133103035
20200609,27272.30078125,27272.30078125,27447.369140625,27151.060546875,27447.369140625,381430000,-1.08854594598079
20200610,26989.990234375,26989.990234375,27355.220703125,26938.05078125,27251.890625,448930000,-1.0351548596482574
20200611,25128.169921875,25128.169921875,26294.080078125,25082.720703125,26282.509765625,647780000,-6.89818816654757
20200612,25605.5390625,25605.5390625,25965.55078125,25078.41015625,25659.419921875,514440000,1.8997369968014821
20200615,25763.16015625,25763.16015625,25891.580078125,24843.1796875,25270.390625,461230000,0.6155742058984393
20200616,26289.98046875,26289.98046875,26611.029296875,25811.69921875,26326.6796875,489500000,2.0448590518589604
20200617,26119.609375,26119.609375,26400.0703125,26068.41015625,26330.51953125,328830000,-0.6480457220290226
20200618,26080.099609375,26080.099609375,26154.19921875,25848.529296875,26016.44921875,328390000,-0.15126476455967763
20200619,25871.4609375,25871.4609375,26451.439453125,25759.66015625,26213.099609375,669390000,-0.7999918520249838
20200622,26024.9609375,26024.9609375,26059.810546875,25667.6796875,25865.080078125,351780000,0.5933178662419714
20200623,26156.099609375,26156.099609375,26314.970703125,26105.970703125,26159.390625,389980000,0.5038957491230622
20200624,25445.939453125,25445.939453125,25992.9609375,25296.73046875,25992.9609375,450120000,-2.7150843086538035
20200625,25745.599609375,25745.599609375,25769.609375,25209.7890625,25365.220703125,384560000,1.177634477996059
20200626,25015.55078125,25015.55078125,25641.689453125,24971.029296875,25641.689453125,640860000,-2.835625657206131
20200629,25595.80078125,25595.80078125,25601.150390625,25096.16015625,25152.44921875,378070000,2.3195571629584855
20200630,25812.880859375,25812.880859375,25905.380859375,25475.140625,25512.4296875,410780000,0.8481081720405514
20200701,25734.970703125,25734.970703125,26019.310546875,25713.609375,25879.380859375,373180000,-0.3018266603965869
20200702,25827.359375,25827.359375,26204.41015625,25778.119140625,25936.44921875,349130000,0.35900049368924325
20200706,26287.029296875,26287.029296875,26297.529296875,25996.080078125,25996.080078125,340690000,1.7797790134129743
20200707,25890.1796875,25890.1796875,26174.9296875,25866.580078125,26172.009765625,346820000,-1.5096784231232174
20200708,26067.279296875,26067.279296875,26109.490234375,25816.25,25950.060546875,337300000,0.6840416386159953
20200709,25706.08984375,25706.08984375,26103.279296875,25523.509765625,26094.919921875,387610000,-1.3856047231146973
20200710,26075.30078125,26075.30078125,26101.3203125,25637.5,25690.349609375,338170000,1.4362780949735532
20200713,26085.80078125,26085.80078125,26639.08984375,26044.23046875,26225.0703125,425320000,0.040267991875087006
20200714,26642.58984375,26642.58984375,26690.51953125,25994.98046875,26044.169921875,401640000,2.1344526363944683
20200715,26870.099609375,26870.099609375,27071.330078125,26692.48046875,27009.810546875,384900000,0.8539326205120101
20200716,26734.7109375,26734.7109375,26879.16015625,26590.009765625,26746.5703125,287330000,-0.5038636768870175
20200717,26671.94921875,26671.94921875,26808.4296875,26619.880859375,26774.619140625,296460000,-0.23475742414692524
20200720,26680.869140625,26680.869140625,26765.01953125,26504.19921875,26660.2890625,309390000,0.033443082100381716
20200721,26840.400390625,26840.400390625,27025.380859375,26766.220703125,26833.140625,364930000,0.5979237376382729
20200722,27005.83984375,27005.83984375,27035.240234375,26794.189453125,26824.560546875,404340000,0.616382210090971
20200723,26652.330078125,26652.330078125,26973.849609375,26560.0390625,26955.970703125,419800000,-1.3090123013034693
20200724,26469.890625,26469.890625,26625.69921875,26402.859375,26533.41015625,494170000,-0.6845159601063799
20200727,26584.76953125,26584.76953125,26625.4609375,26426.919921875,26447.669921875,400930000,0.43399841683327
20200728,26379.279296875,26379.279296875,26556.83984375,26361.7109375,26529.44921875,361090000,-0.7729622562025584
20200729,26539.5703125,26539.5703125,26602.44921875,26375.390625,26388.439453125,347580000,0.6076398593800381
20200730,26313.650390625,26313.650390625,26374.9296875,25992.279296875,26367.419921875,351540000,-0.8512568938186305
20200731,26428.3203125,26428.3203125,26440.01953125,26013.58984375,26409.330078125,488050000,0.43578112566189375
20200803,26664.400390625,26664.400390625,26707.259765625,26534.380859375,26542.3203125,439380000,0.8932844589950806
20200804,26828.470703125,26828.470703125,26832.720703125,26597.8203125,26664.609375,346350000,0.6153159647185769
20200805,27201.51953125,27201.51953125,27221.669921875,26924.779296875,26924.779296875,366000000,1.3904960601483163
20200806,27386.98046875,27386.98046875,27394.099609375,27145.25,27170.8203125,322460000,0.6818035929461175
20200807,27433.48046875,27433.48046875,27456.240234375,27223.55078125,27321.6796875,321170000,0.16978870691151116
20200810,27791.439453125,27791.439453125,27803.859375,27488.2109375,27488.2109375,360340000,1.3048252655464498
20200811,27686.91015625,27686.91015625,28154.880859375,27624.509765625,27961.640625,428220000,-0.3761204850554978
20200812,27976.83984375,27976.83984375,28043.890625,27843.3203125,27860.240234375,340210000,1.0471724214215161
20200813,27896.720703125,27896.720703125,27986.099609375,27789.779296875,27922.509765625,360160000,-0.2863766639565557
20200814,27931.01953125,27931.01953125,27977.810546875,27759.390625,27828.9296875,275540000,0.12294931898988448
20200817,27844.91015625,27844.91015625,27999.810546875,27816.400390625,27970.05078125,286860000,-0.3082929891035979
20200818,27778.0703125,27778.0703125,27891.119140625,27668.7890625,27853.48046875,276170000,-0.24004330908209415
20200819,27692.880859375,27692.880859375,27920.419921875,27647.669921875,27811.259765625,311460000,-0.3066788015388733
20200820,27739.73046875,27739.73046875,27781.4609375,27526.25,27622.6796875,304550000,0.16917564341862867
20200821,27930.330078125,27930.330078125,27959.48046875,27686.779296875,27758.130859375,372720000,0.6870997163787029
20200824,28308.4609375,28308.4609375,28314.939453125,28041.75,28077.580078125,383880000,1.3538359851720916
20200825,28248.439453125,28248.439453125,28400.740234375,28094.5703125,28347.419921875,338420000,-0.21202666053627972
20200826,28331.919921875,28331.919921875,28353.80078125,28153.91015625,28257.880859375,327070000,0.2955224089052022
20200827,28492.26953125,28492.26953125,28634.220703125,28363.9296875,28384.0703125,404340000,0.5659680311717707
20200828,28653.869140625,28653.869140625,28733.349609375,28487.98046875,28601.2890625,369740000,0.5671700150027048
20200831,28430.05078125,28430.05078125,28643.66015625,28363.55078125,28643.66015625,517320000,-0.7811104262274826
20200901,28645.66015625,28645.66015625,28659.259765625,28290.720703125,28439.609375,423410000,0.7583854726780803
20200902,29100.5,29100.5,29162.880859375,28713.529296875,28736.7890625,539510000,1.5878141445127891
20200903,28292.73046875,28292.73046875,29199.349609375,28074.759765625,29090.69921875,650080000,-2.7757926195426164
20200904,28133.310546875,28133.310546875,28539.75,27664.6796875,28341.05078125,694640000,-0.5634660184215323
20200908,27500.890625,27500.890625,27925.23046875,27464.900390625,27925.23046875,580860000,-2.2479399316382542
20200909,27940.470703125,27940.470703125,28206.2109375,27704.5390625,27711.7109375,460590000,1.598421244311976
20200910,27534.580078125,27534.580078125,28174.779296875,27447.080078125,28022.509765625,442850000,-1.4526978779731303
20200911,27665.640625,27665.640625,27828.8203125,27448.150390625,27613.859375,435330000,0.4759852756175631
20200914,27993.330078125,27993.330078125,28086.060546875,27718.740234375,27718.740234375,380750000,1.184463636923283
20200915,27995.599609375,27995.599609375,28231.060546875,27931.44921875,28139.759765625,414520000,0.008107400025880729
20200916,28032.380859375,28032.380859375,28364.76953125,28021.669921875,28031.689453125,416650000,0.13138225475863852
20200917,27901.98046875,27901.98046875,28056.7890625,27647.9296875,27834.1796875,437230000,-0.4651777217181685
20200918,27657.419921875,27657.419921875,27946.689453125,27487.970703125,27864.869140625,698710000,-0.8764988820378017
20200921,27147.69921875,27147.69921875,27484.7109375,26715.150390625,27484.7109375,523660000,-1.842979947387824
20200922,27288.1796875,27288.1796875,27333.08984375,26989.9296875,27170.33984375,420720000,0.5174673095426519
20200923,26763.130859375,26763.130859375,27464.4609375,26716.119140625,27413.599609375,459470000,-1.9240888697515834
20200924,26815.439453125,26815.439453125,27094.849609375,26537.009765625,26716.08984375,447810000,0.19545020358362475
20200925,27173.9609375,27173.9609375,27239.2890625,26635.380859375,26694.509765625,388900000,1.3369964904051512
20200928,27584.060546875,27584.060546875,27722.599609375,27362.140625,27362.140625,401860000,1.5091639025986314
20200929,27452.66015625,27452.66015625,27605.599609375,27338.08984375,27560.240234375,303820000,-0.47636347955988256
20200930,27781.69921875,27781.69921875,28026.330078125,27511.060546875,27514.640625,452550000,1.1985689569871782
20201001,27816.900390625,27816.900390625,28041.4609375,27669.259765625,27940.630859375,373450000,0.1267063313796335
20201002,27682.810546875,27682.810546875,27861.4296875,27382.939453125,27536.390625,392770000,-0.4820445192203815
20201005,28148.640625,28148.640625,28162.640625,27825.419921875,27825.419921875,318210000,1.6827412712889567
20201006,27772.759765625,27772.759765625,28354.48046875,27728.029296875,28214.240234375,435030000,-1.335342847928378
20201007,28303.4609375,28303.4609375,28369.66015625,27971.359375,27971.359375,328750000,1.910869414323968
20201008,28425.509765625,28425.509765625,28459.130859375,28265.560546875,28348.859375,314750000,0.431215208608271
20201009,28586.900390625,28586.900390625,28676.2890625,28440.630859375,28533.609375,324050000,0.5677668626902443
20201012,28837.51953125,28837.51953125,28957.900390625,28659.669921875,28671.119140625,493680000,0.8766922513473663
20201013,28679.810546875,28679.810546875,28808.83984375,28604.349609375,28764.94921875,526110000,-0.5468881753303956
20201014,28514.0,28514.0,28792.560546875,28461.73046875,28731.30078125,370800000,-0.578143801208153
20201015,28494.19921875,28494.19921875,28535.849609375,28181.5390625,28323.400390625,328940000,-0.0694423134249833
20201016,28606.310546875,28606.310546875,28842.900390625,28570.720703125,28570.720703125,356140000,0.3934531630958249
20201019,28195.419921875,28195.419921875,28711.9296875,28139.400390625,28633.55078125,358700000,-1.436363575535915
20201020,28308.7890625,28308.7890625,28575.029296875,28243.0390625,28245.849609375,350220000,0.40208353320903
20201021,28210.8203125,28210.8203125,28450.640625,28196.390625,28270.66015625,299420000,-0.3460718499251447
20201022,28363.66015625,28363.66015625,28421.310546875,28040.1796875,28197.419921875,330320000,0.5417773820716398
20201023,28335.5703125,28335.5703125,28436.51953125,28149.8203125,28409.650390625,347300000,-0.09903462245443029
20201026,27685.380859375,27685.380859375,28185.8203125,27370.16015625,28185.8203125,404150000,-2.2946051410095425
20201027,27463.189453125,27463.189453125,27707.689453125,27457.9609375,27651.1796875,366400000,-0.8025586044078548
20201028,26519.94921875,26519.94921875,27102.140625,26497.390625,27102.140625,496150000,-3.434561874122266
20201029,26659.109375,26659.109375,26891.890625,26290.779296875,26480.98046875,419770000,0.524737642226003
20201030,26501.599609375,26501.599609375,26639.1796875,26143.76953125,26572.26953125,504820000,-0.5908290611265077
20201102,26925.05078125,26925.05078125,27043.48046875,26691.279296875,26691.279296875,379990000,1.5978325011189343
20201103,27480.029296875,27480.029296875,27640.2109375,27138.689453125,27138.689453125,350980000,2.0611976561673684
20201104,27847.66015625,27847.66015625,28301.5,27512.830078125,27512.830078125,447860000,1.3378110168783763
20201105,28390.1796875,28390.1796875,28495.05078125,28083.369140625,28083.369140625,390140000,1.9481691754567043
20201106,28323.400390625,28323.400390625,28431.9609375,28189.5,28399.130859375,326710000,-0.23521970487704325
20201109,29157.970703125,29157.970703125,29933.830078125,29130.66015625,29467.900390625,673310000,2.9465752734132877
20201110,29420.919921875,29420.919921875,29478.859375,29126.990234375,29254.169921875,526980000,0.9018090505242826
20201111,29397.630859375,29397.630859375,29593.109375,29281.220703125,29524.349609375,376700000,-0.07915817235437661
20201112,29080.169921875,29080.169921875,29311.830078125,28902.130859375,29231.91015625,369320000,-1.079886127622287
20201113,29479.810546875,29479.810546875,29559.25,29203.900390625,29203.900390625,348810000,1.37427197321629
20201116,29950.439453125,29950.439453125,29964.2890625,29672.359375,29672.359375,418290000,1.596444812634279
20201117,29783.349609375,29783.349609375,29872.419921875,29520.2890625,29800.150390625,372380000,-0.5578877866266652
20201118,29438.419921875,29438.419921875,29930.849609375,29432.83984375,29875.400390625,382850000,-1.158129263578278
20201119,29483.23046875,29483.23046875,29524.900390625,29228.380859375,29370.919921875,331330000,0.1522179077338981
20201120,29263.48046875,29263.48046875,29469.890625,29231.19921875,29437.5703125,305350000,-0.7453389486369866
20201123,29591.26953125,29591.26953125,29667.75,29332.8203125,29332.8203125,387200000,1.1201301323335189
20201124,30046.240234375,30046.240234375,30116.509765625,29746.109375,29746.109375,432760000,1.537516674114059
20201125,29872.470703125,29872.470703125,30058.869140625,29806.25,30058.869140625,323030000,-0.5783403510539631
20201127,29910.369140625,29910.369140625,30015.130859375,29819.98046875,29911.330078125,177040000,0.12686743549483737
20201130,29638.640625,29638.640625,29854.509765625,29463.640625,29854.509765625,551350000,-0.9084759681415311
20201201,29823.919921875,29823.919921875,30083.310546875,29797.5,29797.5,429510000,0.6251275124902866
20201202,29883.7890625,29883.7890625,29902.509765625,29599.2890625,29695.08984375,385280000,0.20074202446167533
20201203,29969.51953125,29969.51953125,30110.880859375,29877.26953125,29920.830078125,405680000,0.2868795137413782
20201204,30218.259765625,30218.259765625,30218.259765625,29989.560546875,29989.560546875,356590000,0.8299773845744651
20201207,30069.7890625,30069.7890625,30233.029296875,29967.220703125,30233.029296875,365810000,-0.4913277742548683
20201208,30173.880859375,30173.880859375,30246.220703125,29972.0703125,29997.94921875,311190000,0.3461673663843978
20201209,30068.810546875,30068.810546875,30319.69921875,29951.849609375,30229.810546875,380520000,-0.3482161044834786
20201210,29999.259765625,29999.259765625,30063.869140625,29876.8203125,30032.55078125,325550000,-0.23130539580731302
20201211,30046.369140625,30046.369140625,30071.130859375,29820.83984375,29988.2109375,393870000,0.15703512475990777
20201214,29861.55078125,29861.55078125,30325.7890625,29849.150390625,30123.91015625,371980000,-0.6151104598029811
20201215,30199.310546875,30199.310546875,30243.259765625,29894.94921875,29919.08984375,417770000,1.1310858170067828
20201216,30154.5390625,30154.5390625,30236.029296875,30080.109375,30191.380859375,344590000,-0.14825333282196818
20201217,30303.369140625,30303.369140625,30323.779296875,30216.0,30216.0,345530000,0.4935577951184378
20201218,30179.05078125,30179.05078125,30343.58984375,30029.439453125,30314.259765625,782070000,-0.410245998714176
20201221,30216.44921875,30216.44921875,30304.140625,29755.529296875,30159.0,437480000,0.12392184820881891
20201222,30015.509765625,30015.509765625,30200.19921875,29992.890625,30200.19921875,388810000,-0.6650002178294034
20201223,30129.830078125,30129.830078125,30292.529296875,30046.73046875,30046.73046875,274050000,0.3808708011047157
20201224,30199.869140625,30199.869140625,30209.669921875,30099.30078125,30155.919921875,145570000,0.23245754230405424
20201228,30403.970703125,30403.970703125,30525.560546875,30283.23046875,30283.23046875,302490000,0.675835916869727
20201229,30335.669921875,30335.669921875,30588.7890625,30274.240234375,30492.0703125,357610000,-0.22464428056753194
20201230,30409.560546875,30409.560546875,30525.349609375,30393.0390625,30415.08984375,291890000,0.24357670422407995
20201231,30606.48046875,30606.48046875,30637.470703125,30344.5,30417.640625,284470000,0.6475592489127102
20210104,30223.890625,30223.890625,30674.279296875,29881.8203125,30627.470703125,475080000,-1.2500288758801714
20210105,30391.599609375,30391.599609375,30504.890625,30141.779296875,30204.25,350910000,0.554888801232889
20210106,30829.400390625,30829.400390625,31022.650390625,30313.0703125,30362.779296875,500430000,1.4405322091534556
20210107,31041.130859375,31041.130859375,31193.400390625,30897.859375,30901.1796875,427810000,0.6867810144448594
20210108,31097.970703125,31097.970703125,31140.669921875,30793.26953125,31069.580078125,381150000,0.18311138214486267
20210111,31008.689453125,31008.689453125,31096.98046875,30832.060546875,31015.369140625,356540000,-0.2870967075386366
20210112,31068.689453125,31068.689453125,31114.560546875,30888.759765625,31015.009765625,362620000,0.193494149730844
20210113,31060.470703125,31060.470703125,31153.369140625,30992.05078125,31084.880859375,413250000,-0.02645348144600934
20210114,30991.51953125,30991.51953125,31223.779296875,30982.240234375,31085.669921875,427810000,-0.22199010611922976
20210115,30814.259765625,30814.259765625,30941.98046875,30612.669921875,30926.76953125,433000000,-0.5719621635404515
20210119,30930.51953125,30930.51953125,31086.619140625,30865.029296875,30887.419921875,386400000,0.3772920930416035
20210120,31188.380859375,31188.380859375,31235.98046875,30997.7890625,31017.5390625,384980000,0.8336792657636316
20210121,31176.009765625,31176.009765625,31272.220703125,31120.919921875,31198.009765625,418780000,-0.03966571334940161
20210122,30996.98046875,30996.98046875,31141.560546875,30908.470703125,31141.560546875,436040000,-0.5742534026031754
20210125,30960.0,30960.0,30989.849609375,30564.060546875,30989.849609375,472890000,-0.11930345533908149
20210126,30937.0390625,30937.0390625,31121.419921875,30921.7109375,30968.55078125,373150000,-0.07416323481912457
20210127,30303.169921875,30303.169921875,30893.779296875,30206.91015625,30893.779296875,566470000,-2.048900476042448
20210128,30603.359375,30603.359375,30951.41015625,30377.189453125,30377.189453125,465140000,0.9906206311053323
20210129,29982.619140625,29982.619140625,30553.91015625,29856.30078125,30553.91015625,536320000,-2.0283401791572064
20210201,30211.91015625,30211.91015625,30335.91015625,30014.970703125,30054.73046875,347060000,0.7647464504337398
20210202,30687.48046875,30687.48046875,30840.5390625,30276.880859375,30276.880859375,333160000,1.5741153407396125
20210203,30723.599609375,30723.599609375,30793.41015625,30521.310546875,30689.650390625,305590000,0.11769992216135172
20210204,31055.859375,31055.859375,31065.9609375,30737.779296875,30737.779296875,338330000,1.08144803945307
20210205,31148.240234375,31148.240234375,31252.1796875,31083.220703125,31093.810546875,293550000,0.29746676226054536
20210208,31385.759765625,31385.759765625,31386.099609375,31191.19921875,31191.19921875,322250000,0.7625455867258824
20210209,31375.830078125,31375.830078125,31439.470703125,31245.859375,31359.880859375,308210000,-0.03163755656753198
20210210,31437.80078125,31437.80078125,31511.439453125,31221.3203125,31428.01953125,326450000,0.19751095977602606
20210211,31430.69921875,31430.69921875,31543.8203125,31244.359375,31466.490234375,280320000,-0.022589247095916587
20210212,31458.400390625,31458.400390625,31475.310546875,31347.80078125,31420.80078125,263090000,0.08813412543642318
20210216,31522.75,31522.75,31608.630859375,31443.48046875,31472.080078125,329210000,0.20455461363564353
20210217,31613.01953125,31613.01953125,31643.69921875,31338.759765625,31485.609375,343510000,0.28636312266536734
20210218,31493.33984375,31493.33984375,31558.599609375,31285.3203125,31558.599609375,325990000,-0.37857721051193227
20210219,31494.3203125,31494.3203125,31647.529296875,31469.33984375,31504.130859375,353070000,0.0031132574533687674
20210222,31521.689453125,31521.689453125,31653.48046875,31286.5703125,31381.119140625,387210000,0.08690182976940353
20210223,31537.349609375,31537.349609375,31653.380859375,31158.759765625,31501.890625,460410000,0.04968057398473391
20210224,31961.859375,31961.859375,32009.640625,31421.2890625,31499.75,410150000,1.3460540308016578
20210225,31402.009765625,31402.009765625,31984.76953125,31293.3203125,31955.939453125,454110000,-1.751617772941283
20210226,30932.369140625,30932.369140625,31450.890625,30911.369140625,31401.2890625,532250000,-1.495575055562537
20210301,31535.509765625,31535.509765625,31668.33984375,31065.900390625,31065.900390625,385670000,1.9498688324130597
20210302,31391.51953125,31391.51953125,31623.26953125,31377.16015625,31535.369140625,337270000,-0.45659713587999917
20210303,31270.08984375,31270.08984375,31563.310546875,31260.140625,31352.9609375,409660000,-0.3868232226831747
20210304,30924.140625,30924.140625,31461.970703125,30547.529296875,31289.009765625,537850000,-1.1063262704988586
20210305,31496.30078125,31496.30078125,31580.330078125,30766.810546875,31029.1796875,501810000,1.8502055180393606
20210308,31802.439453125,31802.439453125,32148.0390625,31512.150390625,31512.150390625,496980000,0.9719829449217343
20210309,31832.740234375,31832.740234375,32150.3203125,31822.640625,31892.349609375,458690000,0.09527816661567545
20210310,32297.01953125,32297.01953125,32389.5,31906.9609375,31906.9609375,409110000,1.4584961692164944
20210311,32485.58984375,32485.58984375,32661.58984375,32345.69921875,32354.5,400020000,0.5838628927277378
20210312,32778.640625,32778.640625,32793.3203125,32462.400390625,32462.400390625,346400000,0.902094690782973
20210315,32953.4609375,32953.4609375,32973.3984375,32629.75,32798.83984375,360080000,0.5333360663122289
20210316,32825.94921875,32825.94921875,32966.75,32778.23046875,32966.75,386370000,-0.3869448462237135
20210317,33015.37109375,33015.37109375,33047.578125,32782.1796875,32825.51953125,391200000,0.577049192812984
20210318,32862.30078125,32862.30078125,33227.78125,32831.25,32928.16015625,418480000,-0.4636334756478844
20210319,32627.970703125,32627.970703125,32858.359375,32505.0703125,32858.359375,811890000,-0.7130665612393727
20210322,32731.19921875,32731.19921875,32810.3515625,32512.529296875,32601.8203125,383500000,0.31638043494721657
20210323,32423.150390625,32423.150390625,32753.76953125,32356.279296875,32691.5,385840000,-0.9411473929392011
20210324,32420.060546875,32420.060546875,32787.98828125,32418.150390625,32470.880859375,399390000,-0.009529745606995377
20210325,32619.48046875,32619.48046875,32672.689453125,32071.41015625,32346.810546875,411990000,0.6151127373333232
20210326,33072.87890625,33072.87890625,33098.828125,32681.0703125,32681.0703125,382170000,1.3899621667315065
20210329,33171.37109375,33171.37109375,33259.0,32905.12890625,33087.55078125,351610000,0.2978034896181647
20210330,33066.9609375,33066.9609375,33170.9296875,32988.921875,33127.87890625,307510000,-0.3147598450329747
20210331,32981.55078125,32981.55078125,33173.76953125,32980.5703125,33116.0390625,414140000,-0.25829454485228887
20210401,33153.2109375,33153.2109375,33167.171875,32985.3515625,33054.578125,311880000,0.5204732712192239
20210405,33527.19140625,33527.19140625,33617.94921875,33222.37890625,33222.37890625,344270000,1.1280369477786767
20210406,33430.23828125,33430.23828125,33544.7890625,33380.4296875,33500.01953125,297940000,-0.2891775926746054
20210407,33446.26171875,33446.26171875,33521.76171875,33347.9609375,33444.98046875,273440000,0.04793097005528768
20210408,33503.5703125,33503.5703125,33506.80078125,33342.640625,33469.890625,304040000,0.1713452888454592
20210409,33800.6015625,33800.6015625,33810.87109375,33526.19140625,33526.19140625,316410000,0.8865659606706933
20210412,33745.3984375,33745.3984375,33786.19140625,33665.5390625,33775.05859375,327370000,-0.163319948308982
20210413,33677.26953125,33677.26953125,33741.640625,33545.83984375,33721.16015625,324480000,-0.201890952261774
20210414,33730.890625,33730.890625,33911.25,33668.94921875,33668.94921875,315330000,0.1592204311583023
20210415,34035.98828125,34035.98828125,34068.73046875,33788.53125,33788.53125,319680000,0.9045051897440093
20210416,34200.671875,34200.671875,34256.75,34058.16015625,34058.16015625,343760000,0.48385136458846123
20210419,34077.62890625,34077.62890625,34182.37890625,33980.55859375,34182.37890625,312540000,-0.35976769462222613
20210420,33821.30078125,33821.30078125,34034.1796875,33687.01171875,34034.1796875,350960000,-0.7521888500669371
20210421,34137.30859375,34137.30859375,34160.33984375,33773.80078125,33808.30078125,290300000,0.9343455313675975
20210422,33815.8984375,33815.8984375,34126.5703125,33717.19140625,34109.87890625,344470000,-0.9415216649763858
20210423,34043.48828125,34043.48828125,34157.5703125,33713.2890625,33804.51953125,346380000,0.6730261630358392
20210426,33981.5703125,33981.5703125,34148.94140625,33941.37109375,34044.23046875,279300000,-0.18187903730212396
20210427,33984.9296875,33984.9296875,34043.98046875,33870.4609375,33932.12890625,289030000,0.009885873339898765
20210428,33820.37890625,33820.37890625,33946.6015625,33805.55859375,33860.4609375,335820000,-0.48418749946840256
20210429,34060.359375,34060.359375,34087.2109375,33744.28125,33855.640625,408450000,0.7095735663258607
20210430,33874.8515625,33874.8515625,33988.75,33784.9609375,33988.75,374890000,-0.5446443193907191
20210503,34113.23046875,34113.23046875,34221.05859375,33904.890625,33904.890625,289770000,0.7037046518423296
20210504,34133.03125,34133.03125,34147.78125,33765.6796875,34080.19921875,407860000,0.05804428656541738
20210505,34230.33984375,34230.33984375,34331.19921875,34039.66015625,34163.98828125,253180000,0.2850862937934906
20210506,34548.53125,34548.53125,34561.2890625,34185.05859375,34245.109375,315430000,0.9295595886644303
20210507,34777.76171875,34777.76171875,34811.390625,34464.30859375,34578.26953125,303400000,0.6635027900064427
20210510,34742.8203125,34742.8203125,35091.55859375,34741.5703125,34785.26953125,361620000,-0.10047054359787477
20210511,34269.16015625,34269.16015625,34572.73828125,34075.30859375,34572.73828125,413180000,-1.3633324870853447
20210512,33587.66015625,33587.66015625,34207.87109375,33555.21875,34206.3984375,381350000,-1.98866851972066
20210513,34021.44921875,34021.44921875,34181.76953125,33623.48828125,33624.73828125,350820000,1.2915131940778535
20210514,34382.12890625,34382.12890625,34454.05078125,34050.859375,34050.859375,303230000,1.060153802328978
20210517,34327.7890625,34327.7890625,34383.83984375,34176.6484375,34375.2890625,291910000,-0.1580467687098963
20210518,34060.66015625,34060.66015625,34408.98828125,34044.1015625,34351.1796875,289590000,-0.7781710198802583
20210519,33896.0390625,33896.0390625,33945.80859375,33473.80078125,33945.80859375,348480000,-0.48331739019389364
20210520,34084.1484375,34084.1484375,34233.3984375,33872.41015625,33906.30078125,320150000,0.5549597540088769
20210521,34207.83984375,34207.83984375,34415.48046875,34121.91015625,34121.91015625,306360000,0.3629000926246295
20210524,34393.98046875,34393.98046875,34472.51171875,34253.87109375,34253.87109375,251010000,0.5441460958956368
20210525,34312.4609375,34312.4609375,34511.3515625,34266.03125,34428.66015625,285760000,-0.237016856260841
20210526,34323.05078125,34323.05078125,34409.58984375,34271.44140625,34336.33984375,258780000,0.03086296774017505
20210527,34464.640625,34464.640625,34608.8203125,34389.23828125,34432.46875,520630000,0.4125211498604564
20210528,34529.44921875,34529.44921875,34631.109375,34520.08984375,34558.5,290850000,0.18804372416112436
20210601,34575.30859375,34575.30859375,34849.3203125,34542.87109375,34584.19140625,287700000,0.13281235593847196
20210602,34600.37890625,34600.37890625,34706.6484375,34545.9609375,34614.62109375,263810000,0.07250929498436864
20210603,34577.0390625,34577.0390625,34667.41015625,34334.41015625,34550.30859375,297380000,-0.0674554571013175
20210604,34756.390625,34756.390625,34772.12109375,34618.69140625,34618.69140625,270050000,0.518701332915783
20210607,34630.23828125,34630.23828125,34820.91015625,34574.51171875,34766.19921875,259120000,-0.3629615776595041
20210608,34599.8203125,34599.8203125,34665.37890625,34452.94140625,34645.83984375,289440000,-0.08783644080921915
20210609,34447.140625,34447.140625,34654.671875,34439.37109375,34626.16015625,245100000,-0.4412730647761265
20210610,34466.23828125,34466.23828125,34737.7890625,34447.25,34502.51171875,309310000,0.05544046879797371
20210611,34479.6015625,34479.6015625,34618.08984375,34328.6484375,34499.80859375,260840000,0.0387720909399869
20210614,34393.75,34393.75,34472.51953125,34211.5390625,34472.51953125,295530000,-0.24899232766475432
20210615,34299.328125,34299.328125,34420.37890625,34199.16015625,34397.1015625,272430000,-0.2745320734145018
20210616,34033.671875,34033.671875,34333.25,33917.109375,34308.48046875,347150000,-0.7745231890019744
20210617,33823.44921875,33823.44921875,34091.7890625,33626.609375,34014.37890625,354690000,-0.6176902011105767
20210618,33290.078125,33290.078125,33622.69921875,33271.9296875,33622.69921875,563920000,-1.5769269724695167
20210621,33876.96875,33876.96875,33908.08984375,33312.0703125,33312.0703125,317260000,1.7629595905311435
20210622,33945.578125,33945.578125,34040.69921875,33751.05859375,33872.55859375,284130000,0.2025251299970554
20210623,33874.23828125,33874.23828125,34009.3984375,33869.828125,33948.5390625,255280000,-0.21015946020215281
20210624,34196.8203125,34196.8203125,34233.01953125,33933.91015625,33933.91015625,275870000,0.9522930923838713
20210625,34433.83984375,34433.83984375,34501.01953125,34314.80078125,34328.1015625,432550000,0.6931040052380544
20210628,34283.26953125,34283.26953125,34449.6484375,34186.12890625,34428.1015625,280280000,-0.43727424296343687
20210629,34292.2890625,34292.2890625,34469.828125,34266.828125,34338.890625,282360000,0.026308842106725905
20210630,34502.51171875,34502.51171875,34553.16015625,34245.48046875,34290.73828125,295560000,0.6130318564236292
20210701,34633.53125,34633.53125,34640.28125,34498.8515625,34507.3203125,268280000,0.3797391109320314
20210702,34786.3515625,34786.3515625,34821.9296875,34613.48828125,34642.421875,301860000,0.44124958381193125
20210706,34577.37109375,34577.37109375,34814.19921875,34358.421875,34790.16015625,348430000,-0.6007542020453838
20210707,34681.7890625,34681.7890625,34708.78125,34435.58984375,34604.171875,302700000,0.3019835385023706
20210708,34421.9296875,34421.9296875,34569.01171875,34145.58984375,34569.01171875,335690000,-0.7492675032758744
20210709,34870.16015625,34870.16015625,34893.71875,34457.51171875,34457.51171875,301750000,1.3021654300594543
20210712,34996.1796875,34996.1796875,35014.8984375,34730.1484375,34836.75,294800000,0.3613964796413738
20210713,34888.7890625,34888.7890625,35018.7890625,34876.890625,34959.9609375,322430000,-0.3068638518802569
20210714,34933.23046875,34933.23046875,35069.1796875,34826.87109375,34920.828125,344340000,0.1273801912998085
20210715,34987.01953125,34987.01953125,34990.41015625,34762.87109375,34924.80859375,320450000,0.15397677734991788
20210716,34687.8515625,34687.8515625,35090.01171875,34647.8203125,35007.94140625,322980000,-0.8550827499975711
20210719,33962.0390625,33962.0390625,34528.48046875,33741.76171875,34528.48046875,440440000,-2.0924112255619076
20210720,34511.98828125,34511.98828125,34621.7890625,33981.7890625,33981.7890625,387020000,1.6193056539919093
20210721,34798.0,34798.0,34820.23828125,34556.9609375,34556.9609375,317090000,0.8287315017007746
20210722,34823.3515625,34823.3515625,34879.28125,34673.03125,34799.6796875,291610000,0.07285350451176065
20210723,35061.55078125,35061.55078125,35095.328125,34855.109375,34855.109375,314040000,0.6840215202218225
20210726,35144.30859375,35144.30859375,35150.37109375,34950.19140625,35055.859375,259790000,0.23603580177136152
20210727,35058.51953125,35058.51953125,35078.8984375,34878.0703125,35078.8984375,326610000,-0.2441051366002922
20210728,34930.9296875,34930.9296875,35116.37109375,34876.83984375,35109.94921875,347170000,-0.36393391807737485
20210729,35084.53125,35084.53125,35171.51953125,34985.98828125,34985.98828125,222680000,0.43972938560226105
20210730,34935.46875,34935.46875,35106.30078125,34871.12890625,35013.26171875,276410000,-0.42486672812537263
20210802,34838.16015625,34838.16015625,35192.109375,34808.19921875,34968.55859375,238620000,-0.27853810820843705
20210803,35116.3984375,35116.3984375,35120.94140625,34714.328125,34864.1015625,259820000,0.7986595158931964
20210804,34792.671875,34792.671875,35047.44140625,34790.62109375,35047.44140625,245300000,-0.9218672099195135
20210805,35064.25,35064.25,35067.5390625,34815.609375,34815.609375,216580000,0.7805612801905504
20210806,35208.51171875,35208.51171875,35246.7890625,35077.44140625,35077.44140625,231570000,0.41142108771754504
20210809,35101.8515625,35101.8515625,35229.671875,35041.23828125,35229.671875,207850000,-0.3029385538986018
20210810,35264.671875,35264.671875,35285.16015625,35091.91015625,35135.171875,255040000,0.4638510655487593
20210811,35484.96875,35484.96875,35501.16015625,35300.890625,35300.890625,232800000,0.6246956608042975
20210812,35499.8515625,35499.8515625,35510.76953125,35352.53125,35481.94140625,231600000,0.04194117403584219
20210813,35515.37890625,35515.37890625,35610.5703125,35474.78125,35551.55859375,236790000,0.04373917936717486
20210816,35625.3984375,35625.3984375,35631.19140625,35231.87109375,35490.828125,292590000,0.30977997317842565
20210817,35343.28125,35343.28125,35500.01171875,35120.30859375,35500.01171875,309410000,-0.7918990379712887
20210818,34960.69140625,34960.69140625,35356.80078125,34943.41015625,35310.19921875,289800000,-1.082496673253841
20210819,34894.12109375,34894.12109375,34997.80859375,34690.25,34874.671875,333550000,-0.1904147481708529
20210820,35120.078125,35120.078125,35177.26171875,34867.0703125,34917.9609375,269320000,0.6475504301796997
20210823,35335.7109375,35335.7109375,35428.91015625,35160.96875,35160.96875,245760000,0.6139872802461088
20210824,35366.26171875,35366.26171875,35445.46875,35356.1796875,35382.71875,228710000,0.08645865737366698
20210825,35405.5,35405.5,35501.140625,35287.62890625,35388.76953125,237230000,0.11094834269462783
20210826,35213.12109375,35213.12109375,35498.44921875,35205.1015625,35449.6796875,239740000,-0.5433588178390347
20210827,35455.80078125,35455.80078125,35479.1796875,35231.109375,35231.109375,240990000,0.6891740350248865
20210830,35399.83984375,35399.83984375,35510.7109375,35374.4609375,35471.80078125,245390000,-0.1578329533304279
20210831,35360.73046875,35360.73046875,35449.7890625,35289.859375,35391.37890625,337240000,-0.11047896027954751
20210901,35312.53125,35312.53125,35407.37109375,35287.05078125,35387.55078125,265520000,-0.1363071919359693
20210902,35443.8203125,35443.8203125,35475.3984375,35348.48046875,35353.05859375,263370000,0.37179170637902104
20210903,35369.08984375,35369.08984375,35422.7109375,35269.3984375,35401.73046875,221370000,-0.21084202574981337
20210907,35100.0,35100.0,35373.23828125,35060.8984375,35373.23828125,289830000,-0.7608051124265769
20210908,35031.0703125,35031.0703125,35175.1484375,34925.609375,35087.44921875,261880000,-0.1963808760683805
20210909,34879.37890625,34879.37890625,35199.890625,34847.30078125,35013.078125,261330000,-0.43301961629151897
20210910,34607.71875,34607.71875,35104.25,34599.609375,34949.58984375,333230000,-0.7788560598518068
20210913,34869.62890625,34869.62890625,34939.1015625,34665.5,34665.5,334190000,0.7567969392666241
20210914,34577.5703125,34577.5703125,34990.359375,34510.30078125,34906.8984375,325140000,-0.8375729909120166
20210915,34814.390625,34814.390625,34880.76953125,34522.03125,34580.94921875,317490000,0.6848957586079729
20210916,34751.3203125,34751.3203125,34943.55078125,34540.109375,34810.26953125,278270000,-0.18116161554960764
20210917,34584.87890625,34584.87890625,34779.859375,34519.62890625,34737.859375,560630000,-0.47894987802846734
20210920,33970.46875,33970.46875,34459.71875,33613.03125,34459.71875,435780000,-1.7765282854264042
20210921,33919.83984375,33919.83984375,34313.87890625,33914.01953125,34025.609375,306970000,-0.14903799715745292
20210922,34258.3203125,34258.3203125,34440.421875,34006.87109375,34006.87109375,296590000,0.9978834520127267
20210923,34764.8203125,34764.8203125,34879.78125,34296.30078125,34296.30078125,283890000,1.478472953080523
20210924,34798.0,34798.0,34857.05859375,34648.078125,34762.30859375,254310000,0.09544041131739345
20210927,34869.37109375,34869.37109375,35061.12109375,34739.26953125,34739.26953125,289480000,0.2051011372780076
20210928,34299.98828125,34299.98828125,34798.2109375,34254.6484375,34747.69921875,379020000,-1.632902443147466
20210929,34390.71875,34390.71875,34580.421875,34305.9609375,34360.078125,290350000,0.26452040742999117
20210930,33843.921875,33843.921875,34557.37109375,33833.3203125,34467.98046875,354830000,-1.5899547752255105
20211001,34326.4609375,34326.4609375,34490.55859375,33785.5390625,33930.69921875,427580000,1.42577761608782
20211004,34002.921875,34002.921875,34410.28125,33821.578125,34312.9609375,396860000,-0.9425354483501347
20211005,34314.671875,34314.671875,34490.94921875,34035.25,34035.25,311520000,0.9168329743721504
20211006,34416.98828125,34416.98828125,34432.6796875,33854.69140625,34198.9609375,322170000,0.29817101740827745
20211007,34754.94140625,34754.94140625,34975.19140625,34509.71875,34509.71875,273290000,0.9819369499687314
20211008,34746.25,34746.25,34842.62109375,34661.94921875,34757.5703125,238080000,-0.025007684945876907
20211011,34496.05859375,34496.05859375,34951.3515625,34486.51171875,34723.7890625,256820000,-0.7200529733424443
20211012,34378.33984375,34378.33984375,34611.23828125,34318.94140625,34507.1484375,319010000,-0.3412527540793575
20211013,34377.80859375,34377.80859375,34449.828125,34115.1015625,34372.7109375,316220000,-0.0015453044050817155
20211014,34912.55859375,34912.55859375,34923.828125,34443.21875,34443.21875,338540000,1.5555092714583996
20211015,35294.76171875,35294.76171875,35320.96875,35023.62890625,35023.62890625,327870000,1.0947439557421168
20211018,35258.609375,35258.609375,35327.5703125,35035.94140625,35221.01953125,312640000,-0.10242977141504683
20211019,35457.30859375,35457.30859375,35462.6796875,35290.12109375,35325.37109375,278510000,0.563548087324417
20211020,35609.33984375,35609.33984375,35669.69140625,35465.7109375,35475.16015625,265750000,0.42877267347583015
20211021,35603.078125,35603.078125,35612.359375,35442.53125,35520.3203125,298390000,-0.017584484232158193
20211022,35677.01953125,35677.01953125,35765.01953125,35533.94921875,35607.71875,346290000,0.20768262224517553
20211025,35741.1484375,35741.1484375,35787.0390625,35629.37109375,35692.62109375,267220000,0.17974849663051629
20211026,35756.87890625,35756.87890625,35892.921875,35734.73046875,35791.05078125,321910000,0.044012208442345546
20211027,35490.69140625,35490.69140625,35835.4296875,35490.4296875,35835.4296875,354180000,-0.7444371772433178
20211028,35730.48046875,35730.48046875,35742.25,35545.41015625,35545.41015625,337400000,0.6756393099114799
20211029,35819.55859375,35819.55859375,35852.53125,35633.19921875,35712.28125,399400000,0.24930570155055065
20211101,35913.83984375,35913.83984375,36009.73828125,35797.96875,35833.6484375,292880000,0.2632116466573464
20211102,36052.62890625,36052.62890625,36088.80859375,35884.12890625,35935.109375,304510000,0.3864500791445069
20211103,36157.578125,36157.578125,36178.51171875,35891.73046875,36059.08984375,262540000,0.29110004439039106
20211104,36124.23046875,36124.23046875,36168.03125,35986.48046875,36107.4609375,307640000,-0.09222867785755318
20211105,36327.94921875,36327.94921875,36484.75,36190.19921875,36268.75,344600000,0.5639393486215116
20211108,36432.21875,36432.21875,36565.73046875,36334.421875,36416.4609375,284400000,0.28702289419679783
20211109,36319.98046875,36319.98046875,36416.98046875,36173.0703125,36404.53125,258020000,-0.3080742406060599
20211110,36079.94140625,36079.94140625,36346.609375,36009.5,36299.25,278390000,-0.6609008578805087
20211111,35921.23046875,35921.23046875,36108.171875,35915.26953125,36038.78125,270320000,-0.4398869047844589
20211112,36100.30859375,36100.30859375,36147.62890625,35934.58984375,35963.78125,293180000,0.4985300410457638
20211115,36087.44921875,36087.44921875,36236.0703125,36031.78125,36128.828125,280660000,-0.03562123289502228
20211116,36142.21875,36142.21875,36316.609375,36076.1796875,36076.1796875,308290000,0.15176891810226856
20211117,35931.05078125,35931.05078125,36159.69921875,35909.48046875,36159.69921875,358310000,-0.5842695220530714
20211118,35870.94921875,35870.94921875,35952.62890625,35654.390625,35901.69140625,435080000,-0.1672691479742694
20211119,35601.98046875,35601.98046875,35879.08984375,35555.37109375,35879.08984375,408840000,-0.7498233413332889
20211122,35619.25,35619.25,35929.66015625,35615.55078125,35631.41015625,420810000,0.04850722072935465
20211123,35813.80078125,35813.80078125,35841.51953125,35542.87109375,35619.921875,392520000,0.5461956140289326
20211124,35804.37890625,35804.37890625,35825.46875,35591.03125,35752.30859375,280960000,-0.026307944966663666
20211126,34899.33984375,34899.33984375,35366.69140625,34749.80078125,35366.69140625,324580000,-2.5277328923083653
20211129,35135.94140625,35135.94140625,35287.91015625,34895.890625,35017.7109375,416040000,0.6779542637749048
20211130,34483.71875,34483.71875,35056.98828125,34424.44140625,35056.98828125,678800000,-1.8562834241691362
20211201,34022.0390625,34022.0390625,35004.640625,34006.98046875,34678.94140625,496000000,-1.3388338155959523
20211202,34639.7890625,34639.7890625,34759.6484375,34076.25,34076.25,466900000,1.8157347913955624
20211203,34580.078125,34580.078125,34801.30859375,34264.5703125,34692.78125,439550000,-0.17237673529785225
20211206,35227.03125,35227.03125,35356.75,34633.4296875,34633.4296875,416720000,1.8708839310929148
20211207,35719.4296875,35719.4296875,35819.46875,35423.98828125,35423.98828125,474940000,1.3977857912735647
20211208,35754.75,35754.75,35840.51953125,35602.6484375,35716.8515625,387650000,0.09888263281079279
20211209,35754.69140625,35754.69140625,35864.23828125,35577.140625,35722.26171875,353020000,-0.00016387682755247823
20211210,35970.98828125,35970.98828125,35982.69140625,35710.4296875,35830.55078125,361200000,0.6049468377237632
20211213,35650.94921875,35650.94921875,35958.9296875,35609.53125,35958.9296875,441110000,-0.8897143998315538
20211214,35544.1796875,35544.1796875,35779.46875,35441.73828125,35605.73046875,440900000,-0.2994858021728275
20211215,35927.4296875,35927.4296875,35943.83984375,35389.30078125,35549.3515625,424720000,1.078235602479749
20211216,35897.640625,35897.640625,36189.828125,35778.2109375,36036.28125,473620000,-0.0829145384434904
20211217,35365.44140625,35365.44140625,35800.109375,35284.26171875,35800.109375,750480000,-1.4825465113697867
20211220,34932.16015625,34932.16015625,35222.12109375,34665.5,35222.12109375,386590000,-1.2251543675726007
20211221,35492.69921875,35492.69921875,35508.9609375,35069.5,35069.5,346080000,1.6046504424368058
20211222,35753.890625,35753.890625,35764.671875,35433.12890625,35491.7109375,281930000,0.7359017826179315
20211223,35950.55859375,35950.55859375,36060.98828125,35782.421875,35782.421875,247420000,0.5500603299728235
20211227,36302.37890625,36302.37890625,36306.609375,35954.48046875,35954.48046875,244350000,0.9786226591793845
20211228,36398.2109375,36398.2109375,36527.26171875,36302.98828125,36302.98828125,239090000,0.2639827860799082
20211229,36488.62890625,36488.62890625,36571.55078125,36396.19140625,36421.140625,213480000,0.24841322257640464
20211230,36398.078125,36398.078125,36679.44140625,36372.12890625,36522.48046875,205620000,-0.24816164367987836
20211231,36338.30078125,36338.30078125,36484.94140625,36303.96875,36385.8515625,213200000,-0.16423214309477796
20220103,36585.05859375,36585.05859375,36595.8203125,36246.44921875,36321.58984375,347930000,0.679057102822278
20220104,36799.6484375,36799.6484375,36934.83984375,36636.0,36636.0,435080000,0.5865504990243631
20220105,36407.109375,36407.109375,36952.6484375,36400.390625,36722.6015625,462040000,-1.0666924255178234
20220106,36236.46875,36236.46875,36464.19140625,36200.6796875,36409.05078125,385890000,-0.4687013825853903
20220107,36231.66015625,36231.66015625,36382.83984375,36111.53125,36249.58984375,356110000,-0.013270039592361282
20220110,36068.87109375,36068.87109375,36175.2109375,35639.91015625,36175.2109375,430680000,-0.44930058903723813
20220111,36252.01953125,36252.01953125,36271.46875,35769.37890625,36058.8515625,356850000,0.5077742439566935
20220112,36290.3203125,36290.3203125,36453.48828125,36168.1484375,36336.16015625,310180000,0.1056514416168941
20220113,36113.62109375,36113.62109375,36513.87890625,36044.21875,36312.48828125,343640000,-0.4869045443204212
20220114,35911.80859375,35911.80859375,35996.4296875,35641.48828125,35996.4296875,389200000,-0.5588265421407113
20220118,35368.46875,35368.46875,35661.76171875,35262.01953125,35661.76171875,427260000,-1.5129837928701817
20220119,35028.6484375,35028.6484375,35547.828125,35015.48828125,35412.30078125,393080000,-0.9608001830726742
20220120,34715.390625,34715.390625,35490.19921875,34670.12109375,35102.66015625,369070000,-0.8942903208467579
20220121,34265.37109375,34265.37109375,34896.671875,34229.55078125,34701.69140625,523880000,-1.2963112992481318
20220124,34364.5,34364.5,34420.98828125,33150.328125,34070.609375,664010000,0.28929762931440006
20220125,34297.73046875,34297.73046875,34591.0390625,33545.51953125,34186.640625,506430000,-0.19429798556650502
20220126,34168.08984375,34168.08984375,34815.671875,33876.48046875,34520.8203125,546330000,-0.3779860160663451
20220127,34160.78125,34160.78125,34773.3203125,34007.78125,34261.75,527780000,-0.02139011511448352
20220128,34725.46875,34725.46875,34731.76953125,33807.51171875,34135.23828125,568440000,1.6530286467028699
20220131,35131.859375,35131.859375,35148.140625,34496.1015625,34691.171875,468070000,1.1702955773635226
20220201,35405.23828125,35405.23828125,35441.08984375,34977.94921875,35151.46875,386080000,0.7781509749652971
20220202,35629.328125,35629.328125,35679.19921875,35290.12109375,35378.19140625,359540000,0.632928500494434
20220203,35111.16015625,35111.16015625,35535.94140625,35071.05859375,35520.078125,381020000,-1.4543298906229407
20220204,35089.73828125,35089.73828125,35333.55078125,34799.078125,35095.73828125,349880000,-0.061011584079451175
20220207,35091.12890625,35091.12890625,35325.01171875,34993.98046875,35108.37890625,328910000,0.0039630532118861694
20220208,35462.78125,35462.78125,35544.890625,35090.421875,35160.6796875,319190000,1.0591062622776093
20220209,35768.05859375,35768.05859375,35824.28125,35614.8984375,35614.8984375,333610000,0.8608386962035031
20220210,35241.58984375,35241.58984375,35800.23828125,35100.71875,35630.80859375,411620000,-1.4718963530550466
20220211,34738.05859375,34738.05859375,35431.1484375,34620.51953125,35267.890625,398860000,-1.4287983380786629
20220214,34566.171875,34566.171875,34744.55859375,34304.28125,34694.5,370320000,-0.49480807422245254
20220215,34988.83984375,34988.83984375,35047.7890625,34686.19140625,34686.19140625,305670000,1.222779225534354
20220216,34934.26953125,34934.26953125,35042.08984375,34642.640625,34951.828125,294410000,-0.15596490979322697
20220217,34312.03125,34312.03125,34858.46875,34246.23046875,34858.46875,348720000,-1.7811687194242976
20220218,34079.1796875,34079.1796875,34423.578125,33976.1796875,34310.44921875,414080000,-0.6786294894739031
20220222,33596.609375,33596.609375,34024.73828125,33364.2890625,33974.08984375,432090000,-1.4160267850490627
20220223,33131.76171875,33131.76171875,33832.58984375,33084.8984375,33680.96875,370600000,-1.3836147899969453
20220224,33223.828125,33223.828125,33269.33984375,32272.640625,32830.328125,590850000,0.2778795979264226
20220225,34058.75,34058.75,34095.73828125,33277.21875,33277.21875,417630000,2.513021292605777
20220228,33892.6015625,33892.6015625,33963.62890625,33469.30859375,33870.62109375,443460000,-0.4878289352956311
20220301,33294.94921875,33294.94921875,33870.140625,33107.671875,33813.48046875,438730000,-1.7633711081396108
20220302,33891.3515625,33891.3515625,34013.671875,33379.51171875,33379.51171875,400920000,1.7912697203158245
20220303,33794.66015625,33794.66015625,34179.0703125,33641.53125,33972.87109375,369740000,-0.2852981713393432
20220304,33614.80078125,33614.80078125,33655.4296875,33254.12109375,33655.4296875,408390000,-0.5322124092043468
20220307,32817.37890625,32817.37890625,33579.75,32806.1484375,33579.75,488400000,-2.3722344219418767
20220308,32632.640625,32632.640625,33402.98046875,32578.73046875,32885.171875,553750000,-0.5629282026993865
20220309,33286.25,33286.25,33457.28125,32860.421875,32860.421875,418670000,2.0029313058388176
20220310,33174.0703125,33174.0703125,33236.58984375,32819.76171875,33106.76953125,399480000,-0.3370150963235563
20220311,32944.19140625,32944.19140625,33515.609375,32911.890625,33279.71875,369480000,-0.6929475463352541
20220314,32945.23828125,32945.23828125,33395.58984375,32818.16015625,33000.37109375,394940000,0.0031777225523388353
20220315,33544.33984375,33544.33984375,33620.83984375,32989.26953125,32989.26953125,388810000,1.818476944636238
20220316,34063.1015625,34063.1015625,34075.94140625,33391.23828125,33653.9296875,427400000,1.5464955374480338
20220317,34480.76171875,34480.76171875,34483.921875,33896.05859375,33995.390625,339470000,1.2261366026333986
20220318,34754.9296875,34754.9296875,34755.19921875,34279.828125,34466.71875,615420000,0.7951331556602881
20220321,34552.98828125,34552.98828125,34808.28125,34341.80859375,34669.8515625,408490000,-0.5810439211523688
20220322,34807.4609375,34807.4609375,34882.03125,34583.23828125,34583.23828125,368550000,0.7364707624668343
20220323,34358.5,34358.5,34748.83984375,34352.9609375,34748.83984375,347880000,-1.2898411013263833
20220324,34707.94140625,34707.94140625,34713.55859375,34355.421875,34406.80859375,324870000,1.0170449997817244
20220325,34861.23828125,34861.23828125,34942.69921875,34631.51953125,34702.390625,285440000,0.44167665608769724
20220328,34955.890625,34955.890625,34957.9296875,34552.23046875,34833.03125,299790000,0.27151170875334696
20220329,35294.19140625,35294.19140625,35372.26171875,35030.0703125,35114.3515625,355050000,0.9677933395524807
20220330,35228.80859375,35228.80859375,35361.359375,35058.578125,35273.62890625,317320000,-0.18525091493786228
20220331,34678.3515625,34678.3515625,35201.51953125,34677.98828125,35201.51953125,433400000,-1.5625195776494571
20220401,34818.26953125,34818.26953125,34847.91015625,34538.25,34740.890625,340400000,0.4034735287167024
20220404,34921.87890625,34921.87890625,34940.78125,34615.37890625,34799.98046875,316570000,0.2975718678580819
20220405,34641.1796875,34641.1796875,35112.2109375,34566.0390625,34876.328125,304010000,-0.8037918563991164
20220406,34496.51171875,34496.51171875,34609.83984375,34277.171875,34520.33984375,386250000,-0.4176184819773998
20220407,34583.5703125,34583.5703125,34705.828125,34190.94921875,34439.23828125,319870000,0.2523692669559985
20220408,34721.12109375,34721.12109375,34908.4609375,34470.19140625,34569.23828125,301750000,0.3977344733556487
20220411,34308.078125,34308.078125,34701.33984375,34272.2890625,34630.26953125,333290000,-1.189601475236779
20220412,34220.359375,34220.359375,34669.96875,34102.80859375,34412.51171875,333510000,-0.2556795798365652
20220413,34564.58984375,34564.58984375,34598.359375,34140.640625,34166.640625,313630000,1.0059230091004956
20220414,34451.23046875,34451.23046875,34889.171875,34437.5,34628.4609375,353680000,-0.3279638945882013
20220418,34411.69140625,34411.69140625,34618.2890625,34279.078125,34411.48828125,264110000,-0.11476821571254625
20220419,34911.19921875,34911.19921875,34983.109375,34394.62109375,34394.62109375,296350000,1.451564256470328
20220420,35160.7890625,35160.7890625,35315.3984375,34962.671875,34962.671875,337620000,0.7149277290249945
20220421,34792.76171875,34792.76171875,35492.21875,34723.8203125,35258.80078125,366390000,-1.0466981929666441
20220422,33811.3984375,33811.3984375,34727.37890625,33773.390625,34727.37890625,373280000,-2.820596103243911
20220425,34049.4609375,34049.4609375,34106.01171875,33323.37109375,33731.6484375,416900000,0.7040894816582544
20220426,33240.1796875,33240.1796875,33909.51171875,33230.94921875,33907.48828125,400020000,-2.376781387186977
20220427,33301.9296875,33301.9296875,33697.1796875,33108.890625,33450.921875,447230000,0.18576915221435453
20220428,33916.390625,33916.390625,34054.7890625,33248.4609375,33425.9609375,440380000,1.8451211184036476
20220429,32977.2109375,32977.2109375,33919.58984375,32913.1484375,33787.01171875,501560000,-2.769102696935344
20220502,33061.5,33061.5,33224.94921875,32449.869140625,32978.48828125,453390000,0.25559791172076185
20220503,33128.7890625,33128.7890625,33341.578125,32914.75,33086.08984375,364420000,0.2035269497754122
20220504,34061.05859375,34061.05859375,34117.73828125,33021.83984375,33171.80078125,411060000,2.8140766916991744
20220505,32997.96875,32997.96875,33854.171875,32685.099609375,33854.171875,448420000,-3.1211297817533845
20220506,32899.37109375,32899.37109375,33055.83984375,32474.689453125,32773.87890625,416520000,-0.2987991685094227
20220509,32245.69921875,32245.69921875,32685.169921875,32121.98046875,32685.169921875,470770000,-1.9868825854977512
20220510,32160.740234375,32160.740234375,32752.169921875,31887.890625,32504.08984375,439290000,-0.2634738474692422
20220511,31834.109375,31834.109375,32584.01953125,31798.859375,32123.240234375,458460000,-1.0156198426859664
20220512,31730.30078125,31730.30078125,31914.4609375,31228.220703125,31699.0390625,544240000,-0.32609234493465866
20220513,32196.66015625,32196.66015625,32276.05078125,31862.7890625,31963.859375,388520000,1.4697603348140298
20220516,32223.419921875,32223.419921875,32514.01953125,31928.1796875,32152.150390625,330030000,0.08311348287410869
20220517,32654.58984375,32654.58984375,32689.140625,32308.150390625,32427.0,389310000,1.3380638148289714
20220518,31490.0703125,31490.0703125,32468.669921875,31393.94921875,32468.669921875,465060000,-3.566174117703347
20220519,31253.130859375,31253.130859375,31569.130859375,31016.41015625,31262.619140625,517190000,-0.7524259259305222
20220520,31261.900390625,31261.900390625,31515.779296875,30635.759765625,31426.939453125,495510000,0.028059688769932478
20220523,31880.240234375,31880.240234375,31968.419921875,31395.890625,31395.890625,402010000,1.9779342779028042
20220524,31928.619140625,31928.619140625,32014.859375,31365.58984375,31717.609375,382950000,0.15175201282779938
20220525,32120.279296875,32120.279296875,32254.439453125,31754.330078125,31816.310546875,343460000,0.6002769972790256
20220526,32637.189453125,32637.189453125,32774.140625,32248.169921875,32248.169921875,351220000,1.6092953348020522
20220527,33212.9609375,33212.9609375,33213.62109375,32682.009765625,32735.08984375,328770000,1.7641576803111292
20220531,32990.12109375,32990.12109375,33240.21875,32752.33984375,33160.58984375,533560000,-0.6709424196455704
20220601,32813.23046875,32813.23046875,33272.33984375,32584.759765625,33156.30859375,338210000,-0.5361927120464904
20220602,33248.28125,33248.28125,33248.609375,32509.4296875,32809.01171875,333210000,1.3258395319056593
20220603,32899.69921875,32899.69921875,33135.609375,32839.2109375,32986.3203125,298570000,-1.0484212059833964
20220606,32915.78125,32915.78125,33235.37109375,32819.5,33032.0390625,253010000,0.04888200084465222
20220607,33180.140625,33180.140625,33207.44921875,32641.849609375,32783.03125,270750000,0.8031386920217765
20220608,32910.8984375,32910.8984375,33156.5,32824.37109375,33087.0703125,270470000,-0.8114558360163726
20220609,32272.7890625,32272.7890625,32956.73046875,32267.779296875,32828.62109375,289710000,-1.9388998942457047
20220610,31392.7890625,31392.7890625,32053.51953125,31387.83984375,32053.51953125,362300000,-2.726755342699938
20220613,30516.740234375,30516.740234375,31144.91015625,30373.720703125,31144.91015625,472290000,-2.790605276838809
20220614,30364.830078125,30364.830078125,30690.80078125,30144.23046875,30592.33984375,366800000,-0.4977928674009702
20220615,30668.529296875,30668.529296875,31011.970703125,30185.080078125,30570.5,392670000,1.000167687316611
20220616,29927.0703125,29927.0703125,30305.740234375,29740.349609375,30305.740234375,442910000,-2.4176541926663297
20220617,29888.779296875,29888.779296875,30167.51953125,29653.2890625,29912.69921875,692830000,-0.12794775841792339
20220621,30530.25,30530.25,30653.98046875,30074.689453125,30074.689453125,376900000,2.1461923779271475
20220622,30483.130859375,30483.130859375,30777.919921875,30166.009765625,30352.5703125,343490000,-0.15433591478942743
20220623,30677.359375,30677.359375,30715.630859375,30293.400390625,30570.330078125,361420000,0.6371672139617646
20220624,31500.6796875,31500.6796875,31517.2890625,30846.939453125,30846.939453125,465480000,2.683804373237386
20220627,31438.259765625,31438.259765625,31598.58984375,31351.369140625,31533.599609375,309910000,-0.19815420649406112
20220628,30946.990234375,30946.990234375,31885.08984375,30934.330078125,31549.05078125,350780000,-1.5626486164070696
20220629,31029.310546875,31029.310546875,31152.9609375,30894.529296875,31067.41015625,269390000,0.26600426043550396
20220630,30775.4296875,30775.4296875,30979.849609375,30431.869140625,30790.0,394070000,-0.8181969076994755
20220701,31097.259765625,31097.259765625,31139.349609375,30487.7890625,30737.76953125,310440000,1.0457370746498995
20220705,30967.8203125,30967.8203125,30971.740234375,30355.119140625,30903.119140625,323080000,-0.4162407044883243
20220706,31037.6796875,31037.6796875,31224.689453125,30794.83984375,30957.30078125,289800000,0.22558699416053152
20220707,31384.55078125,31384.55078125,31421.83984375,31154.640625,31190.650390625,296620000,1.1175806221419782
20220708,31338.150390625,31338.150390625,31511.4609375,31212.44921875,31348.4296875,238120000,-0.1478446862228866
20220711,31173.83984375,31173.83984375,31367.55078125,31114.400390625,31277.98046875,245020000,-0.5243147563812611
20220712,30981.330078125,30981.330078125,31346.099609375,30860.509765625,31113.310546875,324190000,-0.6175362630651215
20220713,30772.7890625,30772.7890625,30979.169921875,30514.609375,30743.630859375,291830000,-0.673118342883039
20220714,30630.169921875,30630.169921875,30680.119140625,30143.9296875,30451.80078125,325130000,-0.46345861057747184
20220715,31288.259765625,31288.259765625,31288.259765625,30775.369140625,30775.369140625,321570000,2.1485020991673043
20220718,31072.609375,31072.609375,31644.6796875,30982.970703125,31475.98046875,309960000,-0.689237408025889
20220719,31827.05078125,31827.05078125,31842.25,31165.91015625,31165.91015625,378720000,2.427995013695239
20220720,31874.83984375,31874.83984375,31944.44921875,31646.94921875,31829.990234375,313520000,0.15015234313873194
20220721,32036.900390625,32036.900390625,32040.630859375,31534.080078125,31826.490234375,302320000,0.5084277996985076
20220722,31899.2890625,31899.2890625,32219.25,31731.470703125,32167.919921875,319880000,-0.42954008174045377
20220725,31990.0390625,31990.0390625,32029.029296875,31821.669921875,31950.9296875,255450000,0.28448909887048845
20220726,31761.5390625,31761.5390625,31950.0390625,31705.359375,31950.0390625,324930000,-0.7142848420834125
20220727,32197.58984375,32197.58984375,32336.23046875,31799.4296875,31865.05078125,365480000,1.3728893313133872
20220728,32529.630859375,32529.630859375,32609.5390625,31982.609375,32197.619140625,331110000,1.031260467744155
20220729,32845.12890625,32845.12890625,32910.1796875,32493.01953125,32515.619140625,487360000,0.9698789643168393
20220801,32798.3984375,32798.3984375,32972.03125,32640.7890625,32755.7109375,321180000,-0.1422751875426731
20220802,32396.169921875,32396.169921875,32772.9296875,32387.119140625,32691.2890625,316740000,-1.2263663312447326
20220803,32812.5,32812.5,32912.73828125,32514.2109375,32514.2109375,342160000,1.2851212940572898
20220804,32726.8203125,32726.8203125,32829.21875,32652.630859375,32805.69140625,315590000,-0.2611190476190517
20220805,32803.46875,32803.46875,32814.609375,32489.619140625,32593.900390625,273010000,0.2342067966521144
20220808,32832.5390625,32832.5390625,33109.9609375,32769.1015625,32877.359375,275350000,0.0886196295932784
20220809,32774.41015625,32774.41015625,32877.53125,32702.66015625,32807.359375,281080000,-0.17704663699431578
20220810,33309.51171875,33309.51171875,33364.41015625,33130.62890625,33130.62890625,311740000,1.6326809847955648
20220811,33336.671875,33336.671875,33651.80078125,33289.828125,33451.51171875,308030000,0.08153874028333785
20220812,33761.05078125,33761.05078125,33767.08984375,33398.3203125,33430.71875,299140000,1.2730092189204179
20220815,33912.44140625,33912.44140625,33954.7109375,33582.9609375,33710.69921875,262670000,0.44841798906354313
20220816,34152.01171875,34152.01171875,34281.359375,33852.5703125,33924.3515625,288670000,0.706437822125805
20220817,33980.3203125,33980.3203125,34161.01171875,33828.41015625,34029.55078125,281390000,-0.502727065286579
20220818,33999.0390625,33999.0390625,34043.828125,33844.4609375,33981.859375,282550000,0.05508703222292244
20220819,33706.73828125,33706.73828125,33904.69140625,33627.08984375,33904.69140625,293990000,-0.8597324786523197
20220822,33063.609375,33063.609375,33586.58984375,33007.62890625,33586.58984375,308900000,-1.9080128753002246
20220823,32909.58984375,32909.58984375,33138.26171875,32858.890625,33033.51953125,251870000,-0.465827942446162
20220824,32969.23046875,32969.23046875,33095.5,32828.55859375,32899.01171875,256900000,0.1812256709462723
20220825,33291.78125,33291.78125,33306.08984375,32889.8515625,33029.26953125,308530000,0.9783388227873058
20220826,32283.400390625,32283.400390625,33364.69921875,32278.220703125,33293.4296875,352850000,-3.028918314110929
20220829,32098.990234375,32098.990234375,32325.16015625,31972.7890625,32188.0,317820000,-0.5712228390400642
20220830,31790.869140625,31790.869140625,32205.66015625,31647.220703125,32163.83984375,317150000,-0.9599089924642867
20220831,31510.4296875,31510.4296875,31966.0390625,31509.58984375,31827.150390625,392780000,-0.882138364586682
20220901,31656.419921875,31656.419921875,31677.509765625,31219.75,31454.580078125,339360000,0.46330765979021304
20220902,31318.439453125,31318.439453125,32026.900390625,31182.08984375,31848.5,306180000,-1.067652215835213
20220906,31145.30078125,31145.30078125,31463.890625,31048.4609375,31343.7890625,347320000,-0.5528330111535085
20220907,31581.279296875,31581.279296875,31644.33984375,31095.2109375,31145.630859375,345080000,1.399821175872118
20220908,31774.51953125,31774.51953125,31783.369140625,31321.5,31481.94921875,344340000,0.6118822247777711
20220909,32151.7109375,32151.7109375,32227.740234375,31876.220703125,31876.220703125,310980000,1.1870876784746853
20220912,32381.33984375,32381.33984375,32504.0390625,32159.490234375,32159.490234375,339250000,0.714204313096678
20220913,31104.970703125,31104.970703125,32006.5,31018.5390625,32006.5,428930000,-3.941681063179836
20220914,31135.08984375,31135.08984375,31276.8203125,30885.01953125,31141.01953125,348670000,0.09683063492476052
20220915,30961.8203125,30961.8203125,31277.689453125,30882.080078125,31124.6796875,345500000,-0.5565088526146678
20220916,30822.419921875,30822.419921875,30866.609375,30550.080078125,30866.609375,627920000,-0.45023318790051725
20220919,31019.6796875,31019.6796875,31026.890625,30559.369140625,30722.859375,291200000,0.6399879247800389
20220920,30706.23046875,30706.23046875,30888.529296875,30465.91015625,30888.529296875,317970000,-1.0104850272722565
20220921,30183.779296875,30183.779296875,31020.7890625,30181.990234375,30819.390625,354960000,-1.7014500441749236
20220922,30076.6796875,30076.6796875,30302.279296875,29994.529296875,30204.51953125,335270000,-0.3548250479888937
20220923,29590.41015625,29590.41015625,29955.650390625,29250.470703125,29955.650390625,388200000,-1.6167660004441808
20220926,29260.810546875,29260.810546875,29630.76953125,29161.119140625,29536.83984375,369450000,-1.113873067776261
20220927,29134.990234375,29134.990234375,29659.119140625,28958.220703125,29419.880859375,355460000,-0.42999599173249026
20220928,29683.740234375,29683.740234375,29811.779296875,29114.970703125,29198.919921875,436040000,1.8834741168114677
20220929,29225.609375,29225.609375,29513.73046875,28997.33984375,29513.73046875,388820000,-1.5433730916579846
20220930,28725.509765625,28725.509765625,29355.779296875,28715.849609375,29123.029296875,464260000,-1.7111691426451192
20221003,29490.890625,29490.890625,29647.7890625,28855.25,28855.25,397830000,2.6644639751211896
20221004,30316.3203125,30316.3203125,30325.05078125,29826.669921875,29826.669921875,375640000,2.798931025841145
20221005,30273.869140625,30273.869140625,30454.4609375,29886.439453125,30078.359375,290610000,-0.14002745530267147
20221006,29926.939453125,29926.939453125,30329.609375,29859.33984375,30206.130859375,306840000,-1.1459707574491995
20221007,29296.7890625,29296.7890625,29685.26953125,29142.66015625,29685.26953125,367950000,-2.10562924956631
20221010,29202.880859375,29202.880859375,29485.8203125,29010.41015625,29419.08984375,315410000,-0.32054094025342206
20221011,29239.189453125,29239.189453125,29608.419921875,29074.23046875,29085.19921875,352920000,0.12433223257952708
20221012,29210.849609375,29210.849609375,29455.119140625,29136.029296875,29233.060546875,304420000,-0.09692417703791589
20221013,30038.720703125,30038.720703125,30168.5390625,28660.939453125,28755.830078125,470260000,2.8341219266840634
20221014,29634.830078125,29634.830078125,30428.8203125,29614.30078125,30192.2109375,379090000,-1.344566664445146
20221017,30185.8203125,30185.8203125,30311.94921875,29997.619140625,30059.580078125,369820000,1.8592657117400435
20221018,30523.80078125,30523.80078125,30837.900390625,30301.830078125,30697.51953125,387130000,1.1196663375420801
20221019,30423.810546875,30423.810546875,30662.109375,30226.900390625,30439.0390625,314030000,-0.32758120488199927
20221020,30333.58984375,30333.58984375,30822.9609375,30265.19921875,30411.919921875,333190000,-0.2965463612324082
20221021,31082.560546875,31082.560546875,31119.26953125,30206.279296875,30291.1796875,418190000,2.4691133063478032
20221024,31499.619140625,31499.619140625,31603.630859375,31161.41015625,31187.3203125,345040000,1.3417768240844952
20221025,31836.740234375,31836.740234375,31876.150390625,31423.529296875,31463.650390625,336930000,1.0702386344576986
20221026,31839.109375,31839.109375,32172.419921875,31738.439453125,31738.439453125,430400000,0.00744153015528326
20221027,32033.279296875,32033.279296875,32388.419921875,31993.2109375,32062.140625,375720000,0.6098472152222367
20221028,32861.80078125,32861.80078125,32889.80859375,32158.380859375,32204.310546875,495830000,2.586439798112794
20221031,32732.94921875,32732.94921875,32883.859375,32586.9296875,32754.26953125,390890000,-0.3921013439212362
20221101,32653.19921875,32653.19921875,32975.48046875,32485.23046875,32862.7890625,323210000,-0.2436382968947881
20221102,32147.759765625,32147.759765625,33071.9296875,32139.76953125,32576.279296875,398430000,-1.5479017836474873
20221103,32001.25,32001.25,32185.7109375,31727.05078125,31985.05078125,354440000,-0.4557386477102576
20221104,32403.220703125,32403.220703125,32611.51953125,31938.919921875,32265.009765625,422370000,1.2561093804929424
20221107,32827.0,32827.0,32895.58984375,32424.990234375,32454.099609375,336300000,1.3078307886664087
20221108,33160.828125,33160.828125,33355.390625,32831.4609375,32934.55859375,335340000,1.0169315654796396
20221109,32513.939453125,32513.939453125,33065.109375,32478.869140625,33004.46875,355200000,-1.9507615112522192
20221110,33715.37109375,33715.37109375,33727.73046875,33167.8203125,33263.91015625,480130000,3.695127876943638
20221111,33747.859375,33747.859375,33817.9609375,33394.4296875,33797.75,427790000,0.09636044390453069
20221114,33536.69921875,33536.69921875,33964.30078125,33533.9609375,33662.05078125,354340000,-0.6256994077865174
20221115,33592.921875,33592.921875,33987.05859375,33320.19921875,33755.94140625,390610000,0.1676451695000747
20221116,33553.828125,33553.828125,33682.828125,33516.98828125,33554.9296875,301560000,-0.11637496180137985
20221117,33546.3203125,33546.3203125,33616.01953125,33239.75,33329.26953125,319210000,-0.0223754275429644
20221118,33745.69140625,33745.69140625,33827.94140625,33540.640625,33606.58984375,312950000,0.5943158352175848
20221121,33700.28125,33700.28125,33864.58984375,33559.1796875,33760.30078125,352960000,-0.1345657900539865
20221122,34098.1015625,34098.1015625,34115.69921875,33810.05078125,33810.05078125,277070000,1.1804658529370515
20221123,34194.05859375,34194.05859375,34262.0703125,34004.640625,34091.5703125,236820000,0.2814145857185535
20221125,34347.03125,34347.03125,34386.51171875,34199.5703125,34213.0390625,131660000,0.4473661874053292
20221128,33849.4609375,33849.4609375,34303.87890625,33799.3515625,34275.91015625,300330000,-1.4486559518881226
20221129,33852.53125,33852.53125,33933.91015625,33662.44921875,33847.80078125,279750000,0.00907049156755324
20221130,34589.76953125,34589.76953125,34589.76953125,33583.76953125,33795.4296875,524440000,2.17779366572477
20221201,34395.01171875,34395.01171875,34595.51171875,34129.3515625,34533.58984375,348720000,-0.5630503329143277
20221202,34429.87890625,34429.87890625,34483.2109375,34039.73046875,34265.44921875,290580000,0.10137280308293306
20221205,33947.1015625,33947.1015625,34335.73046875,33846.80859375,34335.73046875,312960000,-1.4022045940520589
20221206,33596.33984375,33596.33984375,34006.62890625,33418.58984375,33936.87109375,306220000,-1.0332596970148211
20221207,33597.921875,33597.921875,33774.26953125,33503.671875,33556.3984375,359980000,0.004708939299225001
20221208,33781.48046875,33781.48046875,33899.171875,33642.4609375,33695.96875,271830000,0.5463391290476904
20221209,33476.4609375,33476.4609375,33844.62890625,33462.6484375,33746.7109375,287630000,-0.9029193718497974
20221212,34005.0390625,34005.0390625,34005.0390625,33519.5,33519.5,313440000,1.5789546152648715
20221213,34108.640625,34108.640625,34712.28125,33890.87890625,34268.44140625,442650000,0.304665324187936
20221214,33966.3515625,33966.3515625,34395.6484375,33704.171875,34086.0703125,339090000,-0.41716427243280174
20221215,33202.21875,33202.21875,33773.0,33016.16015625,33773.0,394290000,-2.2496758625781488
20221216,32920.4609375,32920.4609375,33166.4609375,32654.58984375,33166.4609375,756310000,-0.8486113973934395
20221219,32757.5390625,32757.5390625,33038.94140625,32581.970703125,32921.44921875,326430000,-0.4948954855441112
20221220,32849.73828125,32849.73828125,32992.23046875,32649.44921875,32735.240234375,303970000,0.28145953996754347
20221221,33376.48046875,33376.48046875,33437.83984375,33028.08984375,33028.08984375,328020000,1.603489753830556
20221222,33027.48828125,33027.48828125,33233.3515625,32573.4296875,33233.3515625,340640000,-1.0456230932640032
20221223,33203.9296875,33203.9296875,33226.140625,32814.01953125,32961.05859375,221050000,0.5342259294666585
20221227,33241.55859375,33241.55859375,33387.71875,33069.578125,33224.23046875,246010000,0.11332666525964985
20221228,32875.7109375,32875.7109375,33379.55078125,32869.1484375,33264.76171875,252260000,-1.1005731130753427
20221229,33220.80078125,33220.80078125,33293.421875,33020.3515625,33021.4296875,243060000,1.0496802469338151
20221230,33147.25,33147.25,33152.55078125,32847.8203125,33121.609375,295500000,-0.22139978423251216
20230103,33136.37109375,33136.37109375,33387.51953125,32850.5703125,33148.8984375,355930000,-0.03281993604296041
20230104,33269.76953125,33269.76953125,33409.1015625,33033.48046875,33165.140625,379400000,0.4025740692080726
20230105,32930.078125,32930.078125,33191.71875,32812.328125,33191.71875,337920000,-1.0210212184696088
20230106,33630.609375,33630.609375,33710.66015625,32997.390625,33055.30078125,360740000,2.127329450421711
20230109,33517.6484375,33517.6484375,33935.109375,33487.66015625,33664.390625,327840000,-0.3358872753104869
20230110,33704.1015625,33704.1015625,33726.5390625,33421.80078125,33516.4296875,268260000,0.5562834318394216
20230111,33973.01171875,33973.01171875,33974.69140625,33711.0390625,33754.03125,301650000,0.7978558803928948
20230112,34189.96875,34189.96875,34292.671875,33792.1015625,34047.859375,308190000,0.638615831431455
20230113,34302.609375,34302.609375,34342.3203125,33915.48828125,34075.30859375,274110000,0.32945518559446274
20230117,33910.8515625,33910.8515625,34269.96875,33860.671875,34222.3203125,353050000,-1.1420641742360127
20230118,33296.9609375,33296.9609375,34016.53125,33269.8984375,33948.48828125,351670000,-1.8103073108280965
20230119,33044.55859375,33044.55859375,33227.48828125,32982.05078125,33171.3515625,319770000,-0.7580341768240406
20230120,33375.48828125,33375.48828125,33381.94921875,32948.9296875,33073.4609375,367330000,1.0014649963052902
20230123,33629.55859375,33629.55859375,33782.87890625,33316.25,33439.55859375,355220000,0.7612482261202924
20230124,33733.9609375,33733.9609375,33782.921875,33310.55859375,33444.71875,299310000,0.31044815369478673
20230125,33743.83984375,33743.83984375,33773.08984375,33273.2109375,33538.359375,341720000,0.029284750368629986
20230126,33949.41015625,33949.41015625,33953.7890625,33635.6015625,33771.66015625,327000000,0.6092084168603407
20230127,33978.078125,33978.078125,34164.328125,33830.8515625,33952.9296875,441260000,0.08444320127525273
20230130,33717.08984375,33717.08984375,34055.2890625,33695.1796875,33909.2109375,343920000,-0.7681078379120354
20230131,34086.0390625,34086.0390625,34095.23046875,33664.91015625,33803.55859375,360240000,1.0942498906630682
20230201,34092.9609375,34092.9609375,34334.69921875,33581.421875,34039.6015625,370120000,0.020307067615887853
20230202,34053.94140625,34053.94140625,34145.140625,33814.78125,34129.30078125,429910000,-0.11445040318301958
20230203,33926.01171875,33926.01171875,34179.578125,33813.859375,33926.30078125,425150000,-0.3756677853345991
20230206,33891.01953125,33891.01953125,33962.83984375,33683.578125,33874.44140625,296400000,-0.10314264992327127
20230207,34156.69140625,34156.69140625,34240.0,33634.1015625,33769.78125,361620000,0.7839005101485164
20230208,33949.01171875,33949.01171875,34161.6484375,33899.7890625,34132.8984375,324090000,-0.6080205047670373
20230209,33699.87890625,33699.87890625,34252.5703125,33607.12890625,34105.609375,347520000,-0.7338440793621226
20230210,33869.26953125,33869.26953125,33897.30859375,33591.98828125,33671.5390625,288150000,0.5026446103003179
20230213,34245.9296875,34245.9296875,34249.6015625,33887.390625,33887.390625,302600000,1.1121000289140204
20230214,34089.26953125,34089.26953125,34331.46875,33827.44921875,34194.08984375,288820000,-0.4574562807304394
20230215,34128.05078125,34128.05078125,34130.48828125,33833.1015625,34008.62890625,267530000,0.11376380466130431
20230216,33696.8515625,33696.8515625,34041.16015625,33686.58984375,33992.08984375,317530000,-1.263474499360806
20230217,33826.69140625,33826.69140625,33846.640625,33517.73046875,33677.01171875,302900000,0.3853174339127019
20230221,33129.58984375,33129.58984375,33699.69140625,33115.73828125,33699.69140625,348320000,-2.060803269607381
20230222,33045.08984375,33045.08984375,33245.96875,32948.26953125,33169.328125,321910000,-0.2550589983109641
20230223,33153.91015625,33153.91015625,33272.3984375,32795.671875,33175.390625,288120000,0.32930856903263805
20230224,32816.921875,32816.921875,32999.19140625,32643.48046875,32999.19140625,277120000,-1.0164360090915925
20230227,32889.08984375,32889.08984375,33189.28125,32814.1796875,32906.16015625,243660000,0.2199108405867234
20230228,32656.69921875,32656.69921875,32873.46875,32636.4296875,32873.46875,303760000,-0.7065887992159237
20230301,32661.83984375,32661.83984375,32746.150390625,32500.7109375,32656.369140625,292810000,0.01574141025570963
20230302,33003.5703125,33003.5703125,33083.44921875,32665.849609375,32780.96875,317450000,1.0462682763273445
20230303,33390.96875,33390.96875,33405.8203125,33008.41015625,33076.328125,300050000,1.1738076633280858
20230306,33431.44140625,33431.44140625,33572.21875,33383.46875,33425.3203125,329190000,0.12120839186493537
20230307,32856.4609375,32856.4609375,33453.25,32838.2109375,33428.30859375,299400000,-1.7198793846875726
20230308,32798.3984375,32798.3984375,32903.44140625,32612.69921875,32872.078125,242750000,-0.1767156240912504
20230309,32254.859375,32254.859375,32990.4609375,32190.599609375,32876.828125,315860000,-1.6572122066745298
20230310,31909.640625,31909.640625,32422.099609375,31783.41015625,32185.140625,397790000,-1.0702844677957901
20230313,31819.140625,31819.140625,32240.349609375,31624.869140625,31819.9296875,429090000,-0.2836133476511016
20230314,32155.400390625,32155.400390625,32306.58984375,31805.400390625,32055.2890625,391760000,1.0567845611795246
20230315,31874.5703125,31874.5703125,31906.470703125,31429.8203125,31759.869140625,420910000,-0.8733527641188288
20230316,32246.55078125,32246.55078125,32281.609375,31571.4609375,31827.650390625,440940000,1.1670132808162759
20230317,31861.98046875,31861.98046875,32217.3203125,31728.69921875,32217.3203125,712100000,-1.1925936361653067
20230320,32244.580078125,32244.580078125,32280.0703125,31872.330078125,31872.330078125,357210000,1.2008029750387061
20230321,32560.599609375,32560.599609375,32593.6796875,32346.119140625,32420.7109375,363190000,0.9800702334603839
20230322,32030.109375,32030.109375,32761.890625,32020.4609375,32570.189453125,325990000,-1.6292397582944318
20230323,32105.25,32105.25,32511.490234375,31864.740234375,32101.490234375,335430000,0.2345937196787995
20230324,32237.529296875,32237.529296875,32257.240234375,31805.1796875,32038.220703125,317070000,0.4120176509293749
20230327,32432.080078125,32432.080078125,32564.0,32276.720703125,32276.720703125,291560000,0.6034915996768309
20230328,32394.25,32394.25,32551.009765625,32295.5,32434.849609375,248560000,-0.11664400813599096
20230329,32717.599609375,32717.599609375,32728.0390625,32539.939453125,32566.5390625,314110000,0.9981697658535182
20230330,32859.03125,32859.03125,32905.80078125,32682.869140625,32807.4296875,283380000,0.4322800031591356
20230331,33274.1484375,33274.1484375,33291.0,32901.9609375,32901.9609375,353740000,1.2633275288661983
20230403,33601.1484375,33601.1484375,33632.8984375,33245.78125,33245.78125,311890000,0.9827449096532659
20230404,33402.37890625,33402.37890625,33634.71875,33275.62109375,33594.7890625,283360000,-0.5915557666718474
20230405,33482.71875,33482.71875,33543.83984375,33376.26953125,33394.6015625,286660000,0.24052132327307962
20230406,33485.2890625,33485.2890625,33525.9609375,33325.37109375,33420.9609375,258680000,0.00767653463027429
20230410,33586.51953125,33586.51953125,33590.23828125,33343.4296875,33425.25,232920000,0.30231325929739317
20230411,33684.7890625,33684.7890625,33781.2890625,33586.75,33586.75,241430000,0.29258622989669636
20230412,33646.5,33646.5,33895.4296875,33593.3203125,33764.2109375,260300000,-0.113668702003622
20230413,34029.69140625,34029.69140625,34054.98828125,33605.171875,33668.96875,277230000,1.1388744928892969
20230414,33886.46875,33886.46875,34082.94140625,33730.8515625,33981.7109375,276720000,-0.420875565811607
20230417,33987.1796875,33987.1796875,33991.23046875,33796.91015625,33930.4609375,234530000,0.29720103986934365
20230418,33976.62890625,33976.62890625,34018.62109375,33791.890625,33965.16015625,253570000,-0.03104341503770147
20230419,33897.01171875,33897.01171875,33957.98046875,33814.6484375,33889.828125,251490000,-0.23432927298256967
20230420,33786.62109375,33786.62109375,33875.390625,33677.73828125,33740.6015625,307910000,-0.3256647692602921
20230421,33808.9609375,33808.9609375,33858.828125,33688.5703125,33793.6015625,291080000,0.06612038442084245
20230424,33875.3984375,33875.3984375,33891.1484375,33726.08984375,33805.0390625,252020000,0.19650855322888017
20230425,33530.828125,33530.828125,33875.48828125,33525.390625,33828.33984375,297880000,-1.0171697703740157
20230426,33301.87109375,33301.87109375,33645.828125,33235.8515625,33596.33984375,321170000,-0.6828254595933836
20230427,33826.16015625,33826.16015625,33859.75,33374.6484375,33381.66015625,343240000,1.574353167796616
20230428,34098.16015625,34098.16015625,34104.55859375,33728.3984375,33797.4296875,354310000,0.8041113704410296
20230501,34051.69921875,34051.69921875,34257.828125,34030.140625,34116.80859375,244190000,-0.13625643520676078
20230502,33684.53125,33684.53125,34017.75,33436.66015625,34017.62109375,274460000,-1.078266216294499
20230503,33414.23828125,33414.23828125,33811.83984375,33396.05078125,33726.640625,286900000,-0.8024246107031674
20230504,33127.73828125,33127.73828125,33354.859375,32937.5,33347.78125,305160000,-0.8574189170152846
20230505,33674.37890625,33674.37890625,33748.4296875,33248.55078125,33248.55078125,316350000,1.6500994434304417
20230508,33618.69140625,33618.69140625,33747.48828125,33509.23046875,33715.1484375,225680000,-0.16537053335129448
20230509,33561.80859375,33561.80859375,33656.3984375,33509.71875,33589.8515625,232940000,-0.16919996026205641
20230510,33531.328125,33531.328125,33772.08984375,33239.44921875,33707.19921875,271180000,-0.0908189100264245
20230511,33309.51171875,33309.51171875,33389.87890625,33127.69921875,33383.890625,298000000,-0.6615198939424638
20230512,33300.62109375,33300.62109375,33406.3984375,33110.609375,33370.578125,227570000,-0.02669094964545815
20230515,33348.6015625,33348.6015625,33400.30078125,33161.9296875,33321.2109375,224020000,0.14408280438651389
20230516,33012.140625,33012.140625,33290.8515625,33006.19140625,33275.37109375,246680000,-1.0089206795356187
20230517,33420.76953125,33420.76953125,33472.37890625,33050.41015625,33092.48046875,307130000,1.237814023912609
20230518,33535.91015625,33535.91015625,33579.91015625,33212.08984375,33374.55859375,333070000,0.34451817422198605
20230519,33426.62890625,33426.62890625,33652.8984375,33336.66015625,33582.94921875,315210000,-0.32586337895956774
20230522,33286.578125,33286.578125,33512.30078125,33207.8515625,33408.5390625,268900000,-0.4189796752846142
20230523,33055.51171875,33055.51171875,33310.171875,33013.2890625,33190.6015625,291550000,-0.6941729047133749
20230524,32799.921875,32799.921875,33031.75,32752.439453125,33021.76171875,246180000,-0.773213998091038
20230525,32764.650390625,32764.650390625,32870.4296875,32586.560546875,32854.26171875,364670000,-0.10753526947234748
20230526,33093.33984375,33093.33984375,33162.05859375,32795.5,32795.5,330290000,1.0031831538146019
20230530,33042.78125,33042.78125,33132.69921875,32893.96875,33103.6484375,322700000,-0.15277573671533817
20230531,32908.26953125,32908.26953125,32984.828125,32739.73046875,32948.7109375,689990000,-0.4070835252404814
20230601,33061.5703125,33061.5703125,33167.75,32704.509765625,32929.8515625,349460000,0.46584273021230693
20230602,33762.76171875,33762.76171875,33805.0,33187.578125,33187.578125,383590000,2.120865402406169
20230605,33562.859375,33562.859375,33804.21875,33552.7890625,33771.12890625,367170000,-0.592079360732467
20230606,33573.28125,33573.28125,33631.25,33399.69140625,33547.671875,294070000,0.031051809035553823
20230607,33665.01953125,33665.01953125,33708.78125,33546.109375,33562.46875,347400000,0.27324788592117955
20230608,33833.609375,33833.609375,33873.80859375,33630.0390625,33656.98046875,269160000,0.5007864130110118
20230609,33876.78125,33876.78125,33975.3203125,33787.16015625,33852.44140625,262310000,0.12760055990923558
20230612,34066.328125,34066.328125,34077.83984375,33878.4609375,33906.80078125,308130000,0.5595185493013854
20230613,34212.12109375,34212.12109375,34310.28125,34107.98046875,34111.078125,308790000,0.4279679577295248
20230614,33979.328125,33979.328125,34151.421875,33783.55078125,34044.69921875,354910000,-0.6804400350159168
20230615,34408.05859375,34408.05859375,34488.98046875,33945.98046875,33945.98046875,361400000,1.261739099645598
20230616,34299.12109375,34299.12109375,34588.6796875,34285.69140625,34464.01953125,595230000,-0.31660461081576274
20230620,34053.87109375,34053.87109375,34206.66015625,33915.9296875,34206.66015625,334810000,-0.7150328993260735
20230621,33951.51953125,33951.51953125,34097.9296875,33876.171875,33990.55859375,323690000,-0.300557790385203
20230622,33946.7109375,33946.7109375,34003.55859375,33835.390625,33900.46875,275600000,-0.014163117929300029
20230623,33727.4296875,33727.4296875,33835.66015625,33646.48828125,33835.66015625,379800000,-0.6459572781696732
20230626,33714.7109375,33714.7109375,33819.48828125,33610.3203125,33730.7890625,265330000,-0.03771040401787662
20230627,33926.73828125,33926.73828125,33975.6484375,33730.390625,33739.03125,293210000,0.6288867317980396
20230628,33852.66015625,33852.66015625,33903.76171875,33755.921875,33881.37890625,268050000,-0.2183473235354949
20230629,34122.421875,34122.421875,34147.6796875,33828.62890625,33854.5703125,279940000,0.7968700761030068
20230630,34407.6015625,34407.6015625,34467.3515625,34269.921875,34269.921875,351060000,0.835754532737143
20230703,34418.46875,34418.46875,34465.6015625,34286.5390625,34369.78125,157590000,0.03158368211240159
20230705,34288.640625,34288.640625,34376.109375,34226.98046875,34344.71875,274570000,-0.3772048255342608
20230706,33922.26171875,33922.26171875,34171.390625,33771.46875,34171.390625,293840000,-1.0685139438945002
20230707,33734.87890625,33734.87890625,34036.37890625,33716.75,33837.0703125,272730000,-0.5523889121945791
20230710,33944.3984375,33944.3984375,33958.359375,33705.6796875,33705.6796875,299200000,0.6210768736780059
20230711,34261.421875,34261.421875,34288.87109375,33993.01171875,34056.94140625,278940000,0.933949199552675
20230712,34347.4296875,34347.4296875,34586.94140625,34308.78125,34395.28125,331410000,0.25103398456081116
20230713,34395.140625,34395.140625,34482.26171875,34365.328125,34412.30859375,267180000,0.13890686416446751
20230714,34509.03125,34509.03125,34592.26171875,34425.328125,34425.328125,293540000,0.3311241731549064
20230717,34585.3515625,34585.3515625,34665.1484375,34418.71875,34499.73828125,359780000,0.22116040275688142
20230718,34951.9296875,34951.9296875,34986.359375,34530.609375,34597.078125,385940000,1.0599230843079566
20230719,35061.2109375,35061.2109375,35234.05078125,34991.2109375,34991.2109375,365130000,0.312661563973915
20230720,35225.1796875,35225.1796875,35372.76953125,35091.98046875,35091.98046875,340880000,0.467664252362221
20230721,35227.69140625,35227.69140625,35340.66015625,35186.05078125,35274.3203125,465270000,0.007130463981397384
20230724,35411.23828125,35411.23828125,35463.96875,35230.7890625,35230.7890625,284460000,0.5210300978378601
20230725,35438.0703125,35438.0703125,35527.5703125,35365.26171875,35421.48828125,299530000,0.07577264324079014
20230726,35520.12109375,35520.12109375,35633.609375,35306.26953125,35345.98828125,346240000,0.2315328699516117
20230727,35282.71875,35282.71875,35645.3515625,35216.578125,35558.7890625,352230000,-0.6683601756970692
20230728,35459.2890625,35459.2890625,35565.51171875,35355.1484375,35443.48828125,369000000,0.500444179914572
20230731,35559.53125,35559.53125,35566.94921875,35430.21875,35465.96875,327410000,0.2826965518776037
20230801,35630.6796875,35630.6796875,35679.12890625,35526.609375,35585.98828125,259490000,0.2000826079505691
20230802,35282.51953125,35282.51953125,35551.921875,35226.26171875,35551.921875,298570000,-0.9771358820644171
20230803,35215.890625,35215.890625,35348.19921875,35122.3203125,35194.55859375,254960000,-0.1888439576742451
20230804,35065.62109375,35065.62109375,35506.87890625,35033.76171875,35230.12890625,338290000,-0.4267094444668773
20230807,35473.12890625,35473.12890625,35497.37890625,35125.6015625,35125.6015625,300150000,1.1621291732164307
20230808,35314.48828125,35314.48828125,35346.640625,35007.41015625,35345.3984375,303840000,-0.4472135103144259
20230809,35123.359375,35123.359375,35370.890625,35058.73046875,35324.28125,306680000,-0.5412195264669295
20230810,35176.1484375,35176.1484375,35578.578125,35107.6015625,35231.5390625,337110000,0.15029616596859974
20230811,35281.3984375,35281.3984375,35354.6015625,35059.98828125,35111.359375,277840000,0.2992084258087724
20230814,35307.62890625,35307.62890625,35335.44921875,35169.96875,35273.890625,300250000,0.07434645425539177
20230815,34946.390625,34946.390625,35219.37109375,34908.5,35219.37109375,323920000,-1.0231167949826703
20230816,34765.73828125,34765.73828125,35133.55859375,34757.37109375,34914.9609375,332310000,-0.5169413507922216
20230817,34474.828125,34474.828125,34888.48046875,34440.73046875,34829.609375,392850000,-0.8367725543366178
20230818,34500.66015625,34500.66015625,34587.0703125,34263.19140625,34368.359375,320680000,0.07493012338259941
20230821,34463.69140625,34463.69140625,34570.9609375,34248.4609375,34531.28125,396490000,-0.1071537467183914
20230822,34288.828125,34288.828125,34514.0390625,34256.83984375,34494.171875,279200000,-0.5073840732519153
20230823,34472.98046875,34472.98046875,34534.71875,34321.0,34338.58984375,360610000,0.5370622264449398
20230824,34099.421875,34099.421875,34694.6796875,34093.6484375,34439.828125,342520000,-1.083627202146431
20230825,34346.8984375,34346.8984375,34441.91015625,34029.21875,34217.05859375,257440000,0.7257500241710568
20230828,34559.98046875,34559.98046875,34652.91015625,34441.640625,34441.640625,224640000,0.6203821624177763
20230829,34852.671875,34852.671875,34864.421875,34531.12109375,34531.12109375,262550000,0.8469084828177431
20230830,34890.23828125,34890.23828125,35025.5703125,34811.73828125,34847.80078125,236070000,0.10778630225174446
20230831,34721.91015625,34721.91015625,35070.2109375,34719.76953125,34909.08984375,341900000,-0.48245048842345817
20230901,34837.7109375,34837.7109375,34979.1796875,34720.69921875,34876.23828125,286370000,0.33350924741435417
20230905,34641.96875,34641.96875,34871.26171875,34635.62890625,34843.21875,283540000,-0.561868682621447
20230906,34443.19140625,34443.19140625,34611.6796875,34291.55859375,34611.6796875,308900000,-0.5738049854629002
20230907,34500.73046875,34500.73046875,34560.859375,34351.1796875,34351.1796875,386980000,0.16705496834290567
20230908,34576.58984375,34576.58984375,34627.8515625,34473.5703125,34487.41015625,293990000,0.21987759090698056
20230911,34663.71875,34663.71875,34784.51953125,34578.58984375,34650.01171875,291720000,0.2519881418142411
20230912,34645.98828125,34645.98828125,34852.609375,34560.55078125,34620.01953125,318670000,-0.051149932521310504
20230913,34575.53125,34575.53125,34767.109375,34509.94921875,34667.28125,295480000,-0.20336274052291659
20230914,34907.109375,34907.109375,34977.96875,34687.5,34687.5,305180000,0.9589964723969446
20230915,34618.23828125,34618.23828125,34902.0390625,34572.26953125,34902.0390625,582160000,-0.8275422941691257
20230918,34624.30078125,34624.30078125,34725.05859375,34545.3515625,34612.2890625,252700000,0.017512445176293134
20230919,34517.73046875,34517.73046875,34597.55859375,34311.69140625,34571.83984375,282830000,-0.3077905115638102
20230920,34440.87890625,34440.87890625,34776.28125,34434.2890625,34575.5,291650000,-0.22264372963215484
20230921,34070.421875,34070.421875,34378.30078125,34058.71875,34332.23046875,331930000,-1.0756317580001507
20230922,33963.83984375,33963.83984375,34156.1484375,33947.23828125,34077.078125,268760000,-0.312828621967276
20230925,34006.87890625,34006.87890625,34017.53125,33780.671875,33907.58984375,229450000,0.12672024923565672
20230926,33618.87890625,33618.87890625,33879.9296875,33569.6015625,33862.6796875,280100000,-1.1409456335867763
20230927,33550.26953125,33550.26953125,33731.6484375,33306.30078125,33682.80859375,300330000,-0.20407990162707446
20230928,33666.33984375,33666.33984375,33777.8984375,33473.5,33519.44140625,275610000,0.345959403968088
20230929,33507.5,33507.5,33893.6796875,33407.44921875,33882.609375,319830000,-0.4718060961993453
20231002,33433.3515625,33433.3515625,33511.91015625,33219.55859375,33455.5,275630000,-0.22128907707229528
20231003,33002.37890625,33002.37890625,33398.5390625,32916.19921875,33318.83984375,293450000,-1.2890501134603327
20231004,33129.55078125,33129.55078125,33156.44921875,32873.23046875,33034.1796875,287030000,0.3853415396546378
20231005,33119.5703125,33119.5703125,33174.37890625,32941.55859375,33099.23046875,277250000,-0.030125578266659847
20231006,33407.578125,33407.578125,33557.69140625,32846.94140625,33040.69921875,332990000,0.869600087750233
20231009,33604.6484375,33604.6484375,33631.80859375,33253.69140625,33259.83984375,228760000,0.5898970340281195
20231010,33739.30078125,33739.30078125,33898.21875,33604.3203125,33683.41015625,255640000,0.4006955882916996
20231011,33804.87109375,33804.87109375,33882.55078125,33612.25,33822.19921875,256560000,0.1943440171600752
20231012,33631.140625,33631.140625,33863.80078125,33455.6015625,33845.6484375,289160000,-0.5139214057885311
20231013,33670.2890625,33670.2890625,33957.71875,33551.578125,33733.33984375,306340000,0.11640532189056696
20231016,33984.5390625,33984.5390625,34088.98046875,33832.421875,33832.421875,270060000,0.9333154206567107
20231017,33997.6484375,33997.6484375,34147.62890625,33854.69921875,33869.83984375,281010000,0.03857452642181958
20231018,33665.078125,33665.078125,33991.51171875,33598.640625,33960.25,285410000,-0.9782156348589366
20231019,33414.171875,33414.171875,33852.390625,33368.578125,33669.51953125,304320000,-0.7453012557059102
20231020,33127.28125,33127.28125,33425.76953125,33118.12109375,33365.26953125,325530000,-0.8585896609176413
20231023,32936.41015625,32936.41015625,33234.8515625,32892.19140625,32993.01953125,342500000,-0.5761749426690388
20231024,33141.37890625,33141.37890625,33272.19140625,32988.4296875,33089.640625,359230000,0.6223166065385755
20231025,33035.9296875,33035.9296875,33267.91015625,32989.71875,33203.53125,355690000,-0.318179937679397
20231026,32784.30078125,32784.30078125,33105.03125,32743.990234375,33017.171875,379880000,-0.7616825336240196
20231027,32417.58984375,32417.58984375,32787.55859375,32327.19921875,32782.3984375,376970000,-1.1185565309043577
20231030,32928.9609375,32928.9609375,33002.96875,32537.5390625,32537.5390625,298640000,1.577449453259061
20231031,33052.87109375,33052.87109375,33070.28125,32787.12109375,33029.109375,306950000,0.3762953725906737
20231101,33274.578125,33274.578125,33337.1484375,33010.8515625,33081.87109375,307570000,0.6707648198583271
20231102,33839.078125,33839.078125,33852.9609375,33450.03125,33457.8203125,304350000,1.6964903292819633
20231103,34061.3203125,34061.3203125,34163.62890625,33946.6015625,33988.828125,311000000,0.6567619445158934
20231106,34095.859375,34095.859375,34167.26171875,33989.71875,34092.609375,265570000,0.10140259444764155
20231107,34152.6015625,34152.6015625,34206.98046875,34026.71875,34075.6484375,281790000,0.16641958448950778
20231108,34112.26953125,34112.26953125,34252.75,33996.19921875,34185.921875,280330000,-0.11809358410425075
20231109,33891.94140625,33891.94140625,34167.5390625,33859.76953125,34163.7109375,325400000,-0.645891135440746
20231110,34283.1015625,34283.1015625,34310.359375,33905.62109375,34020.8203125,302460000,1.15413912576241
20231113,34337.87109375,34337.87109375,34405.83984375,34205.80859375,34259.25,245090000,0.15975664030907222
20231114,34827.69921875,34827.69921875,34931.01171875,34581.19921875,34581.19921875,328050000,1.426495322504584
20231115,34991.2109375,34991.2109375,35051.1015625,34868.48046875,34906.71875,347790000,0.4694875700028245
20231116,34945.46875,34945.46875,35022.4609375,34818.03125,34868.03125,435540000,-0.1307247913817644
20231117,34947.28125,34947.28125,35028.21875,34882.8203125,34964.8203125,334820000,0.0051866524182875295
20231120,35151.0390625,35151.0390625,35227.48046875,34907.98046875,34932.48828125,331050000,0.5830433876741203
20231121,35088.2890625,35088.2890625,35118.0390625,35038.44140625,35104.83984375,271120000,-0.17851534883058795
20231122,35273.03125,35273.03125,35315.19921875,35155.80078125,35189.328125,237290000,0.5265066848113786
20231124,35390.1484375,35390.1484375,35399.44140625,35299.8984375,35299.8984375,117040000,0.33203040212201884
20231127,35333.46875,35333.46875,35410.37109375,35280.5703125,35376.44140625,258340000,-0.16015668202155053
20231128,35416.98046875,35416.98046875,35518.671875,35307.73046875,35332.12890625,256210000,0.23635301515647633
20231129,35430.421875,35430.421875,35579.12890625,35405.890625,35436.80078125,299330000,0.03795186961763619
20231130,35950.890625,35950.890625,35970.69921875,35592.21875,35596.5703125,435540000,1.4689882943991872
20231201,36245.5,36245.5,36264.8515625,35914.44921875,35914.44921875,321840000,0.8194772643410619
20231204,36204.44140625,36204.44140625,36238.1796875,36029.69140625,36089.37890625,329450000,-0.1132791484460105
20231205,36124.55859375,36124.55859375,36164.6796875,36010.8515625,36135.6484375,309250000,-0.2206436818169233
20231206,36054.4296875,36054.4296875,36292.578125,36024.25,36183.73046875,283240000,-0.19413083226471617
20231207,36117.37890625,36117.37890625,36164.171875,36021.94921875,36124.171875,287280000,0.17459496460103807
20231208,36247.87109375,36247.87109375,36296.19921875,36061.640625,36084.8203125,295180000,0.3613002699855983
20231211,36404.9296875,36404.9296875,36416.1796875,36231.19140625,36254.328125,342490000,0.4332905326875247
20231212,36577.94140625,36577.94140625,36596.109375,36373.21875,36442.1015625,292770000,0.47524255707986907
20231213,37090.23828125,37090.23828125,37094.8515625,36523.58984375,36601.80078125,354790000,1.400562347974188
20231214,37248.3515625,37248.3515625,37287.5,37051.51953125,37115.62890625,455820000,0.4262935170463278
20231215,37305.16015625,37305.16015625,37347.6015625,37092.01953125,37194.5,788160000,0.15251304116017383
20231218,37306.01953125,37306.01953125,37393.44921875,37284.8515625,37330.140625,292120000,0.0023036357340355806
20231219,37557.921875,37557.921875,37562.828125,37311.8203125,37311.8203125,272740000,0.6752324341088967
20231220,37082.0,37082.0,37641.30078125,37073.0390625,37520.12890625,303450000,-1.2671677538069304
20231221,37404.3515625,37404.3515625,37418.76171875,37127.05078125,37225.3203125,253120000,0.8692938959603103
20231222,37385.96875,37385.96875,37534.51953125,37268.87890625,37349.26953125,252970000,-0.04914618682611005
20231226,37545.328125,37545.328125,37617.98828125,37371.828125,37405.8984375,212420000,0.42625450223221506
20231227,37656.51953125,37656.51953125,37683.69921875,37488.6015625,37518.62109375,245530000,0.2961524424019091
20231228,37710.1015625,37710.1015625,37778.8515625,37650.98046875,37661.51953125,199550000,0.14229151264373296
20231229,37689.5390625,37689.5390625,37759.4296875,37538.80078125,37701.62890625,234570000,-0.054527829806871875
20240102,37715.0390625,37715.0390625,37790.078125,37495.91015625,37566.21875,350280000,0.06765803093986555
20240103,37430.19140625,37430.19140625,37629.23046875,37401.8515625,37629.23046875,322010000,-0.7552627899389486
20240104,37440.33984375,37440.33984375,37716.41015625,37425.28125,37425.28125,380220000,0.02711297249284872
20240105,37466.109375,37466.109375,37623.62109375,37323.8203125,37455.4609375,299480000,0.06882825144629567
20240108,37683.01171875,37683.01171875,37692.921875,37249.23828125,37327.37109375,362200000,0.5789294574972237
20240109,37525.16015625,37525.16015625,37552.37890625,37373.30078125,37523.55078125,289860000,-0.41889317042421714
20240110,37695.73046875,37695.73046875,37740.76953125,37524.3984375,37552.91015625,279540000,0.4545491925677769
20240111,37711.01953125,37711.01953125,37801.8984375,37424.28125,37747.140625,299540000,0.04055913576916925
20240112,37592.98046875,37592.98046875,37825.26953125,37470.19140625,37818.05078125,279250000,-0.3130094703543751
20240116,37361.12109375,37361.12109375,37543.1796875,37201.390625,37493.5390625,378280000,-0.6167624171026787
20240117,37266.671875,37266.671875,37371.66015625,37132.890625,37281.859375,290880000,-0.2528008153529382
20240118,37468.609375,37468.609375,37522.2890625,37122.94921875,37300.80859375,340620000,0.5418715700649113
20240119,37863.80078125,37863.80078125,37933.73046875,37451.7109375,37572.5,377650000,1.0547266440950054
20240122,38001.80859375,38001.80859375,38109.19921875,37911.609375,37919.55078125,339560000,0.3644848368427489
20240123,37905.44921875,37905.44921875,37980.73046875,37804.98828125,37959.7890625,334110000,-0.2535652343026884
20240124,37806.390625,37806.390625,38064.21875,37795.7109375,37975.37109375,336090000,-0.2613307474034654
20240125,38049.12890625,38049.12890625,38057.53125,37796.46875,37862.5703125,402970000,0.6420562165209365
20240126,38109.4296875,38109.4296875,38215.30859375,37997.76953125,38006.6796875,387000000,0.15848137127811857
20240129,38333.44921875,38333.44921875,38343.9296875,38061.171875,38115.828125,312480000,0.5878322847835182
20240130,38467.30859375,38467.30859375,38497.390625,38257.80078125,38298.23046875,326640000,0.3491973139075677
20240131,38150.30078125,38150.30078125,38588.859375,38139.66015625,38426.78125,453250000,-0.8240966786834281
20240201,38519.83984375,38519.83984375,38522.5,38106.83984375,38175.33984375,321830000,0.9686399711994476
20240202,38654.421875,38654.421875,38783.62109375,38336.5703125,38448.1015625,379760000,0.34938367292260963
20240205,38380.12109375,38380.12109375,38633.87890625,38220.3984375,38546.76953125,322290000,-0.7096232926132706
20240206,38521.359375,38521.359375,38545.28125,38350.4609375,38392.8984375,276140000,0.36799852951219236
20240207,38677.359375,38677.359375,38748.109375,38571.01171875,38613.890625,302210000,0.4049701322358823
20240208,38726.328125,38726.328125,38755.6796875,38544.359375,38702.109375,315510000,0.12660830726631822
20240209,38671.69140625,38671.69140625,38734.28125,38567.8984375,38731.96875,299970000,-0.14108417037020926
20240212,38797.37890625,38797.37890625,38927.078125,38628.921875,38656.76171875,273020000,0.3250116439946771
20240213,38272.75,38272.75,38699.171875,38039.859375,38699.171875,318390000,-1.352227704654263
20240214,38424.26953125,38424.26953125,38442.55859375,38194.62109375,38372.671875,274610000,0.39589402708193333
20240215,38773.12109375,38773.12109375,38781.890625,38397.94140625,38397.94140625,303840000,0.9078938045036455
20240216,38627.98828125,38627.98828125,38825.03125,38583.23828125,38751.7109375,282210000,-0.3743129477482121
20240220,38563.80078125,38563.80078125,38663.08984375,38460.19921875,38576.26171875,335990000,-0.16616837390716066
20240221,38612.23828125,38612.23828125,38618.03125,38338.578125,38483.66015625,279510000,0.1256035427492197
20240222,39069.109375,39069.109375,39149.609375,38802.0703125,38845.19140625,324630000,1.1832287225158167
20240223,39131.53125,39131.53125,39282.28125,39094.359375,39127.96875,286910000,0.15977296641407346
20240226,39069.23046875,39069.23046875,39245.890625,39025.80078125,39144.7890625,296930000,-0.15920864647993582
20240227,38972.41015625,38972.41015625,39087.8984375,38881.8984375,39087.8984375,272860000,-0.247817301079023
20240228,38949.01953125,38949.01953125,38956.4609375,38741.6796875,38938.078125,272560000,-0.060018420483165524
20240229,38996.390625,38996.390625,39074.12890625,38809.28125,39013.75,519690000,0.1216233279299761
20240301,39087.37890625,39087.37890625,39120.359375,38850.5,38989.51171875,331030000,0.233324879025254
20240304,38989.828125,38989.828125,39087.859375,38913.30078125,38968.76953125,386290000,-0.249571048199404
20240305,38585.19140625,38585.19140625,38906.98046875,38457.828125,38906.98046875,393750000,-1.0378007244677967
20240306,38661.05078125,38661.05078125,38858.12890625,38570.80078125,38721.1484375,347900000,0.19660230320306393
20240307,38791.3515625,38791.3515625,38910.3515625,38730.12890625,38784.30078125,335580000,0.33703372933979736
20240308,38722.69140625,38722.69140625,38971.1484375,38705.03125,38776.80078125,342030000,-0.17699861820843488
20240311,38769.66015625,38769.66015625,38794.76171875,38483.25,38667.2109375,300190000,0.12129515871517338
20240312,39005.48828125,39005.48828125,39071.55859375,38711.390625,38883.3203125,329090000,0.6082800933760124
20240313,39043.3203125,39043.3203125,39201.94140625,38937.921875,39054.578125,330930000,0.09699155918061475
20240314,38905.66015625,38905.66015625,39160.25,38704.359375,39122.390625,375810000,-0.35258311831108946
20240315,38714.76953125,38714.76953125,38928.12890625,38618.19921875,38809.6484375,774360000,-0.490650008850535
20240318,38790.4296875,38790.4296875,38898.41015625,38760.7890625,38826.9296875,327950000,0.1954296956073298
20240319,39110.76171875,39110.76171875,39122.7109375,38761.28125,38819.609375,310610000,0.825801708902496
20240320,39512.12890625,39512.12890625,39529.12890625,38988.6484375,39072.05078125,350050000,1.026232090252499
20240321,39781.37109375,39781.37109375,39889.05078125,39589.23046875,39661.03125,408990000,0.6814165547465834
20240322,39475.8984375,39475.8984375,39824.76171875,39469.53125,39774.05859375,332340000,-0.7678786523725223
20240325,39313.640625,39313.640625,39430.171875,39296.03125,39410.5390625,323670000,-0.41103006878208115
20240326,39282.328125,39282.328125,39439.44140625,39277.19140625,39338.3203125,306940000,-0.07964792754423522
20240327,39760.078125,39760.078125,39769.41015625,39461.98046875,39461.98046875,332190000,1.2161957368711729
20240328,39807.37109375,39807.37109375,39868.58984375,39717.25,39763.73828125,360970000,0.11894586474734403
20240401,39566.8515625,39566.8515625,39815.0,39491.21875,39807.9296875,269470000,-0.6042085288263666
20240402,39170.23828125,39170.23828125,39256.26953125,39051.69921875,39256.26953125,319590000,-1.002387770539459
20240403,39127.140625,39127.140625,39305.76171875,39017.12890625,39139.58984375,364180000,-0.1100265358115804
20240404,38596.98046875,38596.98046875,39421.3515625,38559.421875,39343.6015625,356510000,-1.3549677992857445
20240405,38904.0390625,38904.0390625,39040.171875,38602.1796875,38664.98046875,317110000,0.7955508177605042
20240408,38892.80078125,38892.80078125,39013.19921875,38857.69921875,38916.421875,291460000,-0.028887183749604084
20240409,38883.671875,38883.671875,38992.890625,38572.08984375,38983.66015625,328700000,-0.02347196927612316
20240410,38461.51171875,38461.51171875,38662.28125,38304.66015625,38662.28125,317580000,-1.0857003361388395
20240411,38459.078125,38459.078125,38598.98046875,38197.28125,38523.26171875,356640000,-0.006327348149481882
20240412,37983.23828125,37983.23828125,38319.140625,37877.30078125,38319.140625,440910000,-1.2372627399008906
20240415,37735.109375,37735.109375,38386.80859375,37657.7890625,38075.37890625,389170000,-0.6532589570502401
20240416,37798.96875,37798.96875,37992.21875,37713.69921875,37992.21875,339480000,0.1692306609353711
20240417,37753.30859375,37753.30859375,38036.69921875,37611.55859375,37949.671875,314650000,-0.12079735971632921
20240418,37775.37890625,37775.37890625,38083.76171875,37681.51953125,37847.2109375,300230000,0.05845928031762426
20240419,37986.3984375,37986.3984375,38102.5703125,37781.609375,37801.98046875,420460000,0.558616584028715
20240422,38239.98046875,38239.98046875,38447.16015625,37985.0703125,38116.890625,351650000,0.6675600785560842
20240423,38503.69140625,38503.69140625,38561.5,38297.71875,38356.0703125,329420000,0.6896210046851481
20240424,38460.921875,38460.921875,38552.7890625,38310.55078125,38552.7890625,337230000,-0.11107904122423795
20240425,38085.80078125,38085.80078125,38157.21875,37754.37890625,38052.08984375,408170000,-0.975330479516745
20240426,38239.66015625,38239.66015625,38337.640625,38065.05078125,38114.69921875,398680000,0.4039809373674652
20240429,38386.08984375,38386.08984375,38406.19921875,38215.46875,38282.16015625,343630000,0.3829262260743871
20240430,37815.921875,37815.921875,38337.3984375,37810.12109375,38337.3984375,448480000,-1.4853504774017368
20240501,37903.2890625,37903.2890625,38349.19921875,37780.5390625,37845.55859375,413540000,0.2310328114935034
20240502,38225.66015625,38225.66015625,38295.2890625,37895.66015625,38075.6484375,355910000,0.8505095513437588
20240503,38675.6796875,38675.6796875,38808.51953125,38518.28125,38709.359375,410530000,1.177270789858209
20240506,38852.26953125,38852.26953125,38886.46875,38689.37890625,38762.4296875,315550000,0.45659144241767535
20240507,38884.26171875,38884.26171875,38977.609375,38840.3984375,38858.94140625,360930000,0.08234316266715336
20240508,39056.390625,39056.390625,39094.73828125,38814.98828125,38818.8984375,292340000,0.44266985829641836
20240509,39387.76171875,39387.76171875,39413.66015625,38988.8515625,39064.26953125,303270000,0.8484426964377123
20240510,39512.83984375,39512.83984375,39579.87890625,39406.26171875,39466.51953125,289480000,0.3175558080530827
20240513,39431.51171875,39431.51171875,39647.390625,39403.05078125,39591.28125,323370000,-0.20582708132750316
20240514,39558.109375,39558.109375,39616.41015625,39371.921875,39466.76171875,320860000,0.32105707017517915
20240515,39908.0,39908.0,39935.0390625,39615.1015625,39615.1015625,411190000,0.8844978451399976
20240516,39869.37890625,39869.37890625,40051.05078125,39864.6796875,39912.33984375,400560000,-0.09677531760549085
20240517,40003.58984375,40003.58984375,40010.87890625,39858.859375,39911.71875,300260000,0.3366266071402446
20240520,39806.76953125,39806.76953125,40077.3984375,39787.08984375,39989.76171875,272420000,-0.49200662557725705
20240521,39872.98828125,39872.98828125,39905.80078125,39778.73046875,39804.3984375,314120000,0.16635047450412888
20240522,39671.0390625,39671.0390625,39890.91015625,39559.08984375,39863.328125,258430000,-0.5064812733009183
20240523,39065.26171875,39065.26171875,39694.94921875,39025.51171875,39694.94921875,335640000,-1.527001455131094
20240524,39069.58984375,39069.58984375,39220.30859375,39020.2890625,39089.23046875,249810000,0.011079216699383387
20240528,38852.859375,38852.859375,39028.98828125,38706.140625,39028.98828125,303340000,-0.5547293166290324
20240529,38441.5390625,38441.5390625,38716.28125,38413.671875,38716.28125,292280000,-1.0586616252101777
20240530,38111.48046875,38111.48046875,38493.6015625,38000.9609375,38368.3515625,360090000,-0.8585988017112856
20240531,38686.3203125,38686.3203125,38719.4296875,38092.26953125,38140.26171875,618200000,1.5083115026752747
20240603,38571.03125,38571.03125,38735.609375,38247.21875,38709.98828125,314010000,-0.2980098948897725
20240604,38711.2890625,38711.2890625,38786.62109375,38397.8203125,38518.859375,304450000,0.36363511151908945
20240605,38807.328125,38807.328125,38844.3203125,38548.76953125,38774.8203125,310970000,0.24809058242660775
20240606,38886.171875,38886.171875,39004.16015625,38735.98828125,38825.3984375,269000000,0.2031671692161785
20240607,38798.98828125,38798.98828125,39105.23046875,38751.8515625,38861.23828125,265850000,-0.22420204804487476
20240610,38868.0390625,38868.0390625,38877.859375,38665.44921875,38784.8984375,330580000,0.1779705716794977
20240611,38747.421875,38747.421875,38795.7109375,38446.23828125,38795.7109375,383090000,-0.31032485921413944
20240612,38712.2109375,38712.2109375,39120.26171875,38621.44921875,38950.6484375,472280000,-0.09087298146852607
20240613,38647.1015625,38647.1015625,38712.2109375,38407.69921875,38677.12109375,341330000,-0.16818821096299397
20240614,38589.16015625,38589.16015625,38595.23828125,38305.8515625,38528.390625,272200000,-0.14992432525967603
20240617,38778.1015625,38778.1015625,38839.87890625,38431.94921875,38565.1796875,346190000,0.4896230067847229
20240618,38834.859375,38834.859375,38936.9296875,38727.671875,38779.12109375,324260000,0.1463656296028848
20240620,39134.76171875,39134.76171875,39232.5,38778.4609375,38804.73046875,397010000,0.7722503662342728
20240621,39150.328125,39150.328125,39257.1796875,39061.671875,39208.51171875,818670000,0.03977641760506412
20240624,39411.2109375,39411.2109375,39571.23046875,39184.48828125,39184.48828125,373940000,0.6663617522362664
20240625,39112.16015625,39112.16015625,39423.26171875,38997.23046875,39398.7890625,339010000,-0.7587962260896974
20240626,39127.80078125,39127.80078125,39183.73828125,38908.98828125,39063.1484375,333100000,0.039989161778630766
20240627,39164.05859375,39164.05859375,39250.69140625,39026.75,39107.1015625,338010000,0.0926650917660865
20240628,39118.859375,39118.859375,39443.6015625,38937.1484375,39092.390625,679630000,-0.11540994568222107
20240701,39169.51953125,39169.51953125,39438.359375,39037.94140625,39186.19921875,346210000,0.12950315285107372
20240702,39331.8515625,39331.8515625,39340.48828125,39085.69140625,39108.25,317380000,0.41443457359870983
20240703,39308.0,39308.0,39411.171875,39230.859375,39358.94921875,202070000,-0.06064185018622714
20240705,39375.87109375,39375.87109375,39399.62109375,39168.69921875,39313.3984375,325230000,0.17266483603846083
20240708,39344.7890625,39344.7890625,39654.9609375,39278.4296875,39391.98046875,358320000,-0.07893674574461773
20240709,39291.96875,39291.96875,39492.28125,39146.6015625,39357.37109375,361410000,-0.13424983017724657
20240710,39721.359375,39721.359375,39736.19921875,39256.71875,39272.44921875,334180000,1.0928203362169375
20240711,39753.75,39753.75,39875.6015625,39623.12109375,39695.1796875,361530000,0.08154460348199777
20240712,40000.8984375,40000.8984375,40257.23828125,39783.28125,39783.28125,325780000,0.6216984246769197
20240715,40211.71875,40211.71875,40351.1015625,40136.1015625,40138.3984375,308880000,0.5270389434612222
20240716,40954.48046875,40954.48046875,40988.80859375,40263.78125,40263.78125,306390000,1.847127508694224
20240717,41198.078125,41198.078125,41221.98046875,40849.7109375,40862.5703125,433450000,0.5948009923746334
20240718,40665.01953125,40665.01953125,41376.0,40597.5,41156.55859375,393450000,-1.29389189498752
20240719,40287.53125,40287.53125,40626.16015625,40203.26953125,40592.3515625,348530000,-0.9282874706599165
20240722,40415.44140625,40415.44140625,40472.53125,40222.76953125,40414.48828125,351670000,0.3174931604924325
20240723,40358.08984375,40358.08984375,40527.890625,40319.69921875,40443.73046875,287390000,-0.141905075150639
20240724,39853.87109375,39853.87109375,40258.44140625,39807.44921875,40210.62890625,394210000,-1.2493622764410572
20240725,39935.0703125,39935.0703125,40438.8203125,39817.5,39828.62890625,375790000,0.20374236309188554
20240726,40589.33984375,40589.33984375,40753.828125,40140.859375,40140.859375,332070000,1.6383332397569506
20240729,40539.9296875,40539.9296875,40682.48828125,40388.828125,40665.7109375,272200000,-0.12173185481756388
20240730,40743.328125,40743.328125,40866.25,40529.1015625,40622.12890625,350910000,0.5017237056597956
20240731,40842.7890625,40842.7890625,41198.62890625,40655.890625,40768.87890625,420090000,0.2441158886060002
20240801,40347.96875,40347.96875,41096.66015625,40098.5703125,40916.9609375,472030000,-1.2115242956175165
20240802,39737.26171875,39737.26171875,40075.328125,39358.6796875,40075.328125,827820000,-1.513600436824969
20240805,38703.26953125,38703.26953125,39056.19140625,38499.26953125,39056.19140625,661280000,-2.6020720673163855
20240806,38997.66015625,38997.66015625,39449.53125,38638.30078125,38736.21875,462650000,0.7606350279071528
20240807,38763.44921875,38763.44921875,39477.9609375,38731.51171875,39230.08984375,428250000,-0.6005768975923087
20240808,39446.48828125,39446.48828125,39508.3984375,38922.7890625,38940.37890625,376440000,1.7620698783678224
20240809,39497.5390625,39497.5390625,39628.66015625,39230.4296875,39408.05859375,316320000,0.12941780998605434
20240812,39357.01171875,39357.01171875,39587.05859375,39251.71875,39556.01171875,312380000,-0.35578759357041134
20240813,39765.640625,39765.640625,39792.80078125,39392.41015625,39445.26953125,365560000,1.0382620234740125
20240814,40008.390625,40008.390625,40068.75,39737.19921875,39800.58984375,317800000,0.6104516265416082
20240815,40563.05859375,40563.05859375,40590.51171875,40295.73828125,40295.73828125,446850000,1.3863791071951015
20240816,40659.76171875,40659.76171875,40726.03125,40453.578125,40528.859375,323210000,0.2384019557511774
20240819,40896.53125,40896.53125,40907.3203125,40670.828125,40670.828125,283890000,0.5823190329736105
20240820,40834.96875,40834.96875,40909.37890625,40756.6484375,40874.51953125,299380000,-0.15053232662610716
20240821,40890.48828125,40890.48828125,40974.3984375,40738.4296875,40881.03125,281460000,0.135960753612685
20240822,40712.78125,40712.78125,41026.640625,40584.46875,40932.23046875,310470000,-0.43459258795763844
20240823,41175.078125,41175.078125,41207.921875,40842.9609375,40879.12109375,300080000,1.1355079677834556
20240826,41240.51953125,41240.51953125,41420.05078125,41140.23046875,41200.83984375,249300000,0.15893450414674604
20240827,41250.5,41250.5,41271.75,41109.421875,41186.28125,256160000,0.02420063777914816
20240828,41091.421875,41091.421875,41351.109375,40842.2890625,41250.171875,272170000,-0.38563926497861
20240829,41335.05078125,41335.05078125,41577.96875,41086.80859375,41345.5,309820000,0.5928948065879069
20240830,41563.078125,41563.078125,41585.2109375,41145.8515625,41366.16015625,494900000,0.5516561355077165
20240903,40936.9296875,40936.9296875,41489.671875,40778.08984375,41489.671875,420530000,-1.5065016012935195
20240904,40974.96875,40974.96875,41172.58984375,40840.890625,40872.05859375,359380000,0.09292114184034084
20240905,40755.75,40755.75,41084.78125,40519.078125,41056.328125,331250000,-0.5350065093094214
20240906,40345.41015625,40345.41015625,41009.390625,40297.328125,40756.80859375,370440000,-1.0068268741220576
20240909,40829.58984375,40829.58984375,41000.23828125,40518.05859375,40555.109375,376720000,1.2000861699629883
20240910,40736.9609375,40736.9609375,40916.5,40417.48046875,40916.5,360950000,-0.2268670995826283
20240911,40861.7109375,40861.7109375,40903.6796875,39993.0703125,40638.76171875,356040000,0.3062329568261024
20240912,41096.76953125,41096.76953125,41107.3515625,40665.53125,40862.109375,289300000,0.5752539195178041
20240913,41393.78125,41393.78125,41533.83984375,41128.69921875,41153.69921875,276800000,0.722713055400015
20240916,41622.078125,41622.078125,41733.96875,41435.171875,41435.171875,408670000,0.551524572305162
20240917,41606.1796875,41606.1796875,41835.28125,41470.69140625,41723.78125,448610000,-0.03819712569913536
20240918,41503.1015625,41503.1015625,41981.96875,41449.0,41628.91015625,383600000,-0.24774715144291193
20240919,42025.19140625,42025.19140625,42160.91015625,41832.08984375,41972.55859375,429760000,1.257953801268985
20240920,42063.359375,42063.359375,42138.41015625,41865.94921875,41959.4296875,1207660000,0.09082164166971385
20240923,42124.6484375,42124.6484375,42190.05078125,42012.21875,42060.3984375,455200000,0.1457065327417073
20240924,42208.21875,42208.21875,42281.05859375,42056.8203125,42234.98828125,401020000,0.19838815420381017
20240925,41914.75,41914.75,42299.640625,41859.73046875,42236.08984375,374960000,-0.6952881658859433
20240926,42175.109375,42175.109375,42224.1484375,42036.28125,42113.421875,353600000,0.6211640890140036
20240927,42313.0,42313.0,42628.3203125,42227.94921875,42227.94921875,329840000,0.32694787765443767
20240930,42330.1484375,42330.1484375,42347.66015625,41929.0703125,42289.75,354430000,0.040527586084659895
20241001,42156.96875,42156.96875,42322.359375,41945.62890625,42262.96875,380240000,-0.40911665536844666
20241002,42196.51953125,42196.51953125,42259.51953125,41968.7890625,42125.140625,301760000,0.0938178963590719
20241003,42011.58984375,42011.58984375,42125.83984375,41847.80859375,42099.53125,267260000,-0.43825815388173206
20241004,42352.75,42352.75,42361.37890625,41972.109375,42248.26171875,296550000,0.8120619988885025
20241007,41954.23828125,41954.23828125,42293.640625,41831.73828125,42289.51171875,307230000,-0.9409346943232699
20241008,42080.37109375,42080.37109375,42128.55859375,41874.71875,42022.6484375,284500000,0.30064379110983364
20241009,42512.0,42512.0,42562.01171875,41993.3515625,42070.3203125,267400000,1.0257250471683799
20241010,42454.12109375,42454.12109375,42511.37109375,42308.0390625,42511.37109375,245570000,-0.13614722019664738
20241011,42863.859375,42863.859375,42899.75,42507.53125,42507.53125,265330000,0.9651319370036937
20241014,43065.21875,43065.21875,43139.0,42707.140625,42800.890625,240050000,0.46976492069550346
20241015,42740.421875,42740.421875,43277.78125,42703.171875,43240.171875,360880000,-0.7541976667655992
20241016,43077.69921875,43077.69921875,43100.83984375,42692.37109375,42706.48828125,297510000,0.7891296551456817
20241017,43239.05078125,43239.05078125,43289.76171875,43119.80859375,43119.80859375,267370000,0.3745593785792867
20241018,43275.91015625,43275.91015625,43325.08984375,43036.3515625,43187.12109375,295500000,0.08524556930371574
20241021,42931.6015625,42931.6015625,43310.87109375,42877.5703125,43222.2109375,273590000,-0.7956125994967089
20241022,42924.890625,42924.890625,43041.05078125,42718.26171875,42876.83984375,335200000,-0.015631696130014028
20241023,42514.94921875,42514.94921875,42834.3984375,42293.171875,42834.3984375,356610000,-0.9550202697808263
20241024,42374.359375,42374.359375,42522.55078125,42191.828125,42522.55078125,282680000,-0.33068331571238785
20241025,42114.3984375,42114.3984375,42594.640625,42051.390625,42477.51171875,314000000,-0.6134864133270468
20241028,42387.5703125,42387.5703125,42476.4609375,42264.5390625,42264.5390625,284770000,0.6486424717793371
20241029,42233.05078125,42233.05078125,42491.859375,42171.6484375,42323.48046875,373550000,-0.36453972263759127
20241030,42141.5390625,42141.5390625,42457.921875,42141.5390625,42249.80859375,377420000,-0.2166827095300139
20241031,41763.4609375,41763.4609375,41991.91015625,41704.62890625,41956.33984375,497370000,-0.8971625939889649
20241101,42052.19140625,42052.19140625,42326.30859375,41869.8203125,41869.8203125,531350000,0.6913470825181234
20241104,41794.6015625,41794.6015625,42035.87109375,41647.30078125,42004.66015625,341500000,-0.6125479675042955
20241105,42221.87890625,42221.87890625,42258.83984375,41766.9609375,41835.48828125,283990000,1.0223266349627558
20241106,43729.9296875,43729.9296875,43778.78125,42850.3984375,42850.3984375,550400000,3.571728261071705
20241107,43729.33984375,43729.33984375,43823.1015625,43641.921875,43718.921875,437510000,-0.0013488330628863565
20241108,43988.98828125,43988.98828125,44157.2890625,43733.859375,43768.53125,454570000,0.5937625366121635
20241111,44293.12890625,44293.12890625,44486.69921875,44057.6484375,44057.6484375,451940000,0.6914017277583895
20241112,43910.98046875,43910.98046875,44405.73046875,43887.26953125,44359.2109375,482720000,-0.8627713754628785
20241113,43958.19140625,43958.19140625,44141.328125,43829.98046875,43880.4609375,500190000,0.10751510669091413
20241114,43750.859375,43750.859375,44080.78125,43704.8203125,44032.37890625,545090000,-0.4716573285144743
20241115,43444.98828125,43444.98828125,43647.53125,43350.4296875,43587.9296875,664320000,-0.6991201958532978
20241118,43389.6015625,43389.6015625,43505.66015625,43297.5703125,43431.890625,527180000,-0.12748701505325144
20241119,43268.94140625,43268.94140625,43380.96875,42938.87109375,43243.26953125,497970000,-0.2780854211721584
20241120,43408.46875,43408.46875,43465.76953125,43074.859375,43296.05078125,559010000,0.3224653509314779
20241121,43870.3515625,43870.3515625,44020.30859375,43345.578125,43538.69921875,712120000,1.0640384832740768
20241122,44296.51171875,44296.51171875,44323.94921875,43871.62890625,43871.62890625,533010000,0.9714081174910794
20241125,44736.5703125,44736.5703125,44815.671875,44385.48828125,44385.48828125,826660000,0.9934384823438114
20241126,44860.30859375,44860.30859375,44903.01171875,44426.66015625,44614.890625,476170000,0.2765931326108584
20241127,44722.05859375,44722.05859375,45003.05859375,44690.23046875,44837.75,451360000,-0.30817888760413803
20241129,44910.6484375,44910.6484375,45071.2890625,44760.05078125,44760.05078125,319210000,0.42169311896647077
20241202,44782.0,44782.0,45001.66015625,44710.16015625,44925.859375,439740000,-0.28645419733592803
20241203,44705.53125,44705.53125,44914.6796875,44574.78125,44769.578125,429130000,-0.1707577821446149
20241204,45014.0390625,45014.0390625,45073.62890625,44799.73828125,44941.05078125,554420000,0.6900886844958265
20241205,44765.7109375,44765.7109375,45059.94140625,44747.140625,45038.44140625,457340000,-0.5516681688021996
20241206,44642.51953125,44642.51953125,44923.73828125,44596.4609375,44824.2890625,466910000,-0.2751914437860603
20241209,44401.9296875,44401.9296875,44728.51171875,44382.828125,44637.96875,503920000,-0.5389253256227744
20241210,44247.828125,44247.828125,44470.83984375,44186.66015625,44291.5703125,482660000,-0.34706050747019823
20241211,44148.55859375,44148.55859375,44376.1796875,44135.73828125,44300.41015625,512650000,-0.22434893520550947
20241212,43914.12109375,43914.12109375,44208.6015625,43903.26953125,44168.66015625,396050000,-0.531019601698135
20241213,43828.05859375,43828.05859375,44054.23046875,43790.48046875,43929.1484375,455380000,-0.19597910161123222
20241216,43717.48046875,43717.48046875,43951.578125,43686.8515625,43825.76171875,579350000,-0.2522998475131377
20241217,43449.8984375,43449.8984375,43656.46875,43336.21875,43656.46875,593670000,-0.6120710260081763
20241218,42326.87109375,42326.87109375,43688.96875,42300.0390625,43459.71875,627570000,-2.584648950020918
20241219,42342.23828125,42342.23828125,42787.8515625,42334.12890625,42464.12890625,560200000,0.036305985070250735
20241220,42840.26171875,42840.26171875,43216.03125,42146.328125,42296.26171875,1121300000,1.1761859025778865
20241223,42906.94921875,42906.94921875,42957.7890625,42516.87109375,42800.48828125,449390000,0.15566548224614785
20241224,43297.03125,43297.03125,43297.6484375,42871.76171875,42916.48046875,230410000,0.9091348565969382
20241226,43325.80078125,43325.80078125,43373.98046875,43115.08984375,43201.8515625,270350000,0.06644689120574032
20241227,42992.2109375,42992.2109375,43238.8515625,42761.55859375,43142.37109375,376960000,-0.7699565564506905
20241230,42573.73046875,42573.73046875,42863.859375,42263.51171875,42863.859375,383300000,-0.9733867126730633
20241231,42544.21875,42544.21875,42779.69140625,42421.2890625,42636.69921875,359210000,-0.06931908109781837
20250102,42392.26953125,42392.26953125,42905.08984375,42174.80078125,42660.08984375,459850000,-0.3571559737479024
20250103,42732.12890625,42732.12890625,42782.76171875,42436.921875,42495.76171875,455810000,0.8017012978025928
20250106,42706.55859375,42706.55859375,43115.30859375,42611.16015625,42835.51953125,557040000,-0.059838611261564534
20250107,42528.359375,42528.359375,42931.5390625,42380.75,42809.7109375,621630000,-0.4172642905862167
20250108,42635.19921875,42635.19921875,42656.21875,42327.7890625,42542.1015625,463430000,0.2512202335573921
20250110,41938.44921875,41938.44921875,42540.2890625,41877.30078125,42540.2890625,543810000,-1.6342130745658268
20250113,42297.12109375,42297.12109375,42319.6015625,41844.890625,41924.6796875,500190000,0.8552339957283106
20250114,42518.28125,42518.28125,42544.5703125,42157.03125,42366.421875,454650000,0.5228728351506673
20250115,43221.55078125,43221.55078125,43323.48828125,42927.76171875,42927.76171875,479110000,1.654040357640274
20250116,43153.12890625,43153.12890625,43294.80859375,43081.75,43290.25,504270000,-0.15830499776903206
20250117,43487.828125,43487.828125,43653.25,43312.55078125,43312.55078125,554870000,0.7756082287268873
20250121,44025.80859375,44025.80859375,44050.12890625,43528.6484375,43528.6484375,592210000,1.2370828619071128
20250122,44156.73046875,44156.73046875,44208.33984375,44042.109375,44178.05859375,588430000,0.2973752877728719
20250123,44565.0703125,44565.0703125,44565.26171875,44113.55078125,44113.55078125,444180000,0.9247510841840612
20250124,44424.25,44424.25,44545.51953125,44332.21875,44533.75,532230000,-0.3159880855399422
20250127,44713.578125,44713.578125,44727.8515625,44026.26953125,44148.83984375,1230150000,0.6512842085122372
20250128,44850.3515625,44850.3515625,44976.3515625,44621.9609375,44756.359375,915110000,0.3058879276394366
20250129,44713.51953125,44713.51953125,44962.578125,44579.1015625,44819.55078125,695190000,-0.30508574957170964
20250130,44882.12890625,44882.12890625,45008.75,44548.69140625,44548.69140625,714080000,0.3770881307658236
20250131,44544.66015625,44544.66015625,45054.359375,44507.21875,45054.359375,768530000,-0.7519000506970297
20250203,44421.91015625,44421.91015625,44594.5390625,43879.05859375,44268.1484375,712890000,-0.2755661387233155
20250204,44556.0390625,44556.0390625,44597.7109375,44328.51953125,44469.4609375,561360000,0.30194313071683077
20250205,44873.28125,44873.28125,44886.87890625,44352.98828125,44563.62890625,552040000,0.7120071581205867
20250206,44747.62890625,44747.62890625,44966.62890625,44545.26953125,44949.19140625,542250000,-0.2800159476860187
20250207,44303.3984375,44303.3984375,44857.109375,44279.78125,44762.5703125,552510000,-0.9927463859162211
20250210,44470.41015625,44470.41015625,44622.19140625,44301.421875,44396.921875,494600000,0.37697270331440436
20250211,44593.6484375,44593.6484375,44640.6015625,44319.51171875,44401.37890625,453440000,0.27712422893557687
20250212,44368.55859375,44368.55859375,44467.2109375,44104.48046875,44357.69921875,444470000,-0.5047576317184999
20250213,44711.4296875,44711.4296875,44768.26171875,44366.62109375,44425.94140625,513960000,0.7727794289857703
20250214,44546.078125,44546.078125,44769.05078125,44498.9609375,44720.98828125,474570000,-0.36981944808226475
20250218,44556.33984375,44556.33984375,44602.01953125,44319.3203125,44583.91015625,551790000,0.023036189002323404
20250219,44627.58984375,44627.58984375,44636.19140625,44312.6484375,44478.12109375,438880000,0.15990990339389555
20250220,44176.6484375,44176.6484375,44561.109375,43950.16015625,44561.109375,448500000,-1.01045431274428
20250221,43428.01953125,43428.01953125,43959.73046875,43349.328125,43820.12890625,622550000,-1.6946258548996562
20250224,43461.2109375,43461.2109375,43699.1484375,43343.671875,43493.12109375,615500000,0.0764285514473384
20250225,43621.16015625,43621.16015625,43767.73828125,43282.98046875,43509.73828125,641310000,0.36802752454370147
20250226,43433.12109375,43433.12109375,43866.5,43318.9296875,43635.421875,590270000,-0.4310730430516996
20250227,43239.5,43239.5,43884.19140625,43224.53125,43516.44140625,739620000,-0.44579134281432786
20250228,43840.91015625,43840.91015625,43873.55078125,43100.87109375,43259.83984375,782170000,1.3908813844979662
20250303,43191.23828125,43191.23828125,44033.78125,42919.30859375,43900.48828125,731560000,-1.4818850080542512
20250304,42520.98828125,42520.98828125,43084.0,42347.75,43040.30078125,815780000,-1.551819365852647
20250305,43006.58984375,43006.58984375,43135.921875,42418.73046875,42518.37109375,582350000,1.142027930508216
20250306,42579.078125,42579.078125,42970.48828125,42381.55859375,42848.48828125,643880000,-0.9940609574095927
20250307,42801.71875,42801.71875,42898.6796875,42175.62109375,42503.0703125,763440000,0.5228873775669607
20250310,41911.7109375,41911.7109375,42541.359375,41612.921875,42507.6484375,840180000,-2.079374002942347
20250311,41433.48046875,41433.48046875,41868.26953125,41175.37109375,41837.94921875,828160000,-1.141042582258578
20250312,41350.9296875,41350.9296875,41721.359375,41010.23828125,41577.5,712360000,-0.19923689807391787
20250313,40813.5703125,40813.5703125,41360.12109375,40661.76953125,41280.05078125,646770000,-1.299509779008523
20250314,41488.19140625,41488.19140625,41528.109375,40929.5390625,41057.5703125,600240000,1.6529332978824973
20250317,41841.62890625,41841.62890625,42013.1015625,41412.75,41460.21875,564190000,0.8518990296278783
20250318,41581.30859375,41581.30859375,41787.25,41415.4296875,41772.91015625,569810000,-0.6221562575474127
20250319,41964.62890625,41964.62890625,42178.41015625,41613.19140625,41613.19140625,577530000,0.9218572610233178
20250320,41953.3203125,41953.3203125,42250.2890625,41695.609375,41795.26171875,545240000,-0.02694791791263418
20250321,41985.3515625,41985.3515625,42011.3984375,41433.859375,41763.3984375,1026600000,0.07634973766417197
20250324,42583.3203125,42583.3203125,42638.8515625,42180.140625,42180.140625,548840000,1.4242318516967778
20250325,42587.5,42587.5,42696.609375,42441.828125,42635.5390625,452200000,0.009815316112815609
20250326,42454.7890625,42454.7890625,42821.828125,42326.671875,42655.8515625,592650000,-0.3116194599354305
20250327,42299.69921875,42299.69921875,42523.83984375,42142.19140625,42432.9609375,484540000,-0.3653058869794057
20250328,41583.8984375,41583.8984375,42258.1484375,41530.0,42245.8203125,532360000,-1.692212461247744
20250331,42001.76171875,42001.76171875,42147.37890625,41148.12890625,41382.51953125,732220000,1.0048679824428808
20250401,41989.9609375,41989.9609375,42140.66015625,41519.8984375,41879.75,514610000,-0.028095919711701445
20250402,42225.3203125,42225.3203125,42382.26953125,41629.69921875,41736.078125,492050000,0.5605134411778012
20250403,40545.9296875,40545.9296875,41173.62109375,40513.109375,40986.51953125,941940000,-3.977212280620279
20250404,38314.859375,38314.859375,40097.8984375,38264.87109375,40097.8984375,1290100000,-5.5025753008885125
20250407,37965.6015625,37965.6015625,39207.01953125,36611.78125,37879.6484375,1363960000,-0.9115466380333004
20250408,37645.58984375,37645.58984375,39426.6015625,37103.859375,38827.1015625,1051220000,-0.8428991128276664
20250409,40608.44921875,40608.44921875,40778.69921875,37275.69140625,37387.91015625,1412960000,7.870402316174352
20250410,39593.66015625,39593.66015625,39996.9296875,38427.69921875,39996.9296875,1023490000,-2.4989603937681126
20250411,40212.7109375,40212.7109375,40404.26953125,39255.2109375,39493.421875,742800000,1.563509861950152
20250414,40524.7890625,40524.7890625,40778.2890625,40159.01953125,40546.1484375,667010000,0.7760683568064808
20250415,40368.9609375,40368.9609375,40791.1796875,40346.94140625,40527.8203125,529800000,-0.38452544382074905
20250416,39669.390625,39669.390625,40416.80078125,39394.75,40179.48828125,737550000,-1.732941092001572
20250417,39142.23046875,39142.23046875,39745.578125,38950.30859375,39745.578125,657400000,-1.3288839277449838
20250421,38170.41015625,38170.41015625,38906.0390625,37830.66015625,38906.0390625,604790000,-2.482792372488518
20250422,39186.98046875,39186.98046875,39272.03125,38516.23046875,38516.23046875,582330000,2.6632417842477496
20250423,39606.5703125,39606.5703125,40376.109375,39487.140625,39815.01171875,642550000,1.0707378795990818
20250424,40093.3984375,40093.3984375,40157.91015625,39371.87109375,39531.05078125,558120000,1.2291600134999747
20250425,40113.5,40113.5,40137.30859375,39718.6796875,40045.73046875,559040000,0.05013683869012908
20250428,40227.58984375,40227.58984375,40414.1796875,39869.1015625,40171.73828125,475930000,0.28441757450734517
20250429,40527.62109375,40527.62109375,40630.48828125,40222.1796875,40233.98046875,434830000,0.7458345159761404
20250430,40669.359375,40669.359375,40777.16015625,39745.62890625,40290.41015625,599760000,0.34973254640859874
20250501,40752.9609375,40752.9609375,41099.51953125,40705.62890625,40918.0390625,597270000,0.2055640014614779
20250502,41317.4296875,41317.4296875,41386.19140625,40960.421875,40960.421875,589870000,1.3850987437837636
20250505,41218.828125,41218.828125,41445.91015625,41063.44140625,41173.37890625,413440000,-0.23864398934242415
20250506,40829.0,40829.0,41164.328125,40759.41015625,41000.19140625,416110000,-0.9457525668071121
20250507,41113.96875,41113.96875,41266.91015625,40829.2890625,40956.078125,533870000,0.6979567219378424
20250508,41368.44921875,41368.44921875,41773.21875,41167.76171875,41312.5703125,514850000,0.6189635213700972
20250509,41249.37890625,41249.37890625,41512.4296875,41150.73046875,41405.48046875,373930000,-0.2878288037107102
20250512,42410.1015625,42410.1015625,42418.05078125,41899.05078125,41899.05078125,653810000,2.813915474674289
20250513,42140.4296875,42140.4296875,42507.328125,42132.0390625,42507.328125,729860000,-0.6358670813428335
20250514,42051.05859375,42051.05859375,42254.75,41952.859375,42150.08984375,660230000,-0.21207921801640328
20250515,42322.75,42322.75,42351.421875,41777.98046875,41777.98046875,736430000,0.6460988506253207
20250516,42654.73828125,42654.73828125,42663.6796875,42232.55859375,42356.19921875,621250000,0.7844203915152059
20250519,42792.0703125,42792.0703125,42842.0390625,42337.7109375,42542.80859375,536830000,0.3219619596408707
20250520,42677.23828125,42677.23828125,42800.0390625,42485.37109375,42735.109375,441530000,-0.2683488562516656
20250521,41860.44140625,41860.44140625,42439.26953125,41785.21875,42354.4609375,607900000,-1.913893466154426
20250522,41859.08984375,41859.08984375,42090.421875,41714.4296875,41763.6796875,476080000,-0.0032287344676640295
20250523,41603.0703125,41603.0703125,41788.609375,41354.08984375,41525.69921875,497060000,-0.6116223076174321
20250527,42343.6484375,42343.6484375,42350.66015625,41849.0390625,41849.0390625,501340000,1.780104495743151
20250528,42098.69921875,42098.69921875,42448.71875,42042.26171875,42361.62890625,518840000,-0.5784792472749434
20250529,42215.73046875,42215.73046875,42266.0,41828.3515625,42190.01953125,665310000,0.2779925559977414
20250530,42270.0703125,42270.0703125,42376.078125,41906.16015625,42192.3515625,796200000,0.12871942080978638
20250602,42305.48046875,42305.48046875,42317.0,41853.62109375,42199.94140625,454680000,0.0837712262795387
20250603,42519.640625,42519.640625,42568.37890625,42186.44140625,42304.5,504410000,0.5062231982170706
20250604,42427.73828125,42427.73828125,42645.0,42427.73828125,42574.12890625,409600000,-0.21614092311016408
20250605,42319.73828125,42319.73828125,42601.44921875,42211.69140625,42487.890625,532850000,-0.2545504530174991
20250606,42762.87109375,42762.87109375,42924.55859375,42582.55078125,42631.8203125,414540000,1.0471066941742713
20250609,42761.76171875,42761.76171875,42893.08984375,42567.55078125,42786.19140625,485780000,-0.0025942481681529017
20250610,42866.87109375,42866.87109375,42925.94140625,42710.08984375,42738.26953125,446850000,0.24580225597654604
20250611,42865.76953125,42865.76953125,43115.69140625,42738.62109375,42882.859375,467260000,-0.002569729191548298
20250612,42967.62109375,42967.62109375,42970.3984375,42606.421875,42737.359375,455760000,0.23760581838090378
20250613,42197.7890625,42197.7890625,42602.48046875,42081.08984375,42579.48046875,485930000,-1.7916561626028171
20250616,42515.08984375,42515.08984375,42707.73046875,42300.12890625,42300.12890625,467040000,0.7519369812954979
20250617,42215.80078125,42215.80078125,42530.828125,42132.6484375,42358.62109375,423070000,-0.7039596143391336
20250618,42171.66015625,42171.66015625,42510.0703125,42118.23046875,42236.03125,485440000,-0.10455948763999912
20250620,42206.8203125,42206.8203125,42432.19140625,42089.98828125,42291.08984375,859840000,0.08337389640276083
20250623,42581.78125,42581.78125,42609.46875,41981.140625,42178.55078125,496750000,0.8883894468329601
20250624,43089.01953125,43089.01953125,43183.48046875,42794.078125,42807.12890625,516060000,1.1912096355762403
20250625,42982.4296875,42982.4296875,43130.328125,42871.5,43130.328125,527460000,-0.24737124425098234
20250626,43386.83984375,43386.83984375,43430.98828125,43084.0703125,43084.0703125,536710000,0.9408731874634091
20250627,43819.26953125,43819.26953125,43966.37109375,43505.6015625,43505.6015625,921330000,0.9966839923288173
20250630,44094.76953125,44094.76953125,44138.69140625,43889.16015625,44020.66015625,623630000,0.6287188329406668
