date,adj close,close,high,low,open,volume,change
19940504,118.96743774414062,119.0250015258789,121.34500122070312,118.93499755859375,120.45500183105469,0,0.0
19940505,118.21279907226562,118.2699966430664,120.1050033569336,118.03500366210938,119.0250015258789,0,-0.6343246151089943
19940506,117.63807678222656,117.69499969482422,118.2699966430664,115.48999786376953,118.2699966430664,0,-0.48617313313832344
19940509,115.55408477783203,115.61000061035156,118.36000061035156,115.5199966430664,117.69499969482422,0,-1.7715273290105138
19940510,117.3832015991211,117.44000244140625,117.7750015258789,115.61000061035156,115.61000061035156,0,1.5829096284001087
19940511,115.28921508789062,115.34500122070312,118.5199966430664,115.05000305175781,117.44000244140625,0,-1.7838906481191352
19940512,114.85942077636719,114.91500091552734,117.23500061035156,114.73999786376953,115.34500122070312,0,-0.37279492013096993
19940513,113.53006744384766,113.58499908447266,115.0199966430664,111.47000122070312,114.91500091552734,0,-1.157378776015805
19940516,111.18120574951172,111.23500061035156,113.61499786376953,111.17500305175781,113.58499908447266,0,-2.068933831987274
19940517,110.70643615722656,110.76000213623047,111.47000122070312,106.91999816894531,111.23500061035156,0,-0.42702249428215877
19940518,115.6590347290039,115.71499633789062,116.83499908447266,110.76000213623047,110.76000213623047,0,4.473631370614917
19940519,118.95244598388672,119.01000213623047,119.54000091552734,115.71499633789062,115.71499633789062,0,2.8475183879523636
19940520,118.5526351928711,118.61000061035156,119.06999969482422,117.68000030517578,119.01000213623047,0,-0.3361074856725321
19940523,117.82798767089844,117.88500213623047,119.30500030517578,117.52999877929688,118.61000061035156,0,-0.611245654152559
19940524,119.04239654541016,119.0999984741211,119.67500305175781,117.82499694824219,117.88500213623047,0,1.030662353881584
19940525,119.02740478515625,119.08499908447266,119.56999969482422,117.73999786376953,119.0999984741211,0,-0.012593946129813016
19940526,117.85797119140625,117.91500091552734,119.86499786376953,117.44000244140625,119.08499908447266,0,-0.9824899676200038
19940527,118.36272430419922,118.41999816894531,118.50499725341797,116.87999725341797,117.91500091552734,0,0.4282722719730403
19940531,121.71611022949219,121.7750015258789,121.93499755859375,117.47000122070312,118.41999816894531,0,2.8331391731210243
19940601,128.18296813964844,128.2449951171875,128.5,121.28500366210938,121.7750015258789,0,5.313072067532376
19940602,128.24293518066406,128.30499267578125,129.77499389648438,128.05499267578125,128.2449951171875,0,0.04678354780154326
19940603,126.89859771728516,126.95999908447266,129.8699951171875,126.7249984741211,128.30499267578125,0,-1.0482784521934407
19940606,126.1889419555664,126.25,127.90499877929688,126.04499816894531,126.95999908447266,0,-0.5592305368561479
19940607,123.08544158935547,123.1449966430664,126.63500213623047,123.02999877929688,126.25,0,-2.4594085995513604
19940608,117.65306854248047,117.70999908447266,123.20500183105469,116.16999816894531,123.1449966430664,0,-4.413494422633335
19940609,115.55408477783203,115.61000061035156,118.36000061035156,114.75,117.70999908447266,0,-1.7840442532108591
19940610,118.77252960205078,118.83000183105469,119.36499786376953,115.61000061035156,115.61000061035156,0,2.7852272326818195
19940613,118.43269348144531,118.48999786376953,120.78500366210938,118.33000183105469,118.83000183105469,0,-0.2861263671177561
19940614,121.70111846923828,121.76000213623047,122.46499633789062,118.48999786376953,118.48999786376953,0,2.7597302147144287
19940615,122.05593872070312,122.11499786376953,124.05500030517578,121.76000213623047,121.76000213623047,0,0.29155364759427815
19940616,121.77108001708984,121.83000183105469,122.81999969482422,121.375,122.11499786376953,0,-0.23338331711947324
19940617,119.49717712402344,119.55500030517578,121.86000061035156,119.15499877929688,121.86000061035156,0,-1.8673573764151463
19940620,117.1333236694336,117.19000244140625,119.55500030517578,116.97000122070312,119.55500030517578,0,-1.9781672516688054
19940621,114.60954284667969,114.66500091552734,115.96499633789062,113.54000091552734,115.81500244140625,0,-2.1546219585935944
19940622,117.79800415039062,117.8550033569336,118.50499725341797,114.66500091552734,114.66500091552734,0,2.7820192874339122
19940623,113.92987060546875,113.98500061035156,118.83000183105469,113.94000244140625,117.8550033569336,0,-3.2836983041453105
19940624,114.11978149414062,114.17500305175781,116.0250015258789,112.71499633789062,113.98500061035156,0,0.16669074035078335
19940627,118.10784912109375,118.16500091552734,118.19499969482422,113.3949966430664,114.17500305175781,0,3.494633463649466
19940628,120.48670196533203,120.54499816894531,120.73999786376953,117.8550033569336,118.16500091552734,0,2.014130440467188
19940629,120.90149688720703,120.95999908447266,122.04000091552734,120.33999633789062,120.54499816894531,0,0.3442705394924195
19940630,119.40721893310547,119.46499633789062,121.66999816894531,119.04000091552734,120.95999908447266,0,-1.2359480472035944
19940701,120.0718994140625,120.12999725341797,120.12999725341797,118.45999908447266,119.46499633789062,0,0.5566491741618496
19940705,119.86700439453125,119.92500305175781,120.83999633789062,119.77999877929688,120.12999725341797,0,-0.17064364134439236
19940706,118.93745422363281,118.99500274658203,119.92500305175781,118.1500015258789,119.92500305175781,0,-0.7754849126619612
19940707,123.40528106689453,123.46499633789062,123.46499633789062,118.99500274658203,118.99500274658203,0,3.756454883091287
19940708,125.5692367553711,125.62999725341797,126.7249984741211,122.44000244140625,123.46499633789062,0,1.7535341835691831
19940711,125.62421417236328,125.68499755859375,126.66500091552734,124.18000030517578,125.62999725341797,0,0.043779595939041904
19940712,127.45832061767578,127.5199966430664,127.55000305175781,123.82499694824219,125.68499755859375,0,1.4599985042902164
19940713,130.44686889648438,130.50999450683594,131.3350067138672,127.5199966430664,127.5199966430664,0,2.3447286249062893
19940714,130.25198364257812,130.31500244140625,132.99000549316406,129.74000549316406,130.50999450683594,0,-0.14940776464401617
19940715,124.5197525024414,124.58000183105469,130.4199981689453,124.1500015258789,130.31500244140625,0,-4.40087518927853
19940718,124.03498840332031,124.09500122070312,125.45500183105469,123.30999755859375,124.58000183105469,0,-0.38930855933786424
19940719,121.076416015625,121.13500213623047,124.09500122070312,120.98999786376953,124.09500122070312,0,-2.385268588867895
19940720,118.5526351928711,118.61000061035156,121.20999908447266,117.9000015258789,121.13500213623047,0,-2.0844524549883947
19940721,118.53264617919922,118.58999633789062,118.61000061035156,115.36000061035156,118.61000061035156,0,-0.016865586677339284
19940722,119.9869384765625,120.04499816894531,120.16000366210938,118.58999633789062,118.58999633789062,0,1.22691784803588
19940725,119.02740478515625,119.08499908447266,120.45500183105469,118.50499725341797,120.04499816894531,0,-0.7996993620022375
19940726,118.22779846191406,118.28500366210938,119.46499633789062,117.91500091552734,119.08499908447266,0,-0.6717852193925844
19940727,116.82347106933594,116.87999725341797,118.40499877929688,116.54000091552734,118.28500366210938,0,-1.187814486361194
19940728,118.03788757324219,118.09500122070312,118.73500061035156,116.79000091552734,116.87999725341797,0,1.0395311394906903
19940729,122.39578247070312,122.45500183105469,123.22000122070312,118.09500122070312,118.09500122070312,0,3.691943405973075
19940801,124.2398910522461,124.30000305175781,124.875,122.45500183105469,122.45500183105469,0,1.5066768960965593
19940802,124.63968658447266,124.69999694824219,125.8499984741211,124.0199966430664,124.30000305175781,0,0.32179717350273584
19940803,124.72964477539062,124.79000091552734,125.2300033569336,124.06500244140625,124.69999694824219,0,0.07217639894772088
19940804,123.35531616210938,123.41500091552734,125.06999969482422,122.94000244140625,124.79000091552734,0,-1.101851101780793
19940805,124.13493347167969,124.19499969482422,124.41999816894531,121.79000091552734,123.41500091552734,0,0.6320129429247867
19940808,124.65467834472656,124.71499633789062,124.96499633789062,123.29499816894531,124.19499969482422,0,0.4186937029221349
19940809,126.66371154785156,126.7249984741211,127.05000305175781,124.71499633789062,124.71499633789062,0,1.6116763783440735
19940810,131.16653442382812,131.22999572753906,131.80999755859375,126.7249984741211,126.7249984741211,0,3.5549396785654386
19940811,131.7162628173828,131.77999877929688,133.28500366210938,130.50999450683594,131.22999572753906,0,0.4191138228029301
19940812,131.79122924804688,131.85499572753906,132.6649932861328,131.32000732421875,131.77999877929688,0,0.05691072160942667
19940815,132.18603515625,132.25,132.99000549316406,131.66000366210938,131.85499572753906,0,0.29957474897437386
19940816,134.0651397705078,134.1300048828125,134.52999877929688,132.0,132.25,0,1.4215537866257177
19940817,135.68934631347656,135.7550048828125,135.94500732421875,134.1300048828125,134.1300048828125,0,1.2115111763544073
19940818,135.5244140625,135.58999633789062,137.4550018310547,134.7949981689453,135.7550048828125,0,-0.12154877462110525
19940819,135.4244842529297,135.49000549316406,136.0050048828125,134.1750030517578,135.63499450683594,0,-0.07374500142133256
19940822,135.87925720214844,135.94500732421875,136.46499633789062,134.75,135.49000549316406,0,0.33581947937675327
19940823,135.9991912841797,136.06500244140625,137.3350067138672,135.90499877929688,135.9250030517578,0,0.08826739543388307
19940824,134.2400360107422,134.30499267578125,136.06500244140625,134.14500427246094,136.06500244140625,0,-1.293506584386317
19940825,136.4439697265625,136.50999450683594,136.71499633789062,133.6699981689453,134.30499267578125,0,1.641786941143475
19940826,138.14315795898438,138.2100067138672,139.1999969482422,136.47999572753906,136.50999450683594,0,1.245339004790691
19940829,137.38851928710938,137.4550018310547,139.46499633789062,137.4550018310547,138.2100067138672,0,-0.5462736749413333
19940830,138.89280700683594,138.9600067138672,139.4949951171875,136.36000061035156,137.4550018310547,0,1.0949073244073793
19940831,134.83474731445312,134.89999389648438,138.9600067138672,134.60000610351562,138.82000732421875,0,-2.921713170137352
19940901,131.09657287597656,131.16000366210938,134.89999389648438,130.46499633789062,134.89999389648438,0,-2.772416904069608
19940902,130.88665771484375,130.9499969482422,132.22000122070312,130.2949981689453,131.16000366210938,0,-0.1601149039368699
19940906,130.8017120361328,130.86500549316406,131.36500549316406,129.42999267578125,130.9499969482422,0,-0.06490374727669002
19940907,132.95567321777344,133.02000427246094,134.14500427246094,130.8350067138672,130.86500549316406,0,1.6467341831957194
19940908,133.80026245117188,133.86500549316406,134.88499450683594,132.89999389648438,133.02000427246094,0,0.6352437179090176
19940909,131.8612060546875,131.9250030517578,133.86500549316406,131.2899932861328,133.86500549316406,0,-1.4492229946573398
19940912,130.7117462158203,130.77499389648438,131.9250030517578,130.28500366210938,131.9250030517578,0,-0.8717143291042895
19940913,132.38095092773438,132.44500732421875,133.6699981689453,130.77499389648438,130.77499389648438,0,1.2770128125995317
19940914,132.42593383789062,132.49000549316406,132.92999267578125,131.75,132.44500732421875,0,0.03397498316803915
19940915,136.07415771484375,136.13999938964844,136.2550048828125,132.38499450683594,132.49000549316406,0,2.754920178996212
19940916,136.38400268554688,136.4499969482422,136.4499969482422,134.41000366210938,136.13999938964844,0,0.22770498015538543
19940919,135.4994354248047,135.56500244140625,138.0749969482422,135.56500244140625,136.4499969482422,0,-0.6485852155582172
19940920,133.0606231689453,133.125,135.56500244140625,133.06500244140625,135.56500244140625,0,-1.799876367398634
19940921,131.03660583496094,131.10000610351562,133.40499877929688,129.8000030517578,133.125,0,-1.5211221757629123
19940922,131.12655639648438,131.19000244140625,131.94000244140625,130.56500244140625,131.10000610351562,0,0.06864708901657135
19940923,129.92713928222656,129.99000549316406,132.92999267578125,129.9600067138672,131.19000244140625,0,-0.9147015213892828
19940926,127.9930648803711,128.05499267578125,129.99000549316406,126.73999786376953,129.99000549316406,0,-1.488585841689627
19940927,128.58279418945312,128.64500427246094,129.02999877929688,127.7300033569336,128.05499267578125,0,0.46074860835259024
19940928,128.27293395996094,128.3350067138672,130.4199981689453,128.05499267578125,128.64500427246094,0,-0.2409713150906323
19940929,129.1275177001953,129.19000244140625,129.74000549316406,127.59500122070312,128.3350067138672,0,0.6662217499589396
19940930,128.70272827148438,128.76499938964844,130.0050048828125,128.5,129.19000244140625,0,-0.32897518672203585
19941003,125.49427795410156,125.55500030517578,129.3249969482422,125.42500305175781,128.76499938964844,0,-2.4929127477872015
19941004,119.822021484375,119.87999725341797,125.70500183105469,119.75,125.55500030517578,0,-4.519933923749808
19941005,120.57666015625,120.63500213623047,121.0199966430664,117.44000244140625,119.87999725341797,0,0.6298005506427229
19941006,120.11688232421875,120.17500305175781,121.91999816894531,120.17500305175781,120.63500213623047,0,-0.3813147729323063
19941007,122.66065216064453,122.72000122070312,123.23500061035156,120.17500305175781,120.17500305175781,0,2.117743377838077
19941010,126.20393371582031,126.26499938964844,126.73999786376953,122.72000122070312,122.72000122070312,0,2.8886881793375174
19941011,128.13800048828125,128.1999969482422,130.19500732421875,126.26499938964844,126.26499938964844,0,1.5324892630161235
19941012,127.00354766845703,127.06500244140625,128.25999450683594,126.04499816894531,128.1999969482422,0,-0.8853311496521798
19941013,126.05900573730469,126.12000274658203,129.5449981689453,125.83499908447266,127.06500244140625,0,-0.7437135927809813
19941014,125.87909698486328,125.94000244140625,126.4000015258789,124.03500366210938,126.12000274658203,0,-0.14272145675215953
19941017,126.20393371582031,126.26499938964844,127.74500274658203,125.77999877929688,125.94000244140625,0,0.2580569651754461
19941018,126.85362243652344,126.91500091552734,127.625,126.26499938964844,126.26499938964844,0,0.5147915329037689
19941019,130.14703369140625,130.2100067138672,130.4199981689453,126.30999755859375,126.91500091552734,0,2.5962303703822576
19941020,130.85667419433594,130.9199981689453,131.9550018310547,129.81500244140625,130.2100067138672,0,0.5452664299743892
19941021,131.8312225341797,131.89500427246094,132.10499572753906,129.94500732421875,130.9199981689453,0,0.7447342783013511
19941024,131.73126220703125,131.7949981689453,133.2550048828125,131.66000366210938,131.89500427246094,0,-0.07582251053954714
19941025,131.271484375,131.3350067138672,132.17999267578125,130.2100067138672,131.7949981689453,0,-0.3490204191880397
19941026,135.2745361328125,135.33999633789062,135.33999633789062,131.3350067138672,131.3350067138672,0,3.049445630858272
19941027,137.72836303710938,137.7949981689453,138.38499450683594,135.30999755859375,135.33999633789062,0,1.8139514537339751
19941028,141.25665283203125,141.3249969482422,141.77000427246094,137.25,137.7949981689453,0,2.561775700282576
19941031,141.70144653320312,141.77000427246094,142.77499389648438,140.22000122070312,141.3249969482422,0,0.31488224576556867
19941101,141.56649780273438,141.63499450683594,141.77000427246094,140.49000549316406,141.77000427246094,0,-0.09523154514796683
19941102,143.23568725585938,143.30499267578125,145.64500427246094,141.5050048828125,141.63499450683594,0,1.179085842986849
19941103,142.1312255859375,142.1999969482422,144.39999389648438,141.47500610351562,143.30499267578125,0,-0.7710797139071413
19941104,139.58746337890625,139.65499877929688,142.5399932861328,139.65499877929688,142.1999969482422,0,-1.7897315214933762
19941107,138.128173828125,138.19500732421875,139.85000610351562,138.02999877929688,139.65499877929688,0,-1.0454272799682696
19941108,141.48155212402344,141.5500030517578,142.09500122070312,138.19500732421875,138.19500732421875,0,2.4277257134680097
19941109,142.07125854492188,142.13999938964844,143.8249969482422,140.52999877929688,141.5500030517578,0,0.4168112505620325
19941110,140.0472412109375,140.11500549316406,142.13999938964844,139.4199981689453,142.13999938964844,0,-1.4246474638945683
19941111,139.50250244140625,139.57000732421875,140.58999633789062,139.09500122070312,140.11500549316406,0,-0.3889648842585247
19941114,143.03079223632812,143.10000610351562,143.30499267578125,139.57000732421875,139.57000732421875,0,2.5291958114588065
19941115,142.94082641601562,143.00999450683594,145.0800018310547,142.3300018310547,143.10000610351562,0,-0.06290118297729297
19941116,142.73593139648438,142.80499267578125,143.83999633789062,142.15499877929688,143.00999450683594,0,-0.14334790499197503
19941117,142.69094848632812,142.75999450683594,143.16000366210938,141.4600067138672,142.80499267578125,0,-0.03151022110793322
19941118,143.20071411132812,143.27000427246094,143.3800048828125,141.63499450683594,142.75999450683594,0,0.35724977952460435
19941121,142.29115295410156,142.36000061035156,145.8800048828125,142.3000030517578,143.27000427246094,0,-0.6351669121045012
19941122,136.95872497558594,137.02499389648438,142.36000061035156,136.9199981689453,142.36000061035156,0,-3.747546144277869
19941123,137.10865783691406,137.1750030517578,137.30499267578125,134.05499267578125,137.02499389648438,0,0.10947576132480652
19941125,139.1526641845703,139.22000122070312,139.40499877929688,137.00999450683594,137.1750030517578,0,1.4907950599233555
19941128,139.27760314941406,139.34500122070312,140.5749969482422,138.5050048828125,139.22000122070312,0,0.08978594950723728
19941129,141.5964813232422,141.6649932861328,141.8249969482422,139.0500030517578,139.34500122070312,0,1.6649266533466323
19941130,138.30307006835938,138.3699951171875,142.3000030517578,138.3699951171875,141.6649932861328,0,-2.3259085342912655
19941201,135.79429626464844,135.86000061035156,139.40499877929688,135.01499938964844,138.3699951171875,0,-1.8139731122417069
19941202,137.5934295654297,137.66000366210938,137.72000122070312,135.23500061035156,135.86000061035156,0,1.3248955127861617
19941205,140.81686401367188,140.88499450683594,140.94000244140625,137.66000366210938,137.66000366210938,0,2.3427217484625285
19941206,139.75238037109375,139.82000732421875,142.4499969482422,139.2449951171875,140.88499450683594,0,-0.7559266239425599
19941207,138.43801879882812,138.5050048828125,140.48500061035156,138.30999755859375,139.82000732421875,0,-0.9404966188830022
19941208,131.74624633789062,131.80999755859375,139.1999969482422,131.6300048828125,138.5050048828125,0,-4.833765631706466
19941209,134.2250518798828,134.2899932861328,134.41000366210938,130.2100067138672,131.80999755859375,0,1.8814928863317926
19941212,133.5303955078125,133.59500122070312,135.2949981689453,130.50999450683594,134.2899932861328,0,-0.5175307917015592
19941213,133.04562377929688,133.11000061035156,134.52999877929688,132.99000549316406,133.59500122070312,0,-0.36303799237991097
19941214,135.2445526123047,135.30999755859375,135.55999755859375,133.0850067138672,133.11000061035156,0,1.652766086811286
19941215,135.6143798828125,135.67999267578125,136.9949951171875,135.23500061035156,135.30999755859375,0,0.2734425569901333
19941216,134.0801239013672,134.14500427246094,135.86000061035156,134.05499267578125,135.67999267578125,0,-1.1313299573860514
19941219,132.05609130859375,132.1199951171875,134.14500427246094,132.08999633789062,134.14500427246094,0,-1.5095673269803322
19941220,134.60986328125,134.6750030517578,134.7949981689453,132.1199951171875,132.1199951171875,0,1.933854094003018
19941221,136.2490692138672,136.31500244140625,136.56500244140625,134.6750030517578,134.6750030517578,0,1.217745945784876
19941222,135.2745361328125,135.33999633789062,137.1300048828125,135.05999755859375,136.31500244140625,0,-0.7152595723531774
19941223,136.7238311767578,136.7899932861328,137.2899932861328,135.33999633789062,135.33999633789062,0,1.071373568403322
19941227,140.4270477294922,140.4949951171875,140.60000610351562,136.7449951171875,136.7899932861328,0,2.7085327969164297
19941228,139.84234619140625,139.91000366210938,141.0749969482422,139.34500122070312,140.4949951171875,0,-0.4163788571900251
19941229,141.55149841308594,141.6199951171875,141.99000549316406,139.91000366210938,139.91000366210938,0,1.2222081411761287
19941230,140.0172576904297,140.0850067138672,141.86000061035156,139.22999572753906,141.6199951171875,0,-1.083878305496444
19950103,136.69384765625,136.75999450683594,140.11500549316406,136.40499877929688,140.11500549316406,0,-2.373567510920571
19950104,136.45896911621094,136.52499389648438,137.72000122070312,134.02499389648438,136.75999450683594,0,-0.17183432274839872
19950105,136.79881286621094,136.86500549316406,138.1750030517578,133.86500549316406,133.9600067138672,0,0.2490471429264396
19950106,137.6584014892578,137.72500610351562,138.27999877929688,136.4149932861328,136.86500549316406,0,0.6283568303327325
19950109,139.75238037109375,139.82000732421875,140.0449981689453,137.72500610351562,137.72500610351562,0,1.521148032571884
19950110,144.3301544189453,144.39999389648438,144.9600067138672,139.82000732421875,139.82000732421875,0,3.2756303335369052
19950111,143.75543212890625,143.8249969482422,146.27000427246094,142.9250030517578,144.39999389648438,0,-0.3981973494087465
19950112,145.98936462402344,146.05999755859375,146.4199981689453,143.46499633789062,143.8249969482422,0,1.5539722981227522
19950113,146.27423095703125,146.34500122070312,147.3249969482422,146.01499938964844,146.05999755859375,0,0.19512780150159337
19950116,147.4036865234375,147.47500610351562,148.0749969482422,146.05999755859375,146.34500122070312,0,0.7721513364903565
19950117,148.2932586669922,148.36500549316406,149.14500427246094,147.11500549316406,147.47500610351562,0,0.6034916784636302
19950118,148.96791076660156,149.0399932861328,150.5050048828125,147.98500061035156,148.36500549316406,0,0.45495080913797725
19950119,148.1732940673828,148.2449951171875,149.19000244140625,147.7899932861328,149.0399932861328,0,-0.5334126440941556
19950120,145.8944091796875,145.96499633789062,148.2449951171875,145.55999755859375,148.2449951171875,0,-1.537993763293355
19950123,144.74996948242188,144.82000732421875,145.96499633789062,142.7550048828125,145.96499633789062,0,-0.7844271177326445
19950124,146.79896545410156,146.8699951171875,147.0500030517578,144.4149932861328,144.82000732421875,0,1.415541837654577
19950125,143.72544860839844,143.7949981689453,146.8699951171875,143.10499572753906,146.8699951171875,0,-2.0936862875147844
19950126,141.28663635253906,141.35499572753906,144.26499938964844,140.96499633789062,143.7949981689453,0,-1.6968618328013663
19950127,143.75543212890625,143.8249969482422,144.27999877929688,140.875,141.35499572753906,0,1.747374550146108
19950130,139.72238159179688,139.7899932861328,144.00999450683594,139.06500244140625,143.8249969482422,0,-2.8054953921267556
19950131,139.44752502441406,139.51499938964844,141.4149932861328,138.7949981689453,139.7899932861328,0,-0.19671930015869865
19950201,141.9962921142578,142.06500244140625,142.86500549316406,139.51499938964844,139.51499938964844,0,1.827762651265874
19950202,144.07528686523438,144.14500427246094,144.27999877929688,141.8699951171875,142.06500244140625,0,1.4641198010133305
19950203,145.9243927001953,145.9949951171875,147.75999450683594,144.14500427246094,144.14500427246094,0,1.2834234901611508
19950206,147.97340393066406,148.0449981689453,148.88999938964844,145.9949951171875,145.9949951171875,0,1.404159813911643
19950207,147.2237548828125,147.2949981689453,148.41000366210938,146.22500610351562,148.0449981689453,0,-0.5066027284110763
19950208,149.8424835205078,149.9149932861328,150.06500244140625,147.2949981689453,147.2949981689453,0,1.7787400453221025
19950209,152.93099975585938,153.0050048828125,153.59500122070312,149.7949981689453,149.9149932861328,0,2.0611758230092425
19950210,155.65968322753906,155.73500061035156,156.1999969482422,153.0050048828125,153.0050048828125,0,1.784252567182354
19950213,155.51974487304688,155.59500122070312,156.82000732421875,154.8000030517578,155.73500061035156,0,-0.08989590592979324
19950214,158.8831329345703,158.9600067138672,158.9600067138672,155.5800018310547,155.59500122070312,0,2.162669408891227
19950215,159.5128173828125,159.58999633789062,160.64500427246094,158.625,158.9600067138672,0,0.39631957562598075
19950216,161.62179565429688,161.6999969482422,161.6999969482422,158.71499633789062,159.58999633789062,0,1.322138391358929
19950217,156.7141571044922,156.7899932861328,161.6999969482422,156.41000366210938,161.6999969482422,0,-3.036489644264495
19950221,157.79864501953125,157.875,158.10000610351562,155.5800018310547,156.7899932861328,0,0.6920127306129231
19950222,158.8931121826172,158.97000122070312,159.86000061035156,157.66000366210938,157.80999755859375,0,0.6935874715459311
19950223,158.86312866210938,158.94000244140625,161.625,158.61000061035156,158.97000122070312,0,-0.01887071715828137
19950224,158.74319458007812,158.82000732421875,159.21499633789062,157.2100067138672,158.94000244140625,0,-0.07549711548024973
19950227,157.76365661621094,157.83999633789062,160.55499267578125,157.3300018310547,158.82000732421875,0,-0.6170576382908188
19950228,162.08656311035156,162.1649932861328,162.1649932861328,157.83999633789062,157.83999633789062,0,2.740114703869856
19950301,164.03062438964844,164.11000061035156,165.17999267578125,161.8800048828125,162.1649932861328,0,1.1994002434217554
19950302,164.40545654296875,164.48500061035156,164.9250030517578,162.32000732421875,164.11000061035156,0,0.22850527000506382
19950303,168.79331970214844,168.875,168.9499969482422,163.92999267578125,164.48500061035156,0,2.668935996205457
19950306,170.4625244140625,170.5449981689453,171.72000122070312,165.97999572753906,168.875,0,0.988896028983155
19950307,168.44349670410156,168.52499389648438,171.05999755859375,166.6750030517578,170.5449981689453,0,-1.1844406427328202
19950308,167.6488800048828,167.72999572753906,169.38499450683594,166.55999755859375,168.52499389648438,0,-0.47173902847528204
19950309,168.27857971191406,168.36000061035156,170.35000610351562,166.1750030517578,167.72999572753906,0,0.3756065694032973
19950310,168.7333526611328,168.81500244140625,170.35000610351562,167.85000610351562,168.3300018310547,0,0.27025530375692774
19950313,171.98678588867188,172.07000732421875,172.6699981689453,168.81500244140625,168.81500244140625,0,1.928149060058959
19950314,174.44058227539062,174.52499389648438,175.03500366210938,172.07000732421875,172.07000732421875,0,1.4267370650132394
19950315,173.551025390625,173.63499450683594,174.52499389648438,172.40499877929688,174.52499389648438,0,-0.5099552618671455
19950316,172.33160400390625,172.4149932861328,173.69500732421875,171.4949951171875,173.63499450683594,0,-0.7026240442879694
19950317,171.5070037841797,171.58999633789062,172.6999969482422,170.89500427246094,172.4149932861328,0,-0.4784948991489735
19950320,174.8004150390625,174.88499450683594,174.9600067138672,171.34500122070312,171.58999633789062,0,1.9202740481775393
19950321,174.81539916992188,174.89999389648438,178.0050048828125,174.22500610351562,174.88499450683594,0,0.008576716196118106
19950322,174.23069763183594,174.31500244140625,175.2550048828125,173.55999755859375,174.89999389648438,0,-0.3344719699786558
19950323,178.74851989746094,178.8350067138672,178.94000244140625,174.2100067138672,174.31500244140625,0,2.593009327456075
19950324,181.6571044921875,181.7449951171875,183.375,178.8350067138672,178.8350067138672,0,1.627191709717235
19950327,185.00048828125,185.08999633789062,185.1199951171875,181.86500549316406,181.98500061035156,0,1.8404915186502446
19950328,185.585205078125,185.6750030517578,186.8800048828125,184.4250030517578,185.43499755859375,0,0.31606608970871086
19950329,180.5426483154297,180.6300048828125,185.88499450683594,177.66000366210938,185.57000732421875,0,-2.7171122046724783
19950330,175.4201202392578,175.5050048828125,181.11000061035156,173.5449981689453,181.0500030517578,0,-2.837291624569771
19950331,174.3506317138672,174.43499755859375,176.52999877929688,171.69000244140625,173.63499450683594,0,-0.6096733964556789
19950403,177.04434204101562,177.1300048828125,177.1300048828125,172.97000122070312,174.375,0,1.544992324899419
19950404,172.55650329589844,172.63999938964844,178.6699981689453,172.25,177.40499877929688,0,-2.534864432558792
19950405,174.3356475830078,174.4199981689453,175.11000061035156,169.65499877929688,171.88499450683594,0,1.0310465625520626
19950406,173.9108428955078,173.9949951171875,176.875,173.6649932861328,175.23500061035156,0,-0.24366646956741622
19950407,177.6790313720703,177.76499938964844,177.88499450683594,173.8000030517578,174.36000061035156,0,2.16673144530497
19950410,180.75253295898438,180.83999633789062,181.30499267578125,177.85499572753906,177.92999267578125,0,1.7298101194273885
19950411,180.992431640625,181.0800018310547,183.5800018310547,179.36000061035156,182.31500244140625,0,0.13271704159716347
19950412,182.98147583007812,183.07000732421875,183.49000549316406,180.2050018310547,181.52999877929688,0,1.0989648072903702
19950413,187.6492156982422,187.74000549316406,187.93499755859375,183.5800018310547,183.5800018310547,0,2.5509356978801634
19950417,181.58213806152344,181.6699981689453,189.15499877929688,180.99000549316406,188.40499877929688,0,-3.233198650587965
19950418,181.38223266601562,181.47000122070312,184.36500549316406,179.8000030517578,183.25,0,-0.11008804439806008
19950419,178.3437042236328,178.42999267578125,181.52999877929688,175.33999633789062,181.52999877929688,0,-1.6752127208202516
19950420,178.71353149414062,178.8000030517578,179.8000030517578,176.3350067138672,179.14999389648438,0,0.20737005613675752
19950421,179.72804260253906,179.81500244140625,181.0500030517578,177.43499755859375,178.8800048828125,0,0.5676730270270935
19950424,188.19393920898438,188.28500366210938,188.5850067138672,179.2550048828125,179.5749969482422,0,4.7103974116192715
19950425,191.53732299804688,191.6300048828125,191.88499450683594,188.43499755859375,188.4949951171875,0,1.7765627403369733
19950426,195.98016357421875,196.0749969482422,196.3300018310547,190.35000610351562,190.51499938964844,0,2.319569979736702
19950427,196.20506286621094,196.3000030517578,198.2899932861328,195.60499572753906,196.2550048828125,0,0.11475512279366384
19950428,197.15460205078125,197.25,197.80999755859375,194.49000549316406,196.7550048828125,0,0.4839515707963038
19950501,194.9706573486328,195.06500244140625,199.1649932861328,194.94500732421875,197.80999755859375,0,-1.107730067728141
19950502,194.56585693359375,194.66000366210938,195.32000732421875,192.71499633789062,194.52000427246094,0,-0.20762247160073244
19950503,199.63839721679688,199.73500061035156,199.76499938964844,194.44500732421875,194.8249969482422,0,2.6071082157438807
19950504,202.14219665527344,202.24000549316406,207.0,200.49000549316406,200.5500030517578,0,1.2541642051506763
19950505,201.5074920654297,201.60499572753906,203.86500549316406,200.8800048828125,203.26499938964844,0,-0.3139882062782373
19950508,204.22119140625,204.32000732421875,206.5500030517578,200.30999755859375,201.0,0,1.3466985710755441
19950509,203.61647033691406,203.71499633789062,206.2449951171875,200.01499938964844,204.7100067138672,0,-0.29610951675822506
19950510,202.1871795654297,202.28500366210938,205.66000366210938,201.21499633789062,204.86000061035156,0,-0.7019574903604053
19950511,205.8004150390625,205.89999389648438,206.39500427246094,200.42999267578125,201.4250030517578,0,1.7870777214970213
19950512,208.2542266845703,208.35499572753906,211.5500030517578,205.5850067138672,205.7949981689453,0,1.192327296662743
19950515,210.49815368652344,210.60000610351562,210.80499267578125,208.02499389648438,208.80999755859375,0,1.0774929432996627
19950516,213.13687133789062,213.24000549316406,213.77999877929688,209.5,210.31500244140625,0,1.2535609274155535
19950517,220.05352783203125,220.16000366210938,221.67999267578125,215.64999389648438,215.7100067138672,0,3.245168819491129
19950518,220.30340576171875,220.41000366210938,228.19000244140625,220.25999450683594,220.8350067138672,0,0.1135537771809414
19950519,220.4583282470703,220.56500244140625,221.1649932861328,218.13499450683594,219.1750030517578,0,0.0703229330436761
19950522,225.48590087890625,225.59500122070312,225.8800048828125,221.31500244140625,221.31500244140625,0,2.2805063013716875
19950523,232.60244750976562,232.71499633789062,232.75,227.05499267578125,227.0850067138672,0,3.1560961362888884
19950524,226.69529724121094,226.80499267578125,235.63999938964844,225.5500030517578,234.2449951171875,0,-2.5395886621454977
19950525,226.93019104003906,227.0399932861328,227.92999267578125,222.99000549316406,226.6750030517578,0,0.10361350849428241
19950526,221.95761108398438,222.06500244140625,226.48500061035156,220.32000732421875,226.48500061035156,0,-2.191239866033956
19950530,210.9029541015625,211.0050048828125,223.30499267578125,210.875,222.47999572753906,0,-4.980522566365231
19950531,213.9664764404297,214.07000732421875,214.4499969482422,206.85499572753906,211.47999572753906,0,1.4525733373521144
19950601,219.33888244628906,219.44500732421875,220.80999755859375,214.43499755859375,214.43499755859375,0,2.510860847432639
19950602,223.7367401123047,223.84500122070312,226.07000732421875,216.97999572753906,218.19000244140625,0,2.0050553667797066
19950605,223.64178466796875,223.75,227.67999267578125,223.3699951171875,224.6750030517578,0,-0.042440626408923876
19950606,218.87908935546875,218.98500061035156,225.56500244140625,218.6649932861328,223.625,0,-2.1296086657646596
19950607,220.28842163085938,220.39500427246094,221.01499938964844,217.125,218.75999450683594,0,0.6438813883048677
19950608,224.31146240234375,224.4199981689453,224.4499969482422,220.60499572753906,220.63499450683594,0,1.8262636713437086
19950609,225.51588439941406,225.625,226.86500549316406,222.10000610351562,224.51499938964844,0,0.5369404869826067
19950612,223.6917724609375,223.8000030517578,227.97999572753906,223.14500427246094,226.48500061035156,0,-0.8088629133483405
19950613,224.62631225585938,224.73500061035156,227.56500244140625,223.63999938964844,225.69000244140625,0,0.4177826388936712
19950614,229.10914611816406,229.22000122070312,229.93499755859375,223.11500549316406,224.0050048828125,0,1.9956840715379842
19950615,233.65194702148438,233.76499938964844,234.8000030517578,229.57000732421875,229.57000732421875,0,1.9828104636336663
19950616,234.98629760742188,235.10000610351562,236.1649932861328,233.17999267578125,234.11500549316406,0,0.5710892209495944
19950619,244.26181030273438,244.3800048828125,246.5850067138672,235.4250030517578,235.4550018310547,0,3.947255864898125
19950620,249.98904418945312,250.11000061035156,250.4499969482422,245.6699981689453,245.6699981689453,0,2.344707264527135
19950621,243.4871826171875,243.60499572753906,252.69000244140625,243.16000366210938,251.05999755859375,0,-2.6008575694446923
19950622,250.2139434814453,250.3350067138672,251.92999267578125,244.02499389648438,244.05999755859375,0,2.7626736332843294
19950623,251.50831604003906,251.6300048828125,252.875,248.80999755859375,249.875,0,0.5173060635604632
19950626,245.50120544433594,245.6199951171875,252.64500427246094,243.74000549316406,251.19000244140625,0,-2.3884312876057634
19950627,240.6785430908203,240.7949981689453,246.39999389648438,240.72500610351562,244.92999267578125,0,-1.964415375034978
19950628,238.0548095703125,238.1699981689453,241.36500549316406,234.36000061035156,240.22999572753906,0,-1.0901389231342207
19950629,243.78204345703125,243.89999389648438,245.56500244140625,238.52499389648438,238.55999755859375,0,2.4058427894324996
19950630,243.88699340820312,244.0050048828125,246.77499389648438,242.625,244.48500061035156,0,0.04305493602132504
19950703,243.64210510253906,243.75999450683594,244.27000427246094,242.72999572753906,243.99000549316406,0,-0.10041202888204648
19950705,244.6865997314453,244.80499267578125,247.42999267578125,243.35000610351562,244.1300048828125,0,0.4286996195005166
19950706,252.43284606933594,252.55499267578125,252.55499267578125,244.83999633789062,245.40499877929688,0,3.1657851072768306
19950707,263.08270263671875,263.2099914550781,263.25,252.17999267578125,252.2550048828125,0,4.218882654588918
19950710,264.3670654296875,264.4949951171875,266.8999938964844,261.1549987792969,263.67498779296875,0,0.48820474291482174
19950711,260.4239807128906,260.54998779296875,263.3900146484375,259.5050048828125,263.3550109863281,0,-1.4915243755258434
19950712,276.6611328125,276.7950134277344,277.3450012207031,263.25,263.25,0,6.234897868302269
19950713,278.5052490234375,278.6400146484375,283.9599914550781,274.3500061035156,276.760009765625,0,0.6665586918836564
19950714,279.924560546875,280.05999755859375,280.7349853515625,272.2049865722656,275.5199890136719,0,0.5096119851801806
19950717,282.3183898925781,282.4549865722656,285.7550048828125,281.4800109863281,281.4800109863281,0,0.8551699759158815
19950718,275.5616760253906,275.69500732421875,283.6400146484375,273.2699890136719,283.42999267578125,0,-2.393294354644837
19950719,262.41302490234375,262.5400085449219,267.1499938964844,246.34500122070312,267.1499938964844,0,-4.77157671695756
19950720,262.25311279296875,262.3800048828125,264.70001220703125,259.6499938964844,263.7449951171875,0,-0.0609444872787801
19950721,263.3525695800781,263.4800109863281,266.07000732421875,261.760009765625,262.18499755859375,0,0.4192415896961732
19950724,275.9864501953125,276.1199951171875,276.4100036621094,263.6400146484375,263.6400146484375,0,4.797321847506408
19950725,283.1130065917969,283.25,285.55999755859375,278.5299987792969,278.5299987792969,0,2.582212447087162
19950726,284.0025939941406,284.1400146484375,288.42999267578125,283.3599853515625,284.739990234375,0,0.3142152333406978
19950727,287.260986328125,287.3999938964844,290.3800048828125,285.30999755859375,285.30999755859375,0,1.1473143802291919
19950728,283.80267333984375,283.94000244140625,287.989990234375,282.80999755859375,287.010009765625,0,-1.2038940600410553
19950731,282.0135498046875,282.1499938964844,284.7099914550781,277.2200012207031,284.3900146484375,0,-0.6304178803729021
19950801,273.3876953125,273.5199890136719,282.3299865722656,271.1199951171875,282.3299865722656,0,-3.058658539605952
19950802,262.23309326171875,262.3599853515625,278.2699890136719,262.3299865722656,275.55999755859375,0,-4.080141894694044
19950803,261.8432922363281,261.9700012207031,263.7300109863281,254.80999755859375,259.05999755859375,0,-0.1486446686360332
19950804,264.8918151855469,265.0199890136719,267.1499938964844,262.0400085449219,262.1099853515625,0,1.1642507839663807
19950807,265.3216247558594,265.45001220703125,268.8500061035156,264.3800048828125,265.94000244140625,0,0.16226066379363413
19950808,267.4805603027344,267.6099853515625,268.0,265.3800048828125,266.760009765625,0,0.8137024091928291
19950809,271.4186706542969,271.54998779296875,272.260009765625,269.4200134277344,269.9100036621094,0,1.4722927607615954
19950810,268.2301940917969,268.3599853515625,273.9100036621094,266.54998779296875,272.82000732421875,0,-1.1747385692531642
19950811,273.8075256347656,273.94000244140625,273.94000244140625,270.75,271.3500061035156,0,2.0793029491836146
19950814,281.91357421875,282.04998779296875,282.07000732421875,273.17999267578125,273.8900146484375,0,2.9604969260731417
19950815,285.931640625,286.07000732421875,286.1300048828125,279.9200134277344,283.9599914550781,0,1.4252861922478655
19950816,299.635009765625,299.7799987792969,299.7799987792969,292.54998779296875,292.760009765625,0,4.7925301863399605
19950817,296.2366638183594,296.3800048828125,301.79998779296875,295.45001220703125,299.6700134277344,0,-1.1341630229932398
19950818,293.6479187011719,293.7900085449219,298.3299865722656,292.5799865722656,297.54998779296875,0,-0.8738768794186003
19950821,275.23681640625,275.3699951171875,294.7699890136719,275.1000061035156,294.30999755859375,0,-6.2697889281411285
19950822,283.9526062011719,284.0899963378906,284.44000244140625,276.45001220703125,276.8699951171875,0,3.166649008724498
19950823,286.98114013671875,287.1199951171875,289.92999267578125,284.489990234375,285.3599853515625,0,1.0665629970627588
19950824,282.54327392578125,282.67999267578125,288.4700012207031,280.6700134277344,287.5899963378906,0,-1.5463926291842123
19950825,277.4257507324219,277.55999755859375,283.32000732421875,277.4599914550781,282.6300048828125,0,-1.811233638689047
19950828,268.9798278808594,269.1099853515625,278.0199890136719,268.7200012207031,277.9800109863281,0,-3.044391224008214
19950829,269.2796936035156,269.4100036621094,269.8800048828125,255.6199951171875,268.7200012207031,0,0.11148538771421634
19950830,270.3092041015625,270.44000244140625,274.7699890136719,267.54998779296875,271.3800048828125,0,0.38231645644037915
19950831,275.4967041015625,275.6300048828125,276.9200134277344,270.1600036621094,271.1199951171875,0,1.9190956938889725
19950901,273.87750244140625,274.010009765625,278.260009765625,272.5799865722656,275.19000244140625,0,-0.5877426580884304
19950905,288.6903076171875,288.8299865722656,289.0899963378906,275.0899963378906,275.0899963378906,0,5.408553074143874
19950906,293.3980407714844,293.5400085449219,296.4100036621094,290.8599853515625,290.92999267578125,0,1.630724714062115
19950907,292.5584411621094,292.70001220703125,300.3999938964844,291.5799865722656,295.510009765625,0,-0.28616076631410303
19950908,297.2461853027344,297.3900146484375,297.6300048828125,288.42999267578125,293.4599914550781,0,1.602323965087149
19950911,301.5041198730469,301.6499938964844,303.69000244140625,297.6700134277344,297.8299865722656,0,1.4324553744962998
19950912,296.42657470703125,296.57000732421875,303.8500061035156,296.19000244140625,302.92999267578125,0,-1.684066525792438
19950913,295.00726318359375,295.1499938964844,299.260009765625,290.80999755859375,296.3900146484375,0,-0.47881221723879985
19950914,284.9621276855469,285.1000061035156,294.3800048828125,284.7799987792969,294.1400146484375,0,-3.405044215075781
19950915,277.70562744140625,277.8399963378906,284.1499938964844,274.8299865722656,283.9599914550781,0,-2.5464782918976803
19950918,284.282470703125,284.4200134277344,284.5799865722656,274.5400085449219,277.9700012207031,0,2.3682756898116164
19950919,291.448974609375,291.5899963378906,293.5899963378906,284.3399963378906,284.5,0,2.520913638863176
19950920,289.99969482421875,290.1400146484375,295.9100036621094,289.8500061035156,293.54998779296875,0,-0.49726729574526285
19950921,283.5827941894531,283.7200012207031,289.5899963378906,282.3299865722656,288.6400146484375,0,-2.212729407735603
19950922,280.4842834472656,280.6199951171875,283.8800048828125,279.1099853515625,281.7300109863281,0,-1.0926286797468876
19950925,274.247314453125,274.3800048828125,281.0299987792969,272.70001220703125,280.8699951171875,0,-2.2236441960485243
19950926,270.2392272949219,270.3699951171875,279.6700134277344,269.6199951171875,275.6600036621094,0,-1.4614803171745905
19950927,272.1783142089844,272.30999755859375,272.30999755859375,256.6499938964844,268.1000061035156,0,0.7175361454459406
19950928,283.8726501464844,284.010009765625,284.25,273.04998779296875,273.04998779296875,0,4.296578279140761
19950929,274.94696044921875,275.0799865722656,286.07000732421875,274.9100036621094,285.0,0,-3.1442635422352705
19951002,270.3591613769531,270.489990234375,278.510009765625,268.5899963378906,275.0799865722656,0,-1.6686042467450868
19951003,266.4610595703125,266.5899963378906,271.1499938964844,263.3800048828125,270.8599853515625,0,-1.441825589592094
19951004,248.73963928222656,248.86000061035156,262.1400146484375,248.8000030517578,262.1400146484375,0,-6.650660554069365
19951005,256.2760009765625,256.3999938964844,257.6000061035156,247.72000122070312,248.4199981689453,0,3.0298132555012014
19951006,251.52828979492188,251.64999389648438,262.0400085449219,251.47999572753906,259.8699951171875,0,-1.8525741470640233
19951009,237.39512634277344,237.50999450683594,249.0399932861328,236.75,248.6300048828125,0,-5.618915053685591
19951010,241.94293212890625,242.05999755859375,244.3300018310547,223.75,230.57000732421875,0,1.9157101414639
19951011,247.81008911132812,247.92999267578125,250.82000732421875,244.0399932861328,248.0500030517578,0,2.425016597699736
19951012,252.32791137695312,252.4499969482422,255.57000732421875,249.0399932861328,249.11000061035156,0,1.8230970056017926
19951013,245.4612274169922,245.5800018310547,257.20001220703125,245.36000061035156,254.9499969482422,0,-2.7213290553518954
19951016,242.9024658203125,243.02000427246094,250.4600067138672,242.8000030517578,245.6300048828125,0,-1.04242916341164
19951017,261.2236022949219,261.3500061035156,261.5799865722656,243.2899932861328,246.1999969482422,0,7.542589708172365
19951018,263.48248291015625,263.6099853515625,271.1199951171875,261.75,265.3699951171875,0,0.8647328085968242
19951019,260.873779296875,261.0,263.3399963378906,256.9800109863281,263.3399963378906,0,-0.9900935080595308
19951020,251.77816772460938,251.89999389648438,262.05999755859375,251.11000061035156,261.92999267578125,0,-3.4865923768259144
19951023,258.86474609375,258.989990234375,260.4700012207031,248.32000732421875,250.22000122070312,0,2.8146075862170106
19951024,253.63726806640625,253.75999450683594,261.9200134277344,253.60000610351562,260.69000244140625,0,-2.0193814142415834
19951025,247.3003387451172,247.4199981689453,254.67999267578125,247.35000610351562,254.50999450683594,0,-2.4984223183847187
19951026,249.10946655273438,249.22999572753906,250.39999389648438,240.61000061035156,247.5500030517578,0,0.7315486104554125
19951027,250.93858337402344,251.05999755859375,254.25999450683594,248.5399932861328,249.60000610351562,0,0.7342622727704251
19951030,258.3550109863281,258.4800109863281,259.760009765625,252.25,252.55999755859375,0,2.9554741893927705
19951031,254.47686767578125,254.60000610351562,261.17999267578125,254.5500030517578,260.2099914550781,0,-1.5010850812048782
19951101,250.48880004882812,250.61000061035156,255.58999633789062,249.86000061035156,254.60000610351562,0,-1.5671662991012636
19951102,256.05609130859375,256.17999267578125,257.5199890136719,249.25,251.14999389648438,0,2.222573740818068
19951103,259.7943115234375,259.9200134277344,261.17999267578125,257.0899963378906,257.0899963378906,0,1.4599191423533497
19951106,254.58682250976562,254.7100067138672,260.6199951171875,254.41000366210938,259.6199951171875,0,-2.004465391163779
19951107,240.57359313964844,240.69000244140625,250.55999755859375,236.44000244140625,250.55999755859375,0,-5.504300539008877
19951108,234.5764923095703,234.69000244140625,246.30999755859375,233.22000122070312,242.5,0,-2.492833079537915
19951109,248.62969970703125,248.75,249.52000427246094,241.27999877929688,241.27999877929688,0,5.990880485888628
19951110,248.76962280273438,248.88999938964844,253.0800018310547,247.6699981689453,248.02999877929688,0,0.05628116166771502
19951113,241.7030487060547,241.82000732421875,249.88999938964844,241.82000732421875,248.16000366210938,0,-2.8406091376782516
19951114,231.47799682617188,231.58999633789062,238.3800048828125,231.08999633789062,237.6999969482422,0,-4.230423735209099
19951115,232.0677032470703,232.17999267578125,234.35000610351562,226.7899932861328,233.72000122070312,0,0.25475899098414967
19951116,231.2081298828125,231.32000732421875,235.63999938964844,230.0500030517578,231.86000061035156,0,-0.37039597669528135
19951117,229.07916259765625,229.19000244140625,231.82000732421875,227.89999389648438,230.72999572753906,0,-0.9208044334129251
19951120,217.67466735839844,217.77999877929688,231.86000061035156,216.74000549316406,230.3699951171875,0,-4.978403743865922
19951121,214.50621032714844,214.61000061035156,218.41000366210938,210.49000549316406,218.10000610351562,0,-1.4555965592404352
19951122,209.49864196777344,209.60000610351562,218.67999267578125,209.22000122070312,215.9199981689453,0,-2.3344646067692487
19951124,216.8350830078125,216.94000244140625,217.2100067138672,210.24000549316406,210.25999450683594,0,3.5019065477820632
19951127,213.9564666748047,214.05999755859375,221.3300018310547,213.66000366210938,218.5,0,-1.3275582420952392
19951128,230.07867431640625,230.19000244140625,230.27999877929688,213.83999633789062,214.05999755859375,0,7.53527285190092
19951129,232.5674591064453,232.67999267578125,235.25999450683594,229.14999389648438,231.86000061035156,0,1.0817108510213558
19951130,227.39996337890625,227.50999450683594,236.47999572753906,226.47000122070312,231.58999633789062,0,-2.221934988690344
19951201,222.36241149902344,222.47000122070312,228.3300018310547,221.27000427246094,227.9199981689453,0,-2.2152843425880198
19951204,227.0001678466797,227.11000061035156,232.64999389648438,224.33999633789062,224.44000244140625,0,2.0856741871661644
19951205,221.3828887939453,221.49000549316406,227.8300018310547,220.9499969482422,227.2899932861328,0,-2.4745696367768577
19951206,217.15492248535156,217.25999450683594,223.91000366210938,215.6999969482422,222.44000244140625,0,-1.909797679994496
19951207,215.7955780029297,215.89999389648438,218.63999938964844,214.1999969482422,217.77999877929688,0,-0.62597838752535
19951208,222.0225830078125,222.1300048828125,222.52999877929688,213.92999267578125,217.27999877929688,0,2.885600353150153
19951211,221.97259521484375,222.0800018310547,224.75,221.6699981689453,223.6199951171875,0,-0.022510714743018134
19951212,214.95599365234375,215.05999755859375,221.72000122070312,214.7899932861328,221.36000061035156,0,-3.1610249525309997
19951213,215.59567260742188,215.6999969482422,218.67999267578125,214.39999389648438,215.55999755859375,0,0.29759108942335466
19951214,207.34967041015625,207.4499969482422,216.9199981689453,206.5,216.3300018310547,0,-3.8247566605110417
19951215,200.5129852294922,200.61000061035156,207.36000061035156,199.94000244140625,207.36000061035156,0,-3.297178326590755
19951218,193.36643981933594,193.4600067138672,196.80999755859375,190.05999755859375,196.77000427246094,0,-3.5641263519917588
19951219,205.220703125,205.32000732421875,205.32000732421875,194.4600067138672,194.4600067138672,0,6.130466348992147
19951220,200.81283569335938,200.91000366210938,207.5,200.4600067138672,206.72999572753906,0,-2.147868451585233
19951221,203.28164672851562,203.3800048828125,205.60000610351562,201.75,201.7899932861328,0,1.2294067869597747
19951222,205.65049743652344,205.75,206.08999633789062,203.64999389648438,203.64999389648438,0,1.1653038943297833
19951226,206.50009155273438,206.60000610351562,207.47999572753906,204.10000610351562,205.63999938964844,0,0.41312568822144957
19951227,204.15121459960938,204.25,207.8800048828125,203.5399932861328,207.1199951171875,0,-1.1374666186302895
19951228,199.99322509765625,200.08999633789062,201.83999633789062,199.38999938964844,201.83999633789062,0,-2.0367214991967586
19951229,200.56295776367188,200.66000366210938,203.75,198.13999938964844,199.86000061035156,0,0.284875473362578
19960102,201.78236389160156,201.8800048828125,204.75999450683594,199.69000244140625,202.36000061035156,0,0.6079942182984688
19960103,193.7262725830078,193.82000732421875,199.9499969482422,193.55999755859375,199.9499969482422,0,-3.9924694688175943
19960104,196.52490234375,196.6199951171875,196.86000061035156,187.32000732421875,194.8300018310547,0,1.444633003384932
19960105,196.0651397705078,196.16000366210938,198.66000366210938,193.67999267578125,194.39999389648438,0,-0.23394947945348799
19960108,194.49588012695312,194.58999633789062,197.0500030517578,193.50999450683594,196.27999877929688,0,-0.8003707661645043
19960109,179.51315307617188,179.60000610351562,193.24000549316406,177.9199981689453,193.14999389648438,0,-7.7033714561287265
19960110,176.71449279785156,176.8000030517578,182.17999267578125,174.5,179.60000610351562,0,-1.5590216907587329
19960111,184.89053344726562,184.97999572753906,186.5399932861328,180.3300018310547,180.4199981689453,0,4.626692610059835
19960112,179.6830596923828,179.77000427246094,185.77000427246094,177.77999877929688,185.44000244140625,0,-2.8165161506177316
19960115,165.68983459472656,165.77000427246094,180.00999450683594,165.72999572753906,179.77000427246094,0,-7.787728579447261
19960116,172.58648681640625,172.6699981689453,173.41000366210938,163.77000427246094,168.6699981689453,0,4.16238988879043
19960117,170.21763610839844,170.3000030517578,177.99000549316406,166.5500030517578,167.47000122070312,0,-1.3725575620083252
19960118,171.66693115234375,171.75,173.97000122070312,169.2899932861328,172.6199951171875,0,0.8514368304512132
19960119,173.78590393066406,173.8699951171875,175.22000122070312,170.05999755859375,171.6999969482422,0,1.2343494132096122
19960122,179.44317626953125,179.52999877929688,180.4199981689453,174.22999572753906,174.22999572753906,0,3.2553078858112094
19960123,179.3532257080078,179.44000244140625,181.0,177.77000427246094,180.22999572753906,0,-0.050128857852471675
19960124,191.1275177001953,191.22000122070312,191.50999450683594,180.86000061035156,180.86000061035156,0,6.564867710110223
19960125,187.55923461914062,187.64999389648438,194.91000366210938,186.7899932861328,193.8699951171875,0,-1.8669633414018727
19960126,187.79913330078125,187.88999938964844,188.69000244140625,183.85000610351562,186.4199981689453,0,0.12790061336023228
19960129,184.43077087402344,184.52000427246094,189.72000122070312,184.27999877929688,189.2899932861328,0,-1.7936000469076396
19960130,186.20989990234375,186.3000030517578,187.94000244140625,185.0,185.14999389648438,0,0.9646643930641519
19960131,186.6396942138672,186.72999572753906,187.10000610351562,183.6300048828125,187.0,0,0.23080658547374178
19960201,194.03611755371094,194.1300048828125,194.4199981689453,185.85000610351562,186.3300018310547,0,3.962946138589807
19960202,195.87522888183594,195.97000122070312,196.1300048828125,193.52999877929688,194.5399932861328,0,0.9478165618969303
19960205,206.39013671875,206.49000549316406,206.52000427246094,196.66000366210938,197.10000610351562,0,5.36817074395648
19960206,211.01788330078125,211.1199951171875,211.99000549316406,207.8699951171875,207.88999938964844,0,2.242234249045394
19960207,203.2916259765625,203.38999938964844,211.38999938964844,200.74000549316406,210.8300018310547,0,-3.66142284308425
19960208,201.72239685058594,201.82000732421875,204.80999755859375,198.86000061035156,202.00999450683594,0,-0.7719121245592486
19960209,199.53346252441406,199.6300048828125,202.05999755859375,197.47999572753906,202.05999755859375,0,-1.0851265295457435
19960212,199.81332397460938,199.91000366210938,201.86000061035156,198.8300018310547,199.64999389648438,0,0.1402588651246317
19960213,193.77622985839844,193.8699951171875,196.9499969482422,191.47999572753906,195.22000122070312,0,-3.0213638308620006
19960214,194.17605590820312,194.27000427246094,199.07000732421875,192.86000061035156,196.08999633789062,0,0.20632855281790263
19960215,191.6272735595703,191.72000122070312,194.24000549316406,191.19000244140625,193.74000549316406,0,-1.3126077086926258
19960216,193.31646728515625,193.41000366210938,194.63999938964844,190.30999755859375,192.3300018310547,0,0.8814951130011517
19960220,194.6158447265625,194.7100067138672,197.30999755859375,190.66000366210938,192.1300048828125,0,0.6721488170947643
19960221,198.27406311035156,198.3699951171875,198.69000244140625,195.50999450683594,195.60000610351562,0,1.8797125351132093
19960222,207.3296661376953,207.42999267578125,208.8300018310547,200.52000427246094,200.8800048828125,0,4.567221748047912
19960223,204.93084716796875,205.02999877929688,209.9199981689453,201.5399932861328,208.86000061035156,0,-1.1570139233604615
19960226,203.39158630371094,203.49000549316406,205.67999267578125,202.2100067138672,203.88999938964844,0,-0.7511063236119497
19960227,196.8147735595703,196.91000366210938,202.5399932861328,196.86000061035156,202.25,0,-3.233574943942752
19960228,196.35498046875,196.4499969482422,200.19000244140625,196.1300048828125,197.0,0,-0.23361266838253236
19960229,186.08995056152344,186.17999267578125,193.85000610351562,185.82000732421875,193.27000427246094,0,-5.2277955876816495
19960301,178.6735382080078,178.75999450683594,185.41000366210938,177.47999572753906,185.2899932861328,0,-3.9853896556257262
19960304,176.43463134765625,176.52000427246094,181.33999633789062,176.30999755859375,179.22000122070312,0,-1.2530713264758742
19960305,180.0928497314453,180.17999267578125,181.14999389648438,176.5399932861328,176.91000366210938,0,2.073412822759213
19960306,171.52700805664062,171.61000061035156,180.22999572753906,171.3300018310547,180.22999572753906,0,-4.756350546006882
19960307,170.84732055664062,170.92999267578125,171.99000549316406,169.61000061035156,171.55999755859375,0,-0.3962519271323295
19960308,172.62648010253906,172.7100067138672,174.25999450683594,165.8000030517578,168.2100067138672,0,1.0413702184275175
19960311,174.43560791015625,174.52000427246094,177.41000366210938,174.22999572753906,174.94000244140625,0,1.0479980824692037
19960312,172.62648010253906,172.7100067138672,174.4199981689453,170.25999450683594,173.77000427246094,0,-1.0371289905356518
19960313,175.42510986328125,175.50999450683594,176.3300018310547,172.22999572753906,174.8800048828125,0,1.6212076220965876
19960314,173.25616455078125,173.33999633789062,177.33999633789062,173.33999633789062,176.57000732421875,0,-1.2363957819284122
19960315,182.7415771484375,182.8300018310547,183.02999877929688,175.27000427246094,175.27000427246094,0,5.474792715851473
19960318,188.8885955810547,188.97999572753906,189.6999969482422,184.6199951171875,184.7100067138672,0,3.3637771891329438
19960319,186.6197052001953,186.7100067138672,190.75999450683594,185.75,190.75999450683594,0,-1.2011795242839463
19960320,179.88296508789062,179.97000122070312,185.77000427246094,178.92999267578125,185.67999267578125,0,-3.609879090997581
19960321,178.9833984375,179.07000732421875,180.97999572753906,177.82000732421875,179.94000244140625,0,-0.5000799524253363
19960322,178.9833984375,179.07000732421875,180.4199981689453,177.6300048828125,179.2899932861328,0,0.0
19960325,173.79591369628906,173.8800048828125,180.47000122070312,173.72999572753906,179.94000244140625,0,-2.8983091691113794
19960326,175.2552032470703,175.33999633789062,177.6300048828125,173.0,173.33999633789062,0,0.8396545974691527
19960327,177.37417602539062,177.4600067138672,179.77000427246094,176.22999572753906,176.4199981689453,0,1.2090854455655276
19960328,175.49508666992188,175.5800018310547,178.11000061035156,174.86000061035156,176.7100067138672,0,-1.059396377598354
19960329,175.90489196777344,175.99000549316406,177.32000732421875,175.41000366210938,176.08999633789062,0,0.23351387278369717
19960401,176.09478759765625,176.17999267578125,177.7899932861328,175.61000061035156,176.3000030517578,0,0.10795339319684683
19960402,174.62551879882812,174.7100067138672,176.47000122070312,174.27999877929688,176.27999877929688,0,-0.8343660023980348
19960403,178.96340942382812,179.0500030517578,179.38999938964844,173.27000427246094,174.05999755859375,0,2.484114344405297
19960404,178.1737823486328,178.25999450683594,179.60000610351562,177.44000244140625,179.1199951171875,0,-0.4412223018468775
19960408,185.9700164794922,186.05999755859375,186.52000427246094,174.3000030517578,175.4600067138672,0,4.375632947446717
19960409,184.57069396972656,184.66000366210938,188.17999267578125,183.4600067138672,187.55999755859375,0,-0.7524421771764711
19960410,187.7091827392578,187.8000030517578,191.33999633789062,182.97999572753906,182.97999572753906,0,1.700422033671134
19960411,183.25132751464844,183.33999633789062,187.2100067138672,181.44000244140625,186.74000549316406,0,-2.3748704160766243
19960412,180.1228485107422,180.2100067138672,183.64999389648438,179.8699951171875,182.8800048828125,0,-1.7072050215682033
19960415,183.8610382080078,183.9499969482422,184.27999877929688,180.52000427246094,180.6199951171875,0,2.0753510321506408
19960416,191.65725708007812,191.75,192.22999572753906,187.8699951171875,187.8699951171875,0,4.2402844148741625
19960417,188.32887268066406,188.4199981689453,191.82000732421875,185.9199981689453,191.1199951171875,0,-1.7366372000285235
19960418,194.44590759277344,194.5399932861328,194.63999938964844,189.3300018310547,189.3300018310547,0,3.2480602784530577
19960419,192.95663452148438,193.0500030517578,195.55999755859375,192.5399932861328,195.2899932861328,0,-0.7659043311384783
19960422,195.8952178955078,195.99000549316406,196.00999450683594,193.94000244140625,194.86000061035156,0,1.5229227634966813
19960423,202.27212524414062,202.3699951171875,202.3699951171875,195.41000366210938,196.08999633789062,0,3.2552627405513013
19960424,211.88748168945312,211.99000549316406,212.11000061035156,203.99000549316406,204.17999267578125,0,4.753674264016183
19960425,213.8865203857422,213.99000549316406,215.11000061035156,210.16000366210938,212.52000427246094,0,0.9434407038894532
19960426,212.36724853515625,212.47000122070312,215.36000061035156,211.36000061035156,214.2100067138672,0,-0.710315544390927
19960429,206.7599639892578,206.86000061035156,211.1199951171875,206.52000427246094,211.1199951171875,0,-2.640373030602172
19960430,205.99032592773438,206.08999633789062,207.41000366210938,205.52999877929688,206.58999633789062,0,-0.3722344920182752
19960501,208.0293426513672,208.1300048828125,210.4199981689453,205.10000610351562,205.5800018310547,0,0.9898629633518174
19960502,210.05836486816406,210.16000366210938,213.9199981689453,209.6300048828125,210.16000366210938,0,0.9753513341047793
19960503,211.8175048828125,211.9199981689453,214.63999938964844,210.74000549316406,211.94000244140625,0,0.8374545470914763
19960506,211.49766540527344,211.60000610351562,213.19000244140625,209.07000732421875,212.1300048828125,0,-0.15099663467087465
19960507,207.549560546875,207.64999389648438,211.94000244140625,207.64999389648438,211.88999938964844,0,-1.8667353937120823
19960508,208.7589874267578,208.86000061035156,209.07000732421875,201.77000427246094,206.92999267578125,0,0.5827145434304182
19960509,205.43060302734375,205.52999877929688,208.17999267578125,205.19000244140625,208.17999267578125,0,-1.5943703061014225
19960510,204.4910430908203,204.58999633789062,208.25,204.3300018310547,206.4499969482422,0,-0.45735534811910394
19960513,213.78656005859375,213.88999938964844,214.3699951171875,204.89999389648438,205.19000244140625,0,4.545678292304367
19960514,215.78558349609375,215.88999938964844,216.92999267578125,213.82000732421875,215.4600067138672,0,0.9350600802782605
19960515,212.3172607421875,212.4199981689453,216.61000061035156,212.1300048828125,214.35000610351562,0,-1.6073005838683208
19960516,212.89698791503906,213.0,213.9600067138672,209.72000122070312,210.8300018310547,0,0.2730448338453373
19960517,212.4672088623047,212.57000732421875,213.80999755859375,211.36000061035156,213.24000549316406,0,-0.20187449567194982
19960520,211.64759826660156,211.75,214.3000030517578,210.92999267578125,213.42999267578125,0,-0.3857587128780815
19960521,205.9103546142578,206.00999450683594,211.8000030517578,205.82000732421875,211.8000030517578,0,-2.7107463958271794
19960522,202.88182067871094,202.97999572753906,205.9199981689453,202.2100067138672,205.14999389648438,0,-1.470801834906288
19960523,200.4030303955078,200.5,203.8000030517578,199.55999755859375,202.8300018310547,0,-1.2217931716128172
19960524,197.534423828125,197.6300048828125,200.6199951171875,186.8300018310547,200.3699951171875,0,-1.4314190110660818
19960528,200.44300842285156,200.5399932861328,200.75999450683594,197.9199981689453,198.5399932861328,0,1.4724426106480282
19960529,197.58438110351562,197.67999267578125,201.4600067138672,196.4199981689453,200.80999755859375,0,-1.4261497487291108
19960530,202.61196899414062,202.7100067138672,202.80999755859375,197.5800018310547,197.97000122070312,0,2.544523585821734
19960531,205.82040405273438,205.9199981689453,207.9199981689453,204.6999969482422,204.89999389648438,0,1.5835387246615484
19960603,202.23214721679688,202.3300018310547,206.39999389648438,202.00999450683594,205.2899932861328,0,-1.7433937304842217
19960604,201.17266845703125,201.27000427246094,204.44000244140625,200.5399932861328,203.64999389648438,0,-0.5238953931700374
19960605,198.93374633789062,199.02999877929688,200.47000122070312,198.17999267578125,200.47000122070312,0,-1.1129355818623399
19960606,193.14654541015625,193.24000549316406,199.75,192.86000061035156,199.60000610351562,0,-2.909105824068914
19960607,198.21409606933594,198.30999755859375,198.52999877929688,189.33999633789062,190.92999267578125,0,2.6236762167806127
19960610,193.8262176513672,193.9199981689453,197.52999877929688,193.33999633789062,197.44000244140625,0,-2.2137055336059586
19960611,193.79623413085938,193.88999938964844,196.22999572753906,193.2899932861328,194.80999755859375,0,-0.015469667687773025
19960612,197.7742919921875,197.8699951171875,199.6999969482422,196.80999755859375,196.80999755859375,0,2.0527081025673244
19960613,195.21554565429688,195.30999755859375,198.05999755859375,193.22000122070312,197.97000122070312,0,-1.2937775417023678
19960614,191.22747802734375,191.32000732421875,195.99000549316406,190.97999572753906,195.02999877929688,0,-2.0429011746712966
19960617,188.76866149902344,188.86000061035156,191.85000610351562,188.2899932861328,191.64999389648438,0,-1.2858073487831079
19960618,178.8934326171875,178.97999572753906,185.33999633789062,178.5,185.10000610351562,0,-5.231390898487042
19960619,178.8434600830078,178.92999267578125,180.92999267578125,177.82000732421875,179.52999877929688,0,-0.027937787993881358
19960620,179.5930938720703,179.67999267578125,181.22000122070312,176.0399932861328,179.4600067138672,0,0.419158347230808
19960621,176.3346710205078,176.4199981689453,180.3800048828125,175.99000549316406,180.22999572753906,0,-1.8143336151612344
19960624,177.2242431640625,177.30999755859375,178.8300018310547,176.5,176.80999755859375,0,0.5044776096166492
19960625,174.4156036376953,174.5,177.97000122070312,173.97000122070312,177.88999938964844,0,-1.5847936367294535
19960626,170.74737548828125,170.8300018310547,174.39999389648438,167.8699951171875,174.39999389648438,0,-2.1031508131491794
19960627,174.89537048339844,174.97999572753906,174.97999572753906,170.08999633789062,171.36000061035156,0,2.429312095066649
19960628,174.62551879882812,174.7100067138672,177.6999969482422,174.52000427246094,176.47000122070312,0,-0.154297074102272
19960701,180.48268127441406,180.57000732421875,181.1199951171875,175.94000244140625,175.94000244140625,0,3.3541299211033992
19960702,177.6840362548828,177.77000427246094,179.8000030517578,177.38999938964844,179.8000030517578,0,-1.550646806327216
19960703,176.62454223632812,176.7100067138672,178.05999755859375,175.55999755859375,177.9199981689453,0,-0.5962746993970591
19960705,173.76593017578125,173.85000610351562,175.75,173.41000366210938,175.75,0,-1.6184712249954991
19960708,173.5959930419922,173.67999267578125,176.8800048828125,173.0,173.97000122070312,0,-0.09779316753842915
19960709,171.47702026367188,171.55999755859375,174.97999572753906,171.0500030517578,174.74000549316406,0,-1.2206328918639597
19960710,166.79930114746094,166.8800048828125,171.32000732421875,163.8699951171875,171.22000122070312,0,-2.72790437303595
19960711,159.33290100097656,159.41000366210938,165.5800018310547,156.11000061035156,165.5800018310547,0,-4.476270974433849
19960712,158.59326171875,158.6699981689453,161.8699951171875,156.9600067138672,160.80999755859375,0,-0.46421521621228257
19960715,148.49815368652344,148.57000732421875,157.82000732421875,148.35000610351562,157.67999267578125,0,-6.365406794782025
19960716,150.13735961914062,150.2100067138672,151.75,138.97999572753906,147.3699951171875,0,1.1038563026180226
19960717,153.5557098388672,153.6300048828125,156.86000061035156,151.80999755859375,154.4499969482422,0,2.2768111417903247
19960718,156.35433959960938,156.42999267578125,158.16000366210938,152.17999267578125,154.3000030517578,0,1.8225526941202386
19960719,152.6361541748047,152.7100067138672,155.75,151.77000427246094,155.6999969482422,0,-2.3780516116395645
19960722,149.89747619628906,149.97000122070312,152.22999572753906,148.4600067138672,152.22999572753906,0,-1.7942540584769961
19960723,145.12977600097656,145.1999969482422,151.1199951171875,144.35000610351562,150.97999572753906,0,-3.1806389502132326
19960724,143.73045349121094,143.8000030517578,146.92999267578125,139.22000122070312,141.25,0,-0.964183144565367
19960725,147.53860473632812,147.61000061035156,148.52000427246094,145.1199951171875,146.30999755859375,0,2.6495114587879565
19960726,156.66419982910156,156.74000549316406,157.2899932861328,149.97000122070312,149.97000122070312,0,6.18522108601105
19960729,152.78607177734375,152.86000061035156,158.97999572753906,152.80999755859375,156.91000366210938,0,-2.4754400579510727
19960730,156.7841339111328,156.86000061035156,156.9600067138672,152.05999755859375,154.74000549316406,0,2.616773507803538
19960731,155.8645782470703,155.94000244140625,158.7100067138672,155.52999877929688,156.9600067138672,0,-0.5865090943296902
19960801,159.33290100097656,159.41000366210938,159.41000366210938,155.32000732421875,156.3300018310547,0,2.225215574180184
19960802,167.3990020751953,167.47999572753906,167.5800018310547,160.75999450683594,160.75999450683594,0,5.062412571381092
19960805,163.74078369140625,163.82000732421875,167.88999938964844,163.55999755859375,167.61000061035156,0,-2.1853286939859218
19960806,169.1581573486328,169.24000549316406,169.38999938964844,162.3800048828125,163.0,0,3.308508073875571
19960807,178.52362060546875,178.61000061035156,179.1699981689453,171.5800018310547,171.5800018310547,0,5.536513125181841
19960808,176.0048370361328,176.08999633789062,177.9600067138672,174.7899932861328,177.38999938964844,0,-1.4108976338668033
19960809,172.00677490234375,172.08999633789062,174.80999755859375,171.24000549316406,173.67999267578125,0,-2.2715657238839393
19960812,171.1571807861328,171.24000549316406,174.3300018310547,170.25999450683594,172.08999633789062,0,-0.49392228648644787
19960813,166.26954650878906,166.35000610351562,170.63999938964844,165.97000122070312,170.63999938964844,0,-2.855640757290001
19960814,168.9182586669922,169.0,169.8699951171875,166.16000366210938,166.58999633789062,0,1.593023023296647
19960815,170.0077362060547,170.08999633789062,170.47000122070312,168.3300018310547,168.86000061035156,0,0.6449682472725593
19960816,168.1486358642578,168.22999572753906,170.4199981689453,167.91000366210938,169.97000122070312,0,-1.0935390971827608
19960819,167.85877990722656,167.94000244140625,168.02000427246094,166.58999633789062,167.8000030517578,0,-0.1723790605109965
19960820,166.50942993164062,166.58999633789062,168.22999572753906,166.5,167.88999938964844,0,-0.8038621435572768
19960821,170.5074920654297,170.58999633789062,170.6199951171875,165.24000549316406,165.8699951171875,0,2.4011045608566484
19960822,173.08624267578125,173.1699981689453,173.94000244140625,171.1199951171875,171.27000427246094,0,1.5123992534383124
19960823,170.55747985839844,170.63999938964844,173.22000122070312,170.47000122070312,171.99000549316406,0,-1.4609913992310597
19960826,168.82830810546875,168.91000366210938,170.2100067138672,167.6999969482422,170.2100067138672,0,-1.0138277858221856
19960827,170.55747985839844,170.63999938964844,170.63999938964844,167.99000549316406,169.38999938964844,0,1.024211526867158
19960828,169.29808044433594,169.3800048828125,171.24000549316406,169.0,170.92999267578125,0,-0.7383934079598808
19960829,171.11720275878906,171.1999969482422,172.69000244140625,169.52999877929688,169.52999877929688,0,1.0745023101687012
19960830,169.3780517578125,169.4600067138672,171.88999938964844,168.97999572753906,171.50999450683594,0,-1.0163494540838314
19960903,169.0681915283203,169.14999389648438,170.0399932861328,166.02000427246094,168.0500030517578,0,-0.1829415821434921
19960904,167.9787139892578,168.05999755859375,169.77000427246094,167.1699981689453,169.33999633789062,0,-0.6443963211477666
19960905,160.5423126220703,160.6199951171875,167.0800018310547,159.94000244140625,167.0800018310547,0,-4.426991877595565
19960906,161.81170654296875,161.88999938964844,163.82000732421875,160.69000244140625,161.63999938964844,0,0.7906887754132619
19960909,161.31195068359375,161.38999938964844,163.61000061035156,160.91000366210938,162.8800048828125,0,-0.3088516905831673
19960910,161.57180786132812,161.64999389648438,162.25999450683594,160.42999267578125,161.49000549316406,0,0.16109703687912091
19960911,162.4913787841797,162.57000732421875,164.3800048828125,159.77000427246094,160.47000122070312,0,0.5691391663915191
19960912,164.1005859375,164.17999267578125,165.10000610351562,160.6199951171875,163.4600067138672,0,0.9903335664810831
19960913,167.93875122070312,168.02000427246094,168.27999877929688,165.5399932861328,166.02000427246094,0,2.33890350102699
19960916,172.9962921142578,173.0800018310547,175.24000549316406,168.13999938964844,168.47000122070312,0,3.0115447148712615
19960917,181.78204345703125,181.8699951171875,183.22000122070312,176.57000732421875,177.77000427246094,0,5.078572448082608
19960918,179.88296508789062,179.97000122070312,181.44000244140625,178.69000244140625,180.3800048828125,0,-1.0446989319266908
19960919,184.07093811035156,184.16000366210938,185.52999877929688,178.3800048828125,178.8000030517578,0,2.3281671461833797
19960920,182.9414825439453,183.02999877929688,185.38999938964844,182.25999450683594,184.16000366210938,0,-0.613599511480134
19960923,180.6026153564453,180.69000244140625,182.7899932861328,178.92999267578125,182.7899932861328,0,-1.2784769455810752
19960924,191.60728454589844,191.6999969482422,192.39999389648438,181.2899932861328,181.2899932861328,0,6.093305859800546
19960925,193.07656860351562,193.1699981689453,194.58999633789062,189.38999938964844,192.22000122070312,0,0.7668238101746105
19960926,191.84716796875,191.94000244140625,199.02999877929688,191.66000366210938,193.75,0,-0.6367426304282109
19960927,189.008544921875,189.10000610351562,192.74000549316406,188.47999572753906,191.22000122070312,0,-1.479627123979843
19960930,187.3693389892578,187.4600067138672,191.99000549316406,187.44000244140625,188.9499969482422,0,-0.8672656460680828
19961001,183.2713165283203,183.36000061035156,186.25999450683594,181.4600067138672,186.25999450683594,0,-2.1871364326652043
19961002,185.8000946044922,185.88999938964844,187.33999633789062,183.94000244140625,183.94000244140625,0,1.3797986315855493
19961003,184.02096557617188,184.11000061035156,186.86000061035156,184.11000061035156,186.02000427246094,0,-0.9575548900647268
19961004,185.27035522460938,185.36000061035156,186.16000366210938,183.67999267578125,185.44000244140625,0,0.678941934634758
19961007,189.1984405517578,189.2899932861328,189.64999389648438,185.19000244140625,185.19000244140625,0,2.1201945742558292
19961008,190.2079620361328,190.3000030517578,195.50999450683594,189.88999938964844,190.74000549316406,0,0.5335780027728498
19961009,195.5553741455078,195.64999389648438,196.7100067138672,192.3800048828125,193.24000549316406,0,2.811345643158747
19961010,192.03707885742188,192.1300048828125,196.08999633789062,191.88999938964844,194.8800048828125,0,-1.7991255422856067
19961011,195.6053466796875,195.6999969482422,196.0500030517578,194.35000610351562,194.35000610351562,0,1.8581127230008487
19961014,199.60340881347656,199.6999969482422,200.17999267578125,196.17999267578125,196.57000732421875,0,2.0439448453634323
19961015,199.46348571777344,199.55999755859375,206.58999633789062,197.82000732421875,204.75999450683594,0,-0.07010485317369142
19961016,199.0936737060547,199.19000244140625,199.55999755859375,196.4199981689453,198.97999572753906,0,-0.18540545285328225
19961017,197.09463500976562,197.19000244140625,201.47999572753906,196.86000061035156,199.6999969482422,0,-1.0040664568937485
19961018,196.3249969482422,196.4199981689453,196.75,195.30999755859375,196.7100067138672,0,-0.3904884948159326
19961021,192.20700073242188,192.3000030517578,197.64999389648438,191.85000610351562,195.50999450683594,0,-2.0975436083874754
19961022,189.008544921875,189.10000610351562,192.82000732421875,187.1699981689453,191.32000732421875,0,-1.6640649492766224
19961023,193.3864288330078,193.47999572753906,193.82000732421875,187.33999633789062,188.4199981689453,0,2.316229234612388
19961024,189.43833923339844,189.52999877929688,194.3000030517578,189.47999572753906,193.94000244140625,0,-2.041553150437636
19961025,188.2089385986328,188.3000030517578,190.69000244140625,188.0399932861328,189.2899932861328,0,-0.6489715271783214
19961028,187.1994171142578,187.2899932861328,190.08999633789062,187.25999450683594,188.4199981689453,0,-0.5363832975336602
19961029,183.37127685546875,183.4600067138672,188.47000122070312,183.24000549316406,188.4499969482422,0,-2.0449499223454737
19961030,184.96051025390625,185.0500030517578,186.66000366210938,183.50999450683594,184.27000427246094,0,0.8666719065209882
19961031,187.009521484375,187.10000610351562,187.22000122070312,185.72000122070312,186.05999755859375,0,1.1078103312348597
19961101,187.9490509033203,188.0399932861328,188.86000061035156,186.47000122070312,186.97999572753906,0,0.5023982640049329
19961104,190.837646484375,190.92999267578125,191.2899932861328,188.1300048828125,188.24000549316406,0,1.5369067713435047
19961105,195.7752685546875,195.8699951171875,197.14999389648438,190.86000061035156,191.85000610351562,0,2.587337050703642
19961106,202.56199645996094,202.66000366210938,202.92999267578125,195.99000549316406,196.22999572753906,0,3.4665894287991605
19961107,207.23971557617188,207.33999633789062,208.5399932861328,202.6300048828125,203.30999755859375,0,2.309282833915316
19961108,207.20973205566406,207.30999755859375,207.75,204.89999389648438,207.14999389648438,0,-0.014468399646339059
19961111,212.6571044921875,212.75999450683594,213.24000549316406,206.27999877929688,207.1699981689453,0,2.628911780630272
19961112,212.05740356445312,212.16000366210938,217.92999267578125,211.6300048828125,215.22000122070312,0,-0.28200360040302463
19961113,212.14735412597656,212.25,214.05999755859375,210.16000366210938,212.17999267578125,0,0.042419087640088726
19961114,218.63421630859375,218.74000549316406,219.4600067138672,211.4600067138672,211.82000732421875,0,3.05771754683819
19961115,216.43527221679688,216.5399932861328,220.47000122070312,214.69000244140625,218.50999450683594,0,-1.0057658186810259
19961118,213.4967041015625,213.60000610351562,216.5800018310547,211.2899932861328,216.39999389648438,0,-1.3577109419839695
19961119,217.6147003173828,217.72000122070312,217.82000732421875,212.3300018310547,212.86000061035156,0,1.9288366102343968
19961120,218.55426025390625,218.66000366210938,222.3699951171875,216.3699951171875,217.77000427246094,0,0.4317483171669467
19961121,219.82362365722656,219.92999267578125,220.49000549316406,216.80999755859375,219.4600067138672,0,0.5808053564447802
19961122,232.94728088378906,233.05999755859375,233.41000366210938,222.7899932861328,222.88999938964844,0,5.9700838085184005
19961125,231.80783081054688,231.9199981689453,234.1999969482422,229.9600067138672,233.24000549316406,0,-0.4891441695659582
19961126,233.41705322265625,233.52999877929688,234.49000549316406,228.75999450683594,231.25999450683594,0,0.6942051668949789
19961127,238.13478088378906,238.25,238.97000122070312,232.47999572753906,233.75,0,2.0211541323921667
19961129,237.82492065429688,237.94000244140625,238.77999877929688,237.19000244140625,238.35000610351562,0,-0.13011440024921495
19961202,244.85153198242188,244.97000122070312,245.10000610351562,236.1300048828125,237.25,0,2.9545258078359726
19961203,244.93148803710938,245.0500030517578,250.22999572753906,244.63999938964844,245.8699951171875,0,0.03265780734622581
19961204,245.9110107421875,246.02999877929688,247.1699981689453,242.16000366210938,244.92999267578125,0,0.39991663551706136
19961205,243.0224151611328,243.13999938964844,246.8300018310547,241.75,246.44000244140625,0,-1.174653255288971
19961206,243.312255859375,243.42999267578125,245.47999572753906,232.1300048828125,240.47000122070312,0,0.11927008590144617
19961209,252.15798950195312,252.27999877929688,252.3699951171875,245.6300048828125,245.6300048828125,0,3.635544661623813
19961210,247.14041137695312,247.25999450683594,257.7200012207031,247.02000427246094,254.97000122070312,0,-1.9898542479590775
19961211,250.94857788085938,251.07000732421875,252.02999877929688,242.05999755859375,244.27999877929688,0,1.5408933519480028
19961212,251.4283447265625,251.5500030517578,257.6700134277344,251.36000061035156,253.9600067138672,0,0.19118003486542356
19961213,246.66064453125,246.77999877929688,251.5500030517578,245.6300048828125,250.35000610351562,0,-1.896244967041194
19961216,236.0857696533203,236.1999969482422,248.1300048828125,236.02000427246094,247.25999450683594,0,-4.28722014887305
19961217,237.70498657226562,237.82000732421875,239.1699981689453,232.58999633789062,234.16000366210938,0,0.685863842890555
19961218,245.14137268066406,245.25999450683594,245.5,239.30999755859375,239.41000366210938,0,3.1284109635377755
19961219,246.66064453125,246.77999877929688,247.94000244140625,244.7899932861328,246.16000366210938,0,0.619752224783876
19961220,243.48219299316406,243.60000610351562,248.85000610351562,242.17999267578125,248.72999572753906,0,-1.2885941695077285
19961223,240.83346557617188,240.9499969482422,244.35000610351562,240.57000732421875,243.8699951171875,0,-1.0878526637422725
19961224,242.59262084960938,242.7100067138672,242.9499969482422,240.17999267578125,240.9499969482422,0,0.7304460626339271
19961226,247.34033203125,247.4600067138672,247.4600067138672,243.25,243.25,0,1.9570680518334882
19961227,244.3517608642578,244.47000122070312,248.63999938964844,244.27999877929688,248.4199981689453,0,-1.208278272060881
19961230,242.32275390625,242.44000244140625,245.27000427246094,242.1999969482422,245.13999938964844,0,-0.8303672308097365
19961231,240.1837921142578,240.3000030517578,243.83999633789062,239.7899932861328,242.3800048828125,0,-0.8826923643368789
19970102,238.42462158203125,238.5399932861328,240.61000061035156,234.72999572753906,240.61000061035156,0,-0.7324218656983961
19970103,250.65870666503906,250.77999877929688,250.8800048828125,241.2899932861328,241.2899932861328,0,5.131217337833149
19970106,251.86813354492188,251.99000549316406,255.25999450683594,250.00999450683594,251.75,0,0.4824972963382468
19970107,257.6253356933594,257.75,257.8999938964844,249.3000030517578,251.33999633789062,0,2.285802762519551
19970108,256.4559020996094,256.5799865722656,260.2900085449219,255.82000732421875,257.75,0,-0.4539334346205126
19970109,255.4064178466797,255.52999877929688,257.4100036621094,253.42999267578125,257.239990234375,0,-0.4092243541656826
19970110,259.82427978515625,259.95001220703125,261.20001220703125,252.69000244140625,255.52999877929688,0,1.7297434543299905
19970113,261.73333740234375,261.8599853515625,263.0799865722656,258.55999755859375,259.95001220703125,0,0.7347463184614433
19970114,267.08074951171875,267.2099914550781,269.70001220703125,261.8599853515625,261.8599853515625,0,2.0430788981878667
19970115,266.22119140625,266.3500061035156,271.2099914550781,266.1300048828125,267.2099914550781,0,-0.3218387706535597
19970116,268.69000244140625,268.82000732421875,270.9200134277344,266.6700134277344,267.1600036621094,0,0.9273516666424175
19970117,266.8608703613281,266.989990234375,270.239990234375,265.94000244140625,268.0899963378906,0,-0.680759258977548
19970120,268.3101806640625,268.44000244140625,269.6300048828125,262.8699951171875,266.989990234375,0,0.5430960935121076
19970121,270.4991149902344,270.6300048828125,273.3599853515625,266.4200134277344,268.44000244140625,0,0.815825667370218
19970122,273.8974609375,274.0299987792969,275.07000732421875,269.2799987792969,270.6300048828125,0,1.2563255496952808
19970123,274.87701416015625,275.010009765625,282.6099853515625,274.0299987792969,274.0299987792969,0,0.35762908830920814
19970124,270.6090393066406,270.739990234375,277.1099853515625,270.2200012207031,275.010009765625,0,-1.5526778588492385
19970127,268.6100158691406,268.739990234375,271.79998779296875,268.1600036621094,270.739990234375,0,-0.7387161380439711
19970128,269.9993591308594,270.1300048828125,275.5199890136719,268.0899963378906,268.739990234375,0,0.5172340176187618
19970129,271.1687927246094,271.29998779296875,272.2699890136719,267.94000244140625,270.1300048828125,0,0.43311845741231814
19970130,283.432861328125,283.57000732421875,283.9100036621094,271.29998779296875,271.29998779296875,0,4.522676035139872
19970131,288.5903625488281,288.7300109863281,290.7200012207031,283.57000732421875,283.57000732421875,0,1.8196577666303337
19970203,284.4923400878906,284.6300048828125,290.07000732421875,284.2799987792969,288.7300109863281,0,-1.4200138355932035
19970204,283.0830383300781,283.2200012207031,284.7799987792969,279.55999755859375,284.6300048828125,0,-0.4953812450974371
19970205,271.42864990234375,271.55999755859375,283.2200012207031,263.6000061035156,283.2200012207031,0,-4.116942169286675
19970206,275.0069580078125,275.1400146484375,275.4200134277344,268.739990234375,271.55999755859375,0,1.3183153343751641
19970207,282.13348388671875,282.2699890136719,283.04998779296875,275.20001220703125,275.20001220703125,0,2.591398555511737
19970210,272.03839111328125,272.1700134277344,283.0,270.45001220703125,282.2699890136719,0,-3.5781259003940025
19970211,267.9603271484375,268.0899963378906,274.4599914550781,261.9800109863281,272.1199951171875,0,-1.4990692907200343
19970212,286.0516052246094,286.19000244140625,286.9700012207031,268.0,268.0,0,6.751466429468356
19970213,288.0506286621094,288.19000244140625,290.8699951171875,284.5,286.19000244140625,0,0.6988364313702755
19970214,286.98114013671875,287.1199951171875,289.3800048828125,285.760009765625,288.19000244140625,0,-0.3712853725508003
19970218,284.88214111328125,285.0199890136719,287.1199951171875,281.0799865722656,287.1199951171875,0,-0.7314036428074266
19970219,289.4099426269531,289.54998779296875,291.5899963378906,284.0899963378906,285.0199890136719,0,1.5893617830009754
19970220,283.1929626464844,283.3299865722656,289.54998779296875,281.04998779296875,289.54998779296875,0,-2.148161451538544
19970221,275.28680419921875,275.4200134277344,283.3299865722656,273.80999755859375,283.3299865722656,0,-2.7917882043571596
19970224,279.3548278808594,279.489990234375,281.489990234375,270.4800109863281,275.4200134277344,0,1.4777345901584304
19970225,284.04254150390625,284.17999267578125,285.67999267578125,277.6300048828125,279.3599853515625,0,1.6780573921353348
19970226,281.2638854980469,281.3999938964844,284.7799987792969,277.1099853515625,284.17999267578125,0,-0.9782528154501535
19970227,268.570068359375,268.70001220703125,282.30999755859375,268.5299987792969,281.44000244140625,0,-4.513142133942239
19970228,272.7980041503906,272.92999267578125,275.7900085449219,262.7200012207031,268.57000732421875,0,1.5742390311061172
19970303,277.60565185546875,277.739990234375,278.239990234375,271.260009765625,272.92999267578125,0,1.762355801001192
19970304,283.15301513671875,283.2900085449219,286.0199890136719,277.5899963378906,277.739990234375,0,1.9982784279150456
19970305,287.3110046386719,287.45001220703125,288.25,283.2900085449219,283.2900085449219,0,1.468461130513088
19970306,279.9045715332031,280.0400085449219,287.45001220703125,279.79998779296875,287.45001220703125,0,-2.577840788809027
19970307,279.244873046875,279.3800048828125,286.82000732421875,278.3900146484375,280.0400085449219,0,-0.2356819175726832
19970310,278.9850158691406,279.1199951171875,282.70001220703125,275.3699951171875,279.3800048828125,0,-0.09306670523328009
19970311,281.1539611816406,281.2900085449219,285.2900085449219,278.8900146484375,279.1199951171875,0,0.7774482178617426
19970312,281.8236389160156,281.9599914550781,284.7200012207031,279.25,281.2900085449219,0,0.23818226378604646
19970313,279.3548278808594,279.489990234375,283.2200012207031,277.4599914550781,281.9599914550781,0,-0.8760112411539178
19970314,281.93359375,282.07000732421875,283.6099853515625,279.489990234375,279.489990234375,0,0.9231160971740593
19970317,274.9769287109375,275.1099853515625,282.07000732421875,270.42999267578125,282.07000732421875,0,-2.467480338899064
19970318,267.84039306640625,267.9700012207031,275.8500061035156,265.5299987792969,275.1099853515625,0,-2.5953198760616414
19970319,259.14459228515625,259.2699890136719,267.9700012207031,253.80999755859375,267.9700012207031,0,-3.2466366262639323
19970320,263.37255859375,263.5,266.9200134277344,256.0,259.17999267578125,0,1.631508144239957
19970321,258.9447021484375,259.07000732421875,265.7699890136719,258.94000244140625,263.5,0,-1.6812116416627165
19970324,258.23504638671875,258.3599853515625,259.07000732421875,247.22000122070312,259.07000732421875,0,-0.27406567822715333
19970325,264.84185791015625,264.9700012207031,267.1600036621094,257.9700012207031,258.3599853515625,0,2.5584518671287526
19970326,279.79461669921875,279.92999267578125,280.1000061035156,264.9700012207031,264.9700012207031,0,5.645918928995064
19970327,272.4881591796875,272.6199951171875,283.6600036621094,269.3900146484375,279.92999267578125,0,-2.611366323672326
19970331,268.719970703125,268.8500061035156,273.510009765625,265.6199951171875,271.2799987792969,0,-1.382873259920392
19970401,266.0212707519531,266.1499938964844,269.7799987792969,261.3299865722656,268.8500061035156,0,-1.0042819958098304
19970402,263.8223571777344,263.95001220703125,267.7200012207031,262.1499938964844,266.1499938964844,0,-0.8265946796560009
19970403,270.3492126464844,270.4800109863281,270.4800109863281,259.3299865722656,263.95001220703125,0,2.4739528233759023
19970404,285.7917175292969,285.92999267578125,286.57000732421875,268.3500061035156,270.4800109863281,0,5.712060434008959
19970407,291.6688537597656,291.80999755859375,295.32000732421875,285.92999267578125,285.92999267578125,0,2.0564491425983045
19970408,297.1162414550781,297.260009765625,297.67999267578125,290.5,291.760009765625,0,1.8676578090635498
19970409,288.8702392578125,289.010009765625,300.0,288.7900085449219,297.260009765625,0,-2.7753480888683013
19970410,279.44476318359375,279.5799865722656,289.010009765625,279.5799865722656,289.010009765625,0,-3.262870791571104
19970411,272.9479064941406,273.0799865722656,279.5799865722656,270.82000732421875,279.5799865722656,0,-2.3249160570082084
19970414,268.8699035644531,269.0,273.0799865722656,262.95001220703125,273.0799865722656,0,-1.4940628287990365
19970415,262.9327697753906,263.05999755859375,273.6600036621094,262.1700134277344,269.0,0,-2.208179346247674
19970416,261.03369140625,261.1600036621094,263.05999755859375,258.010009765625,263.05999755859375,0,-0.7222663704545829
19970417,267.1207580566406,267.25,270.45001220703125,261.07000732421875,261.07000732421875,0,2.33190237880756
19970418,263.0627136230469,263.19000244140625,271.7799987792969,262.9800109863281,267.25,0,-1.5191758872193595
19970421,259.7742919921875,259.8999938964844,264.79998779296875,258.80999755859375,263.19000244140625,0,-1.2500507292841911
19970422,264.99176025390625,265.1199951171875,265.1400146484375,253.3800048828125,259.8999938964844,0,2.008465311000429
19970423,269.84942626953125,269.9800109863281,272.9700012207031,264.5799865722656,265.0199890136719,0,1.8331381859721274
19970424,271.85845947265625,271.989990234375,276.54998779296875,269.6700134277344,269.9800109863281,0,0.7444918757887775
19970425,262.9327697753906,263.05999755859375,271.989990234375,263.0199890136719,271.989990234375,0,-3.2832063665601208
19970428,268.550048828125,268.67999267578125,268.8299865722656,261.8500061035156,263.05999755859375,0,2.1363929025110417
19970429,280.074462890625,280.2099914550781,281.010009765625,268.67999267578125,268.67999267578125,0,4.291349967844549
19970430,283.1230163574219,283.260009765625,284.79998779296875,277.79998779296875,280.2099914550781,0,1.0884759300368696
19970501,288.3304748535156,288.4700012207031,289.44000244140625,282.8999938964844,283.260009765625,0,1.8392965033747544
19970502,302.7535095214844,302.8999938964844,303.3800048828125,288.1600036621094,288.4700012207031,0,5.002250707081712
19970505,314.30792236328125,314.4599914550781,314.79998779296875,302.6400146484375,302.6400146484375,0,3.8164403405515968
19970506,305.162353515625,305.30999755859375,314.4599914550781,303.7699890136719,314.4599914550781,0,-2.909748185816985
19970507,305.7720642089844,305.9200134277344,312.8699951171875,302.55999755859375,305.30999755859375,0,0.1998021270245287
19970508,312.8086242675781,312.9599914550781,315.7799987792969,303.94000244140625,305.9200134277344,0,2.3012479466325564
19970509,314.9376220703125,315.0899963378906,317.9800109863281,311.1400146484375,312.9599914550781,0,0.6805997382953732
19970512,308.7606201171875,308.9100036621094,316.2099914550781,307.79998779296875,315.0899963378906,0,-1.9613420761076972
19970513,301.8039855957031,301.95001220703125,309.0199890136719,301.3399963378906,308.9100036621094,0,-2.2530806294933314
19970514,304.70257568359375,304.8500061035156,305.70001220703125,299.70001220703125,301.95001220703125,0,0.960421851049964
19970515,315.7972106933594,315.95001220703125,316.1300048828125,304.69000244140625,304.80999755859375,0,3.6411369136553295
19970516,306.44171142578125,306.5899963378906,315.95001220703125,306.4200134277344,315.95001220703125,0,-2.962498973732375
19970519,304.8025207519531,304.95001220703125,308.1099853515625,303.3800048828125,306.5899963378906,0,-0.5349111681556495
19970520,317.5063781738281,317.6600036621094,317.7099914550781,304.57000732421875,304.95001220703125,0,4.167893407542911
19970521,317.3764343261719,317.5299987792969,321.239990234375,316.3399963378906,317.6600036621094,0,-0.0409257952885933
19970522,313.498291015625,313.6499938964844,317.5299987792969,311.57000732421875,317.5299987792969,0,-1.2219333284189449
19970523,319.7652893066406,319.9200134277344,320.1099853515625,313.739990234375,313.739990234375,0,1.9990497858320744
19970527,330.3801574707031,330.5400085449219,331.489990234375,319.25,319.9200134277344,0,3.319578229383402
19970528,327.7814025878906,327.94000244140625,332.6000061035156,325.1600036621094,330.5400085449219,0,-0.786593464119878
19970529,318.8857116699219,319.0400085449219,327.94000244140625,318.5199890136719,327.94000244140625,0,-2.7139091999228038
19970530,311.0994567871094,311.25,319.0400085449219,299.17999267578125,319.0400085449219,0,-2.4417027132272673
19970602,313.5682678222656,313.7200012207031,315.3900146484375,310.3800048828125,311.25,0,0.7935746893825257
19970603,298.465576171875,298.6099853515625,313.7200012207031,298.4599914550781,313.7200012207031,0,-4.8164018265799635
19970604,295.0672302246094,295.2099914550781,304.5299987792969,293.29998779296875,298.54998779296875,0,-1.1386068997262244
19970605,297.126220703125,297.2699890136719,301.5199890136719,295.2099914550781,295.2099914550781,0,0.6978075330174693
19970606,300.0448303222656,300.19000244140625,301.75,294.8800048828125,297.2699890136719,0,0.9822765619303953
19970609,305.9619445800781,306.1099853515625,308.2799987792969,300.19000244140625,300.19000244140625,0,1.972078637532837
19970610,292.9882507324219,293.1300048828125,306.1099853515625,291.9599914550781,306.1099853515625,0,-4.240299594880148
19970611,291.94873046875,292.0899963378906,294.6199951171875,285.5799865722656,293.1300048828125,0,-0.35479429863812806
19970612,287.82073974609375,287.9599914550781,292.0899963378906,286.3900146484375,292.0899963378906,0,-1.4139494452370394
19970613,294.7173767089844,294.8599853515625,298.07000732421875,287.9100036621094,287.9100036621094,0,2.3961640857184108
19970616,302.49365234375,302.6400146484375,302.739990234375,294.8599853515625,294.8599853515625,0,2.6385503911623864
19970617,309.9700012207031,310.1199951171875,311.80999755859375,300.9100036621094,302.6000061035156,0,2.471576826163968
19970618,306.0918884277344,306.239990234375,310.1199951171875,304.1600036621094,310.1199951171875,0,-1.2511301895726912
19970619,307.9609680175781,308.1099853515625,309.8900146484375,303.4700012207031,306.239990234375,0,0.61063060894051
19970620,307.1813659667969,307.3299865722656,310.8999938964844,306.8299865722656,308.1099853515625,0,-0.2531559561131602
19970623,305.44219970703125,305.5899963378906,311.3999938964844,305.1400146484375,307.3299865722656,0,-0.5661635084104777
19970624,312.1989440917969,312.3500061035156,312.6499938964844,305.5899963378906,305.5899963378906,0,2.212117492926846
19970625,313.0685119628906,313.2200012207031,318.05999755859375,309.8800048828125,312.3500061035156,0,0.27853212748110145
19970626,308.4307556152344,308.5799865722656,314.30999755859375,307.6499938964844,313.2200012207031,0,-1.481391555569278
19970627,306.94146728515625,307.0899963378906,312.3800048828125,306.6099853515625,308.5799865722656,0,-0.4828538139903249
19970630,305.5921325683594,305.739990234375,309.5400085449219,304.4599914550781,307.1700134277344,0,-0.43961253040304404
19970701,307.9609680175781,308.1099853515625,310.9200134277344,305.04998779296875,305.739990234375,0,0.7751668714879978
19970702,312.87860107421875,313.0299987792969,313.5899963378906,308.1099853515625,308.1099853515625,0,1.5968367341683276
19970703,316.55682373046875,316.7099914550781,318.32000732421875,313.0299987792969,313.0299987792969,0,1.1756038367350952
19970707,318.18603515625,318.3399963378906,320.3500061035156,316.2900085449219,316.7099914550781,0,0.5146679696853562
19970708,326.701904296875,326.8599853515625,326.8800048828125,317.7699890136719,318.3399963378906,0,2.6763803203128322
19970709,333.6985168457031,333.8599853515625,336.5199890136719,326.8599853515625,326.8599853515625,0,2.1415897673956463
19970710,333.02886962890625,333.19000244140625,335.32000732421875,327.1400146484375,334.010009765625,0,-0.20067781092446557
19970711,339.69561767578125,339.8599853515625,341.70001220703125,333.2300109863281,333.2300109863281,0,2.001855656317053
19970714,348.1715393066406,348.3399963378906,349.3500061035156,339.6700134277344,339.8599853515625,0,2.495148399878877
19970715,360.3156433105469,360.489990234375,362.4100036621094,348.3399963378906,348.3399963378906,0,3.4879698065733544
19970716,368.2318420410156,368.4100036621094,369.5,360.489990234375,360.489990234375,0,2.197013410160187
19970717,363.1242980957031,363.29998779296875,368.4100036621094,362.1099853515625,368.4100036621094,0,-1.3870459049280637
19970718,350.6903076171875,350.8599853515625,363.55999755859375,350.2699890136719,363.55999755859375,0,-3.4241681418649916
19970721,345.0230712890625,345.19000244140625,350.8599853515625,341.5,350.8599853515625,0,-1.6160243820551146
19970722,357.0172424316406,357.19000244140625,357.2099914550781,345.19000244140625,345.19000244140625,0,3.4763463353887136
19970723,364.2037658691406,364.3800048828125,366.2900085449219,355.989990234375,357.19000244140625,0,2.012934962418411
19970724,366.49267578125,366.6700134277344,367.8399963378906,357.55999755859375,364.3800048828125,0,0.628467126141663
19970725,359.6959533691406,359.8699951171875,368.4100036621094,359.4800109863281,366.6199951171875,0,-1.854533521020274
19970728,359.0862731933594,359.260009765625,364.0299987792969,357.2099914550781,359.8699951171875,0,-0.16950158663933124
19970729,353.24908447265625,353.4200134277344,359.260009765625,352.1499938964844,359.260009765625,0,-1.6255625950966635
19970730,361.804931640625,361.9800109863281,363.2099914550781,350.739990234375,353.4200134277344,0,2.4220466395132645
19970731,366.0628662109375,366.239990234375,368.19000244140625,359.6600036621094,361.9800109863281,0,1.1768548314143645
19970801,377.007568359375,377.19000244140625,377.8900146484375,364.20001220703125,366.239990234375,0,2.989846138872987
19970804,386.4230041503906,386.6099853515625,387.5799865722656,374.7300109863281,377.19000244140625,0,2.4974105488438925
19970805,397.1678161621094,397.3599853515625,399.57000732421875,386.6099853515625,386.6099853515625,0,2.780580017928025
19970806,393.5795593261719,393.7699890136719,400.07000732421875,393.1700134277344,397.3599853515625,0,-0.9034619665375665
19970807,390.4410705566406,390.6300048828125,397.760009765625,390.20001220703125,393.7699890136719,0,-0.7974158057917347
19970808,383.2745361328125,383.4599914550781,390.6300048828125,377.1099853515625,390.6300048828125,0,-1.8354999201572686
19970811,375.72821044921875,375.9100036621094,384.45001220703125,368.80999755859375,383.4599914550781,0,-1.9689114800007013
19970812,374.0790100097656,374.260009765625,383.8800048828125,373.7699890136719,375.9100036621094,0,-0.438933223487048
19970813,380.07611083984375,380.260009765625,383.1300048828125,369.3699951171875,374.260009765625,0,1.6031635342919515
19970814,382.8047790527344,382.989990234375,383.2699890136719,377.3999938964844,380.260009765625,0,0.7179246827539565
19970815,373.79913330078125,373.9800109863281,382.989990234375,373.9800109863281,382.989990234375,0,-2.3525364834034224
19970818,381.0156555175781,381.20001220703125,381.70001220703125,369.510009765625,373.9800109863281,0,1.930584792930845
19970819,394.3791809082031,394.57000732421875,394.94000244140625,380.9700012207031,381.20001220703125,0,3.5073438323832473
19970820,403.4447937011719,403.6400146484375,404.0899963378906,390.5899963378906,394.57000732421875,0,2.298706732862721
19970821,396.887939453125,397.0799865722656,405.4800109863281,396.5899963378906,403.6400146484375,0,-1.6252174804536001
19970822,391.43060302734375,391.6199951171875,397.1300048828125,384.8699951171875,397.1300048828125,0,-1.3750356703219113
19970825,394.0893249511719,394.2799987792969,399.6000061035156,390.6000061035156,391.6199951171875,0,0.6792308092730126
19970826,386.65289306640625,386.8399963378906,394.8699951171875,386.6099853515625,394.3500061035156,0,-1.8869844943798175
19970827,386.40301513671875,386.5899963378906,389.6199951171875,382.5,386.8399963378906,0,-0.06462620265915708
19970828,377.8671569824219,378.04998779296875,386.5899963378906,372.239990234375,386.5899963378906,0,-2.209060923929773
19970829,373.01953125,373.20001220703125,378.3800048828125,373.0400085449219,378.04998779296875,0,-1.2828926709537392
19970902,387.3925476074219,387.5799865722656,387.69000244140625,373.20001220703125,373.20001220703125,0,3.853154848574114
19970903,385.1236572265625,385.30999755859375,392.3900146484375,382.7200012207031,387.6000061035156,0,-0.5856827215841354
19970904,385.90325927734375,386.0899963378906,387.4800109863281,381.739990234375,385.30999755859375,0,0.20243408793934048
19970905,389.08172607421875,389.2699890136719,392.489990234375,383.9700012207031,386.0899963378906,0,0.8236402667626264
19970908,380.7157897949219,380.8999938964844,391.9800109863281,380.260009765625,389.2699890136719,0,-2.150177345650328
19970909,383.4644470214844,383.6499938964844,387.1499938964844,380.8999938964844,380.8999938964844,0,0.7219742830312015
19970910,374.2889099121094,374.4700012207031,384.5199890136719,374.1600036621094,383.6499938964844,0,-2.392804071895327
19970911,378.2469787597656,378.42999267578125,380.42999267578125,369.6300048828125,374.4700012207031,0,1.0574923070390874
19970912,375.2084655761719,375.3900146484375,381.010009765625,371.5,378.3800048828125,0,-0.8033131850487929
19970915,370.1708984375,370.3500061035156,377.6000061035156,370.1199951171875,375.3900146484375,0,-1.3426059160476012
19970916,382.7348327636719,382.9200134277344,383.6000061035156,370.3500061035156,370.3500061035156,0,3.3940885964790057
19970917,380.6058349609375,380.7900085449219,389.0899963378906,380.7900085449219,382.9200134277344,0,-0.5562532142798227
19970918,377.81719970703125,378.0,383.5299987792969,377.32000732421875,380.7900085449219,0,-0.7326895355219798
19970919,382.52490234375,382.7099914550781,383.739990234375,377.9599914550781,377.9599914550781,0,1.2460294854704124
19970922,392.9598388671875,393.1499938964844,395.20001220703125,382.7099914550781,382.7099914550781,0,2.7279147852171226
19970923,396.9579162597656,397.1499938964844,398.1400146484375,389.69000244140625,393.1499938964844,0,1.017423391097183
19970924,385.41351318359375,385.6000061035156,398.3500061035156,385.6000061035156,397.1499938964844,0,-2.9082180461972307
19970925,383.0846252441406,383.2699890136719,389.2900085449219,382.6700134277344,385.6000061035156,0,-0.6042575344820555
19970926,378.4068908691406,378.5899963378906,386.2099914550781,375.6000061035156,383.2699890136719,0,-1.2210694314535253
19970929,386.0732116699219,386.260009765625,386.3900146484375,378.5899963378906,378.5899963378906,0,2.025941916565843
19970930,381.41546630859375,381.6000061035156,387.6000061035156,381.2300109863281,386.260009765625,0,-1.2064421747767673
19971001,373.519287109375,373.70001220703125,382.94000244140625,369.0899963378906,381.6000061035156,0,-2.0702289754003234
19971002,377.67724609375,377.8599853515625,378.79998779296875,373.5899963378906,373.70001220703125,0,1.1131851775874724
19971003,378.4268798828125,378.6099853515625,384.0199890136719,374.54998779296875,377.8599853515625,0,0.19848621951916723
19971006,372.7696533203125,372.95001220703125,379.3699951171875,372.6199951171875,378.6099853515625,0,-1.4949349894392339
19971007,379.47637939453125,379.6600036621094,381.7200012207031,372.95001220703125,372.95001220703125,0,1.7991664393225193
19971008,386.75286865234375,386.94000244140625,387.20001220703125,376.69000244140625,379.6600036621094,0,1.9175047961533354
19971009,386.49298095703125,386.67999267578125,389.9100036621094,383.7699890136719,386.94000244140625,0,-0.0671964035727668
19971010,389.6214599609375,389.80999755859375,391.95001220703125,383.92999267578125,386.67999267578125,0,0.8094561244695431
19971013,389.6914367675781,389.8800048828125,393.760009765625,387.75,389.80999755859375,0,0.01795934549067013
19971014,378.56683349609375,378.75,389.8800048828125,373.70001220703125,389.8800048828125,0,-2.8547257472611
19971015,374.0589904785156,374.239990234375,378.75,371.4599914550781,378.75,0,-1.1907616542904287
19971016,358.636474609375,358.80999755859375,377.45001220703125,353.2200012207031,374.239990234375,0,-4.123020809753097
19971017,346.8421936035156,347.010009765625,358.80999755859375,340.80999755859375,358.80999755859375,0,-3.2886452086781093
19971020,347.98162841796875,348.1499938964844,352.82000732421875,344.1300048828125,347.4700012207031,0,0.32851620955525185
19971021,353.22906494140625,353.3999938964844,356.32000732421875,348.1499938964844,348.1499938964844,0,1.5079707287201538
19971022,348.78125,348.95001220703125,356.1300048828125,348.5799865722656,353.3999938964844,0,-1.259191218536515
19971023,332.6990051269531,332.8599853515625,348.95001220703125,329.67999267578125,348.95001220703125,0,-4.6109833192734095
19971024,315.2674560546875,315.4200134277344,335.19000244140625,304.6000061035156,332.8599853515625,0,-5.239431800553696
19971027,284.5223388671875,284.6600036621094,315.44000244140625,284.19000244140625,315.44000244140625,0,-9.752079277199199
19971028,313.4383239746094,313.5899963378906,315.4700012207031,275.2799987792969,284.6600036621094,0,10.16299877172806
19971029,312.1089782714844,312.260009765625,320.8800048828125,308.67999267578125,313.5899963378906,0,-0.42411639012635005
19971030,292.4784851074219,292.6199951171875,312.260009765625,292.6199951171875,312.260009765625,0,-6.289634930575594
19971031,301.7539978027344,301.8999938964844,304.1000061035156,292.6199951171875,292.6199951171875,0,3.171348142351116
19971103,318.9156799316406,319.07000732421875,319.07000732421875,301.8999938964844,301.8999938964844,0,5.687318242749506
19971104,323.39349365234375,323.54998779296875,324.4599914550781,313.0299987792969,319.0199890136719,0,1.4040744557346496
19971105,325.83233642578125,325.989990234375,331.2699890136719,320.95001220703125,323.54998779296875,0,0.7541346108680846
19971106,312.71868896484375,312.8699951171875,325.989990234375,311.9700012207031,325.989990234375,0,-4.0246619559559775
19971107,307.6611328125,307.80999755859375,313.8500061035156,301.30999755859375,312.8699951171875,0,-1.617284379314965
19971110,297.0562744140625,297.20001220703125,312.8999938964844,297.05999755859375,307.80999755859375,0,-3.44692681710016
19971111,294.08770751953125,294.2300109863281,300.29998779296875,293.010009765625,297.20001220703125,0,-0.9993274221786419
19971112,277.9055480957031,278.0400085449219,295.6400146484375,277.4100036621094,294.2300109863281,0,-5.502498670048494
19971113,286.63128662109375,286.7699890136719,286.8599853515625,270.9800109863281,278.0400085449219,0,3.139828873706696
19971114,293.5079650878906,293.6499938964844,297.9700012207031,286.7699890136719,286.7699890136719,0,2.3991369900580928
19971117,306.331787109375,306.4800109863281,310.5199890136719,293.6499938964844,293.6499938964844,0,4.3691528542535885
19971118,297.9958190917969,298.1400146484375,307.1400146484375,297.8900146484375,306.4800109863281,0,-2.7212203207153562
19971119,296.26666259765625,296.4100036621094,300.8599853515625,294.7300109863281,298.1400146484375,0,-0.580267961805836
19971120,311.4093322753906,311.55999755859375,312.2300109863281,296.4100036621094,296.4100036621094,0,5.111161468677872
19971121,307.80108642578125,307.95001220703125,316.17999267578125,305.489990234375,311.5,0,-1.1586806328959476
19971124,292.618408203125,292.760009765625,307.95001220703125,291.9599914550781,307.95001220703125,0,-4.932619528910487
19971125,294.5174865722656,294.6600036621094,296.739990234375,288.19000244140625,292.760009765625,0,0.6489936579813227
19971126,289.619873046875,289.760009765625,299.4100036621094,289.2799987792969,294.6600036621094,0,-1.6629314584897914
19971128,290.5094299316406,290.6499938964844,291.9800109863281,289.2900085449219,289.760009765625,0,0.3071452584431089
19971201,305.0224304199219,305.1700134277344,305.7300109863281,290.6499938964844,290.6499938964844,0,4.99570611944391
19971202,285.8017272949219,285.94000244140625,305.1700134277344,284.0799865722656,305.1700134277344,0,-6.301409096631927
19971203,288.1905517578125,288.3299865722656,289.6199951171875,278.4800109863281,285.94000244140625,0,0.8358341296961891
19971204,283.772705078125,283.9100036621094,291.2799987792969,281.9700012207031,288.3299865722656,0,-1.5329598432344937
19971205,290.939208984375,291.0799865722656,292.1000061035156,282.94000244140625,283.9100036621094,0,2.52544215338375
19971208,295.3870849609375,295.5299987792969,299.8699951171875,291.0799865722656,291.0799865722656,0,1.5287936004925173
19971209,284.4523620605469,284.5899963378906,295.5299987792969,284.1099853515625,295.5299987792969,0,-3.701824683312871
19971210,276.8960266113281,277.0299987792969,284.5899963378906,271.5400085449219,284.5899963378906,0,-2.6564523194335443
19971211,259.364501953125,259.489990234375,277.0299987792969,258.260009765625,277.0299987792969,0,-6.331447360289522
19971212,248.05996704101562,248.17999267578125,263.20001220703125,247.47000122070312,259.489990234375,0,-4.358548685588371
19971215,253.19749450683594,253.32000732421875,257.67999267578125,242.82000732421875,248.17999267578125,0,2.0710834072561024
19971216,255.99612426757812,256.1199951171875,262.760009765625,253.32000732421875,253.32000732421875,0,1.1053164819252226
19971217,254.346923828125,254.47000122070312,262.17999267578125,253.9199981689453,256.1199951171875,0,-0.6442268967440157
19971218,253.17750549316406,253.3000030517578,256.75,250.3800048828125,254.47000122070312,0,-0.4597784270573335
19971219,266.7909240722656,266.9200134277344,266.9200134277344,249.35000610351562,253.3000030517578,0,5.377027324075301
19971222,269.6395263671875,269.7699890136719,273.4800109863281,265.6000061035156,266.9200134277344,0,1.0677264508339723
19971223,258.684814453125,258.80999755859375,269.7699890136719,258.32000732421875,269.7699890136719,0,-4.062717092864865
19971224,257.0856018066406,257.2099914550781,261.5199890136719,256.4100036621094,258.80999755859375,0,-0.6182164980521598
19971226,258.7148132324219,258.8399963378906,260.2900085449219,257.2099914550781,257.2099914550781,0,0.6337253360926276
19971229,259.03466796875,259.1600036621094,262.7799987792969,257.9200134277344,258.8399963378906,0,0.12363132774928509
19971230,261.4534912109375,261.5799865722656,262.0899963378906,259.0400085449219,259.1099853515625,0,0.9337794705819746
19971231,263.50250244140625,263.6300048828125,268.42999267578125,260.489990234375,261.5799865722656,0,0.7837060997709422
19980102,274.89697265625,275.0299987792969,275.0299987792969,263.6000061035156,263.6300048828125,0,4.324239914023376
19980105,278.94500732421875,279.0799865722656,287.1099853515625,273.5400085449219,275.0299987792969,0,1.4725621971946268
19980106,271.03887939453125,271.1700134277344,279.0799865722656,269.3900146484375,279.0799865722656,0,-2.834303255379811
19980107,261.90325927734375,262.0299987792969,271.1700134277344,259.95001220703125,271.1700134277344,0,-3.3705845764075537
19980108,263.4625244140625,263.5899963378906,269.32000732421875,259.239990234375,261.9800109863281,0,0.5953507483346332
19980109,248.7796173095703,248.89999389648438,265.3599853515625,245.58999633789062,263.5899963378906,0,-5.573050057095275
19980112,250.40882873535156,250.52999877929688,256.2900085449219,242.7899932861328,248.89999389648438,0,0.6548834563211869
19980113,266.8708801269531,267.0,267.1499938964844,250.52999877929688,250.52999877929688,0,6.574063505748984
19980114,264.8218688964844,264.95001220703125,269.0299987792969,259.510009765625,267.0,0,-0.7677856902504665
19980115,264.35211181640625,264.4800109863281,271.55999755859375,262.54998779296875,264.95001220703125,0,-0.17739241330393396
19980116,260.6838684082031,260.80999755859375,267.32000732421875,260.6300048828125,264.4200134277344,0,-1.3876335735346301
19980120,272.77801513671875,272.9100036621094,272.9700012207031,260.80999755859375,260.80999755859375,0,4.639395044968397
19980121,274.69708251953125,274.8299865722656,276.739990234375,268.6600036621094,272.9100036621094,0,0.7035223642931632
19980122,270.908935546875,271.0400085449219,274.8299865722656,267.6000061035156,274.8299865722656,0,-1.379026384497961
19980123,271.3686828613281,271.5,274.9700012207031,268.8299865722656,271.0400085449219,0,0.16971348899654792
19980126,268.1602478027344,268.2900085449219,274.8599853515625,268.20001220703125,271.5,0,-1.1823172946880733
19980127,274.0074462890625,274.1400146484375,274.3699951171875,268.0,268.2900085449219,0,2.1804785557402173
19980128,288.3704833984375,288.510009765625,289.3900146484375,274.1400146484375,274.1400146484375,0,5.241845170109838
19980129,287.5908508300781,287.7300109863281,294.55999755859375,285.1400146484375,288.510009765625,0,-0.27035414817341286
19980130,288.99017333984375,289.1300048828125,292.760009765625,287.3599853515625,287.7300109863281,0,0.4865651280814509
19980202,296.8963623046875,297.0400085449219,298.5299987792969,289.1300048828125,289.1300048828125,0,2.7357948080537042
19980203,308.7406311035156,308.8900146484375,309.010009765625,297.0400085449219,297.0400085449219,0,3.9893636421450385
19980204,309.2603759765625,309.4100036621094,313.69000244140625,302.9599914550781,308.95001220703125,0,0.1683411534891155
19980205,298.5555419921875,298.70001220703125,314.1499938964844,298.70001220703125,309.4100036621094,0,-3.461423783432016
19980206,301.6640319824219,301.80999755859375,303.2699890136719,296.239990234375,298.70001220703125,0,1.0411734932929795
19980209,297.91583251953125,298.05999755859375,303.8699951171875,297.29998779296875,301.80999755859375,0,-1.2425035718944266
19980210,306.7215881347656,306.8699951171875,310.1499938964844,298.05999755859375,298.05999755859375,0,2.955779920404056
19980211,304.86248779296875,305.010009765625,306.8699951171875,301.5799865722656,306.8699951171875,0,-0.6061150914582591
19980212,308.0609436035156,308.2099914550781,309.6400146484375,301.010009765625,305.010009765625,0,1.0491398927897633
19980213,306.66162109375,306.80999755859375,309.7200012207031,305.3800048828125,308.2099914550781,0,-0.4542337806360264
19980217,302.4136657714844,302.55999755859375,309.75,301.6700134277344,306.80999755859375,0,-1.3852221354645922
19980218,310.12994384765625,310.2799987792969,310.2799987792969,301.6700134277344,302.5299987792969,0,2.5515604451999963
19980219,316.89666748046875,317.04998779296875,319.1499938964844,310.30999755859375,310.30999755859375,0,2.1818966869622036
19980220,313.98809814453125,314.1400146484375,319.0899963378906,309.6700134277344,317.04998779296875,0,-0.9178278683396268
19980223,320.1051330566406,320.260009765625,320.69000244140625,314.1400146484375,314.1400146484375,0,1.9481743273096042
19980224,310.3398132324219,310.489990234375,320.260009765625,310.489990234375,320.260009765625,0,-3.050652355378358
19980225,325.6324462890625,325.7900085449219,325.8699951171875,310.489990234375,310.489990234375,0,4.927700986108308
19980226,329.6404724121094,329.79998779296875,330.6000061035156,323.989990234375,325.7900085449219,0,1.2308478292372138
19980227,316.2769470214844,316.42999267578125,329.79998779296875,316.4100036621094,329.79998779296875,0,-4.053970773819582
19980302,304.482666015625,304.6300048828125,317.7799987792969,303.95001220703125,316.3800048828125,0,-3.729099031727745
19980303,301.01434326171875,301.1600036621094,304.6300048828125,293.7900085449219,304.6300048828125,0,-1.139087143447337
19980304,308.0909118652344,308.239990234375,308.3399963378906,299.3599853515625,301.1600036621094,0,2.3509053281222325
19980305,287.7907409667969,287.92999267578125,308.239990234375,286.1600036621094,308.239990234375,0,-6.589020958361291
19980306,292.8882751464844,293.0299987792969,296.8399963378906,287.9100036621094,287.9100036621094,0,1.7712660137002123
19980309,282.1034851074219,282.239990234375,293.0299987792969,282.0799865722656,293.0299987792969,0,-3.682219769262818
19980310,288.4204406738281,288.55999755859375,288.55999755859375,282.239990234375,282.239990234375,0,2.239231697453836
19980311,292.2086181640625,292.3500061035156,294.2200012207031,288.55999755859375,288.55999755859375,0,1.3134213255433291
19980312,295.0172424316406,295.1600036621094,296.92999267578125,289.5199890136719,292.3500061035156,0,0.9611758166335749
19980313,294.8473205566406,294.989990234375,299.5,294.2699890136719,295.1600036621094,0,-0.05760042879284777
19980316,298.6155090332031,298.760009765625,299.8900146484375,294.989990234375,294.989990234375,0,1.2780160873440582
19980317,293.07818603515625,293.2200012207031,298.760009765625,290.1600036621094,298.760009765625,0,-1.8543340352907278
19980318,291.90875244140625,292.04998779296875,293.3299865722656,289.9599914550781,293.2200012207031,0,-0.39902238007758495
19980319,293.6278991699219,293.7699890136719,295.3299865722656,291.5199890136719,292.04998779296875,0,0.5889406925510432
19980320,285.1120300292969,285.25,296.8399963378906,285.2200012207031,293.7699890136719,0,-2.900224438268051
19980323,286.78125,286.9200134277344,288.8800048828125,284.4200134277344,285.25,0,0.5854560658139718
19980324,287.22100830078125,287.3599853515625,292.44000244140625,286.82000732421875,286.9200134277344,0,0.15334305842660267
19980325,294.2476501464844,294.3900146484375,297.1199951171875,287.3599853515625,287.3599853515625,0,2.446419005859246
19980326,297.2861328125,297.42999267578125,298.5899963378906,292.489990234375,294.29998779296875,0,1.0326362566930536
19980327,297.3261413574219,297.4700012207031,299.4100036621094,293.5899963378906,297.42999267578125,0,0.01345141576407638
19980330,293.4779968261719,293.6199951171875,297.4700012207031,292.8999938964844,297.4700012207031,0,-1.2942502059759553
19980331,298.5555419921875,298.70001220703125,301.7799987792969,293.3599853515625,293.55999755859375,0,1.730133224685959
19980401,310.13995361328125,310.2900085449219,310.69000244140625,294.7099914550781,298.70001220703125,0,3.880145920401734
19980402,309.17041015625,309.32000732421875,314.3500061035156,308.75,310.2900085449219,0,-0.3126111682589694
19980403,305.3822326660156,305.5299987792969,310.6499938964844,304.7699890136719,309.32000732421875,0,-1.225271064005029
19980406,302.1338195800781,302.2799987792969,307.7099914550781,301.7799987792969,305.5299987792969,0,-1.063725334004817
19980407,289.4199523925781,289.55999755859375,302.2699890136719,287.1099853515625,302.2699890136719,0,-4.208019476005875
19980408,289.8097839355469,289.95001220703125,293.1700134277344,287.1600036621094,289.55999755859375,0,0.13469217147599188
19980409,288.1705627441406,288.30999755859375,292.4800109863281,287.6499938964844,289.95001220703125,0,-0.5656197894092441
19980413,288.14056396484375,288.2799987792969,288.80999755859375,285.45001220703125,288.30999755859375,0,-0.010405043026917582
19980414,296.17669677734375,296.32000732421875,296.5299987792969,287.3599853515625,288.2799987792969,0,2.7889581583761425
19980415,307.8310546875,307.9800109863281,310.8399963378906,296.32000732421875,296.32000732421875,0,3.9349363437857887
19980416,302.32373046875,302.4700012207031,307.9800109863281,301.5,307.9800109863281,0,-1.7890803198489347
19980417,301.0343322753906,301.17999267578125,302.4700012207031,298.0400085449219,302.4700012207031,0,-0.42649140070607494
19980420,310.669677734375,310.82000732421875,311.489990234375,299.7900085449219,301.17999267578125,0,3.2007486828034226
19980421,313.998046875,314.1499938964844,314.9800109863281,310.82000732421875,310.82000732421875,0,1.071355284022002
19980422,324.4430236816406,324.6000061035156,326.05999755859375,313.1499938964844,314.1499938964844,0,3.3264403660866027
19980423,317.0466003417969,317.20001220703125,324.6000061035156,316.4100036621094,324.6000061035156,0,-2.2797269739189385
19980424,321.044677734375,321.20001220703125,323.9200134277344,316.8599853515625,317.20001220703125,0,1.2610339993900377
19980427,311.0994567871094,311.25,321.20001220703125,308.5199890136719,321.20001220703125,0,-3.0977620886944113
19980428,312.498779296875,312.6499938964844,316.5799865722656,309.6099853515625,311.25,0,0.44979723581828335
19980429,313.0585021972656,313.2099914550781,315.6300048828125,309.3800048828125,312.6499938964844,0,0.1791132478893287
19980430,315.73724365234375,315.8900146484375,317.20001220703125,313.2099914550781,313.2099914550781,0,0.855663378077054
19980501,316.856689453125,317.010009765625,317.5799865722656,312.4100036621094,315.8900146484375,0,0.3545522382003563
19980504,316.856689453125,317.010009765625,321.6300048828125,316.42999267578125,317.010009765625,0,0.0
19980505,318.0461120605469,318.20001220703125,319.6199951171875,316.05999755859375,317.010009765625,0,0.37538323861951994
19980506,312.72869873046875,312.8800048828125,319.54998779296875,312.8800048828125,318.20001220703125,0,-1.6719067002289645
19980507,309.00048828125,309.1499938964844,314.3399963378906,308.6099853515625,312.8800048828125,0,-1.1921538379306762
19980508,315.96710205078125,316.1199951171875,316.1199951171875,308.7200012207031,309.1499938964844,0,2.2545694188293997
19980511,309.6001892089844,309.75,318.0899963378906,309.5199890136719,316.1199951171875,0,-2.0150560595909472
19980512,313.0285339355469,313.17999267578125,313.17999267578125,306.1000061035156,309.75,0,1.107342268210254
19980513,312.2389221191406,312.3900146484375,314.80999755859375,310.4700012207031,313.17999267578125,0,-0.2522440915188273
19980514,307.0214538574219,307.1700134277344,312.5400085449219,307.1099853515625,312.3900146484375,0,-1.670988500249504
19980515,292.6783752441406,292.82000732421875,307.1700134277344,291.5899963378906,307.1700134277344,0,-4.6716819598966675
19980518,293.1881103515625,293.3299865722656,297.6199951171875,289.25,292.82000732421875,0,0.17416133983023663
19980519,293.8877868652344,294.0299987792969,298.29998779296875,292.45001220703125,293.3299865722656,0,0.2386432479035916
19980520,283.4428405761719,283.5799865722656,295.2900085449219,281.1499938964844,294.0299987792969,0,-3.554063275997621
19980521,274.9769287109375,275.1099853515625,284.45001220703125,275.1099853515625,283.5799865722656,0,-2.9868120536583387
19980522,271.43865966796875,271.57000732421875,275.8800048828125,269.3699951171875,275.1099853515625,0,-1.2867501057149955
19980526,267.84039306640625,267.9700012207031,276.30999755859375,266.57000732421875,271.57000732421875,0,-1.3256272807835145
19980527,266.5310363769531,266.6600036621094,268.57000732421875,262.30999755859375,267.9700012207031,0,-0.4888597800597916
19980528,267.6205139160156,267.75,271.0899963378906,265.42999267578125,266.6600036621094,0,0.4087588400665476
19980529,259.1846008300781,259.30999755859375,270.3999938964844,259.30999755859375,267.75,0,-3.1521951228408063
19980601,250.4588165283203,250.5800018310547,260.260009765625,247.63999938964844,259.30999755859375,0,-3.3666252013929476
19980602,251.91810607910156,252.0399932861328,255.4199981689453,248.6699981689453,250.52999877929688,0,0.582644841731006
19980603,244.0419158935547,244.16000366210938,255.38999938964844,244.16000366210938,252.0399932861328,0,-3.1264838255560257
19980604,251.67822265625,251.8000030517578,251.8000030517578,244.16000366210938,244.16000366210938,0,3.1290953780543695
19980605,254.28695678710938,254.41000366210938,256.4700012207031,251.00999450683594,251.8000030517578,0,1.0365371639074583
19980608,254.91664123535156,255.0399932861328,258.44000244140625,254.14999389648438,254.41000366210938,0,0.2476276934692212
19980609,260.65386962890625,260.7799987792969,260.9200134277344,253.9199981689453,255.0399932861328,0,2.2506295656635533
19980610,242.72254943847656,242.83999633789062,260.7799987792969,242.3300018310547,260.7799987792969,0,-6.879362882653139
19980611,238.07479858398438,238.19000244140625,244.72999572753906,236.75999450683594,242.83999633789062,0,-1.9148385630900377
19980612,235.50604248046875,235.6199951171875,238.19000244140625,226.4499969482422,238.19000244140625,0,-1.0789736336020095
19980615,232.5074920654297,232.6199951171875,240.47000122070312,232.5399932861328,235.58999633789062,0,-1.2732365937398127
19980616,243.5421600341797,243.66000366210938,243.66000366210938,232.6199951171875,232.6199951171875,0,4.745941353562588
19980617,234.53651428222656,234.64999389648438,245.80999755859375,233.4499969482422,243.66000366210938,0,-3.697779541249391
19980618,238.9543914794922,239.07000732421875,239.38999938964844,232.55999755859375,234.64999389648438,0,1.8836622811438275
19980619,235.98582458496094,236.10000610351562,240.4199981689453,235.55999755859375,239.07000732421875,0,-1.242314439165637
19980622,246.160888671875,246.27999877929688,246.27999877929688,235.82000732421875,236.10000610351562,0,4.311729103182627
19980623,253.02755737304688,253.14999389648438,254.35000610351562,246.30999755859375,246.30999755859375,0,2.789505908412826
19980624,258.8847351074219,259.010009765625,260.1499938964844,251.07000732421875,253.1199951171875,0,2.3148394273858175
19980625,253.02755737304688,253.14999389648438,264.2900085449219,253.14999389648438,259.010009765625,0,-2.262466950386699
19980626,250.9185791015625,251.0399932861328,254.8699951171875,250.17999267578125,253.14999389648438,0,-0.8334981873293512
19980629,250.009033203125,250.1300048828125,254.1199951171875,249.10000610351562,251.0399932861328,0,-0.36248742338163
19980630,245.81105041503906,245.92999267578125,250.1300048828125,245.6699981689453,250.1300048828125,0,-1.679131701532166
19980701,252.6277618408203,252.75,252.75,245.92999267578125,245.92999267578125,0,2.7731498911602204
19980702,245.4912109375,245.61000061035156,252.75,245.24000549316406,252.75,0,-2.8249255745394386
19980706,244.68161010742188,244.8000030517578,246.9600067138672,243.58999633789062,245.61000061035156,0,-0.3297901374458956
19980707,254.74673461914062,254.8699951171875,254.8699951171875,243.3300018310547,244.8000030517578,0,4.113558798976236
19980708,258.8847351074219,259.010009765625,262.4599914550781,252.47000122070312,254.8699951171875,0,1.6243632941311814
19980709,255.02659606933594,255.14999389648438,259.0400085449219,253.85000610351562,259.0400085449219,0,-1.4902960208501237
19980710,255.7162628173828,255.83999633789062,256.8699951171875,253.2100067138672,255.14999389648438,0,0.27043012263845423
19980713,257.7153015136719,257.8399963378906,259.010009765625,252.52000427246094,255.83999633789062,0,0.7817385978064806
19980714,255.02659606933594,255.14999389648438,260.17999267578125,255.14999389648438,257.8399963378906,0,-1.0432836175971238
19980715,273.0978698730469,273.2300109863281,273.30999755859375,255.14999389648438,255.14999389648438,0,7.086034694235144
19980716,275.0069580078125,275.1400146484375,276.6499938964844,268.8299865722656,273.2300109863281,0,0.6990460730190273
19980717,266.34112548828125,266.4700012207031,275.1400146484375,265.6300048828125,275.1400146484375,0,-3.15112777718376
19980720,258.31500244140625,258.44000244140625,266.4700012207031,258.05999755859375,266.4700012207031,0,-3.013471964015213
19980721,260.90374755859375,261.0299987792969,269.05999755859375,258.4100036621094,258.44000244140625,0,1.0021654207644781
19980722,253.14752197265625,253.27000427246094,261.0299987792969,247.75999450683594,261.0299987792969,0,-2.9728362805522157
19980723,250.2589111328125,250.3800048828125,256.010009765625,248.27000427246094,253.27000427246094,0,-1.1410744821322982
19980724,248.8895721435547,249.00999450683594,253.02000427246094,244.89999389648438,250.3800048828125,0,-0.5471724375985088
19980727,251.68821716308594,251.80999755859375,251.83999633789062,243.0399932861328,249.00999450683594,0,1.12445408358135
19980728,253.94712829589844,254.07000732421875,259.260009765625,251.3000030517578,251.80999755859375,0,0.8975059717790224
19980729,249.37933349609375,249.5,257.8599853515625,249.5,254.07000732421875,0,-1.7987197199498484
19980730,257.8552551269531,257.9800109863281,257.9800109863281,249.5,249.5,0,3.3988019985283113
19980731,255.02659606933594,255.14999389648438,263.2300109863281,255.14999389648438,257.9800109863281,0,-1.0969908401134765
19980803,255.5463409423828,255.6699981689453,259.05999755859375,251.5800018310547,255.14999389648438,0,0.20380336464829174
19980804,247.69015502929688,247.80999755859375,258.6099853515625,247.00999450683594,255.6699981689453,0,-3.074275693919204
19980805,251.4283447265625,251.5500030517578,253.97000122070312,245.0399932861328,247.80999755859375,0,1.5092230055326006
19980806,262.9527587890625,263.0799865722656,263.92999267578125,249.5800018310547,251.5500030517578,0,4.583575186097466
19980807,269.6095275878906,269.739990234375,276.510009765625,263.0799865722656,263.0799865722656,0,2.5315508598294345
19980810,262.6229248046875,262.75,269.739990234375,262.75,269.739990234375,0,-2.5913807694222357
19980811,253.74722290039062,253.8699951171875,262.75,251.6999969482422,262.75,0,-3.3796402979305418
19980812,258.82476806640625,258.95001220703125,261.9800109863281,253.8699951171875,253.8699951171875,0,2.0010309164337325
19980813,253.5473175048828,253.6699981689453,264.8900146484375,253.6699981689453,258.95001220703125,0,-2.0390089936989653
19980814,252.5478057861328,252.6699981689453,259.17999267578125,251.41000366210938,253.6699981689453,0,-0.3942129566831931
19980817,262.9327697753906,263.05999755859375,263.0899963378906,251.9199981689453,252.6699981689453,0,4.112082742289513
19980818,268.6600036621094,268.7900085449219,270.260009765625,263.05999755859375,263.05999755859375,0,2.1782144908033096
19980819,256.685791015625,256.80999755859375,269.3699951171875,256.489990234375,268.7900085449219,0,-4.45701499515595
19980820,245.35128784179688,245.47000122070312,256.80999755859375,244.83999633789062,256.80999755859375,0,-4.415714514892787
19980821,241.10333251953125,241.22000122070312,245.47000122070312,235.19000244140625,245.47000122070312,0,-1.7313724605308556
19980824,241.30323791503906,241.4199981689453,247.61000061035156,239.75999450683594,241.22000122070312,0,0.0829105991336121
19980825,240.60357666015625,240.72000122070312,245.63999938964844,239.6699981689453,241.4199981689453,0,-0.2899498606376172
19980826,233.41705322265625,233.52999877929688,240.72000122070312,232.33999633789062,240.72000122070312,0,-2.986873714251159
19980827,217.42478942871094,217.52999877929688,233.52999877929688,213.52000427246094,233.52999877929688,0,-6.851368168387307
19980828,210.8679656982422,210.97000122070312,221.02999877929688,208.9199981689453,217.52999877929688,0,-3.0156748933049204
19980831,193.37643432617188,193.47000122070312,213.66000366210938,193.36000061035156,210.97000122070312,0,-8.29501820104397
19980901,203.79139709472656,203.88999938964844,204.6199951171875,190.0399932861328,193.47000122070312,0,5.385846954670037
19980902,203.9113311767578,204.00999450683594,210.8300018310547,202.24000549316406,203.88999938964844,0,0.058852870443226735
19980903,199.0037078857422,199.10000610351562,205.19000244140625,197.2100067138672,204.00999450683594,0,-2.4067391478488465
19980904,198.74383544921875,198.83999633789062,203.00999450683594,194.61000061035156,199.10000610351562,0,-0.13059254528089426
19980908,213.4667205810547,213.57000732421875,213.6300048828125,198.83999633789062,198.83999633789062,0,7.407971865628715
19980909,209.728515625,209.8300018310547,217.57000732421875,209.75,213.57000732421875,0,-1.7511847941674707
19980910,202.721923828125,202.82000732421875,209.8300018310547,199.6999969482422,209.8300018310547,0,-3.3407970479264693
19980911,211.41770935058594,211.52000427246094,211.5399932861328,202.82000732421875,202.82000732421875,0,4.289516139467819
19980914,213.9564666748047,214.05999755859375,216.2899932861328,211.52000427246094,211.52000427246094,0,1.200828874256743
19980915,210.8479766845703,210.9499969482422,214.05999755859375,209.02999877929688,214.05999755859375,0,-1.452863984780839
19980916,213.9864501953125,214.08999633789062,214.66000366210938,210.9499969482422,210.9499969482422,0,1.4885041171244229
19980917,212.14735412597656,212.25,218.3000030517578,207.50999450683594,214.08999633789062,0,-0.8594499366456287
19980918,212.0973663330078,212.1999969482422,213.02999877929688,209.22999572753906,212.25,0,-0.023558563843495417
19980921,218.69418334960938,218.8000030517578,218.8000030517578,205.05999755859375,212.1999969482422,0,3.1102762480837542
19980922,215.415771484375,215.52000427246094,221.8699951171875,215.52000427246094,218.8000030517578,0,-1.4990853444005525
19980923,225.09107971191406,225.1999969482422,225.57000732421875,215.52000427246094,215.52000427246094,0,4.491459021847355
19980924,220.65322875976562,220.75999450683594,229.83999633789062,219.11000061035156,225.1999969482422,0,-1.9715819278748437
19980925,227.1400909423828,227.25,227.77000427246094,218.02999877929688,220.75999450683594,0,2.939846736118268
19980928,223.5418243408203,223.64999389648438,229.0500030517578,223.39999389648438,227.25,0,-1.5841611016570445
19980929,221.15298461914062,221.25999450683594,225.13999938964844,219.42999267578125,223.64999389648438,0,-1.068633782639239
19980930,212.66709899902344,212.77000427246094,221.25999450683594,212.5800018310547,221.25999450683594,0,-3.8371103883005353
19981001,204.3611297607422,204.4600067138672,213.97999572753906,203.9600067138672,212.77000427246094,0,-3.905624567245136
19981002,203.56150817871094,203.66000366210938,207.41000366210938,199.10000610351562,204.4600067138672,0,-0.3912760566800677
19981005,194.6558074951172,194.75,203.77999877929688,192.07000732421875,202.2100067138672,0,-4.374940342676159
19981006,198.2041015625,198.3000030517578,206.25999450683594,194.64999389648438,194.75,0,1.822851374458434
19981007,191.49732971191406,191.58999633789062,202.35000610351562,189.74000549316406,198.3000030517578,0,-3.383765310440179
19981008,189.8081512451172,189.89999389648438,191.58999633789062,182.58999633789062,191.58999633789062,0,-0.8820932583691543
19981009,200.70289611816406,200.8000030517578,201.6199951171875,189.89999389648438,189.89999389648438,0,5.739868091420308
19981012,214.35629272460938,214.4600067138672,217.39999389648438,200.8000030517578,200.8000030517578,0,6.802790564992378
19981013,208.1892547607422,208.2899932861328,215.32000732421875,206.41000366210938,214.4600067138672,0,-2.8769995498351464
19981014,218.7041778564453,218.80999755859375,221.9499969482422,205.24000549316406,208.2899932861328,0,5.050652749318285
19981015,227.87974548339844,227.99000549316406,228.02000427246094,215.94000244140625,218.80999755859375,0,4.195424357660826
19981016,230.8682861328125,230.97999572753906,232.92999267578125,227.99000549316406,227.99000549316406,0,1.3114567140376954
19981019,235.635986328125,235.75,235.99000549316406,227.02999877929688,230.97999572753906,0,2.0651157505810813
19981020,234.47654724121094,234.58999633789062,246.10000610351562,234.05999755859375,235.72000122070312,0,-0.49204821298383106
19981021,241.96292114257812,242.0800018310547,242.10000610351562,231.3800048828125,234.58999633789062,0,3.192806858812447
19981022,247.18040466308594,247.3000030517578,247.3000030517578,238.38999938964844,242.0800018310547,0,2.1563124509335285
19981023,249.7791290283203,249.89999389648438,253.97000122070312,246.1999969482422,247.3000030517578,0,1.0513509149380873
19981026,252.16798400878906,252.2899932861328,253.14999389648438,245.42999267578125,249.89999389648438,0,0.9563823321414144
19981027,248.2198944091797,248.33999633789062,256.9100036621094,248.0399932861328,252.2899932861328,0,-1.565657399563336
19981028,254.52684020996094,254.64999389648438,255.02000427246094,244.6699981689453,248.33999633789062,0,2.540870440381404
19981029,262.1731262207031,262.29998779296875,263.6499938964844,253.8000030517578,254.64999389648438,0,3.0041209816773495
19981030,262.49298095703125,262.6199951171875,266.6000061035156,260.9599914550781,262.29998779296875,0,0.12200051052664307
19981102,263.872314453125,264.0,264.3999938964844,258.8800048828125,262.6199951171875,0,0.5254759380361351
19981103,256.32598876953125,256.45001220703125,264.0,255.7100067138672,264.0,0,-2.8598438609730104
19981104,269.7594909667969,269.8900146484375,271.3599853515625,256.45001220703125,256.45001220703125,0,5.240788380449035
19981105,269.0398254394531,269.1700134277344,270.9200134277344,264.25,269.8900146484375,0,-0.2667757907386825
19981106,275.7965393066406,275.92999267578125,276.9200134277344,268.3999938964844,269.1700134277344,0,2.511416172240799
19981109,275.6466369628906,275.7799987792969,277.8800048828125,271.6000061035156,275.92999267578125,0,-0.05435940291587116
19981110,275.8465270996094,275.9800109863281,278.07000732421875,270.760009765625,275.7799987792969,0,0.07252600185532199
19981111,289.1201171875,289.260009765625,290.0199890136719,275.9800109863281,275.9800109863281,0,4.8119422605410245
19981112,292.5484619140625,292.69000244140625,293.3399963378906,284.55999755859375,289.260009765625,0,1.1857818433182121
19981113,291.48895263671875,291.6300048828125,295.4100036621094,290.4800109863281,292.69000244140625,0,-0.36215707736924063
19981116,293.3680725097656,293.510009765625,298.2799987792969,290.9100036621094,291.6300048828125,0,0.6446541341203815
19981117,296.01678466796875,296.1600036621094,298.489990234375,287.3399963378906,293.510009765625,0,0.9028632102191292
19981118,302.32373046875,302.4700012207031,303.1600036621094,296.1600036621094,296.1600036621094,0,2.1306042276366455
19981119,307.9309997558594,308.0799865722656,311.4700012207031,302.4700012207031,302.4700012207031,0,1.8547245442264826
19981120,309.4702453613281,309.6199951171875,312.9200134277344,306.44000244140625,308.0799865722656,0,0.4998729589858142
19981123,317.9161682128906,318.07000732421875,319.5899963378906,309.6199951171875,309.6199951171875,0,2.729155849199283
19981124,314.0380554199219,314.19000244140625,320.8900146484375,314.1199951171875,318.07000732421875,0,-1.2198587711721887
19981125,316.30694580078125,316.4599914550781,317.2099914550781,313.8800048828125,314.19000244140625,0,0.7224892568296282
19981127,320.3849792480469,320.5400085449219,321.1000061035156,316.4599914550781,316.4599914550781,0,1.2892679011599295
19981130,306.0019226074219,306.1499938964844,322.6700134277344,306.04998779296875,320.5400085449219,0,-4.489303757668306
19981201,313.8681335449219,314.0199890136719,314.17999267578125,299.3599853515625,306.1499938964844,0,2.5706337658293332
19981202,326.6219482421875,326.7799987792969,328.0799865722656,312.19000244140625,314.0199890136719,0,4.063438702008693
19981203,332.549072265625,332.7099914550781,351.6199951171875,326.7799987792969,326.7799987792969,0,1.8146743062406046
19981204,344.4933166503906,344.6600036621094,345.3500061035156,332.7099914550781,332.7099914550781,0,3.591720271089227
19981207,348.6912536621094,348.8599853515625,350.5899963378906,343.3500061035156,344.6600036621094,0,1.2185869102382396
19981208,352.6393737792969,352.80999755859375,362.70001220703125,348.8599853515625,348.8599853515625,0,1.1322629057186395
19981209,346.4823303222656,346.6499938964844,355.9700012207031,346.3399963378906,352.80999755859375,0,-1.7459833068042108
19981210,331.4895935058594,331.6499938964844,346.6499938964844,330.760009765625,346.6499938964844,0,-4.327131188261102
19981211,331.51959228515625,331.67999267578125,337.4100036621094,326.1300048828125,331.6499938964844,0,0.00904531278425047
19981214,318.8757019042969,319.0299987792969,331.67999267578125,317.6199951171875,331.67999267578125,0,-3.813915272498758
19981215,329.71044921875,329.8699951171875,330.55999755859375,319.0299987792969,319.0299987792969,0,3.397798445089073
19981216,324.532958984375,324.69000244140625,334.45001220703125,322.3500061035156,329.4599914550781,0,-1.5703133817736359
19981217,339.8155822753906,339.9800109863281,339.9800109863281,324.69000244140625,324.69000244140625,0,4.709109744665185
19981218,349.0810852050781,349.25,351.5799865722656,339.9800109863281,339.9800109863281,0,2.7266276587198046
19981221,354.1786193847656,354.3500061035156,357.5799865722656,349.25,349.25,0,1.4602737590595938
19981222,344.093505859375,344.260009765625,355.55999755859375,342.760009765625,354.3500061035156,0,-2.847466110934127
19981223,349.3209533691406,349.489990234375,351.5199890136719,343.7200012207031,344.260009765625,0,1.5191948876985828
19981224,349.15106201171875,349.32000732421875,350.30999755859375,347.3299865722656,349.489990234375,0,-0.04863741878337047
19981228,344.3633728027344,344.5299987792969,351.5400085449219,344.0199890136719,349.32000732421875,0,-1.371237960749283
19981229,339.23583984375,339.3999938964844,344.7200012207031,337.6300048828125,344.5299987792969,0,-1.4889864165641864
19981230,345.8326721191406,346.0,349.7300109863281,338.25,339.3999938964844,0,1.9446099652932203
19981231,350.39044189453125,350.55999755859375,352.2900085449219,344.7900085449219,346.0,0,1.3179183695357644
19990104,354.2585754394531,354.42999267578125,357.2900085449219,350.55999755859375,350.55999755859375,0,1.1039465837914486
19990105,376.3279113769531,376.510009765625,376.510009765625,354.1400146484375,354.42999267578125,0,6.229725910933759
19990106,389.25164794921875,389.44000244140625,393.8900146484375,376.510009765625,376.510009765625,0,3.434169700781675
19990107,392.210205078125,392.3999938964844,396.3500061035156,383.82000732421875,389.44000244140625,0,0.7600635364939157
19990108,391.2406921386719,391.42999267578125,401.0400085449219,382.9100036621094,392.3999938964844,0,-0.2471970529538292
19990111,402.5751953125,402.7699890136719,402.7699890136719,391.42999267578125,391.42999267578125,0,2.897068837360006
19990112,388.25213623046875,388.44000244140625,402.7699890136719,387.94000244140625,402.7699890136719,0,-3.5578585701873666
19990113,403.1849060058594,403.3800048828125,410.3299865722656,373.30999755859375,388.2200012207031,0,3.846154450495831
19990114,391.7504577636719,391.94000244140625,404.5299987792969,387.8500061035156,403.45001220703125,0,-2.8360360709326016
19990115,403.074951171875,403.2699890136719,403.8299865722656,382.7699890136719,391.94000244140625,0,2.890745139993567
19990119,401.3957824707031,401.5899963378906,403.2799987792969,392.57000732421875,403.2699890136719,0,-0.41659253640228266
19990120,416.58843994140625,416.7900085449219,428.1199951171875,401.5899963378906,401.5899963378906,0,3.7849578788417437
19990121,397.6675720214844,397.8599853515625,416.7900085449219,396.9200134277344,416.7900085449219,0,-4.541861082382226
19990122,392.570068359375,392.760009765625,398.95001220703125,390.54998779296875,397.8599853515625,0,-1.28185185082913
19990125,389.9413146972656,390.1300048828125,395.7699890136719,386.4700012207031,392.760009765625,0,-0.6696213508045057
19990126,407.0330505371094,407.2300109863281,407.3699951171875,390.1300048828125,390.1300048828125,0,4.383155842794539
19990127,393.59954833984375,393.7900085449219,408.55999755859375,393.6499938964844,407.2300109863281,0,-3.300346752159544
19990128,406.2834167480469,406.4800109863281,406.75,393.7900085449219,393.7900085449219,0,3.222530324803463
19990129,420.2466735839844,420.45001220703125,422.57000732421875,405.1300048828125,406.4800109863281,0,3.4368236673692154
19990201,411.3309631347656,411.5299987792969,421.1700134277344,410.55999755859375,420.45001220703125,0,-2.121539581105336
19990202,402.2653503417969,402.4599914550781,413.989990234375,397.6300048828125,411.5299987792969,0,-2.2039723352180185
19990203,418.3675842285156,418.57000732421875,418.57000732421875,400.1300048828125,402.4599914550781,0,4.002886302038489
19990204,397.11785888671875,397.30999755859375,418.57000732421875,397.19000244140625,418.57000732421875,0,-5.079200466735134
19990205,385.873291015625,386.05999755859375,400.9599914550781,374.8699951171875,397.30999755859375,0,-2.8315421381615025
19990208,400.02642822265625,400.2200012207031,402.70001220703125,386.05999755859375,386.05999755859375,0,3.6678246261347747
19990209,373.8591003417969,374.0400085449219,400.2200012207031,374.010009765625,400.2200012207031,0,-6.54140037877422
19990210,377.0475769042969,377.2300109863281,386.67999267578125,372.2300109863281,374.9599914550781,0,0.8528505958001364
19990211,401.6656188964844,401.8599853515625,401.8599853515625,377.2300109863281,377.2300109863281,0,6.529166197788827
19990212,391.73046875,391.9200134277344,401.8599853515625,384.7799987792969,401.8599853515625,0,-2.473491336822764
19990216,394.1293029785156,394.32000732421875,404.04998779296875,388.1600036621094,391.9200134277344,0,0.6123682930845975
19990217,381.07562255859375,381.260009765625,403.2200012207031,379.4100036621094,394.29998779296875,0,-3.312030157236112
19990218,383.3045349121094,383.489990234375,388.6499938964844,373.80999755859375,381.260009765625,0,0.5848975532788847
19990219,389.8013916015625,389.989990234375,393.2200012207031,382.6499938964844,383.489990234375,0,1.6949594945170343
19990222,410.601318359375,410.79998779296875,411.3800048828125,389.989990234375,389.989990234375,0,5.336033764889048
19990223,408.65228271484375,408.8500061035156,414.6600036621094,405.94000244140625,410.79998779296875,0,-0.47467910111912426
19990224,408.42236328125,408.6199951171875,421.79998779296875,408.4700012207031,408.8500061035156,0,-0.056258036662448774
19990225,388.4220275878906,388.6099853515625,408.6199951171875,385.6000061035156,408.6199951171875,0,-4.8969727386655055
19990226,356.08770751953125,356.260009765625,388.6099853515625,351.45001220703125,388.6099853515625,0,-8.324535345295248
19990301,359.77593994140625,359.95001220703125,363.82000732421875,348.4599914550781,356.260009765625,0,1.0357610566040787
19990302,347.0021057128906,347.1700134277344,365.2099914550781,346.3900146484375,359.95001220703125,0,-3.550492664505378
19990303,353.22906494140625,353.3999938964844,356.1400146484375,345.6700134277344,347.1700134277344,0,1.7945041990346855
19990304,355.298095703125,355.4700012207031,366.04998779296875,348.67999267578125,353.3999938964844,0,0.5857406225154183
19990305,377.3973693847656,377.5799865722656,377.5799865722656,364.4800109863281,364.80999755859375,0,6.219930029435861
19990308,387.5325012207031,387.7200012207031,388.80999755859375,381.5899963378906,382.010009765625,0,2.6855275727112105
19990309,371.9900207519531,372.1700134277344,395.1700134277344,370.42999267578125,387.7200012207031,0,-4.010623064069674
19990310,381.1155700683594,381.29998779296875,381.29998779296875,369.94000244140625,372.1700134277344,0,2.4531730219600867
19990311,373.5292663574219,373.7099914550781,386.30999755859375,368.7300109863281,381.29998779296875,0,-1.9905577185624468
19990312,365.47314453125,365.6499938964844,375.0299987792969,359.8699951171875,373.7099914550781,0,-2.1567519581725203
19990315,365.02337646484375,365.20001220703125,368.7699890136719,361.3599853515625,365.6499938964844,0,-0.12306350251998222
19990316,381.2655334472656,381.45001220703125,386.9599914550781,365.20001220703125,365.20001220703125,0,4.4496164996806975
19990317,382.9346923828125,383.1199951171875,387.5299987792969,377.1700134277344,381.5,0,0.43779862543296133
19990318,386.5229797363281,386.7099914550781,388.2900085449219,382.4599914550781,383.1199951171875,0,0.9370422801327605
19990319,374.79864501953125,374.9800109863281,390.95001220703125,374.70001220703125,386.7099914550781,0,-3.0332757694243817
19990322,369.651123046875,369.8299865722656,376.6600036621094,365.1199951171875,375.82000732421875,0,-1.3734130522094046
19990323,353.6988525390625,353.8699951171875,369.8299865722656,353.4100036621094,369.8299865722656,0,-4.315494155301414
19990324,359.635986328125,359.80999755859375,360.04998779296875,350.25,354.5299987792969,0,1.678583243385523
19990325,369.3612976074219,369.5400085449219,370.8699951171875,359.80999755859375,359.80999755859375,0,2.7042080687998737
19990326,363.4641418457031,363.6400146484375,372.9700012207031,363.0799865722656,369.510009765625,0,-1.5965778427390886
19990329,376.35791015625,376.5400085449219,376.6199951171875,363.6400146484375,363.6400146484375,0,3.5474627040030127
19990330,369.94097900390625,370.1199951171875,383.3800048828125,370.0899963378906,376.5400085449219,0,-1.705001668360151
19990331,370.55072021484375,370.7300109863281,379.2099914550781,370.1199951171875,370.1199951171875,0,0.16481570225554965
19990401,387.1826477050781,387.3699951171875,387.4700012207031,370.6199951171875,370.6199951171875,0,4.488437309563542
19990405,403.924560546875,404.1199951171875,404.4800109863281,387.3699951171875,387.3699951171875,0,4.32403134242052
19990406,412.6103515625,412.80999755859375,418.57000732421875,401.6300048828125,403.42999267578125,0,2.150352010888823
19990407,406.6932373046875,406.8900146484375,420.7099914550781,400.8299865722656,412.80999755859375,0,-1.4340696555722232
19990408,410.0715637207031,410.2699890136719,410.5899963378906,398.010009765625,406.8900146484375,0,0.8306850115638031
19990409,409.8716735839844,410.07000732421875,414.7099914550781,408.0299987792969,410.2699890136719,0,-0.04874392346705392
19990412,387.4825134277344,387.6700134277344,410.07000732421875,385.6600036621094,410.07000732421875,0,-5.462480429292649
19990413,379.57635498046875,379.760009765625,394.17999267578125,378.8299865722656,387.6700134277344,0,-2.0403960554415956
19990414,384.533935546875,384.7200012207031,394.0799865722656,379.2300109863281,379.760009765625,0,1.3060857719429775
19990415,401.4357604980469,401.6300048828125,401.6600036621094,374.9200134277344,384.6600036621094,0,4.3954053879326604
19990416,395.1488037109375,395.3399963378906,401.6300048828125,390.0199890136719,401.6300048828125,0,-1.5661201773899291
19990419,375.61822509765625,375.79998779296875,399.3699951171875,368.489990234375,395.3399963378906,0,-4.942583276654188
19990420,380.9656677246094,381.1499938964844,381.6099853515625,367.1300048828125,375.6300048828125,0,1.4236312605903967
19990421,406.5033264160156,406.70001220703125,409.92999267578125,381.1499938964844,381.1499938964844,0,6.703402523859392
19990422,402.9350280761719,403.1300048828125,414.3500061035156,399.82000732421875,406.70001220703125,0,-0.8777986764360923
19990423,395.17877197265625,395.3699951171875,403.1300048828125,387.8900146484375,403.1300048828125,0,-1.924939764253164
19990426,393.1397705078125,393.3299865722656,397.239990234375,390.2200012207031,395.3699951171875,0,-0.5159745479211719
19990427,385.6234130859375,385.80999755859375,396.1700134277344,384.489990234375,393.3299865722656,0,-1.9118778812685977
19990428,378.23699951171875,378.4200134277344,389.0799865722656,376.92999267578125,385.80999755859375,0,-1.9154465093240702
19990429,372.04998779296875,372.2300109863281,378.489990234375,366.45001220703125,378.4200134277344,0,-1.6357492261936946
19990430,370.0909118652344,370.2699890136719,379.1099853515625,361.6600036621094,372.2300109863281,0,-0.5265620489499523
19990503,380.48590087890625,380.6700134277344,380.70001220703125,367.54998779296875,370.2699890136719,0,2.808767851201277
19990504,375.8981018066406,376.0799865722656,383.7900085449219,375.0899963378906,380.6700134277344,0,-1.2057757883627285
19990505,395.40869140625,395.6000061035156,395.7699890136719,365.4700012207031,376.0799865722656,0,5.190390403159384
19990506,380.0361022949219,380.2200012207031,396.3599853515625,379.20001220703125,395.6600036621094,0,-3.8877665939135664
19990507,386.7728576660156,386.9599914550781,390.4200134277344,376.4200134277344,380.2200012207031,0,1.7726553607743334
19990510,387.9023132324219,388.0899963378906,393.4700012207031,381.6600036621094,386.9599914550781,0,0.2920211153001562
19990511,395.1288146972656,395.32000732421875,395.32000732421875,385.2900085449219,388.0899963378906,0,1.8629727781061645
19990512,412.620361328125,412.82000732421875,413.2799987792969,388.2900085449219,395.32000732421875,0,4.42679340174339
19990513,406.1235046386719,406.32000732421875,424.54998779296875,406.239990234375,412.82000732421875,0,-1.5745360895008775
19990514,396.94793701171875,397.1400146484375,406.32000732421875,393.9800109863281,406.32000732421875,0,-2.259301169104422
19990517,405.46380615234375,405.6600036621094,405.6600036621094,388.69000244140625,397.1400146484375,0,2.1453363296101147
19990518,412.82025146484375,413.0199890136719,413.4700012207031,403.9599914550781,405.6600036621094,0,1.8143236417492492
19990519,429.10235595703125,429.30999755859375,429.30999755859375,412.7900085449219,413.0199890136719,0,3.944121102667175
19990520,415.49896240234375,415.70001220703125,429.30999755859375,415.0199890136719,429.30999755859375,0,-3.1701999555006743
19990521,408.2024841308594,408.3999938964844,418.8399963378906,405.44000244140625,415.70001220703125,0,-1.7560784450762146
19990524,394.8389587402344,395.0299987792969,408.42999267578125,392.3800048828125,408.3999938964844,0,-3.2737500776203077
19990525,373.0994567871094,373.2799987792969,398.3399963378906,372.4800109863281,395.0299987792969,0,-5.5059109604867595
19990526,379.5163879394531,379.70001220703125,379.70001220703125,363.3399963378906,373.2799987792969,0,1.7198921583607918
19990527,387.6524353027344,387.8399963378906,395.2200012207031,374.29998779296875,379.70001220703125,0,2.1437934867436947
19990528,387.9422912597656,388.1300048828125,391.55999755859375,382.8800048828125,387.8399963378906,0,0.07477530622428397
19990601,375.36834716796875,375.54998779296875,392.8800048828125,375.1199951171875,388.1600036621094,0,-3.2411864405180513
19990602,395.7185363769531,395.9100036621094,396.80999755859375,371.79998779296875,375.54998779296875,0,5.421386374898396
19990603,386.86279296875,387.04998779296875,395.9100036621094,384.8800048828125,395.9100036621094,0,-2.2378863345676514
19990604,408.76220703125,408.9599914550781,408.9599914550781,387.04998779296875,387.04998779296875,0,5.660768467412769
19990607,412.9701843261719,413.1700134277344,415.54998779296875,410.1400146484375,410.6099853515625,0,1.029445926403949
19990608,412.1605529785156,412.3599853515625,423.1000061035156,411.3800048828125,415.9700012207031,0,-0.19605200035011094
19990609,430.49169921875,430.70001220703125,430.8500061035156,412.3599853515625,412.3599853515625,0,4.447576755012439
19990610,436.7886657714844,437.0,438.5299987792969,428.3500061035156,428.9200134277344,0,1.4627322067361392
19990611,436.6986999511719,436.9100036621094,445.5799865722656,433.8399963378906,440.70001220703125,0,-0.020594127663753348
19990614,438.857666015625,439.07000732421875,443.1199951171875,434.6000061035156,438.2699890136719,0,0.49438182783745344
19990615,450.8918151855469,451.1099853515625,452.7699890136719,440.8299865722656,440.8299865722656,0,2.742154514428763
19990616,463.255859375,463.4800109863281,463.95001220703125,451.1099853515625,451.1099853515625,0,2.7421307522433436
19990617,463.4857177734375,463.7099914550781,465.0400085449219,453.42999267578125,463.4800109863281,0,0.04962036404991821
19990618,456.8089599609375,457.0299987792969,459.80999755859375,455.30999755859375,457.1499938964844,0,-1.4405539666764722
19990621,476.81927490234375,477.04998779296875,477.04998779296875,457.05999755859375,457.05999755859375,0,4.3804540330272035
19990622,466.6941833496094,466.9200134277344,484.29998779296875,466.9200134277344,474.1000061035156,0,-2.1234618225439705
19990623,474.9601745605469,475.19000244140625,475.5899963378906,460.7699890136719,467.30999755859375,0,1.7711789548193746
19990624,454.4101257324219,454.6300048828125,471.79998779296875,454.2799987792969,471.79998779296875,0,-4.326689840476794
19990625,452.3111267089844,452.5299987792969,460.1199951171875,448.7099914550781,454.6300048828125,0,-0.46191542154304654
19990628,459.3777160644531,459.6000061035156,459.7799987792969,449.4800109863281,452.5299987792969,0,1.5623289822310538
19990629,473.8107604980469,474.0400085449219,475.3399963378906,459.6000061035156,459.6000061035156,0,3.1418629785992414
19990630,484.2157287597656,484.45001220703125,485.989990234375,471.82000732421875,474.0400085449219,0,2.1960179466841145
19990701,491.71209716796875,491.95001220703125,495.20001220703125,483.1199951171875,484.45001220703125,0,1.5481473446211425
19990702,492.6416320800781,492.8800048828125,493.2900085449219,486.6099853515625,491.95001220703125,0,0.18904210848762482
19990706,495.66015625,495.8999938964844,504.95001220703125,492.8800048828125,492.8800048828125,0,0.6127229718701832
19990707,491.1623229980469,491.3999938964844,497.4599914550781,489.7099914550781,495.8999938964844,0,-0.9074410275026867
19990708,509.67340087890625,509.9200134277344,509.9800109863281,490.6600036621094,491.3999938964844,0,3.7688277902484746
19990709,508.9637145996094,509.2099914550781,511.25,502.6700134277344,509.9200134277344,0,-0.13924183282852942
19990712,509.3435363769531,509.5899963378906,516.5999755859375,506.30999755859375,509.2099914550781,0,0.07462636028146008
19990713,503.84619140625,504.0899963378906,509.5899963378906,502.20001220703125,509.5899963378906,0,-1.0792990520860135
19990714,524.8060913085938,525.0599975585938,525.3300170898438,504.0899963378906,504.0899963378906,0,4.1599717060536445
19990715,528.4942626953125,528.75,528.8200073242188,522.7999877929688,525.0599975585938,0,0.7027772937500343
19990716,529.8236694335938,530.0800170898438,533.4600219726562,525.0,528.75,0,0.2515398751477438
19990719,509.873291015625,510.1199951171875,530.0800170898438,510.0199890136719,530.0800170898438,0,-3.7654733868741963
19990720,486.9244079589844,487.1600036621094,510.1199951171875,485.739990234375,510.1199951171875,0,-4.500900116609552
19990721,495.79010009765625,496.0299987792969,501.8399963378906,487.07000732421875,487.1600036621094,0,1.8207560248192367
19990722,475.3599853515625,475.5899963378906,496.0299987792969,475.489990234375,496.0299987792969,0,-4.120719007259233
19990723,483.0362548828125,483.2699890136719,483.79998779296875,475.4599914550781,475.5899963378906,0,1.6148347809916697
19990726,469.6627502441406,469.8900146484375,483.2699890136719,469.7200012207031,483.2699890136719,0,-2.7686334077028474
19990727,495.66015625,495.8999938964844,496.8999938964844,469.8900146484375,469.8900146484375,0,5.535333468941039
19990728,509.4634704589844,509.7099914550781,511.8599853515625,492.6400146484375,495.8999938964844,0,2.784835194306634
19990729,492.4017639160156,492.6400146484375,509.7099914550781,490.8399963378906,509.7099914550781,0,-3.348958641738742
19990730,493.7311096191406,493.9700012207031,501.92999267578125,490.989990234375,492.6400146484375,0,0.2699712838419632
19990802,489.95294189453125,490.19000244140625,499.79998779296875,489.4599914550781,493.9700012207031,0,-0.7652284085988392
19990803,491.69207763671875,491.92999267578125,496.19000244140625,477.94000244140625,490.19000244140625,0,0.3549624075784852
19990804,485.8149108886719,486.04998779296875,498.3800048828125,485.8800048828125,491.92999267578125,0,-1.1952930234704895
19990805,487.64404296875,487.8800048828125,487.8800048828125,473.9200134277344,486.04998779296875,0,0.3765080003711896
19990806,496.13995361328125,496.3800048828125,501.989990234375,483.5,487.8800048828125,0,1.7422316788821224
19990809,505.025634765625,505.2699890136719,507.3999938964844,492.6099853515625,496.3800048828125,0,1.7909633835791139
19990810,498.8086242675781,499.04998779296875,507.6499938964844,490.04998779296875,505.2699890136719,0,-1.2310252648975006
19990811,521.4376831054688,521.6900024414062,521.6900024414062,499.04998779296875,499.04998779296875,0,4.536622623429398
19990812,506.3349914550781,506.5799865722656,521.989990234375,506.42999267578125,521.6900024414062,0,-2.896359101847601
19990813,519.398681640625,519.6500244140625,519.6500244140625,506.5799865722656,506.5799865722656,0,2.580054125358222
19990816,515.9703369140625,516.219970703125,523.260009765625,513.5700073242188,519.6500244140625,0,-0.6600699605095017
19990817,511.8223571777344,512.0700073242188,520.4500122070312,501.2900085449219,516.219970703125,0,-0.8039137604951119
19990818,494.820556640625,495.05999755859375,512.0700073242188,494.8999938964844,512.0700073242188,0,-3.3218133306634146
19990819,492.20184326171875,492.44000244140625,497.45001220703125,486.8299865722656,495.05999755859375,0,-0.5292277966525427
19990820,500.2579345703125,500.5,500.8999938964844,491.0899963378906,492.44000244140625,0,1.6367471201840011
19990823,516.060302734375,516.3099975585938,517.5999755859375,500.5,500.5,0,3.1588406710477024
19990824,529.8735961914062,530.1300048828125,531.8400268554688,515.72998046875,516.3099975585938,0,2.676687918027465
19990825,526.9749755859375,527.22998046875,534.7000122070312,520.75,530.1300048828125,0,-0.54704023302804
19990826,520.2083129882812,520.4600219726562,533.3099975585938,519.9500122070312,527.22998046875,0,-1.2840617466546078
19990827,523.756591796875,524.010009765625,528.27001953125,515.0900268554688,520.4600219726562,0,0.6820865471114379
19990830,519.8584594726562,520.1099853515625,527.9299926757812,514.5999755859375,524.010009765625,0,-0.744265250926579
19990831,521.7075805664062,521.9600219726562,523.3200073242188,505.1099853515625,520.1099853515625,0,0.35570103885684823
19990901,529.8336791992188,530.0900268554688,538.3099975585938,521.9600219726562,521.9600219726562,0,1.5575914898781962
19990902,532.8921508789062,533.1500244140625,534.8300170898438,517.27001953125,530.0900268554688,0,0.5772599753943508
19990903,560.6287841796875,560.9000244140625,560.969970703125,533.1500244140625,533.1500244140625,0,5.204913950908563
19990907,563.4573364257812,563.72998046875,566.0399780273438,558.3200073242188,560.9000244140625,0,0.504538408184918
19990908,553.662109375,553.9299926757812,573.760009765625,553.4400024414062,563.72998046875,0,-1.7384187700678844
19990909,558.5897216796875,558.8599853515625,561.4600219726562,546.3900146484375,553.9299926757812,0,0.8900028416888528
19990910,564.4968872070312,564.77001953125,568.5999755859375,556.0499877929688,558.8599853515625,0,1.0575160746156609
19990913,545.8458862304688,546.1099853515625,564.77001953125,546.1099853515625,564.77001953125,0,-3.3040057960539437
19990914,573.7823486328125,574.0599975585938,575.6599731445312,546.1099853515625,546.1099853515625,0,5.118018889370468
19990915,547.7149658203125,547.97998046875,579.6799926757812,547.5499877929688,574.0599975585938,0,-4.543082116984087
19990916,551.6630859375,551.9299926757812,559.760009765625,541.3800048828125,547.97998046875,0,0.7208314806778748
19990917,564.9465942382812,565.219970703125,566.4500122070312,550.3499755859375,551.9299926757812,0,2.407910097966104
19990920,559.9990844726562,560.27001953125,565.3499755859375,555.9600219726562,565.219970703125,0,-0.8757565953866342
19990921,542.9072875976562,543.1699829101562,560.27001953125,542.72998046875,560.27001953125,0,-3.0521063103466584
19990922,551.8629760742188,552.1300048828125,553.3900146484375,539.0999755859375,543.1699829101562,0,1.6495797364668219
19990923,521.4476928710938,521.7000122070312,556.760009765625,518.4099731445312,552.1300048828125,0,-5.511381813462557
19990924,516.1502685546875,516.4000244140625,524.7000122070312,502.1700134277344,521.7000122070312,0,-1.0159071629205707
19990927,522.5971069335938,522.8499755859375,533.6400146484375,514.8499755859375,516.4000244140625,0,1.2490222437912424
19990928,524.9559936523438,525.2100219726562,528.3900146484375,511.0,522.8499755859375,0,0.4513811794815359
19990929,517.3096923828125,517.5599975585938,532.8599853515625,517.219970703125,525.2100219726562,0,-1.4565648205511206
19990930,498.8286437988281,499.07000732421875,521.1799926757812,494.8900146484375,517.5599975585938,0,-3.5725307832125686
19991001,508.194091796875,508.44000244140625,515.760009765625,495.239990234375,498.9700012207031,0,1.8774911294359375
19991004,531.412841796875,531.6699829101562,531.8400268554688,507.45001220703125,508.44000244140625,0,4.568873486980807
19991005,548.4346313476562,548.7000122070312,555.3200073242188,531.6699829101562,531.6699829101562,0,3.2031203273239495
19991006,552.5426635742188,552.8099975585938,556.780029296875,542.989990234375,548.7000122070312,0,0.7490405066752137
19991007,529.5337524414062,529.7899780273438,554.1300048828125,527.4000244140625,552.8099975585938,0,-4.164182925944648
19991008,516.6699829101562,516.9199829101562,529.7899780273438,506.2699890136719,529.7899780273438,0,-2.4292636046284843
19991011,528.2943725585938,528.5499877929688,531.8400268554688,516.9199829101562,516.9199829101562,0,2.249865601507195
19991012,522.7070922851562,522.9600219726562,546.8499755859375,521.52001953125,528.5499877929688,0,-1.057604001402812
19991013,509.3935241699219,509.6400146484375,524.989990234375,506.8299865722656,522.9600219726562,0,-2.547041220086843
19991014,517.4096069335938,517.6599731445312,521.2899780273438,507.4200134277344,509.6400146484375,0,1.5736516493168429
19991015,512.2621459960938,512.510009765625,524.2100219726562,501.94000244140625,517.6599731445312,0,-0.9948544693580863
19991018,498.9385681152344,499.17999267578125,515.3699951171875,488.0299987792969,515.3699951171875,0,-2.600928144981929
19991019,482.8463439941406,483.0799865722656,505.25,481.9800109863281,504.2699890136719,0,-3.225290744770015
19991020,494.80059814453125,495.0400085449219,495.30999755859375,475.9700012207031,480.010009765625,0,2.47578502630994
19991021,505.3654479980469,505.6099853515625,506.1300048828125,483.6700134277344,489.489990234375,0,2.135176273471129
19991022,513.5115356445312,513.760009765625,522.47998046875,509.5799865722656,511.32000732421875,0,1.6119191966502688
19991025,506.025146484375,506.2699890136719,516.989990234375,502.8699951171875,512.2000122070312,0,-1.4578831768883749
19991026,503.30645751953125,503.54998779296875,518.0399780273438,503.260009765625,511.92999267578125,0,-0.5372629781991045
19991027,493.3412780761719,493.5799865722656,502.9599914550781,485.92999267578125,502.8900146484375,0,-1.9799426993139413
19991028,522.4171752929688,522.6699829101562,522.6699829101562,493.5799865722656,493.5799865722656,0,5.893674202617105
19991029,555.5612182617188,555.8300170898438,560.5499877929688,530.3200073242188,530.3200073242188,0,6.344354040585398
19991101,555.2513427734375,555.52001953125,566.5800170898438,554.6900024414062,555.8300170898438,0,-0.05577200745954247
19991102,571.2935791015625,571.5700073242188,578.9299926757812,555.52001953125,555.52001953125,0,2.8891826088485173
19991103,597.430908203125,597.719970703125,598.1599731445312,571.5700073242188,571.5700073242188,0,4.575111192647463
19991104,603.5379638671875,603.8300170898438,610.3300170898438,595.3099975585938,597.719970703125,0,1.0222255715383266
19991105,620.9096069335938,621.2100219726562,623.0,603.8300170898438,603.8300170898438,0,2.87829428662314
19991108,620.02001953125,620.3200073242188,628.1199951171875,615.6300048828125,621.2100219726562,0,-0.14327113487501153
19991109,618.8605346679688,619.1599731445312,629.4600219726562,615.9400024414062,620.3200073242188,0,-0.18700576573232874
19991110,640.5000610351562,640.8099975585938,642.739990234375,618.1400146484375,619.1599731445312,0,3.4966770064460695
19991111,659.960693359375,660.280029296875,660.280029296875,640.8099975585938,640.8099975585938,0,3.03834706269559
19991112,655.7826538085938,656.0999755859375,661.75,623.4299926757812,660.280029296875,0,-0.6330728668847985
19991115,639.0908203125,639.4000244140625,657.9000244140625,635.7000122070312,656.0999755859375,0,-2.545336350144034
19991116,643.3087158203125,643.6199951171875,646.22998046875,632.6300048828125,639.4000244140625,0,0.6599891370026256
19991117,630.8347778320312,631.1400146484375,658.7999877929688,627.8800048828125,654.8699951171875,0,-1.9390293283970572
19991118,649.27587890625,649.5900268554688,649.5900268554688,631.1400146484375,631.1400146484375,0,2.9232835470443863
19991119,653.8236694335938,654.1400146484375,660.75,643.9299926757812,649.5900268554688,0,0.7004399089983515
19991122,638.9708251953125,639.280029296875,654.27001953125,633.1599731445312,654.1699829101562,0,-2.2716826701923876
19991123,623.8781127929688,624.1799926757812,643.25,620.2100219726562,639.280029296875,0,-2.362037906565273
19991124,635.2526245117188,635.5599975585938,635.5599975585938,617.52001953125,624.1799926757812,0,1.8231928316106094
19991126,637.4815063476562,637.7899780273438,645.8900146484375,635.5599975585938,635.5599975585938,0,0.35086860049660107
19991129,627.20654296875,627.510009765625,638.0499877929688,626.6599731445312,637.7899780273438,0,-1.611810880678033
19991130,609.0952758789062,609.3900146484375,633.1599731445312,608.1699829101562,627.510009765625,0,-2.887602561743252
19991201,620.5897216796875,620.8900146484375,621.77001953125,609.3900146484375,609.3900146484375,0,1.8871329893113575
19991202,648.9359741210938,649.25,649.2899780273438,620.8900146484375,620.8900146484375,0,4.567634312434632
19991203,657.2120361328125,657.530029296875,665.0900268554688,649.25,649.25,0,1.2753221866576903
19991206,681.490234375,681.8200073242188,683.5499877929688,656.27001953125,657.530029296875,0,3.6941245182852134
19991207,667.2171630859375,667.5399780273438,682.8699951171875,659.72998046875,681.8200073242188,0,-2.0943986893134037
19991208,659.920654296875,660.239990234375,674.5999755859375,655.72998046875,667.5399780273438,0,-1.0935656340075761
19991209,641.4096069335938,641.719970703125,668.3499755859375,624.7899780273438,660.239990234375,0,-2.805043590994194
19991210,632.3240356445312,632.6300048828125,647.4199829101562,619.4500122070312,641.719970703125,0,-1.4165003794961772
19991213,630.7348022460938,631.0399780273438,644.3300170898438,624.8300170898438,632.6300048828125,0,-0.25133598520407086
19991214,587.7056274414062,587.989990234375,633.3900146484375,587.989990234375,631.0399780273438,0,-6.822069804126318
19991215,605.2371826171875,605.530029296875,615.4600219726562,582.4500122070312,587.989990234375,0,2.983050622257788
19991216,630.22509765625,630.530029296875,634.1300048828125,605.530029296875,605.530029296875,0,4.128614402332675
19991217,639.0308227539062,639.3400268554688,647.8200073242188,630.530029296875,630.530029296875,0,1.3972367927373774
19991220,666.9772338867188,667.2999877929688,667.2999877929688,639.3400268554688,639.3400268554688,0,4.373253630782092
19991221,698.5419921875,698.8800048828125,703.6900024414062,662.25,667.2999877929688,0,4.7325067687010725
19991222,699.8613891601562,700.2000122070312,705.6300048828125,689.2000122070312,698.8800048828125,0,0.1888746730477786
19991223,695.6234130859375,695.9600219726562,704.3099975585938,694.1300048828125,700.2000122070312,0,-0.6055398686741764
19991227,703.7294921875,704.0700073242188,710.010009765625,684.9000244140625,695.9600219726562,0,1.165294714569276
19991228,698.6819458007812,699.02001953125,706.3200073242188,692.7100219726562,704.0700073242188,0,-0.7172564859226127
19991229,700.8109130859375,701.1500244140625,704.9099731445312,696.239990234375,699.02001953125,0,0.30471300153045444
19991230,695.043701171875,695.3800048828125,706.8499755859375,693.2000122070312,701.1500244140625,0,-0.8229365086412033
19991231,704.21923828125,704.5599975585938,707.7000122070312,678.239990234375,695.3800048828125,0,1.3201404428256902
20000103,712.8551025390625,713.2000122070312,713.969970703125,684.7999877929688,704.5599975585938,0,1.2262993468798111
20000104,686.9876098632812,687.3200073242188,713.2000122070312,686.280029296875,713.2000122070312,0,-3.628716270310428
20000105,678.2117919921875,678.5399780273438,690.1199951171875,662.8900146484375,685.9500122070312,0,-1.2774296111437544
20000106,669.0062866210938,669.3300170898438,683.6199951171875,662.6199951171875,678.5399780273438,0,-1.357320310628607
20000107,690.4159545898438,690.75,690.8200073242188,662.4400024414062,669.3300170898438,0,3.2002125055271557
20000110,741.331298828125,741.6900024414062,748.3200073242188,690.75,690.75,0,7.374593187319034
20000111,716.7432250976562,717.0900268554688,755.8800048828125,713.22998046875,741.6900024414062,0,-3.3167462828084804
20000112,741.2313842773438,741.5900268554688,750.0399780273438,709.8699951171875,717.0900268554688,0,3.4165863535204455
20000113,748.6177368164062,748.97998046875,752.1599731445312,732.77001953125,741.6900024414062,0,0.9965012130241924
20000114,809.4783325195312,809.8699951171875,817.3200073242188,748.97998046875,748.97998046875,0,8.129725257853938
20000118,802.9814453125,803.3699951171875,813.1699829101562,793.2899780273438,809.760009765625,0,-0.8025979526577576
20000119,805.0404663085938,805.4299926757812,810.25,796.3900146484375,803.3699951171875,0,0.25641952912285326
20000120,812.177001953125,812.5700073242188,833.52001953125,805.4299926757812,805.4299926757812,0,0.8864848234316547
20000121,803.7611083984375,804.1500244140625,817.5900268554688,802.1599731445312,812.6500244140625,0,-1.036216305581239
20000124,788.6884155273438,789.0700073242188,828.5700073242188,789.0499877929688,804.1500244140625,0,-1.875274094635726
20000125,815.1455688476562,815.5399780273438,815.77001953125,776.739990234375,789.0700073242188,0,3.354578232277028
20000126,782.7811889648438,783.1599731445312,815.5399780273438,783.1599731445312,815.5399780273438,0,-3.970376162445688
20000127,778.2734375,778.6500244140625,804.6300048828125,765.3200073242188,783.1599731445312,0,-0.5758655811226476
20000128,748.6477661132812,749.010009765625,790.3400268554688,742.719970703125,778.6500244140625,0,-3.806590087856443
20000131,777.6837158203125,778.0599975585938,778.0599975585938,738.8200073242188,749.2100219726562,0,3.8784512108267943
20000201,802.0419311523438,802.4299926757812,802.4400024414062,761.510009765625,778.0599975585938,0,3.1321485738446952
20000202,825.550537109375,825.9500122070312,834.4199829101562,802.1599731445312,802.4299926757812,0,2.931099254256453
20000203,870.0390625,870.4600219726562,870.4600219726562,825.9500122070312,825.9500122070312,0,5.388947164815616
20000204,867.6002197265625,868.02001953125,880.4299926757812,864.3499755859375,870.4600219726562,0,-0.28031183280269323
20000207,902.5432739257812,902.97998046875,902.97998046875,866.7899780273438,868.02001953125,0,4.02755237792547
20000208,919.6250610351562,920.0700073242188,923.0599975585938,894.8699951171875,902.97998046875,0,1.8926252215023753
20000209,903.0830688476562,903.52001953125,929.3599853515625,900.6699829101562,920.1500244140625,0,-1.798774839003836
20000210,942.6339111328125,943.0900268554688,943.5499877929688,899.0999755859375,903.6799926757812,0,4.379538523645321
20000211,911.7488403320312,912.1900024414062,943.3900146484375,906.6799926757812,943.0900268554688,0,-3.2764660354952513
20000214,925.2623291015625,925.7100219726562,933.8400268554688,901.780029296875,912.1900024414062,0,1.4821494968224602
20000215,953.7684936523438,954.22998046875,969.1599731445312,904.530029296875,925.7100219726562,0,3.080873904262016
20000216,953.4586181640625,953.9199829101562,974.72998046875,949.5,954.22998046875,0,-0.03248667144596373
20000217,978.3265991210938,978.7999877929688,981.0599975585938,946.1400146484375,961.1599731445312,0,2.6081857313555945
20000218,935.4873657226562,935.9400024414062,978.7999877929688,935.9400024414062,978.7999877929688,0,-4.37882977994356
20000222,989.4512329101562,989.9299926757812,998.6400146484375,919.25,935.9400024414062,0,5.768531112415509
20000223,1007.0027465820312,1007.489990234375,1025.050048828125,983.1300048828125,989.9299926757812,0,1.77386256487988
20000224,1063.185546875,1063.699951171875,1064.050048828125,1003.5999755859375,1007.489990234375,0,5.579207881204229
20000225,1031.5208740234375,1032.02001953125,1075.18994140625,1030.3800048828125,1063.699951171875,0,-2.978277060718426
20000228,1065.914306640625,1066.4300537109375,1069.739990234375,992.3800048828125,1032.02001953125,0,3.334240957391188
20000229,1169.8939208984375,1170.4599609375,1174.1800537109375,1066.4300537109375,1066.4300537109375,0,9.754967694745819
20000301,1171.6131591796875,1172.1800537109375,1190.6700439453125,1154.0899658203125,1170.4599609375,0,0.14695870263343735
20000302,1135.4105224609375,1135.9599609375,1177.31005859375,1127.4000244140625,1172.1800537109375,0,-3.089976890390722
20000303,1210.754150390625,1211.3399658203125,1211.3399658203125,1135.9599609375,1135.9599609375,0,6.635797693133649
20000306,1243.1884765625,1243.7900390625,1256.6099853515625,1211.3399658203125,1211.3399658203125,0,2.678857641769672
20000307,1263.1287841796875,1263.739990234375,1290.239990234375,1240.9300537109375,1243.7900390625,0,1.603964539458147
20000308,1241.5693359375,1242.1700439453125,1269.949951171875,1196.3699951171875,1263.739990234375,0,-1.706834194988327
20000309,1289.5859375,1290.2099609375,1291.8499755859375,1222.02001953125,1242.1700439453125,0,3.867418734363115
20000310,1332.08544921875,1332.72998046875,1347.93994140625,1289.469970703125,1290.2099609375,0,3.295589153594336
20000313,1315.4635009765625,1316.0999755859375,1339.47998046875,1277.0899658203125,1332.72998046875,0,-1.2478150207863803
20000314,1229.2451171875,1229.8399658203125,1362.0999755859375,1229.02001953125,1316.0999755859375,0,-6.554214069278541
20000315,1200.7589111328125,1201.3399658203125,1255.1199951171875,1186.27001953125,1229.8399658203125,0,-2.3173746822408914
20000316,1226.5264892578125,1227.1199951171875,1241.0,1137.8800048828125,1201.3399658203125,0,2.145939536713204
20000317,1254.2230224609375,1254.8299560546875,1264.239990234375,1208.3900146484375,1227.1199951171875,0,2.258129689660371
20000320,1202.867919921875,1203.449951171875,1278.2099609375,1201.989990234375,1254.8299560546875,0,-4.094579081006033
20000321,1193.912353515625,1194.489990234375,1203.449951171875,1131.3599853515625,1203.449951171875,0,-0.7445229383054253
20000322,1303.958984375,1304.5899658203125,1306.719970703125,1194.489990234375,1194.489990234375,0,9.21732090566405
20000323,1284.4984130859375,1285.1199951171875,1314.8599853515625,1278.9000244140625,1304.5899658203125,0,-1.4924207002376066
20000324,1286.8773193359375,1287.5,1330.949951171875,1261.9599609375,1285.1199951171875,0,0.1851970938010039
20000327,1304.82861328125,1305.4599609375,1320.68994140625,1287.5,1287.5,0,1.3949484223301
20000328,1260.56005859375,1261.1700439453125,1308.030029296875,1259.780029296875,1305.4599609375,0,-3.3926675897728242
20000329,1193.22265625,1193.800048828125,1261.1700439453125,1176.010009765625,1261.1700439453125,0,-5.341864520222373
20000330,1150.7532958984375,1151.31005859375,1214.260009765625,1114.969970703125,1193.800048828125,0,-3.559221686754377
20000331,1181.318359375,1181.8900146484375,1210.1300048828125,1125.97998046875,1151.31005859375,0,2.6561008328233493
20000403,1094.280517578125,1094.81005859375,1181.8900146484375,1089.9300537109375,1181.8900146484375,0,-7.367856143584572
20000404,1068.373046875,1068.8900146484375,1125.7099609375,965.4600219726562,1094.81005859375,0,-2.367537979931056
20000405,1134.211181640625,1134.760009765625,1179.9599609375,1048.5799560546875,1068.8900146484375,0,6.162467065318444
20000406,1156.0106201171875,1156.5699462890625,1187.68994140625,1133.780029296875,1134.760009765625,0,1.9219867051837758
20000407,1222.678466796875,1223.27001953125,1223.31005859375,1156.5699462890625,1156.5699462890625,0,5.767059178409362
20000410,1167.1951904296875,1167.760009765625,1240.9200439453125,1167.760009765625,1223.27001953125,0,-4.537837834601399
20000411,1131.362548828125,1131.9100341796875,1186.1400146484375,1093.25,1167.760009765625,0,-3.069978016556052
20000412,1037.1981201171875,1037.699951171875,1151.449951171875,1036.280029296875,1131.9100341796875,0,-8.323106975201256
20000413,1009.211669921875,1009.7000122070312,1107.9599609375,1008.8599853515625,1037.699951171875,0,-2.6982692765113225
20000414,891.728515625,892.1599731445312,1009.7000122070312,873.8900146484375,1009.7000122070312,0,-11.641085237344662
20000417,1009.3916015625,1009.8800048828125,1010.280029296875,876.0900268554688,892.030029296875,0,13.194946565845367
20000418,1052.0809326171875,1052.5899658203125,1053.52001953125,988.6099853515625,1009.7000122070312,0,4.229211463836835
20000419,1012.380126953125,1012.8699951171875,1065.8800048828125,1006.8200073242188,1052.5899658203125,0,-3.773546394409155
20000420,1023.78466796875,1024.280029296875,1031.219970703125,989.0700073242188,1012.8699951171875,0,1.1265053002549763
20000424,993.1594848632812,993.6400146484375,1024.280029296875,961.5900268554688,1024.280029296875,0,-2.9913708919493964
20000425,1081.9263916015625,1082.449951171875,1082.8399658203125,994.3200073242188,994.3200073242188,0,8.937838172193535
20000426,1060.326904296875,1060.8399658203125,1113.75,1060.3900146484375,1082.449951171875,0,-1.996395799008277
20000427,1134.571044921875,1135.1199951171875,1141.9200439453125,1031.800048828125,1060.8399658203125,0,7.002001403617619
20000428,1171.0733642578125,1171.6400146484375,1190.510009765625,1135.1199951171875,1135.1199951171875,0,3.2172827267904713
20000501,1163.4970703125,1164.06005859375,1206.6300048828125,1153.8900146484375,1171.6400146484375,0,-0.6469526441500006
20000502,1108.2137451171875,1108.75,1178.8699951171875,1108.239990234375,1164.06005859375,0,-4.751478086153704
20000503,1069.812255859375,1070.3299560546875,1108.75,1027.97998046875,1108.75,0,-3.4651674358793683
20000504,1087.134033203125,1087.6600341796875,1105.9599609375,1060.5699462890625,1070.3299560546875,0,1.6191341769859369
20000505,1104.5955810546875,1105.1300048828125,1121.510009765625,1087.6600341796875,1087.6600341796875,0,1.6061977230137803
20000508,1046.513671875,1047.02001953125,1105.1300048828125,1045.8900146484375,1105.1300048828125,0,-5.258203568341669
20000509,993.5592041015625,994.0399780273438,1062.2099609375,983.780029296875,1047.02001953125,0,-5.060079130829354
20000510,908.5004272460938,908.9400024414062,994.0399780273438,904.719970703125,994.0399780273438,0,-8.561021434451465
20000511,965.3129272460938,965.780029296875,966.75,905.8900146484375,908.9400024414062,0,6.253441008515059
20000512,981.675048828125,982.1500244140625,1019.739990234375,965.780029296875,965.780029296875,0,1.695002445754179
20000515,1008.69189453125,1009.1799926757812,1009.6400146484375,945.22998046875,982.1500244140625,0,2.7521221391654915
20000516,1046.173828125,1046.6800537109375,1055.8800048828125,1009.1799926757812,1009.1799926757812,0,3.7158942217757396
20000517,1027.23291015625,1027.72998046875,1053.9000244140625,1018.02001953125,1046.6800537109375,0,-1.8104933952836189
20000518,1001.9251708984375,1002.4099731445312,1037.6600341796875,999.1300048828125,1027.72998046875,0,-2.4636828549723044
20000519,949.7803955078125,950.239990234375,1002.4099731445312,942.0999755859375,1002.4099731445312,0,-5.204455692564647
20000522,942.2041015625,942.6599731445312,950.6300048828125,883.3599853515625,950.239990234375,0,-0.7976950210203393
20000523,869.3193359375,869.739990234375,953.9600219726562,867.5800170898438,942.9500122070312,0,-7.735555235989211
20000524,914.7573852539062,915.2000122070312,919.8599853515625,821.5800170898438,869.739990234375,0,5.226851988305814
20000525,901.27392578125,901.7100219726562,961.3499755859375,891.1400146484375,915.2000122070312,0,-1.4739936685362887
20000526,909.2200317382812,909.6599731445312,918.5800170898438,883.530029296875,901.7100219726562,0,0.881652746243522
20000530,1009.8114013671875,1010.2999877929688,1010.4400024414062,909.6599731445312,909.6599731445312,0,11.06347620205197
20000531,997.9471435546875,998.4299926757812,1043.9200439453125,996.1500244140625,1010.2999877929688,0,-1.174898075879216
20000601,1066.763916015625,1067.280029296875,1072.5,998.4299926757812,998.4299926757812,0,6.895830165976524
20000602,1157.1900634765625,1157.75,1158.9300537109375,1067.280029296875,1067.280029296875,0,8.476685426478614
20000605,1152.40234375,1152.9599609375,1180.7900390625,1131.260009765625,1157.75,0,-0.41373690887497316
20000606,1111.6422119140625,1112.1800537109375,1173.780029296875,1110.6300048828125,1152.9599609375,0,-3.5369751429532137
20000607,1129.0537109375,1129.5999755859375,1129.7099609375,1092.6199951171875,1112.1800537109375,0,1.5662861257829785
20000608,1142.08740234375,1142.6400146484375,1160.4100341796875,1129.489990234375,1129.5999755859375,0,1.1543944178766363
20000609,1168.2646484375,1168.8299560546875,1171.699951171875,1142.6400146484375,1142.6400146484375,0,2.292055334182219
20000612,1113.7010498046875,1114.239990234375,1177.6400146484375,1113.530029296875,1168.8299560546875,0,-4.670479699594409
20000613,1169.9638671875,1170.530029296875,1170.75,1087.9000244140625,1114.239990234375,0,5.051877473062127
20000614,1119.5882568359375,1120.1300048828125,1180.27001953125,1119.9100341796875,1170.530029296875,0,-4.305743821398355
20000615,1131.9522705078125,1132.5,1144.22998046875,1108.0699462890625,1120.1300048828125,0,1.1043356631163181
20000616,1157.7398681640625,1158.300048828125,1177.0899658203125,1132.5,1132.5,0,2.2781500068984606
20000619,1234.2728271484375,1234.8699951171875,1237.699951171875,1154.8399658203125,1158.8900146484375,0,6.610545028166914
20000620,1264.1282958984375,1264.739990234375,1278.72998046875,1234.8699951171875,1234.8699951171875,0,2.418877714682255
20000621,1268.6861572265625,1269.300048828125,1273.0799560546875,1240.989990234375,1264.739990234375,0,0.360553048765766
20000622,1209.7247314453125,1210.31005859375,1280.8399658203125,1210.31005859375,1269.300048828125,0,-4.6474425246290085
20000623,1216.6912841796875,1217.280029296875,1249.6400146484375,1210.31005859375,1210.31005859375,0,0.575883068444738
20000626,1215.9815673828125,1216.5699462890625,1233.1400146484375,1203.3699951171875,1217.280029296875,0,-0.05833357902229608
20000627,1172.3826904296875,1172.949951171875,1227.6700439453125,1168.3800048828125,1216.5699462890625,0,-3.585490110966727
20000628,1169.484130859375,1170.050048828125,1200.0999755859375,1167.800048828125,1172.949951171875,0,-0.247231549892879
20000629,1127.644287109375,1128.18994140625,1170.050048828125,1117.75,1170.050048828125,0,-3.5776339194892093
20000630,1139.9783935546875,1140.530029296875,1164.9100341796875,1128.18994140625,1128.18994140625,0,1.093795241184603
20000703,1180.3388671875,1180.9100341796875,1181.5400390625,1140.530029296875,1140.530029296875,0,3.540459597342327
20000705,1070.292236328125,1070.81005859375,1180.9100341796875,1065.550048828125,1180.9100341796875,0,-9.323316120555948
20000706,1118.5587158203125,1119.0999755859375,1121.0,1065.6400146484375,1070.81005859375,0,4.509662250988256
20000707,1159.85888671875,1160.4200439453125,1173.6500244140625,1119.0999755859375,1119.0999755859375,0,3.6922588920387245
20000710,1152.2525634765625,1152.81005859375,1176.6700439453125,1150.8699951171875,1160.4200439453125,0,-0.6557957518287361
20000711,1121.5074462890625,1122.050048828125,1174.949951171875,1111.25,1152.81005859375,0,-2.6682634781264314
20000712,1158.2095947265625,1158.77001953125,1172.260009765625,1122.050048828125,1122.050048828125,0,3.2725786823391223
20000713,1188.4249267578125,1189.0,1202.3399658203125,1158.77001953125,1158.77001953125,0,2.6087989816114376
20000714,1238.520751953125,1239.1199951171875,1239.1800537109375,1189.0,1189.0,0,4.21530656999054
20000717,1265.777587890625,1266.3900146484375,1269.6400146484375,1234.3800048828125,1239.1199951171875,0,2.2007569596736998
20000718,1207.1458740234375,1207.72998046875,1266.3900146484375,1201.8699951171875,1266.3900146484375,0,-4.632067017361319
20000719,1159.85888671875,1160.4200439453125,1207.72998046875,1156.050048828125,1207.72998046875,0,-3.917261083895207
20000720,1145.585693359375,1146.1400146484375,1198.5999755859375,1132.3199462890625,1160.4200439453125,0,-1.2305914027755271
20000721,1081.9864501953125,1082.510009765625,1146.1400146484375,1081.739990234375,1146.1400146484375,0,-5.551678160571871
20000724,1074.77001953125,1075.2900390625,1120.0,1070.219970703125,1082.510009765625,0,-0.6669657220710778
20000725,1103.7459716796875,1104.280029296875,1111.1700439453125,1075.0,1075.0,0,2.6960158823427838
20000726,1033.6998291015625,1034.199951171875,1104.280029296875,1015.9600219726562,1104.280029296875,0,-6.346223445661869
20000727,949.4406127929688,949.9000244140625,1034.199951171875,947.0900268554688,1034.199951171875,0,-8.151221305153843
20000728,956.8170776367188,957.280029296875,987.530029296875,934.72998046875,949.9000244140625,0,0.7769243807909998
20000731,993.3693237304688,993.8499755859375,1003.4299926757812,954.3599853515625,957.280029296875,0,3.8201931691736357
20000801,955.3677368164062,955.8300170898438,998.2899780273438,954.1699829101562,993.8499755859375,0,-3.82552290889564
20000802,953.7885131835938,954.25,996.719970703125,948.5800170898438,955.8300170898438,0,-0.16530314612365204
20000803,950.1303100585938,950.5900268554688,954.25,880.4500122070312,954.25,0,-0.3835444741452698
20000804,920.5745849609375,921.02001953125,973.2000122070312,907.3400268554688,950.5900268554688,0,-3.110700353341145
20000807,953.5386352539062,954.0,961.3099975585938,912.760009765625,921.02001953125,0,3.5808103808139924
20000808,950.3201904296875,950.780029296875,968.8800048828125,940.3800048828125,954.0,0,-0.33752313449947335
20000809,963.3038940429688,963.77001953125,990.1799926757812,950.780029296875,950.780029296875,0,1.3662455914204896
20000810,942.1941528320312,942.6500244140625,969.260009765625,938.1699829101562,963.77001953125,0,-2.1913936612657503
20000811,953.228759765625,953.6900024414062,955.9199829101562,907.6799926757812,942.6500244140625,0,1.1711640313387894
20000814,1026.693115234375,1027.18994140625,1027.18994140625,953.6900024414062,953.6900024414062,0,7.706900436901609
20000815,1060.007080078125,1060.52001953125,1073.93994140625,1027.18994140625,1027.18994140625,0,3.2447823699840894
20000816,1072.850830078125,1073.3699951171875,1096.75,1060.52001953125,1060.52001953125,0,1.211667422517615
20000817,1110.522705078125,1111.06005859375,1112.449951171875,1066.280029296875,1073.3699951171875,0,3.5113766593082074
20000818,1134.2711181640625,1134.8199462890625,1149.06005859375,1111.06005859375,1111.06005859375,0,2.1384881502612085
20000821,1110.992431640625,1111.530029296875,1145.97998046875,1094.6099853515625,1134.8199462890625,0,-2.0523006375017583
20000822,1123.646240234375,1124.18994140625,1136.6300048828125,1105.1600341796875,1111.530029296875,0,1.1389626708855793
20000823,1156.4404296875,1157.0,1157.8299560546875,1106.8900146484375,1124.18994140625,0,2.9185511616220294
20000824,1162.8773193359375,1163.43994140625,1169.1800537109375,1149.93994140625,1157.0,0,0.5566068631158272
20000825,1143.1568603515625,1143.7099609375,1168.1199951171875,1137.3800048828125,1163.43994140625,0,-1.6958314534828767
20000828,1133.8912353515625,1134.43994140625,1157.4000244140625,1130.0799560546875,1143.7099609375,0,-0.8105218847312745
20000829,1131.6224365234375,1132.1700439453125,1140.280029296875,1124.3499755859375,1134.43994140625,0,-0.2000896987216172
20000830,1117.7691650390625,1118.31005859375,1132.1700439453125,1110.93994140625,1132.1700439453125,0,-1.224196438130809
20000831,1152.42236328125,1152.97998046875,1154.300048828125,1118.31005859375,1118.31005859375,0,3.1002065669154977
20000901,1142.017333984375,1142.5699462890625,1175.1500244140625,1134.5699462890625,1152.97998046875,0,-0.902880739998213
20000905,1121.20751953125,1121.75,1143.1700439453125,1121.010009765625,1142.5699462890625,0,-1.8222032144888267
20000906,1057.1685791015625,1057.6800537109375,1121.75,1056.969970703125,1121.75,0,-5.711606533457769
20000907,1093.970703125,1094.5,1099.6400146484375,1057.6800537109375,1057.6800537109375,0,3.4811988899551727
20000908,1039.45703125,1039.9599609375,1094.5,1038.93994140625,1094.5,0,-4.9831008736866185
20000911,1029.771728515625,1030.27001953125,1069.7099609375,1020.219970703125,1039.9599609375,0,-0.9317610071751914
20000912,988.4717407226562,988.9500122070312,1043.8900146484375,988.3099975585938,1030.27001953125,0,-4.010599798198378
20000913,1006.4929809570312,1006.97998046875,1011.9199829101562,980.7000122070312,988.9500122070312,0,1.8231425288606218
20000914,1004.384033203125,1004.8699951171875,1039.8800048828125,999.5999755859375,1006.97998046875,0,-0.20953597812146674
20000915,974.1187133789062,974.5900268554688,1004.8699951171875,967.2899780273438,1004.8699951171875,0,-3.013321962925908
20000918,950.7899169921875,951.25,1005.239990234375,946.25,974.5900268554688,0,-2.3948559099025157
20000919,1027.9725341796875,1028.469970703125,1028.5799560546875,951.25,951.25,0,8.117736736202374
20000920,1030.3314208984375,1030.8299560546875,1040.469970703125,995.030029296875,1028.469970703125,0,0.22946565468986435
20000921,984.0338745117188,984.510009765625,1030.8299560546875,980.5499877929688,1030.8299560546875,0,-4.493461411069544
20000922,926.0819091796875,926.530029296875,984.510009765625,892.9600219726562,984.510009765625,0,-5.889222038743203
20000925,879.9342041015625,880.3599853515625,948.3599853515625,877.9600219726562,926.530029296875,0,-4.983113605108946
20000926,870.2489013671875,870.6699829101562,906.75,870.6699829101562,880.3599853515625,0,-1.1006863785996246
20000927,864.3017578125,864.719970703125,902.6500244140625,853.989990234375,870.6699829101562,0,-0.6833831789105349
20000928,901.1039428710938,901.5399780273438,906.72998046875,863.75,864.719970703125,0,4.25802671057538
20000929,851.1581420898438,851.5700073242188,901.5399780273438,850.530029296875,901.5399780273438,0,-5.542734867117494
20001002,832.9669799804688,833.3699951171875,873.5599975585938,828.0399780273438,851.5700073242188,0,-2.1372302982133995
20001003,812.5568237304688,812.9500122070312,857.5800170898438,811.97998046875,833.3699951171875,0,-2.4502901508092867
20001004,862.642578125,863.0599975585938,865.52001953125,812.9500122070312,812.9500122070312,0,6.163968829463662
20001005,831.9974365234375,832.4000244140625,863.0599975585938,828.280029296875,863.0599975585938,0,-3.5524729718978465
20001006,799.00341796875,799.3900146484375,846.7999877929688,788.0399780273438,832.4000244140625,0,-3.965642575378492
20001009,785.5798950195312,785.9600219726562,800.719970703125,747.25,799.3900146484375,0,-1.6800300766438236
20001010,706.1683349609375,706.510009765625,785.9600219726562,689.0499877929688,785.9600219726562,0,-10.108658199639997
20001011,706.1683349609375,706.510009765625,741.1799926757812,675.739990234375,706.510009765625,0,0.0
20001012,688.7767333984375,689.1099853515625,744.6300048828125,684.2899780273438,706.510009765625,0,-2.46281357285153
20001013,757.9532470703125,758.3200073242188,758.739990234375,688.3200073242188,689.1099853515625,0,10.043392701289534
20001016,714.1544189453125,714.5,758.469970703125,711.4000244140625,758.3200073242188,0,-5.77856404960756
20001017,647.776611328125,648.0900268554688,722.8400268554688,633.739990234375,714.9299926757812,0,-9.294607857877013
20001018,646.9869384765625,647.2999877929688,687.75,601.969970703125,648.0900268554688,0,-0.12190267243168407
20001019,758.373046875,758.739990234375,759.5999755859375,647.2999877929688,647.2999877929688,0,17.216129235746113
20001020,752.505859375,752.8699951171875,771.1300048828125,738.1300048828125,758.739990234375,0,-0.7736504194769345
20001023,776.8840942382812,777.260009765625,801.0499877929688,752.8699951171875,752.8699951171875,0,3.2396050854226255
20001024,716.0235595703125,716.3699951171875,777.260009765625,711.5599975585938,777.260009765625,0,-7.833931230657076
20001025,664.7683715820312,665.0900268554688,716.3699951171875,658.0700073242188,716.3699951171875,0,-7.158307663811369
20001026,705.6285400390625,705.969970703125,708.010009765625,653.969970703125,665.0900268554688,0,6.14652786795431
20001027,685.2683715820312,685.5999755859375,725.6699829101562,677.3699951171875,705.969970703125,0,-2.8853911586210423
20001030,702.6900024414062,703.030029296875,717.47998046875,681.0399780273438,685.5999755859375,0,2.542306641134462
20001031,741.4712524414062,741.8300170898438,752.6599731445312,701.6599731445312,703.030029296875,0,5.518965929773145
20001101,713.6546630859375,714.0,741.8300170898438,703.760009765625,741.8300170898438,0,-3.7515355874947365
20001102,732.3656005859375,732.719970703125,748.9099731445312,714.0,714.0,0,2.6218446362920256
20001103,740.2518310546875,740.6099853515625,745.25,721.5999755859375,732.719970703125,0,1.076811737622796
20001106,745.4093627929688,745.77001953125,760.760009765625,740.6099853515625,740.6099853515625,0,0.6967276004573586
20001107,715.2339477539062,715.5800170898438,745.77001953125,706.0399780273438,745.77001953125,0,-4.048165205190468
20001108,664.4784545898438,664.7999877929688,721.3900146484375,663.9400024414062,715.5800170898438,0,-7.096345353995459
20001109,668.32666015625,668.6500244140625,673.260009765625,635.030029296875,664.7999877929688,0,0.5791270595348896
20001110,623.8981323242188,624.2000122070312,668.6500244140625,624.0599975585938,668.6500244140625,0,-6.647724606902205
20001113,650.905029296875,651.219970703125,675.2000122070312,605.0900268554688,624.2000122070312,0,4.32873405441907
20001114,688.0670776367188,688.4000244140625,694.280029296875,651.219970703125,651.219970703125,0,5.709292617484385
20001115,714.6541748046875,715.0,727.3800048828125,688.4000244140625,688.4000244140625,0,3.8640288556901714
20001116,674.7235107421875,675.0499877929688,715.0,675.0499877929688,715.0,0,-5.587414294689685
20001117,671.2152099609375,671.5399780273438,692.8800048828125,648.3699951171875,675.0499877929688,0,-0.5199629403891626
20001120,661.6798095703125,662.0,687.9299926757812,645.9000244140625,671.5399780273438,0,-1.420612076643235
20001121,630.35498046875,630.6599731445312,667.3599853515625,629.5999755859375,662.0,0,-4.734143029527004
20001122,619.8900756835938,620.1900024414062,656.97998046875,619.3300170898438,630.6599731445312,0,-1.660160966125801
20001124,674.3536987304688,674.6799926757812,675.5700073242188,620.1900024414062,620.1900024414062,0,8.786015579076189
20001127,627.7762451171875,628.0800170898438,686.9400024414062,625.0599975585938,674.6799926757812,0,-6.906974579329372
20001128,576.8408813476562,577.1199951171875,633.6300048828125,574.9099731445312,628.0800170898438,0,-8.113619377476022
20001129,576.1012573242188,576.3800048828125,597.6699829101562,561.3699951171875,577.1199951171875,0,-0.1282212088709156
20001130,536.7302856445312,536.989990234375,576.4500122070312,516.6400146484375,576.4500122070312,0,-6.8340355867213205
20001201,538.089599609375,538.3499755859375,570.5700073242188,534.0999755859375,536.989990234375,0,0.25326083843182357
20001204,551.2132568359375,551.47998046875,567.3800048828125,531.1400146484375,538.3499755859375,0,2.4389347967410657
20001205,607.1162109375,607.4099731445312,607.489990234375,551.47998046875,551.47998046875,0,10.14179927768939
20001206,579.8094482421875,580.0900268554688,615.0700073242188,575.7000122070312,607.4099731445312,0,-4.497777036427064
20001207,569.20458984375,569.47998046875,580.0900268554688,553.3699951171875,580.0900268554688,0,-1.829034442159494
20001208,638.0313110351562,638.3400268554688,644.1900024414062,569.47998046875,569.47998046875,0,12.091741369036146
20001211,682.4398193359375,682.77001953125,688.2100219726562,628.1099853515625,638.3400268554688,0,6.960239183910821
20001212,639.900390625,640.2100219726562,682.77001953125,638.530029296875,682.77001953125,0,-6.233430927124328
20001213,598.430419921875,598.719970703125,644.8499755859375,595.5599975585938,640.2100219726562,0,-6.480693810710658
20001214,592.2933959960938,592.5800170898438,617.52001953125,592.3300170898438,603.4199829101562,0,-1.0255134142378108
20001215,578.5001220703125,578.780029296875,597.219970703125,570.969970703125,592.5800170898438,0,-2.3287973598469236
20001218,581.8684692382812,582.1500244140625,599.5499877929688,577.72998046875,578.780029296875,0,0.5822583618307453
20001219,576.6409912109375,576.9199829101562,628.8499755859375,573.739990234375,582.1500244140625,0,-0.8984009764785861
20001220,539.30908203125,539.5700073242188,576.9199829101562,536.5700073242188,576.9199829101562,0,-6.474030488168059
20001221,535.14111328125,535.4000244140625,578.97998046875,530.4099731445312,539.5700073242188,0,-0.7728344521660158
20001222,586.8560791015625,587.1400146484375,588.3400268554688,535.4000244140625,535.4000244140625,0,9.663800499635556
20001226,578.6000366210938,578.8800048828125,595.719970703125,567.9000244140625,587.1400146484375,0,-1.4068211260598318
20001227,603.3580932617188,603.6500244140625,613.0499877929688,573.239990234375,578.8800048828125,0,4.278955797802064
20001228,602.938232421875,603.22998046875,615.2999877929688,591.0999755859375,603.6500244140625,0,-0.06958401860750474
20001229,576.3311157226562,576.6099853515625,607.5399780273438,575.2000122070312,603.22998046875,0,-4.412909831918832
20010102,570.064208984375,570.3400268554688,595.5800170898438,558.739990234375,576.6099853515625,0,-1.0873829200635399
20010103,669.9058227539062,670.22998046875,670.5499877929688,556.489990234375,570.3400268554688,0,17.514105430056826
20010104,653.4837646484375,653.7999877929688,684.7899780273438,643.4400024414062,670.22998046875,0,-2.4513962601747985
20010105,617.1913452148438,617.489990234375,660.27001953125,611.97998046875,653.7999877929688,0,-5.5536858728256195
20010108,633.9033203125,634.2100219726562,634.6099853515625,590.4299926757812,617.489990234375,0,2.707741340379455
20010109,630.6748046875,630.97998046875,647.5599975585938,626.6599731445312,634.2100219726562,0,-0.5093015550053037
20010110,650.5652465820312,650.8800048828125,661.3099975585938,608.3499755859375,630.97998046875,0,3.153828176811402
20010111,688.516845703125,688.8499755859375,696.3699951171875,634.3499755859375,650.8800048828125,0,5.833636064755332
20010112,670.4055786132812,670.72998046875,698.719970703125,659.8599853515625,688.8300170898438,0,-2.630470459373191
20010116,637.0917358398438,637.4000244140625,670.72998046875,625.1900024414062,670.72998046875,0,-4.969206241741919
20010117,677.0723876953125,677.4000244140625,704.5499877929688,637.4000244140625,637.4000244140625,0,6.275493954800271
20010118,725.7388916015625,726.0900268554688,727.3200073242188,664.4299926757812,677.4000244140625,0,7.187776894977538
20010119,719.092041015625,719.4400024414062,737.0399780273438,712.75,726.0900268554688,0,-0.9158677530474058
20010122,707.0479125976562,707.3900146484375,720.0900268554688,697.9199829101562,719.4400024414062,0,-1.6749121194369665
20010123,711.3658447265625,711.7100219726562,715.3200073242188,688.2899780273438,707.3900146484375,0,0.6106966786017853
20010124,722.0106201171875,722.3599853515625,732.3099975585938,707.6300048828125,711.7100219726562,0,1.4963908122844094
20010125,692.5049438476562,692.8400268554688,722.3599853515625,690.6900024414062,722.3599853515625,0,-4.086599354160903
20010126,692.1350708007812,692.469970703125,694.9400024414062,670.3099975585938,692.8400268554688,0,-0.053411485768695144
20010129,715.10400390625,715.4500122070312,717.6199951171875,672.9600219726562,692.4600219726562,0,3.3185614504803063
20010130,728.2176513671875,728.5700073242188,741.3300170898438,715.2100219726562,715.4500122070312,0,1.8338101744823199
20010131,731.8358764648438,732.1900024414062,763.260009765625,728.5700073242188,728.5700073242188,0,0.4968630441544608
20010201,727.0581665039062,727.4099731445312,746.3200073242188,717.2100219726562,732.1900024414062,0,-0.6528400116003419
20010202,687.4673461914062,687.7999877929688,737.27001953125,687.4600219726562,727.4099731445312,0,-5.445345377976041
20010205,658.7412719726562,659.0599975585938,687.7999877929688,642.4199829101562,687.7999877929688,0,-4.178538927660735
20010206,662.7693481445312,663.0900268554688,685.77001953125,656.6900024414062,659.0599975585938,0,0.6114813995393042
20010207,636.1522216796875,636.4600219726562,663.0900268554688,625.1300048828125,663.0900268554688,0,-4.0160466609788
20010208,628.1460571289062,628.4500122070312,661.4400024414062,628.1199951171875,636.4600219726562,0,-1.2585252001843905
20010209,623.67822265625,623.97998046875,646.780029296875,619.47998046875,628.4500122070312,0,-0.7112788052279773
20010212,640.9898071289062,641.2999877929688,655.3099975585938,623.5599975585938,623.97998046875,0,2.7757312520199084
20010213,628.5858764648438,628.8900146484375,666.0999755859375,628.72998046875,641.2999877929688,0,-1.935127612779175
20010214,677.7420654296875,678.0700073242188,682.0399780273438,628.8900146484375,628.8900146484375,0,7.820126179499587
20010215,711.2258911132812,711.5700073242188,724.3599853515625,678.0700073242188,678.0700073242188,0,4.940492816102693
20010216,661.0701293945312,661.3900146484375,711.5700073242188,650.280029296875,711.5700073242188,0,-7.052010646777774
20010220,611.81396484375,612.1099853515625,666.5999755859375,611.3400268554688,661.3900146484375,0,-7.450978727441148
20010221,612.8834228515625,613.1799926757812,651.2899780273438,605.1900024414062,612.1099853515625,0,0.17480638281111016
20010222,605.4071044921875,605.7000122070312,633.4600219726562,588.510009765625,613.1799926757812,0,-1.2198670142691714
20010223,608.0458374023438,608.3400268554688,609.3499755859375,565.25,605.7000122070312,0,0.43586174595207083
20010226,599.5598754882812,599.8499755859375,612.5900268554688,579.8300170898438,608.3400268554688,0,-1.395609510262974
20010227,568.9447021484375,569.219970703125,602.72998046875,568.8499755859375,599.8499755859375,0,-5.106277590974795
20010228,540.9682006835938,541.22998046875,570.3099975585938,528.280029296875,569.219970703125,0,-4.917253728782667
20010301,570.4839477539062,570.760009765625,570.9099731445312,515.3099975585938,524.6099853515625,0,5.456096366150964
20010302,581.91845703125,582.2000122070312,621.0499877929688,551.1500244140625,570.760009765625,0,2.0043454772004754
20010305,612.0438842773438,612.3400268554688,619.8599853515625,582.2000122070312,582.2000122070312,0,5.17691755693741
20010306,645.9474487304688,646.260009765625,665.8099975585938,612.3400268554688,612.3400268554688,0,5.539403178385149
20010307,642.2891845703125,642.5999755859375,650.1199951171875,630.47998046875,646.260009765625,0,-0.5663408108780965
20010308,638.7908935546875,639.0999755859375,649.260009765625,628.1799926757812,642.5999755859375,0,-0.5446623300613407
20010309,593.1530151367188,593.4400024414062,639.0999755859375,591.1500244140625,639.0999755859375,0,-7.144417914062573
20010312,576.1012573242188,576.3800048828125,611.6799926757812,573.4199829101562,593.4400024414062,0,-2.8747636641293317
20010313,612.2138061523438,612.510009765625,612.510009765625,576.3800048828125,576.3800048828125,0,6.268434813271906
20010314,608.8653564453125,609.1599731445312,624.2899780273438,584.5399780273438,612.510009765625,0,-0.5469358161796611
20010315,571.1336059570312,571.4099731445312,627.3400268554688,570.47998046875,609.0900268554688,0,-6.197058517343413
20010316,540.9982299804688,541.260009765625,571.4099731445312,538.1699829101562,571.4099731445312,0,-5.276415322782646
20010319,577.4805908203125,577.760009765625,579.9500122070312,537.3300170898438,541.260009765625,0,6.74352424739546
20010320,541.787841796875,542.0499877929688,589.489990234375,541.8099975585938,577.760009765625,0,-6.180770799132052
20010321,557.7501220703125,558.02001953125,578.6799926757812,541.5700073242188,542.0499877929688,0,2.946228594765854
20010322,626.0870971679688,626.3900146484375,626.8699951171875,558.02001953125,558.02001953125,0,12.252247719467114
20010323,641.7794799804688,642.0900268554688,654.9500122070312,614.3499755859375,626.3900146484375,0,2.506427599399541
20010326,618.1708374023438,618.469970703125,645.4099731445312,610.4299926757812,642.0900268554688,0,-3.678620623967499
20010327,621.989013671875,622.2899780273438,643.9299926757812,604.52001953125,618.469970703125,0,0.6176544545688945
20010328,578.72998046875,579.010009765625,624.1900024414062,578.6099853515625,622.2899780273438,0,-6.954951837552659
20010329,569.7243041992188,570.0,600.7000122070312,553.6799926757812,579.010009765625,0,-1.5561060454329811
20010330,544.7763671875,545.0399780273438,570.0,534.8900146484375,570.0,0,-4.378951223273031
20010402,502.9266662597656,503.1700134277344,553.77001953125,491.2300109863281,545.0399780273438,0,-7.6819988051424755
20010403,490.4226989746094,490.6600036621094,512.9400024414062,486.2900085449219,503.1700134277344,0,-2.486239130269974
20010404,463.2658386230469,463.489990234375,494.80999755859375,453.8500061035156,490.6600036621094,0,-5.537442062721065
20010405,522.4371948242188,522.6900024414062,529.2999877929688,463.489990234375,463.489990234375,0,12.772662507143973
20010406,487.2942199707031,487.5299987792969,522.6900024414062,479.0400085449219,522.6900024414062,0,-6.726741184618468
20010409,474.99017333984375,475.2200012207031,496.82000732421875,455.54998779296875,487.5299987792969,0,-2.524972327736996
20010410,519.8684692382812,520.1199951171875,529.5800170898438,475.2200012207031,475.2200012207031,0,9.448254236174659
20010411,564.01708984375,564.2899780273438,597.239990234375,520.1199951171875,520.1199951171875,0,8.492267808355326
20010412,597.6307983398438,597.9199829101562,603.2100219726562,545.2100219726562,564.2899780273438,0,5.959702669251188
20010416,576.4510498046875,576.72998046875,597.9199829101562,561.0800170898438,597.9199829101562,0,-3.5439528778201557
20010417,573.54248046875,573.8200073242188,594.1599731445312,556.9299926757812,576.72998046875,0,-0.504564222960302
20010418,640.6300048828125,640.9400024414062,673.6599731445312,573.8200073242188,573.8200073242188,0,11.697046854496218
20010419,684.82861328125,685.1599731445312,686.1799926757812,633.6900024414062,640.9400024414062,0,6.8992371414932085
20010420,669.1762084960938,669.5,695.4600219726562,658.9000244140625,685.1599731445312,0,-2.2855936946608257
20010423,630.514892578125,630.8200073242188,669.5,623.6900024414062,669.5,0,-5.777444761132378
20010424,614.9724731445312,615.27001953125,664.8900146484375,611.6900024414062,630.8200073242188,0,-2.465043532612088
20010425,634.5130004882812,634.8200073242188,640.1500244140625,605.6400146484375,615.27001953125,0,3.1774647183139493
20010426,611.3641357421875,611.6599731445312,644.9000244140625,610.5599975585938,634.8200073242188,0,-3.648283594165158
20010427,642.2891845703125,642.5999755859375,644.8499755859375,611.6599731445312,611.6599731445312,0,5.058366379991219
20010430,662.3394775390625,662.6599731445312,679.27001953125,642.5999755859375,642.5999755859375,0,3.1216928603681637
20010501,666.11767578125,666.4400024414062,666.4400024414062,638.4000244140625,654.1699829101562,0,0.5704327181461633
20010502,670.32568359375,670.6500244140625,687.9000244140625,666.4400024414062,666.4400024414062,0,0.6317180777314357
20010503,646.757080078125,647.0700073242188,664.0399780273438,637.47998046875,664.030029296875,0,-3.5159943683660155
20010504,639.220703125,639.530029296875,647.0700073242188,619.7999877929688,647.0700073242188,0,-1.165249191277351
20010507,630.7448120117188,631.0499877929688,650.27001953125,628.489990234375,639.530029296875,0,-1.3259801909895508
20010508,640.4201049804688,640.72998046875,646.0499877929688,630.5499877929688,631.0499877929688,0,1.533950219955793
20010509,618.5407104492188,618.8400268554688,640.72998046875,612.239990234375,640.72998046875,0,-3.4164085153728596
20010510,618.7406005859375,619.0399780273438,648.3599853515625,618.9299926757812,618.9299926757812,0,0.03231063977728876
20010511,616.4817504882812,616.780029296875,632.1799926757812,612.5800170898438,619.0399780273438,0,-0.36507314724170126
20010514,601.94873046875,602.239990234375,616.780029296875,591.4000244140625,616.780029296875,0,-2.357410806422433
20010515,603.2581176757812,603.5499877929688,624.0900268554688,596.0700073242188,602.239990234375,0,0.21752085212474181
20010516,642.2792358398438,642.5900268554688,645.239990234375,594.2999877929688,603.5499877929688,0,6.46840193059397
20010517,654.8531494140625,655.1699829101562,660.969970703125,640.530029296875,642.5900268554688,0,1.9576955024104281
20010518,657.112060546875,657.4299926757812,661.6099853515625,645.0,655.1699829101562,0,0.344950138830602
20010521,705.8085327148438,706.1500244140625,706.25,655.1599731445312,657.4299926757812,0,7.410679810938903
20010522,694.4039916992188,694.739990234375,710.780029296875,693.22998046875,706.1500244140625,0,-1.6158087920700837
20010523,659.8207397460938,660.1400146484375,694.739990234375,660.010009765625,694.739990234375,0,-4.9802769485408405
20010524,658.451416015625,658.77001953125,661.8099975585938,639.7999877929688,660.1400146484375,0,-0.2075309914241652
20010525,654.3234252929688,654.6400146484375,670.5599975585938,653.52001953125,658.77001953125,0,-0.6269266603466939
20010529,622.9485473632812,623.25,654.6400146484375,620.75,654.6400146484375,0,-4.795003963406508
20010530,585.3267822265625,585.6099853515625,623.25,578.4000244140625,623.25,0,-6.039312418521858
20010531,598.4204711914062,598.7100219726562,610.8800048828125,580.3200073242188,585.6099853515625,0,2.2369899675172666
20010601,617.30126953125,617.5999755859375,623.4500122070312,596.3699951171875,598.7100219726562,0,3.1551089709575653
20010604,606.6864013671875,606.97998046875,622.2899780273438,601.739990234375,617.5999755859375,0,-1.719558862856485
20010605,647.586669921875,647.9000244140625,656.469970703125,606.97998046875,606.97998046875,0,6.74158049063025
20010606,647.0169677734375,647.3300170898438,657.22998046875,633.469970703125,647.9000244140625,0,-0.08797766672941076
20010607,696.6929321289062,697.030029296875,697.0399780273438,644.22998046875,647.3099975585938,0,7.67769312327955
20010608,675.3732299804688,675.7000122070312,697.030029296875,670.9600219726562,697.030029296875,0,-3.0601288600665133
20010611,652.6842041015625,653.0,675.7000122070312,647.97998046875,675.7000122070312,0,-3.3594808046379154
20010612,653.6737060546875,653.989990234375,661.6199951171875,619.2999877929688,653.0,0,0.15160646774501352
20010613,638.211181640625,638.52001953125,669.1599731445312,638.2000122070312,653.989990234375,0,-2.365475150098384
20010614,603.278076171875,603.5700073242188,638.52001953125,602.1500244140625,638.52001953125,0,-5.473596933215774
20010615,608.62548828125,608.9199829101562,617.4600219726562,583.760009765625,603.5700073242188,0,0.8863885748159328
20010618,599.8997192382812,600.1900024414062,625.1900024414062,600.0700073242188,608.9400024414062,0,-1.4336827027793708
20010619,587.5457153320312,587.8300170898438,628.7999877929688,580.739990234375,600.1900024414062,0,-2.0593454241632725
20010620,584.6870727539062,584.969970703125,587.8300170898438,559.1900024414062,587.8300170898438,0,-0.48654309980253885
20010621,583.567626953125,583.8499755859375,589.9199829101562,568.6099853515625,584.969970703125,0,-0.1914619849359589
20010622,586.0264282226562,586.3099975585938,603.760009765625,577.4600219726562,583.8499755859375,0,0.42134487891130057
20010625,601.94873046875,602.239990234375,602.3800048828125,584.27001953125,586.3099975585938,0,2.716991479271047
20010626,606.2266845703125,606.52001953125,610.4299926757812,586.6099853515625,602.239990234375,0,0.7106850036991519
20010627,595.6718139648438,595.9600219726562,606.52001953125,587.6199951171875,606.52001953125,0,-1.7410798025686014
20010628,617.4512329101562,617.75,631.9199829101562,595.9600219726562,595.9600219726562,0,3.6562818350160287
20010629,623.7882080078125,624.0900268554688,651.1500244140625,617.75,617.75,0,1.0263094869233047
20010702,635.5724487304688,635.8800048828125,645.8800048828125,620.2000122070312,624.0900268554688,0,1.8891470012345035
20010703,639.1807250976562,639.489990234375,642.9500122070312,627.8800048828125,635.8800048828125,0,0.5677148713345348
20010705,619.4003295898438,619.7000122070312,640.1300048828125,616.75,640.1300048828125,0,-3.094650163341983
20010706,566.2360229492188,566.510009765625,619.7000122070312,566.4000244140625,619.7000122070312,0,-8.583185637188006
20010709,563.52734375,563.7999877929688,571.22998046875,558.3300170898438,566.510009765625,0,-0.4783714190288446
20010710,542.1476440429688,542.4099731445312,574.2899780273438,539.6099853515625,563.7999877929688,0,-3.7939012258886518
20010711,557.7001342773438,557.969970703125,558.530029296875,537.1199951171875,542.4099731445312,0,2.868678366731947
20010712,605.636962890625,605.9299926757812,607.280029296875,557.969970703125,557.969970703125,0,8.59544858878687
20010713,593.6427612304688,593.9299926757812,610.3400268554688,583.489990234375,605.9299926757812,0,-1.9804268059100516
20010716,557.8001098632812,558.0700073242188,596.4000244140625,556.0900268554688,593.9299926757812,0,-6.037746164325797
20010717,581.9884033203125,582.27001953125,583.1599731445312,541.7899780273438,558.0700073242188,0,4.336375703661832
20010718,562.4978637695312,562.77001953125,585.02001953125,559.260009765625,582.27001953125,0,-3.3489617095000423
20010719,589.904541015625,590.1900024414062,600.0499877929688,562.77001953125,562.77001953125,0,4.872324743417433
20010720,574.022216796875,574.2999877929688,590.1900024414062,565.719970703125,590.1900024414062,0,-2.6923557808004484
20010723,557.480224609375,557.75,579.5700073242188,555.5399780273438,574.2999877929688,0,-2.8817670459249434
20010724,548.0748291015625,548.3400268554688,564.7000122070312,541.9000244140625,557.75,0,-1.6871309985712735
20010725,553.0723876953125,553.3400268554688,553.5399780273438,530.8599853515625,548.3400268554688,0,0.9118429724477961
20010726,587.8355712890625,588.1199951171875,590.4299926757812,550.2000122070312,553.3400268554688,0,6.28546039934379
20010727,601.3789672851562,601.6699829101562,606.510009765625,587.239990234375,588.1199951171875,0,2.303949518034809
20010730,605.3070678710938,605.5999755859375,614.9400024414062,596.1400146484375,601.6699829101562,0,0.6531807780691734
20010731,605.5869750976562,605.8800048828125,621.8800048828125,599.9500122070312,605.5999755859375,0,0.04623997823052228
20010801,636.2321166992188,636.5399780273438,648.9500122070312,619.8099975585938,619.8699951171875,0,5.060403528329238
20010802,656.3024291992188,656.6199951171875,657.3699951171875,641.7000122070312,643.8400268554688,0,3.154557102928912
20010803,640.7499389648438,641.0599975585938,653.6300048828125,637.2899780273438,653.6300048828125,0,-2.3697111989129604
20010806,631.2445678710938,631.5499877929688,635.219970703125,625.5900268554688,633.1799926757812,0,-1.4834820144515093
20010807,614.6126098632812,614.9099731445312,623.77001953125,606.010009765625,623.77001953125,0,-2.634789798126369
20010808,584.4572143554688,584.739990234375,624.2999877929688,582.5399780273438,612.1599731445312,0,-4.906406503032102
20010809,585.606689453125,585.8900146484375,593.52001953125,574.530029296875,583.6699829101562,0,0.19667278333426186
20010810,592.76318359375,593.0499877929688,595.6300048828125,572.2899780273438,585.8699951171875,0,1.2220677884103415
20010813,603.1781005859375,603.469970703125,604.1799926757812,589.6699829101562,593.0499877929688,0,1.7570159555915676
20010814,593.7127075195312,594.0,608.8400268554688,592.5599975585938,603.469970703125,0,-1.5692530138809002
20010815,572.6428833007812,572.9199829101562,600.6300048828125,572.7000122070312,594.0,0,-3.5488244258996215
20010816,582.748046875,583.030029296875,583.030029296875,557.1300048828125,572.9199829101562,0,1.764652427615565
20010817,555.2713012695312,555.5399780273438,583.030029296875,552.4099731445312,583.030029296875,0,-4.71503179736451
20010820,560.838623046875,561.1099853515625,567.0700073242188,554.52001953125,555.5399780273438,0,1.0026294316382467
20010821,536.7703247070312,537.030029296875,563.8699951171875,536.4400024414062,561.1099853515625,0,-4.291485926702987
20010822,564.4768676757812,564.75,566.1699829101562,537.030029296875,537.030029296875,0,5.161717071840166
20010823,560.0989990234375,560.3699951171875,572.8599853515625,560.010009765625,564.75,0,-0.7755652736277097
20010824,594.6222534179688,594.9099731445312,595.469970703125,560.3699951171875,560.3699951171875,0,6.163780774900451
20010827,606.126708984375,606.4199829101562,613.469970703125,591.719970703125,594.9099731445312,0,1.9347481611017958
20010828,588.905029296875,589.1900024414062,612.1599731445312,588.6900024414062,606.4199829101562,0,-2.8412619891028057
20010829,569.54443359375,569.8200073242188,596.25,565.3400268554688,589.1900024414062,0,-3.2875634408127685
20010830,559.0794677734375,559.3499755859375,570.8200073242188,550.27001953125,569.8200073242188,0,-1.8374278901590047
20010831,562.4478149414062,562.719970703125,566.3200073242188,547.5800170898438,559.3499755859375,0,0.6024841806165027
20010904,543.3970336914062,543.6599731445312,572.239990234375,543.2000122070312,562.719970703125,0,-3.3871194467788412
20010905,534.3014526367188,534.5599975585938,548.7899780273438,513.3499755859375,543.6599731445312,0,-1.6738358598120118
20010906,511.3025817871094,511.54998779296875,534.5599975585938,506.6700134277344,534.5599975585938,0,-4.304476554683245
20010907,513.6614379882812,513.9099731445312,529.5599975585938,504.3699951171875,511.54998779296875,0,0.4613401246952309
20010910,508.90374755859375,509.1499938964844,521.2100219726562,502.04998779296875,513.9099731445312,0,-0.9262282299993818
20010917,464.2653503417969,464.489990234375,509.1499938964844,462.92999267578125,509.1499938964844,0,-8.771482705976275
20010918,434.9595642089844,435.1700134277344,473.82000732421875,435.1300048828125,464.489990234375,0,-6.312294650708439
20010919,418.58746337890625,418.7900085449219,444.6700134277344,386.3699951171875,435.1700134277344,0,-3.764047240707369
20010920,392.7899475097656,392.9800109863281,422.3399963378906,389.510009765625,418.7900085449219,0,-6.162992676991053
20010921,380.82574462890625,381.010009765625,392.9800109863281,363.5199890136719,392.9800109863281,0,-3.045956762701496
20010924,401.7856140136719,401.9800109863281,407.5,381.010009765625,381.010009765625,0,5.503792730695611
20010925,402.20538330078125,402.3999938964844,415.2900085449219,387.7300109863281,401.9800109863281,0,0.10447855581816601
20010926,370.45074462890625,370.6300048828125,403.989990234375,369.44000244140625,402.3999938964844,0,-7.895126614202819
20010927,361.8249206542969,362.0,370.6300048828125,343.92999267578125,370.6300048828125,0,-2.3284690308711498
20010928,373.519287109375,373.70001220703125,379.9100036621094,362.0,362.0,0,3.232047571003105
20011001,362.3146667480469,362.489990234375,377.4700012207031,358.32000732421875,375.2099914550781,0,-2.9997381874437457
20011002,354.45849609375,354.6300048828125,367.30999755859375,350.5400085449219,360.0799865722656,0,-2.1683316955815712
20011003,388.6219482421875,388.80999755859375,395.0,345.4599914550781,351.7200012207031,0,9.638212279041646
20011004,405.3438720703125,405.5400085449219,422.2099914550781,387.7099914550781,388.80999755859375,0,4.302875721143695
20011005,405.9035949707031,406.1000061035156,413.0799865722656,382.5299987792969,405.5400085449219,0,0.1380868833639859
20011008,426.34368896484375,426.54998779296875,429.2099914550781,395.0799865722656,406.1000061035156,0,5.035700906697449
20011009,401.3258056640625,401.5199890136719,426.54998779296875,401.5199890136719,426.54998779296875,0,-5.868010665949308
20011010,428.3827209472656,428.5899963378906,428.7099914550781,396.989990234375,401.5199890136719,0,6.741882861352888
20011011,474.3704833984375,474.6000061035156,475.1199951171875,428.5899963378906,428.5899963378906,0,10.735203844877361
20011012,473.5508728027344,473.7799987792969,474.6000061035156,445.760009765625,474.6000061035156,0,-0.17277861645030868
20011015,451.51153564453125,451.7300109863281,473.7799987792969,441.94000244140625,473.7799987792969,0,-4.654056281350194
20011016,462.5062255859375,462.7300109863281,462.8399963378906,443.260009765625,451.7300109863281,0,2.4350828442817107
20011017,428.4126892089844,428.6199951171875,472.9800109863281,428.1499938964844,462.7300109863281,0,-7.371472577807026
20011018,417.5479736328125,417.75,429.0799865722656,410.30999755859375,428.6199951171875,0,-2.536044804492976
20011019,423.6150207519531,423.82000732421875,427.79998779296875,405.5,417.75,0,1.4530238956837138
20011022,446.6938781738281,446.9100036621094,446.9100036621094,415.0199890136719,423.82000732421875,0,5.448066617635394
20011023,442.8757019042969,443.0899963378906,458.2799987792969,439.6099853515625,446.9100036621094,0,-0.8547598605796458
20011024,460.62713623046875,460.8500061035156,462.6000061035156,441.44000244140625,443.0899963378906,0,4.008217272430059
20011025,484.8653869628906,485.1000061035156,485.1000061035156,441.6600036621094,460.8500061035156,0,5.2620157706047666
20011026,480.5074768066406,480.739990234375,490.7300109863281,476.510009765625,485.1000061035156,0,-0.8987870159313571
20011029,446.99371337890625,447.2099914550781,480.739990234375,447.1600036621094,480.739990234375,0,-6.974663947334614
20011030,429.4721984863281,429.67999267578125,447.2099914550781,426.8500061035156,447.2099914550781,0,-3.9198584813053605
20011031,447.8033142089844,448.0199890136719,462.4700012207031,429.67999267578125,429.67999267578125,0,4.26829190339546
20011101,477.8587646484375,478.0899963378906,478.3999938964844,447.2200012207031,448.0199890136719,0,6.71175573893894
20011102,489.20330810546875,489.44000244140625,491.0,472.05999755859375,478.0899963378906,0,2.374031289183054
20011105,502.82672119140625,503.07000732421875,508.1600036621094,489.44000244140625,489.44000244140625,0,2.7848162828587375
20011106,519.7785034179688,520.030029296875,520.3300170898438,496.79998779296875,503.07000732421875,0,3.371304535300168
20011107,519.1088256835938,519.3599853515625,533.0599975585938,510.07000732421875,520.030029296875,0,-0.12884716411828423
20011108,507.20458984375,507.45001220703125,545.1900024414062,503.8900146484375,519.3599853515625,0,-2.2932019178314667
20011109,506.56488037109375,506.80999755859375,514.760009765625,501.4100036621094,507.45001220703125,0,-0.12612368372086902
20011112,519.06884765625,519.3200073242188,522.8699951171875,488.95001220703125,506.80999755859375,0,2.468382594244045
20011113,541.0281982421875,541.2899780273438,544.1599731445312,519.3200073242188,519.3200073242188,0,4.230526533403678
20011114,538.2495727539062,538.510009765625,553.5999755859375,527.3400268554688,541.2899780273438,0,-0.513582067757834
20011115,532.0825805664062,532.3400268554688,543.1699829101562,524.260009765625,538.510009765625,0,-1.145750830674741
20011116,529.6636962890625,529.9199829101562,537.2899780273438,524.2000122070312,532.3400268554688,0,-0.4546049185156553
20011119,524.5062255859375,524.760009765625,533.2100219726562,513.010009765625,529.9199829101562,0,-0.9737268476259886
20011120,493.8810119628906,494.1199951171875,524.760009765625,493.3900146484375,524.760009765625,0,-5.838862351977303
20011121,503.22650146484375,503.4700012207031,504.3699951171875,486.07000732421875,494.1199951171875,0,1.8922541479622135
20011123,511.0527038574219,511.29998779296875,513.1900024414062,495.2799987792969,503.4700012207031,0,1.5552041935529726
20011126,532.2025146484375,532.4600219726562,534.030029296875,511.29998779296875,511.29998779296875,0,4.138477348889635
20011127,536.4104614257812,536.6699829101562,550.2000122070312,515.02001953125,532.4600219726562,0,0.7906623528096901
20011128,511.1926574707031,511.44000244140625,536.6699829101562,511.3699951171875,536.6699829101562,0,-4.701209546309537
20011129,532.912109375,533.1699829101562,533.22998046875,509.739990234375,511.44000244140625,0,4.248783897430775
20011130,518.6990356445312,518.9500122070312,533.1699829101562,511.75,533.1699829101562,0,-2.6670613798453813
20011203,510.75286865234375,511.0,524.8400268554688,509.739990234375,518.9500122070312,0,-1.5319418094280057
20011204,543.8468627929688,544.1099853515625,544.6400146484375,511.0,511.0,0,6.479449188172692
20011205,585.5166625976562,585.7999877929688,590.3400268554688,544.1099853515625,544.1099853515625,0,7.662054283835529
20011206,584.0374145507812,584.3200073242188,590.3900146484375,571.989990234375,585.7999877929688,0,-0.25264262539947957
20011207,571.4635009765625,571.739990234375,589.1599731445312,562.739990234375,584.3200073242188,0,-2.152932799178231
20011210,559.0994873046875,559.3699951171875,579.9600219726562,558.489990234375,571.739990234375,0,-2.163570036812823
20011211,565.4963989257812,565.77001953125,579.52001953125,559.3699951171875,559.3699951171875,0,1.1441486797520772
20011212,575.3416137695312,575.6199951171875,577.2899780273438,558.3099975585938,565.77001953125,0,1.740985779716353
20011213,536.3305053710938,536.5900268554688,575.6199951171875,536.4600219726562,575.6199951171875,0,-6.780509466800721
20011214,548.7545166015625,549.02001953125,554.0900268554688,534.969970703125,536.5900268554688,0,2.316478513144138
20011217,563.5972900390625,563.8699951171875,568.7100219726562,547.8300170898438,549.02001953125,0,2.704814953490464
20011218,566.8157348632812,567.0900268554688,574.52001953125,561.6500244140625,563.8699951171875,0,0.5710592452453644
20011219,537.3499755859375,537.6099853515625,567.0900268554688,537.0,567.0900268554688,0,-5.198476451327128
20011220,507.3545227050781,507.6000061035156,537.6099853515625,506.4100036621094,537.6099853515625,0,-5.582109720008688
20011221,520.3282470703125,520.5800170898438,523.2000122070312,507.6000061035156,507.6000061035156,0,2.5571337333043953
20011224,514.870849609375,515.1199951171875,522.02001953125,514.9600219726562,520.5800170898438,0,-1.0488343373568187
20011226,520.4281616210938,520.6799926757812,534.5900268554688,515.2999877929688,515.2999877929688,0,1.0793596853736709
20011227,530.3533935546875,530.6099853515625,533.3300170898438,520.6799926757812,520.6799926757812,0,1.9071200767194707
20011228,538.5294189453125,538.7899780273438,544.4500122070312,530.6099853515625,530.6099853515625,0,1.5416205690817364
20011231,521.9074096679688,522.1599731445312,539.3300170898438,521.4199829101562,538.7899780273438,0,-3.086546810632862
20020102,545.1762084960938,545.4400024414062,545.4400024414062,522.1599731445312,522.1599731445312,0,4.458409394477125
20020103,590.3343505859375,590.6199951171875,592.4500122070312,545.4400024414062,545.4400024414062,0,8.283219506005102
20020104,589.604736328125,589.8900146484375,601.1799926757812,576.8300170898438,590.6199951171875,0,-0.12359562405352964
20020107,579.9593505859375,580.239990234375,598.219970703125,574.3499755859375,589.8900146484375,0,-1.6359023164366882
20020108,583.5376586914062,583.8200073242188,593.1699829101562,574.219970703125,580.239990234375,0,0.6169890304178693
20020109,583.9874267578125,584.27001953125,606.8800048828125,580.1300048828125,583.8200073242188,0,0.07708064153089111
20020110,574.2921142578125,574.5700073242188,584.27001953125,570.6699829101562,584.27001953125,0,-1.660193383671027
20020111,568.6148681640625,568.8900146484375,587.0599975585938,565.5999755859375,574.5700073242188,0,-0.9885640745908475
20020114,564.1370239257812,564.4099731445312,575.469970703125,558.4400024414062,568.8900146484375,0,-0.7875057372337291
20020115,560.2688598632812,560.5399780273438,570.8499755859375,553.0399780273438,564.4099731445312,0,-0.6856709309416287
20020116,531.5327758789062,531.7899780273438,560.5399780273438,531.5999755859375,560.5399780273438,0,-5.128982967669349
20020117,539.2890625,539.5499877929688,541.8200073242188,525.0,531.7899780273438,0,1.4592245221338063
20020118,522.7870483398438,523.0399780273438,539.5499877929688,520.2000122070312,539.5499877929688,0,-3.059959251071298
20020122,498.88861083984375,499.1300048828125,526.9199829101562,499.0899963378906,523.0399780273438,0,-4.571347152985938
20020123,520.2882080078125,520.5399780273438,523.27001953125,499.1300048828125,499.1300048828125,0,4.289458244362199
20020124,523.4567260742188,523.7100219726562,536.4600219726562,518.969970703125,520.5399780273438,0,0.6089914471748781
20020125,535.6807861328125,535.9400024414062,537.8599853515625,519.5499877929688,523.7100219726562,0,2.3352580541963652
20020128,545.5560302734375,545.8200073242188,547.8900146484375,535.0900268554688,535.9400024414062,0,1.8434908455807308
20020129,532.4623413085938,532.719970703125,555.3300170898438,529.2999877929688,545.8200073242188,0,-2.400065304552368
20020130,554.6116333007812,554.8800048828125,554.8800048828125,527.1199951171875,532.719970703125,0,4.159790396151086
20020131,558.6097412109375,558.8800048828125,563.3300170898438,548.3599853515625,554.8800048828125,0,0.7208765795849503
20020201,552.6026000976562,552.8699951171875,563.3900146484375,546.3200073242188,558.8800048828125,0,-1.0753667537068523
20020204,544.9463500976562,545.2100219726562,563.5599975585938,542.52001953125,552.77001953125,0,-1.3854926496612685
20020205,540.6583862304688,540.9199829101562,552.1699829101562,534.969970703125,545.2100219726562,0,-0.7868599052852976
20020206,542.617431640625,542.8800048828125,546.3900146484375,532.0,540.9199829101562,0,0.3623497069032755
20020207,515.6704711914062,515.9199829101562,544.9199829101562,515.719970703125,542.8800048828125,0,-4.966110693002202
20020208,531.27294921875,531.530029296875,531.530029296875,512.4400024414062,523.3400268554688,0,3.0256719847653546
20020211,551.483154296875,551.75,551.75,531.530029296875,531.530029296875,0,3.804106934442175
20020212,547.7449951171875,548.010009765625,557.760009765625,538.75,551.75,0,-0.6778414561622093
20020213,569.0546875,569.3300170898438,569.3800048828125,548.010009765625,548.010009765625,0,3.890441222658869
20020214,564.6767578125,564.9500122070312,579.8699951171875,562.719970703125,569.3300170898438,0,-0.7693261818867536
20020215,554.3417358398438,554.6099853515625,570.219970703125,552.3099975585938,564.9500122070312,0,-1.8302551786970378
20020219,534.63134765625,534.8900146484375,554.6099853515625,533.239990234375,554.6099853515625,0,-3.555646530710166
20020220,543.30712890625,543.5700073242188,543.6699829101562,519.280029296875,534.8900146484375,0,1.6227621451273988
20020221,507.0146789550781,507.260009765625,543.5700073242188,507.0199890136719,543.5700073242188,0,-6.679911891631695
20020222,508.703857421875,508.95001220703125,519.3300170898438,500.57000732421875,507.260009765625,0,0.33316295565801735
20020225,538.4794311523438,538.739990234375,543.5900268554688,508.95001220703125,508.95001220703125,0,5.853222774897149
20020226,534.4013671875,534.6599731445312,544.77001953125,525.1599731445312,538.739990234375,0,-0.7573258276351025
20020227,526.925048828125,527.1799926757812,547.7000122070312,523.030029296875,534.6599731445312,0,-1.3990163551532597
20020228,510.58294677734375,510.8299865722656,532.97998046875,510.3299865722656,527.1799926757812,0,-3.1014086897586335
20020301,566.9956665039062,567.27001953125,567.27001953125,510.8299865722656,510.8299865722656,0,11.04869221513487
20020304,600.6193237304688,600.9099731445312,603.6099853515625,566.5900268554688,567.27001953125,0,5.930148334135277
20020305,613.6031494140625,613.9000244140625,616.719970703125,596.2000122070312,600.9099731445312,0,2.1617300178186305
20020306,607.6759643554688,607.969970703125,613.9000244140625,592.02001953125,613.9000244140625,0,-0.9659640780430689
20020307,610.7144775390625,611.010009765625,620.3599853515625,600.489990234375,607.969970703125,0,0.5000311214358399
20020308,637.6314697265625,637.9400024414062,641.9000244140625,611.010009765625,611.010009765625,0,4.407455237290003
20020311,622.2089233398438,622.510009765625,637.9400024414062,614.1500244140625,637.9400024414062,0,-2.418721606535168
20020312,605.2071533203125,605.5,622.510009765625,595.239990234375,622.510009765625,0,-2.732487751004886
20020313,581.21875,581.5,605.5,576.4600219726562,605.5,0,-3.9636663914120573
20020314,578.56005859375,578.8400268554688,592.2100219726562,578.8400268554688,581.5,0,-0.457433042911648
20020315,593.9026489257812,594.1900024414062,595.030029296875,578.8400268554688,578.8400268554688,0,2.6518510942178164
20020318,599.8297729492188,600.1199951171875,614.6099853515625,594.1900024414062,594.1900024414062,0,0.9979960368596164
20020319,603.98779296875,604.280029296875,610.4099731445312,596.2899780273438,600.1199951171875,0,0.6932003955100852
20020320,581.2787475585938,581.5599975585938,593.7999877929688,581.4299926757812,593.780029296875,0,-3.759851498769151
20020321,597.0111083984375,597.2999877929688,599.1699829101562,578.6799926757812,581.5599975585938,0,2.706511847522508
20020322,590.1344604492188,590.4199829101562,602.6500244140625,589.0900268554688,597.2999877929688,0,-1.1518508326501364
20020325,573.4725341796875,573.75,600.7899780273438,573.719970703125,590.4199829101562,0,-2.823411028195655
20020326,585.6365966796875,585.9199829101562,592.52001953125,569.3499755859375,573.75,0,2.121129918981479
20020327,581.2687377929688,581.5499877929688,587.739990234375,575.0399780273438,585.9199829101562,0,-0.7458347973527957
20020328,594.9520874023438,595.239990234375,600.2899780273438,581.5499877929688,581.5499877929688,0,2.354054290906449
20020401,609.6749877929688,609.969970703125,614.1300048828125,581.72998046875,595.239990234375,0,2.4746288405370853
20020402,587.0059204101562,587.2899780273438,601.4600219726562,587.2899780273438,598.75,0,-3.718214627785288
20020403,573.9323120117188,574.2100219726562,593.4199829101562,567.6599731445312,587.2899780273438,0,-2.227171677375106
20020404,580.6190795898438,580.9000244140625,587.4199829101562,569.7100219726562,574.2100219726562,0,1.1650793586679642
20020405,572.3430786132812,572.6199951171875,590.6500244140625,570.75,580.9000244140625,0,-1.425379402458593
20020408,575.5914916992188,575.8699951171875,579.5,550.3200073242188,572.6199951171875,0,0.5675666284295389
20020409,557.3803100585938,557.6500244140625,586.010009765625,555.3699951171875,575.8699951171875,0,-3.163903460435946
20020410,563.357421875,563.6300048828125,565.239990234375,545.3800048828125,557.6500244140625,0,1.0723536639370312
20020411,552.8025512695312,553.0700073242188,568.4500122070312,551.8699951171875,563.6300048828125,0,-1.8735690909126301
20020412,560.3988037109375,560.6699829101562,560.9000244140625,548.989990234375,558.9400024414062,0,1.3741435053957307
20020415,571.3435668945312,571.6199951171875,573.9600219726562,556.2999877929688,560.6699829101562,0,1.9530227300907477
20020416,603.2481079101562,603.5399780273438,604.6400146484375,571.6199951171875,571.6199951171875,0,5.58412637465775
20020417,610.8743896484375,611.1699829101562,618.4299926757812,601.6300048828125,603.5399780273438,0,1.2642086954622211
20020418,592.2734375,592.5599975585938,607.27001953125,582.2999877929688,607.27001953125,0,-3.0449769903536317
20020419,582.4581298828125,582.739990234375,597.6799926757812,579.280029296875,596.1199951171875,0,-1.6572173897458797
20020422,572.722900390625,573.0,582.739990234375,564.3900146484375,582.739990234375,0,-1.6714127050826977
20020423,554.9315185546875,555.2000122070312,574.8200073242188,552.6799926757812,573.0,0,-3.1064551122109485
20020424,534.0415649414062,534.2999877929688,561.8699951171875,531.510009765625,555.2000122070312,0,-3.7644135364804376
20020425,538.3394775390625,538.5999755859375,542.0599975585938,524.8499755859375,534.2999877929688,0,0.8047890494496723
20020426,514.4810180664062,514.72998046875,545.489990234375,511.9100036621094,538.5999755859375,0,-4.431859673075467
20020429,516.4201049804688,516.6699829101562,529.72998046875,505.8800048828125,514.72998046875,0,0.37689711402462134
20020430,525.4857177734375,525.739990234375,538.5,514.4600219726562,516.6699829101562,0,1.7554740209856368
20020501,526.9849853515625,527.239990234375,534.0700073242188,508.8599853515625,525.739990234375,0,0.28531213677149836
20020502,503.80621337890625,504.04998779296875,536.9299926757812,502.2099914550781,527.239990234375,0,-4.398376995473652
20020503,479.9777526855469,480.2099914550781,504.04998779296875,477.1400146484375,504.04998779296875,0,-4.729688902935269
20020506,472.91119384765625,473.1400146484375,494.0899963378906,472.2200012207031,481.29998779296875,0,-1.4722677437880805
20020507,469.9126281738281,470.1400146484375,478.1099853515625,455.2699890136719,473.1400146484375,0,-0.6340617802595094
20020508,522.0973510742188,522.3499755859375,527.5399780273438,470.1400146484375,470.1400146484375,0,11.105194050870516
20020509,503.23651123046875,503.4800109863281,524.760009765625,503.4800109863281,522.3499755859375,0,-3.612513732472622
20020510,480.7273864746094,480.9599914550781,509.7099914550781,478.57000732421875,503.4800109863281,0,-4.472872614571688
20020513,508.91375732421875,509.1600036621094,509.5299987792969,480.9599914550781,480.9599914550781,0,5.863276095318448
20020514,540.8382568359375,541.0999755859375,545.0900268554688,509.1600036621094,509.1600036621094,0,6.273071665900964
20020515,537.5698852539062,537.8300170898438,558.9099731445312,524.2999877929688,541.0999755859375,0,-0.6043168810999866
20020516,542.4774780273438,542.739990234375,542.9199829101562,527.780029296875,537.8300170898438,0,0.9129228545291523
20020517,541.7078857421875,541.969970703125,549.77001953125,533.6300048828125,542.739990234375,0,-0.14187632109391446
20020520,534.3614501953125,534.6199951171875,541.969970703125,530.4299926757812,541.969970703125,0,-1.3561591939129092
20020521,519.4586791992188,519.7100219726562,542.9600219726562,516.2000122070312,534.6199951171875,0,-2.7888917886924602
20020522,519.228759765625,519.47998046875,529.4199829101562,504.8599853515625,519.7100219726562,0,-0.0442634342576409
20020523,516.380126953125,516.6300048828125,521.4199829101562,500.0799865722656,519.47998046875,0,-0.5486208695406947
20020524,499.38836669921875,499.6300048828125,516.6300048828125,495.1499938964844,516.6300048828125,0,-3.290556072881623
20020528,496.4097900390625,496.6499938964844,505.80999755859375,487.8299865722656,499.6300048828125,0,-0.5964435596751416
20020529,479.8678283691406,480.1000061035156,496.6499938964844,479.44000244140625,496.6499938964844,0,-3.3323241712187035
20020530,480.28759765625,480.5199890136719,481.239990234375,464.4700012207031,480.1000061035156,0,0.08747821387564692
20020531,476.0296630859375,476.260009765625,488.9800109863281,473.8800048828125,480.5199890136719,0,-0.8865352837435614
20020603,451.1517028808594,451.3699951171875,471.6199951171875,450.5799865722656,471.6199951171875,0,-5.226139952562104
20020604,466.6642150878906,466.8900146484375,472.0199890136719,449.1499938964844,451.3699951171875,0,3.438425172063231
20020605,467.9935607910156,468.2200012207031,474.7799987792969,456.760009765625,466.8900146484375,0,0.28486078745271204
20020606,453.34063720703125,453.55999755859375,468.2200012207031,447.7200012207031,468.2200012207031,0,-3.1310075656505676
20020607,440.7967224121094,441.010009765625,453.55999755859375,421.1700134277344,453.55999755859375,0,-2.766996177026715
20020610,437.21844482421875,437.42999267578125,449.5400085449219,436.32000732421875,441.010009765625,0,-0.8117768328538277
20020611,419.2371520996094,419.44000244140625,443.79998779296875,419.30999755859375,437.42999267578125,0,-4.112655861645276
20020612,434.11993408203125,434.3299865722656,438.1199951171875,416.5899963378906,419.44000244140625,0,3.5499675863509106
20020613,426.60357666015625,426.80999755859375,441.8500061035156,421.7200012207031,434.3299865722656,0,-1.731399913927123
20020614,425.7939758300781,426.0,428.17999267578125,404.010009765625,426.80999755859375,0,-0.18977942485579602
20020617,448.74285888671875,448.9599914550781,450.5,426.0,426.0,0,5.389669355652149
20020618,441.7562561035156,441.9700012207031,462.8299865722656,441.9700012207031,448.9599914550781,0,-1.5569294296626457
20020619,411.99066162109375,412.19000244140625,441.9700012207031,410.92999267578125,441.9700012207031,0,-6.738013597539593
20020620,392.0303039550781,392.2200012207031,419.3399963378906,388.7300109863281,412.19000244140625,0,-4.844853369179402
20020621,379.82623291015625,380.010009765625,395.4200134277344,377.4200134277344,392.2200012207031,0,-3.1130466108503008
20020624,395.0788269042969,395.2699890136719,403.2799987792969,377.0,380.010009765625,0,4.015678233701947
20020625,376.2879333496094,376.4700012207031,405.04998779296875,373.6600036621094,395.2699890136719,0,-4.756239612291557
20020626,382.534912109375,382.7200012207031,384.55999755859375,358.6400146484375,376.4700012207031,0,1.6601588386151223
20020627,394.3392028808594,394.5299987792969,399.4700012207031,380.8299865722656,382.7200012207031,0,3.0858062084357263
20020628,387.3925476074219,387.5799865722656,404.6600036621094,386.55999755859375,394.5299987792969,0,-1.761592839209969
20020701,367.2522888183594,367.42999267578125,390.8900146484375,365.1099853515625,387.5799865722656,0,-5.198925278544364
20020702,348.3414611816406,348.510009765625,367.42999267578125,346.92999267578125,367.42999267578125,0,-5.149275586451962
20020703,363.0343322753906,363.2099914550781,363.2099914550781,343.7200012207031,348.510009765625,0,4.217951071000492
20020705,395.9883728027344,396.17999267578125,396.17999267578125,363.2099914550781,363.2099914550781,0,9.077393793221367
20020708,375.67822265625,375.8599853515625,395.54998779296875,373.8800048828125,392.4599914550781,0,-5.128983719490321
20020709,362.3146667480469,362.489990234375,375.8599853515625,360.2799987792969,375.8599853515625,0,-3.557174383615702
20020710,348.39141845703125,348.55999755859375,367.6099853515625,348.4100036621094,362.489990234375,0,-3.8428627137468085
20020711,372.28985595703125,372.4700012207031,372.4700012207031,343.55999755859375,348.55999755859375,0,6.8596522347892375
20020712,376.98760986328125,377.1700134277344,383.69000244140625,366.2799987792969,372.4700012207031,0,1.2618498648556464
20020715,394.9588928222656,395.1499938964844,395.3500061035156,365.1499938964844,377.1700134277344,0,4.7670758089561005
20020716,386.2231140136719,386.4100036621094,407.6199951171875,381.1700134277344,395.1499938964844,0,-2.2118158596415305
20020717,381.2855224609375,381.4700012207031,407.7699890136719,371.4700012207031,386.4100036621094,0,-1.2784354428168387
20020718,368.5216979980469,368.70001220703125,383.54998779296875,368.510009765625,381.4700012207031,0,-3.3475735897470105
20020719,363.9039001464844,364.0799865722656,376.3399963378906,362.5799865722656,368.70001220703125,0,-1.2530581724449208
20020722,356.83734130859375,357.010009765625,371.7200012207031,348.6300048828125,364.0799865722656,0,-1.941874606512417
20020723,339.245849609375,339.4100036621094,361.54998779296875,338.20001220703125,357.010009765625,0,-4.9298354729801375
20020724,353.5289611816406,353.70001220703125,353.94000244140625,327.45001220703125,339.4100036621094,0,4.2102496658136035
20020725,317.89617919921875,318.04998779296875,353.70001220703125,305.75,353.70001220703125,0,-10.079169687219425
20020726,314.857666015625,315.010009765625,325.1499938964844,304.45001220703125,318.04998779296875,0,-0.9558176840184562
20020729,336.6670837402344,336.8299865722656,337.95001220703125,315.010009765625,315.010009765625,0,6.926756652233124
20020730,346.29241943359375,346.4599914550781,349.8399963378906,331.94000244140625,336.8299865722656,0,2.8590105592473547
20020731,330.7799377441406,330.94000244140625,346.4599914550781,325.9700012207031,346.4599914550781,0,-4.479590543338164
20020801,311.7291564941406,311.8800048828125,334.44000244140625,310.82000732421875,330.94000244140625,0,-5.75935136821919
20020802,301.26422119140625,301.4100036621094,311.8800048828125,295.20001220703125,311.8800048828125,0,-3.357060746692364
20020805,283.772705078125,283.9100036621094,303.0199890136719,282.75,301.4100036621094,0,-5.806044851655978
20020806,301.3941650390625,301.5400085449219,310.8999938964844,283.9100036621094,283.9100036621094,0,6.2097159858426565
20020807,307.5011901855469,307.6499938964844,319.7799987792969,291.44000244140625,301.5400085449219,0,2.026260256821688
20020808,320.91473388671875,321.07000732421875,323.55999755859375,297.67999267578125,307.6499938964844,0,4.36210423987522
20020809,315.73724365234375,315.8900146484375,323.2099914550781,307.6600036621094,321.07000732421875,0,-1.6133530250773132
20020812,311.9390563964844,312.0899963378906,315.8900146484375,306.0400085449219,315.8900146484375,0,-1.202956134835731
20020813,298.7354431152344,298.8800048828125,324.57000732421875,298.42999267578125,312.0899963378906,0,-4.2327506841251195
20020814,322.024169921875,322.17999267578125,322.17999267578125,294.95001220703125,298.8800048828125,0,7.795766666326309
20020815,327.3016357421875,327.4599914550781,331.760009765625,316.3500061035156,322.17999267578125,0,1.638835091976154
20020816,348.31146240234375,348.4800109863281,351.6099853515625,322.0799865722656,327.4599914550781,0,6.419110755438218
20020819,362.8843994140625,363.05999755859375,366.55999755859375,343.9599914550781,348.4800109863281,0,4.183880312388322
20020820,345.5128173828125,345.67999267578125,363.05999755859375,343.239990234375,363.05999755859375,0,-4.78708891083699
20020821,361.625,361.79998779296875,362.7900085449219,345.67999267578125,345.67999267578125,0,4.663271076931164
20020822,357.08721923828125,357.260009765625,367.8999938964844,352.5299987792969,361.79998779296875,0,-1.2548308956664922
20020823,336.10736083984375,336.2699890136719,357.260009765625,335.3800048828125,357.260009765625,0,-5.87527855852753
20020826,336.62713623046875,336.7900085449219,338.54998779296875,327.0299987792969,336.2699890136719,0,0.154643455627812
20020827,316.71673583984375,316.8699951171875,337.2300109863281,315.9200134277344,336.7900085449219,0,-5.914668761640951
20020828,303.6530456542969,303.79998779296875,316.8699951171875,302.7900085449219,316.8699951171875,0,-4.124722291672045
20020829,304.18280029296875,304.3299865722656,309.3800048828125,293.1700134277344,303.79998779296875,0,0.17445648472442787
20020830,300.0448303222656,300.19000244140625,308.5,297.510009765625,304.3299865722656,0,-1.3603602384007263
20020903,284.80218505859375,284.94000244140625,300.19000244140625,284.739990234375,300.19000244140625,0,-5.080115885263914
20020904,290.1296081542969,290.2699890136719,291.6700134277344,276.3599853515625,284.94000244140625,0,1.8705645141424698
20020905,275.226806640625,275.3599853515625,290.2699890136719,274.5400085449219,290.2699890136719,0,-5.136598417484728
20020906,288.3304748535156,288.4700012207031,292.6300048828125,275.3599853515625,275.3599853515625,0,4.761046109296729
20020909,287.8407287597656,287.9800109863281,290.989990234375,278.5,288.4700012207031,0,-0.1698582980211194
20020910,298.1957092285156,298.3399963378906,304.0899963378906,287.9800109863281,287.9800109863281,0,3.597466822811657
20020911,301.61407470703125,301.760009765625,310.760009765625,298.3399963378906,298.3399963378906,0,1.1463476133655837
20020912,283.3628845214844,283.5,301.760009765625,283.1099853515625,301.760009765625,0,-6.0511695303189565
20020913,280.3843078613281,280.5199890136719,288.44000244140625,277.8999938964844,283.5,0,-1.051150259727729
20020916,269.08978271484375,269.2200012207031,281.739990234375,268.32000732421875,280.5199890136719,0,-4.028229087239133
20020917,263.4325256347656,263.55999755859375,279.04998779296875,263.04998779296875,269.2200012207031,0,-2.102371159811922
20020918,262.66290283203125,262.7900085449219,267.5400085449219,256.9800109863281,263.55999755859375,0,-0.2921494235864408
20020919,252.33790588378906,252.4600067138672,263.8599853515625,252.44000244140625,262.7900085449219,0,-3.9308959607149085
20020920,248.7496337890625,248.8699951171875,256.260009765625,247.9600067138672,252.4600067138672,0,-1.4220120023796579
20020923,236.07577514648438,236.19000244140625,248.8699951171875,234.8000030517578,248.8699951171875,0,-5.095026690465643
20020924,239.46412658691406,239.5800018310547,247.61000061035156,231.58999633789062,236.19000244140625,0,1.435284878533083
20020925,256.32598876953125,256.45001220703125,261.07000732421875,239.5800018310547,239.5800018310547,0,7.04149354998036
20020926,248.22988891601562,248.35000610351562,259.8599853515625,242.55999755859375,256.45001220703125,0,-3.1585126605400693
20020927,246.46075439453125,246.5800018310547,256.8599853515625,245.33999633789062,248.35000610351562,0,-0.7127055482024747
20020930,238.12478637695312,238.24000549316406,246.5800018310547,234.77000427246094,246.5800018310547,0,-3.382267935744765
20021001,249.7791290283203,249.89999389648438,250.27999877929688,236.16000366210938,238.24000549316406,0,4.89421933112526
20021002,249.82911682128906,249.9499969482422,263.3900146484375,248.1999969482422,249.89999389648438,0,0.020009224881589738
20021003,233.62696838378906,233.74000549316406,250.22000122070312,233.3000030517578,249.9499969482422,0,-6.485293719941421
20021004,226.84024047851562,226.9499969482422,237.92999267578125,223.57000732421875,233.74000549316406,0,-2.904940697077396
20021007,219.85362243652344,219.9600067138672,228.47999572753906,218.16000366210938,226.9499969482422,0,-3.0799693008892737
20021008,215.81556701660156,215.9199981689453,224.55999755859375,209.35000610351562,219.9600067138672,0,-1.8367014100782786
20021009,213.9564666748047,214.05999755859375,223.8800048828125,211.82000732421875,215.9199981689453,0,-0.8614304492982727
20021010,227.13011169433594,227.24000549316406,230.5500030517578,211.4600067138672,214.05999755859375,0,6.157155977245399
20021011,246.10092163085938,246.22000122070312,250.41000366210938,227.24000549316406,227.24000549316406,0,8.35240066393592
20021014,245.76109313964844,245.8800048828125,247.0500030517578,238.0500030517578,246.22000122070312,0,-0.1380864008630467
20021015,268.9698486328125,269.1000061035156,269.1000061035156,245.8800048828125,245.8800048828125,0,9.443631348457915
20021016,245.25132751464844,245.3699951171875,269.1000061035156,244.47000122070312,269.1000061035156,0,-8.81828704871891
20021017,266.4810485839844,266.6099853515625,266.6099853515625,245.3699951171875,245.3699951171875,0,8.656311145228202
20021018,268.1502380371094,268.2799987792969,268.4599914550781,252.35000610351562,266.6099853515625,0,0.6263881772965885
20021021,282.1534729003906,282.2900085449219,283.55999755859375,260.1000061035156,268.2799987792969,0,5.222159620311628
20021022,264.9418029785156,265.07000732421875,282.2900085449219,262.6700134277344,282.2900085449219,0,-6.100110063924857
20021023,285.72174072265625,285.8599853515625,285.95001220703125,261.4100036621094,265.07000732421875,0,7.843202721126663
20021024,278.36529541015625,278.5,299.17999267578125,277.92999267578125,285.8599853515625,0,-2.574681917271804
20021025,292.33856201171875,292.4800109863281,292.7099914550781,277.9100036621094,278.5,0,5.01975259832248
20021028,291.65887451171875,291.79998779296875,302.260009765625,290.05999755859375,292.4800109863281,0,-0.23250245070292053
20021029,282.5832824707031,282.7200012207031,293.4200134277344,271.82000732421875,291.79998779296875,0,-3.1117158848916193
20021030,301.144287109375,301.2900085449219,303.92999267578125,282.7200012207031,282.7200012207031,0,6.5683387252542635
20021031,295.00726318359375,295.1499938964844,305.0299987792969,292.6000061035156,301.2900085449219,0,-2.0379084849479923
20021101,312.88861083984375,313.0400085449219,313.1400146484375,291.6300048828125,291.95001220703125,0,6.061329838519969
20021104,325.8623046875,326.0199890136719,337.6499938964844,313.0400085449219,313.0400085449219,0,4.146428607986485
20021105,317.39642333984375,317.54998779296875,326.0199890136719,306.55999755859375,326.0199890136719,0,-2.5980005846659715
20021106,329.68048095703125,329.8399963378906,329.8399963378906,314.1400146484375,317.54998779296875,0,3.8702594921636413
20021107,302.463623046875,302.6099853515625,329.8399963378906,302.1300048828125,329.8399963378906,0,-8.255521249288854
20021108,299.76495361328125,299.9100036621094,308.92999267578125,292.44000244140625,302.6099853515625,0,-0.8922315257761104
20021111,282.9830627441406,283.1199951171875,299.9100036621094,281.9700012207031,299.9100036621094,0,-5.598348951320132
20021112,294.28759765625,294.42999267578125,302.9100036621094,283.1199951171875,283.1199951171875,0,3.9947717411878303
20021113,295.50701904296875,295.6499938964844,302.30999755859375,287.7799987792969,294.42999267578125,0,0.41436037463973285
20021114,318.9756774902344,319.1300048828125,319.1700134277344,295.6499938964844,295.6499938964844,0,7.94182698158592
20021115,319.525390625,319.67999267578125,321.19000244140625,309.0899963378906,319.1300048828125,0,0.1723397313175612
20021118,319.55535888671875,319.7099914550781,331.6300048828125,319.67999267578125,319.67999267578125,0,0.009384002747814257
20021119,312.1589660644531,312.30999755859375,321.9800109863281,310.1300048828125,319.7099914550781,0,-2.314595756862403
20021120,337.9164733886719,338.0799865722656,338.1300048828125,312.30999755859375,312.30999755859375,0,8.251413408191354
20021121,365.1233215332031,365.29998779296875,366.3599853515625,338.0799865722656,338.0799865722656,0,8.05134947403483
20021122,362.4646301269531,362.6400146484375,368.1499938964844,355.5199890136719,365.29998779296875,0,-0.7281613012368293
20021125,374.12896728515625,374.30999755859375,376.8999938964844,361.9200134277344,362.6400146484375,0,3.2180626623539377
20021126,357.5669860839844,357.739990234375,374.30999755859375,357.04998779296875,374.30999755859375,0,-4.426813986346945
20021127,381.5054016113281,381.69000244140625,383.3699951171875,357.739990234375,357.739990234375,0,6.694809878912422
20021129,373.3493347167969,373.5299987792969,386.3399963378906,372.94000244140625,381.69000244140625,0,-2.137861513247785
20021202,375.0585021972656,375.239990234375,393.79998779296875,370.9599914550781,373.5299987792969,0,0.45779226853703836
20021203,355.447998046875,355.6199951171875,375.239990234375,355.6199951171875,375.239990234375,0,-5.228652496481745
20021204,335.2178039550781,335.3800048828125,355.6199951171875,330.1099853515625,355.6199951171875,0,-5.691465753410552
20021205,331.4796142578125,331.6400146484375,342.3800048828125,327.3699951171875,335.3800048828125,0,-1.1151500327760466
20021206,331.18975830078125,331.3500061035156,336.9700012207031,322.80999755859375,331.6400146484375,0,-0.08744678932345318
20021209,307.4712219238281,307.6199951171875,327.5299987792969,307.5899963378906,327.5299987792969,0,-7.161614772662695
20021210,322.8537902832031,323.010009765625,325.9100036621094,307.6199951171875,307.6199951171875,0,5.002930528808669
20021211,323.4534912109375,323.6099853515625,330.6000061035156,314.42999267578125,323.010009765625,0,0.1857451991573944
20021212,321.07464599609375,321.2300109863281,330.7799987792969,318.07000732421875,323.6099853515625,0,-0.7354452807285417
20021213,309.12042236328125,309.2699890136719,321.2300109863281,308.07000732421875,321.2300109863281,0,-3.723195705137672
20021216,325.49249267578125,325.6499938964844,325.6499938964844,307.67999267578125,309.2699890136719,0,5.296344768223982
20021217,320.4749450683594,320.6300048828125,331.05999755859375,318.489990234375,325.6499938964844,0,-1.5415289752063077
20021218,297.6559753417969,297.79998779296875,320.6300048828125,296.510009765625,320.6300048828125,0,-7.120362019202764
20021219,296.8663635253906,297.010009765625,304.4700012207031,291.239990234375,297.79998779296875,0,-0.26527134309116684
20021220,297.8258972167969,297.9700012207031,305.30999755859375,295.1499938964844,297.010009765625,0,0.3232185527469733
20021223,305.8719787597656,306.0199890136719,308.5,296.3299865722656,297.9700012207031,0,2.7016101486693644
20021224,301.4241638183594,301.57000732421875,307.57000732421875,301.489990234375,306.0199890136719,0,-1.454147392069316
20021226,300.144775390625,300.2900085449219,310.8399963378906,299.1600036621094,301.57000732421875,0,-0.4244449873029743
20021227,296.3465881347656,296.489990234375,302.2900085449219,295.239990234375,300.2900085449219,0,-1.265449466320956
20021230,289.7698059082031,289.9100036621094,300.2699890136719,288.1300048828125,296.489990234375,0,-2.2192946773900046
20021231,289.10009765625,289.239990234375,294.5299987792969,285.6600036621094,289.9100036621094,0,-0.23111083414536493
20030102,308.4107666015625,308.55999755859375,308.739990234375,288.1199951171875,289.239990234375,0,6.679576813898902
20030103,313.98809814453125,314.1400146484375,315.6400146484375,304.9700012207031,308.55999755859375,0,1.8084058640116307
20030106,331.5295715332031,331.69000244140625,335.3699951171875,314.1400146484375,314.1400146484375,0,5.586676951234448
20030107,333.2587585449219,333.4200134277344,343.2200012207031,331.2699890136719,331.69000244140625,0,0.5215746551280986
20030108,322.2840576171875,322.44000244140625,333.4200134277344,320.0899963378906,333.4200134277344,0,-3.29314694503422
20030109,330.83990478515625,331.0,338.1199951171875,322.44000244140625,322.44000244140625,0,2.6547566969918
20030110,338.9060363769531,339.07000732421875,342.3500061035156,324.5,331.0,0,2.4380686780117067
20030113,332.7590026855469,332.9200134277344,348.45001220703125,331.3399963378906,339.07000732421875,0,-1.8137829249532333
20030114,336.5671691894531,336.7300109863281,342.45001220703125,331.29998779296875,332.9200134277344,0,1.1444183001694919
20030115,324.7828369140625,324.94000244140625,335.7200012207031,322.2200012207031,335.7200012207031,0,-3.5013239569551047
20030116,315.4973449707031,315.6499938964844,327.5799865722656,313.45001220703125,324.94000244140625,0,-2.8589919600917946
20030117,297.3861083984375,297.5299987792969,315.6499938964844,295.9700012207031,315.6499938964844,0,-5.740533967230121
20030121,294.1076965332031,294.25,301.6199951171875,293.1600036621094,297.5299987792969,0,-1.102409435268381
20030122,292.3585510253906,292.5,299.739990234375,291.2300109863281,294.25,0,-0.5947323704333041
20030123,298.3556213378906,298.5,301.1400146484375,292.0299987792969,292.5,0,2.051282051282044
20030124,283.5328063964844,283.6700134277344,298.5,282.4800109863281,298.5,0,-4.968169705951631
20030127,279.5147399902344,279.6499938964844,286.25,278.79998779296875,283.6700134277344,0,-1.4171464522012678
20030128,282.0135498046875,282.1499938964844,284.6000061035156,275.5,279.6499938964844,0,0.8939746306325436
20030129,290.49945068359375,290.6400146484375,292.07000732421875,276.8299865722656,282.1499938964844,0,3.0090451659084305
20030130,273.5476379394531,273.67999267578125,290.6400146484375,273.17999267578125,290.6400146484375,0,-5.835405008897809
20030131,271.5986022949219,271.7300109863281,275.70001220703125,261.3800048828125,273.67999267578125,0,-0.7125042902800693
20030203,270.42913818359375,270.55999755859375,277.1600036621094,269.82000732421875,271.7300109863281,0,-0.4305793914656131
20030204,269.59954833984375,269.7300109863281,271.57000732421875,265.67999267578125,270.55999755859375,0,-0.3067661811631539
20030205,269.6495361328125,269.7799987792969,281.4100036621094,269.17999267578125,269.7300109863281,0,0.01853252917092263
20030206,265.7314147949219,265.8599853515625,273.1700134277344,263.9100036621094,269.7799987792969,0,-1.4530407908190712
20030207,260.7938232421875,260.9200134277344,269.79998779296875,259.42999267578125,265.8599853515625,0,-1.8581103573355406
20030210,265.34161376953125,265.4700012207031,267.9599914550781,258.55999755859375,260.9200134277344,0,1.7438247580916055
20030211,266.4410705566406,266.57000732421875,271.6400146484375,263.54998779296875,265.4700012207031,0,0.4143617352083018
20030212,264.3020935058594,264.42999267578125,271.1000061035156,264.19000244140625,266.57000732421875,0,-0.8027964848403513
20030213,264.6619567871094,264.7900085449219,266.239990234375,259.5400085449219,264.42999267578125,0,0.13614789513760606
20030214,280.0245056152344,280.1600036621094,280.1600036621094,264.7900085449219,264.7900085449219,0,5.8045978402466725
20030218,291.48895263671875,291.6300048828125,292.32000732421875,280.1600036621094,280.1600036621094,0,4.094089474148022
20030219,288.8502197265625,288.989990234375,294.0799865722656,285.0799865722656,291.6300048828125,0,-0.9052616686332948
20030220,292.298583984375,292.44000244140625,295.19000244140625,288.989990234375,288.989990234375,0,1.1938171990778068
20030221,292.92828369140625,293.07000732421875,295.44000244140625,286.67999267578125,292.44000244140625,0,0.21543047379051217
20030224,292.0586853027344,292.20001220703125,297.25,289.9599914550781,293.0899963378906,0,-0.2968557325707666
20030225,289.8497314453125,289.989990234375,292.20001220703125,281.3999938964844,292.20001220703125,0,-0.7563387680799893
20030226,281.30389404296875,281.44000244140625,292.5899963378906,280.8699951171875,289.989990234375,0,-2.9483734200820177
20030227,289.43994140625,289.5799865722656,290.67999267578125,281.44000244140625,281.44000244140625,0,2.8922626706393784
20030228,297.4860534667969,297.6300048828125,297.6700134277344,288.45001220703125,289.5799865722656,0,2.7798945658621843
20030303,285.76171875,285.8999938964844,302.05999755859375,284.69000244140625,297.6300048828125,0,-3.941138592846727
20030304,283.7626953125,283.8999938964844,288.5,283.1000061035156,285.8999938964844,0,-0.6995453104920779
20030305,288.24053955078125,288.3800048828125,290.54998779296875,283.6000061035156,283.8999938964844,0,1.5780243334424293
20030306,287.22100830078125,287.3599853515625,289.2200012207031,282.7900085449219,288.3800048828125,0,-0.35370674595296414
20030307,285.7517395019531,285.8900146484375,287.3599853515625,278.44000244140625,287.3599853515625,0,-0.5115432830101962
20030310,278.94500732421875,279.0799865722656,285.8900146484375,278.95001220703125,285.8900146484375,0,-2.3820447470144224
20030311,278.9150390625,279.04998779296875,282.2300109863281,277.95001220703125,279.0799865722656,0,-0.010749168962387312
20030312,287.3110046386719,287.45001220703125,287.739990234375,278.260009765625,279.04998779296875,0,3.0102221041108157
20030313,310.2398986816406,310.3900146484375,310.5,287.45001220703125,287.45001220703125,0,7.980518861444352
20030314,305.0024108886719,305.1499938964844,313.55999755859375,302.6000061035156,310.3900146484375,0,-1.6882053238369221
20030317,322.1341247558594,322.2900085449219,325.760009765625,301.8500061035156,305.1499938964844,0,5.616914629286174
20030318,327.88134765625,328.0400085449219,328.1000061035156,317.0799865722656,322.2900085449219,0,1.7841074335379403
20030319,326.1821594238281,326.3399963378906,328.8999938964844,317.7799987792969,328.0400085449219,0,-0.5182331919121541
20030320,328.8708801269531,329.0299987792969,334.8599853515625,320.4800109863281,326.3399963378906,0,0.8242944388039408
20030321,335.9374694824219,336.1000061035156,337.8699951171875,329.0299987792969,329.0299987792969,0,2.148742470427778
20030324,319.6153259277344,319.7699890136719,336.1000061035156,319.0,336.1000061035156,0,-4.858678010500917
20030325,322.5439453125,322.70001220703125,325.510009765625,316.0799865722656,319.7699890136719,0,0.9162908634412492
20030326,321.0546569824219,321.2099914550781,325.95001220703125,319.67999267578125,322.70001220703125,0,-0.46173557347037875
20030327,316.5968017578125,316.75,321.2099914550781,312.4800109863281,321.2099914550781,0,-1.3884971120837197
20030328,309.87005615234375,310.0199890136719,318.25,308.92999267578125,316.75,0,-2.1247074937105315
20030331,296.126708984375,296.2699890136719,310.0199890136719,295.989990234375,310.0199890136719,0,-4.4351978863510055
20030401,299.02532958984375,299.1700134277344,302.69000244140625,296.2699890136719,296.2699890136719,0,0.9788451485474914
20030402,317.9461669921875,318.1000061035156,319.44000244140625,299.1700134277344,299.1700134277344,0,6.32750336803185
20030403,319.1055908203125,319.260009765625,324.7200012207031,315.4200134277344,318.1000061035156,0,0.3646663438704456
20030404,311.28936767578125,311.44000244140625,320.0400085449219,308.79998779296875,319.260009765625,0,-2.449416489700529
20030407,315.1974792480469,315.3500061035156,327.32000732421875,311.44000244140625,311.44000244140625,0,1.255459681305715
20030408,303.4031677246094,303.54998779296875,315.3500061035156,302.6199951171875,315.3500061035156,0,-3.7418798421311683
20030409,298.4056091308594,298.54998779296875,308.4700012207031,298.54998779296875,303.54998779296875,0,-1.6471751609524632
20030410,302.6735534667969,302.82000732421875,304.17999267578125,296.7900085449219,298.54998779296875,0,1.4302527904342277
20030411,298.0457763671875,298.19000244140625,308.2099914550781,296.4700012207031,302.82000732421875,0,-1.528962674469303
20030414,305.662109375,305.80999755859375,306.1499938964844,296.29998779296875,298.19000244140625,0,2.555416028303914
20030415,307.7210998535156,307.8699951171875,311.7699890136719,300.0,305.80999755859375,0,0.6736200827440308
20030416,318.22601318359375,318.3800048828125,325.1700134277344,307.8699951171875,307.8699951171875,0,3.4137817690302885
20030417,332.7989501953125,332.9599914550781,335.2799987792969,317.8999938964844,318.3800048828125,0,4.579429093743537
20030421,334.2482604980469,334.4100036621094,337.6199951171875,328.8999938964844,332.9599914550781,0,0.43549142366761107
20030422,345.04302978515625,345.2099914550781,345.42999267578125,329.7099914550781,334.4100036621094,0,3.229564808079477
20030423,347.15203857421875,347.32000732421875,349.0400085449219,341.6499938964844,345.2099914550781,0,0.6112267667128579
20030424,341.8446044921875,342.010009765625,347.32000732421875,339.5199890136719,347.32000732421875,0,-1.528848740820432
20030425,324.7928466796875,324.95001220703125,342.010009765625,322.8999938964844,342.010009765625,0,-4.98815738471653
20030428,332.7590026855469,332.9200134277344,335.9700012207031,324.5199890136719,324.95001220703125,0,2.4526853119874126
20030429,339.72564697265625,339.8900146484375,344.6300048828125,332.9200134277344,332.9200134277344,0,2.0935963413374337
20030430,332.3392028808594,332.5,339.8900146484375,332.2699890136719,339.8900146484375,0,-2.1742370560904223
20030501,332.8789367675781,333.0400085449219,335.67999267578125,326.4100036621094,332.5,0,0.1624085849389001
20030502,342.8641052246094,343.0299987792969,343.57000732421875,331.739990234375,333.0400085449219,0,2.9996366736903646
20030505,346.9920959472656,347.1600036621094,355.989990234375,343.0299987792969,343.0299987792969,0,1.2039777563214615
20030506,352.82928466796875,353.0,356.45001220703125,345.44000244140625,347.1600036621094,0,1.6822203814626846
20030507,344.30340576171875,344.4700012207031,353.0,341.8500061035156,353.0,0,-2.4164302490925937
20030508,337.60662841796875,337.7699890136719,344.4700012207031,336.7799987792969,344.4700012207031,0,-1.9450205194322612
20030509,350.5303955078125,350.70001220703125,350.70001220703125,337.7699890136719,337.7699890136719,0,3.8280556632981355
20030512,358.3666076660156,358.5400085449219,359.55999755859375,347.17999267578125,350.70001220703125,0,2.235527820073857
20030513,355.5579833984375,355.7300109863281,358.8699951171875,350.94000244140625,358.5400085449219,0,-0.7837333328566842
20030514,352.3594970703125,352.5299987792969,357.6700134277344,346.44000244140625,355.7300109863281,0,-0.8995620577973207
20030515,359.1062316894531,359.2799987792969,360.5299987792969,352.45001220703125,352.5299987792969,0,1.9147306678504394
20030516,354.1986083984375,354.3699951171875,359.29998779296875,350.0899963378906,359.2799987792969,0,-1.3666231570896747
20030519,336.5971374511719,336.760009765625,354.3699951171875,336.57000732421875,354.3699951171875,0,-4.969378218869524
20030520,337.4667053222656,337.6300048828125,341.7799987792969,333.760009765625,336.760009765625,0,0.25834276397396216
20030521,337.40673828125,337.57000732421875,338.54998779296875,332.9599914550781,337.6300048828125,0,-0.017770209319689645
20030522,342.6142272949219,342.7799987792969,345.0299987792969,335.0799865722656,337.57000732421875,0,1.5433810297234674
20030523,344.1834716796875,344.3500061035156,347.5199890136719,342.0799865722656,342.7799987792969,0,0.45802185944623375
20030527,365.1632995605469,365.3399963378906,365.8800048828125,341.6600036621094,344.3500061035156,0,6.0955393821207515
20030528,363.81396484375,363.989990234375,369.3399963378906,360.3999938964844,365.3399963378906,0,-0.3695204787452444
20030529,375.1584777832031,375.3399963378906,380.67999267578125,363.8900146484375,363.989990234375,0,3.1182192939446685
20030530,382.1250915527344,382.30999755859375,384.3800048828125,375.3399963378906,375.3399963378906,0,1.8569833454222584
20030602,371.88006591796875,372.05999755859375,387.79998779296875,370.75,382.30999755859375,0,-2.681070352712678
20030603,381.35546875,381.5400085449219,381.69000244140625,369.3999938964844,372.05999755859375,0,2.547979102439024
20030604,393.84942626953125,394.0400085449219,395.1300048828125,378.92999267578125,381.5400085449219,0,3.276196393576458
20030605,394.8289489746094,395.0199890136719,395.3900146484375,382.7900085449219,394.0400085449219,0,0.24870075309579853
20030606,388.00225830078125,388.19000244140625,412.6600036621094,386.989990234375,395.0199890136719,0,-1.729023027244636
20030609,378.6567687988281,378.8399963378906,385.1600036621094,373.70001220703125,384.1300048828125,0,-2.4086158954922943
20030610,382.90472412109375,383.0899963378906,383.1099853515625,373.0899963378906,378.8399963378906,0,1.121845644885222
20030611,380.6258239746094,380.80999755859375,383.0899963378906,368.07000732421875,383.0899963378906,0,-0.5951600932136758
20030612,375.2384338378906,375.4200134277344,381.4599914550781,371.54998779296875,380.80999755859375,0,-1.415399849115051
20030613,360.8953857421875,361.07000732421875,376.2799987792969,359.7300109863281,375.4200134277344,0,-3.8223870838675733
20030616,371.7401428222656,371.9200134277344,373.19000244140625,358.1400146484375,361.07000732421875,0,3.0049591169097
20030617,371.8100891113281,371.989990234375,375.0799865722656,365.4599914550781,371.9200134277344,0,0.018815015087714215
20030618,379.30645751953125,379.489990234375,382.9200134277344,365.0400085449219,371.989990234375,0,2.016183283661621
20030619,373.9390563964844,374.1199951171875,385.32000732421875,373.9800109863281,379.489990234375,0,-1.4150557999885516
20030620,370.8505554199219,371.0299987792969,379.7799987792969,369.0899963378906,374.1199951171875,0,-0.8259372335666648
20030623,362.9143981933594,363.0899963378906,372.5,360.5799865722656,371.0299987792969,0,-2.139989345209059
20030624,355.5479736328125,355.7200012207031,363.0899963378906,353.489990234375,363.0899963378906,0,-2.0297984498391375
20030625,354.0486755371094,354.2200012207031,364.1600036621094,353.94000244140625,355.7200012207031,0,-0.42167997156542514
20030626,363.7939758300781,363.9700012207031,364.8999938964844,354.2200012207031,354.2200012207031,0,2.7525266688498196
20030627,359.2861328125,359.4599914550781,366.760009765625,357.6600036621094,363.9700012207031,0,-1.2391157926474938
20030630,359.51605224609375,359.69000244140625,366.4599914550781,358.17999267578125,359.4599914550781,0,0.06398792405157838
20030701,365.9229431152344,366.1000061035156,366.70001220703125,351.1700134277344,359.69000244140625,0,1.7820911392035566
20030702,375.1085205078125,375.2900085449219,375.2900085449219,366.1000061035156,366.1000061035156,0,2.510243727995931
20030703,368.79156494140625,368.9700012207031,376.55999755859375,368.94000244140625,375.2900085449219,0,-1.6840329292865386
20030707,395.3786926269531,395.57000732421875,395.57000732421875,368.9700012207031,368.9700012207031,0,7.209259835626725
20030708,398.7170715332031,398.9100036621094,399.7200012207031,389.55999755859375,395.57000732421875,0,0.8443502480088405
20030709,401.6756286621094,401.8699951171875,407.3399963378906,394.239990234375,398.9100036621094,0,0.7420198610976314
20030710,390.1112365722656,390.29998779296875,401.8699951171875,387.8399963378906,401.8699951171875,0,-2.8790423432445755
20030711,390.5410461425781,390.7300109863281,393.9200134277344,386.80999755859375,390.29998779296875,0,0.11017760871350202
20030714,401.8855285644531,402.0799865722656,407.2900085449219,390.7300109863281,390.7300109863281,0,2.9048128546068197
20030715,401.6756286621094,401.8699951171875,408.79998779296875,397.4100036621094,402.0799865722656,0,-0.052226288820866884
20030716,399.3867492675781,399.5799865722656,407.4100036621094,392.7099914550781,401.8699951171875,0,-0.5698381498360217
20030717,382.7148132324219,382.8999938964844,399.5799865722656,379.8800048828125,399.5799865722656,0,-4.17438140955656
20030718,383.5244140625,383.7099914550781,385.79998779296875,375.2699890136719,382.8999938964844,0,0.21154284970104076
20030721,375.7881774902344,375.9700012207031,383.7099914550781,373.45001220703125,383.7099914550781,0,-2.0171458671232267
20030722,388.00225830078125,388.19000244140625,389.5299987792969,375.9700012207031,375.9700012207031,0,3.2502596433298114
20030723,393.5895690917969,393.7799987792969,394.0899963378906,384.0199890136719,388.19000244140625,0,1.4400155343347265
20030724,384.5838928222656,384.7699890136719,397.6000061035156,383.5,393.7799987792969,0,-2.2880821254395056
20030725,390.2711486816406,390.4599914550781,390.5199890136719,376.0299987792969,384.7699890136719,0,1.4788061969157607
20030728,394.229248046875,394.4200134277344,396.0799865722656,387.05999755859375,390.4599914550781,0,1.0141940427491614
20030729,386.9327697753906,387.1199951171875,394.8599853515625,383.1300048828125,394.4200134277344,0,-1.8508235033779297
20030730,380.98565673828125,381.1700134277344,387.30999755859375,381.1700134277344,387.1199951171875,0,-1.5369864033119685
20030731,389.4415588378906,389.6300048828125,397.94000244140625,381.1700134277344,381.1700134277344,0,2.2194798008899674
20030801,393.5295715332031,393.7200012207031,394.29998779296875,385.3900146484375,389.6300048828125,0,1.0497128780214915
20030804,395.058837890625,395.25,397.6400146484375,386.239990234375,393.7200012207031,0,0.3886007250211376
20030805,383.15460205078125,383.3399963378906,395.25,382.8999938964844,395.25,0,-3.0132836589777057
20030806,382.07513427734375,382.260009765625,389.1300048828125,378.3800048828125,383.3399963378906,0,-0.2817307305741368
20030807,380.345947265625,380.5299987792969,385.1300048828125,378.29998779296875,382.260009765625,0,-0.45257441064495696
20030808,368.5116882324219,368.69000244140625,383.5400085449219,366.3699951171875,380.5299987792969,0,-3.1114488675983987
20030811,376.837646484375,377.0199890136719,378.05999755859375,368.69000244140625,368.69000244140625,0,2.2593470170348517
20030812,384.2240905761719,384.4100036621094,384.8500061035156,374.6099853515625,377.0199890136719,0,1.960112159509264
20030813,391.3806457519531,391.57000732421875,398.010009765625,384.0400085449219,384.4100036621094,0,1.8625955604430366
20030814,395.03887939453125,395.2300109863281,395.9200134277344,388.0,391.57000732421875,0,0.9346996944735064
20030815,394.3092041015625,394.5,396.79998779296875,391.67999267578125,395.2300109863281,0,-0.1847053528415854
20030818,414.6493835449219,414.8500061035156,415.0899963378906,394.5,394.5,0,5.158429937519804
20030819,424.85443115234375,425.05999755859375,425.57000732421875,414.8500061035156,414.8500061035156,0,2.4611284331355288
20030820,422.0357666015625,422.239990234375,427.94000244140625,418.760009765625,425.05999755859375,0,-0.6634374771599227
20030821,435.4293212890625,435.6400146484375,435.69000244140625,422.239990234375,422.239990234375,0,3.1735564427766594
20030822,439.4473571777344,439.6600036621094,457.6499938964844,435.6400146484375,435.6400146484375,0,0.922777724382362
20030825,436.7087097167969,436.9200134277344,441.2900085449219,433.7300109863281,439.6600036621094,0,-0.6232066168294748
20030826,436.7686767578125,436.9800109863281,437.0,425.2300109863281,436.9200134277344,0,0.013731931875371473
20030827,449.6924133300781,449.9100036621094,450.04998779296875,436.3699951171875,436.9800109863281,0,2.958943739004516
20030828,453.5705261230469,453.7900085449219,454.010009765625,445.3299865722656,449.9100036621094,0,0.862395779429348
20030829,455.8394470214844,456.05999755859375,457.4700012207031,449.67999267578125,453.7900085449219,0,0.5002289541258476
20030902,456.3791809082031,456.6000061035156,458.55999755859375,448.0,456.05999755859375,0,0.11840734723780333
20030903,444.14508056640625,444.3599853515625,457.4700012207031,442.2099914550781,456.6000061035156,0,-2.680687820485528
20030904,455.3296813964844,455.54998779296875,457.2799987792969,443.3699951171875,444.3599853515625,0,2.5182290958428943
20030905,459.5976257324219,459.82000732421875,468.0,453.54998779296875,455.54998779296875,0,0.9373328165229955
20030908,472.6712951660156,472.8999938964844,472.9100036621094,459.82000732421875,459.82000732421875,0,2.8445883963119867
20030909,466.5042724609375,466.7300109863281,472.8999938964844,464.8999938964844,472.8999938964844,0,-1.3047119876907431
20030910,441.6763000488281,441.8900146484375,466.7300109863281,441.80999755859375,466.7300109863281,0,-5.322133943218466
20030911,448.65289306640625,448.8699951171875,453.45001220703125,433.8999938964844,441.8900146484375,0,1.5795741558684462
20030912,451.7914123535156,452.010009765625,452.1300048828125,441.6400146484375,448.8699951171875,0,0.699537657360616
20030915,443.2855224609375,443.5,455.6199951171875,443.1000061035156,452.010009765625,0,-1.8827038299522592
20030916,460.01739501953125,460.239990234375,460.8999938964844,443.5,443.5,0,3.7745186548759913
20030917,458.3082275390625,458.5299987792969,464.4700012207031,457.0799865722656,460.239990234375,0,-0.37154343198367856
20030918,461.7665710449219,461.989990234375,463.0,449.9200134277344,458.5299987792969,0,0.7545834436763821
20030919,460.5671691894531,460.7900085449219,466.2099914550781,457.95001220703125,461.989990234375,0,-0.25974192402834495
20030922,448.92279052734375,449.1400146484375,460.7900085449219,446.54998779296875,460.7900085449219,0,-2.5282653009930933
20030923,455.6595153808594,455.8800048828125,456.010009765625,445.8500061035156,449.1400146484375,0,1.5006434551708026
20030924,434.12994384765625,434.3399963378906,456.82000732421875,434.29998779296875,455.8800048828125,0,-4.72492943630175
20030925,431.70111083984375,431.9100036621094,445.7099914550781,431.7900085449219,434.3399963378906,0,-0.5594678584218804
20030926,424.49462890625,424.70001220703125,435.94000244140625,424.6600036621094,431.9100036621094,0,-1.66932726585296
20030929,432.71063232421875,432.9200134277344,435.2200012207031,424.70001220703125,424.70001220703125,0,1.9354841027638292
20030930,419.57696533203125,419.7799987792969,432.9200134277344,418.7699890136719,432.9200134277344,0,-3.0352060983271922
20031001,426.94342041015625,427.1499938964844,428.7799987792969,419.7799987792969,419.7799987792969,0,1.7556803893989947
20031002,429.5821533203125,429.7900085449219,436.7799987792969,425.4800109863281,427.1499938964844,0,0.6180533035609281
20031003,448.9028015136719,449.1199951171875,455.5400085449219,429.7900085449219,429.7900085449219,0,4.4975420991540505
20031006,448.75286865234375,448.9700012207031,451.7900085449219,446.54998779296875,449.1199951171875,0,-0.0333972876102373
20031007,459.23779296875,459.4599914550781,459.5899963378906,445.67999267578125,448.9700012207031,0,2.3364568246996065
20031008,456.6490478515625,456.8699951171875,462.1000061035156,452.3900146484375,459.4599914550781,0,-0.5637044326075702
20031009,461.5866394042969,461.80999755859375,469.92999267578125,456.8699951171875,456.8699951171875,0,1.0812709291927014
20031010,466.9940490722656,467.2200012207031,467.510009765625,461.80999755859375,461.80999755859375,0,1.171478246618718
20031013,467.45379638671875,467.67999267578125,475.2799987792969,464.5400085449219,467.2200012207031,0,0.09845286029628308
20031014,473.7107849121094,473.94000244140625,474.0799865722656,462.4800109863281,467.67999267578125,0,1.338524175432232
20031015,475.1800842285156,475.4100036621094,486.3299865722656,472.3399963378906,473.94000244140625,0,0.3101660997448352
20031016,480.2176513671875,480.45001220703125,480.5400085449219,472.2699890136719,475.4100036621094,0,1.0601393546829874
20031017,464.96502685546875,465.19000244140625,480.510009765625,464.5199890136719,480.45001220703125,0,-3.1761909413896117
20031020,473.24102783203125,473.4700012207031,473.4700012207031,463.4100036621094,465.19000244140625,0,1.7799176112646142
20031021,482.2266540527344,482.4599914550781,483.05999755859375,473.4700012207031,473.4700012207031,0,1.8987454772629642
20031022,468.5732727050781,468.79998779296875,482.4599914550781,467.3299865722656,482.4599914550781,0,-2.831323613158343
20031023,456.5790710449219,456.79998779296875,468.79998779296875,452.2799987792969,468.79998779296875,0,-2.559727029109782
20031024,457.7384948730469,457.9599914550781,458.8299865722656,448.7200012207031,456.79998779296875,0,0.2539412638152605
20031027,461.86651611328125,462.0899963378906,465.010009765625,457.9599914550781,457.9599914550781,0,0.9018265699783479
20031028,490.8724670410156,491.1099853515625,491.1300048828125,462.0899963378906,462.0899963378906,0,6.2801595454690995
20031029,495.9900207519531,496.2300109863281,497.8399963378906,487.82000732421875,491.1099853515625,0,1.0425415461875476
20031030,498.11895751953125,498.3599853515625,505.7900085449219,496.2300109863281,496.2300109863281,0,0.4292312673715104
20031031,496.27984619140625,496.5199890136719,500.17999267578125,492.739990234375,498.3599853515625,0,-0.36921028813993173
20031103,515.5205688476562,515.77001953125,516.6699829101562,496.5199890136719,496.5199890136719,0,3.8769900393774703
20031104,514.1412353515625,514.3900146484375,519.77001953125,510.9599914550781,515.77001953125,0,-0.26756205877702666
20031105,519.1188354492188,519.3699951171875,521.4400024414062,508.8399963378906,514.3900146484375,0,0.9681331921175707
20031106,525.4757080078125,525.72998046875,527.47998046875,516.1500244140625,519.3699951171875,0,1.2245577163400467
20031107,526.1654052734375,526.4199829101562,532.1699829101562,524.72998046875,525.72998046875,0,0.13124654614351527
20031110,510.383056640625,510.6300048828125,526.4199829101562,508.75,526.4199829101562,0,-2.9995020211910584
20031111,513.4714965820312,513.719970703125,514.3400268554688,507.2099914550781,510.6300048828125,0,0.6051281340236914
20031112,530.76318359375,531.02001953125,531.02001953125,513.719970703125,513.719970703125,0,3.3676029383180373
20031113,525.4457397460938,525.7000122070312,531.4000244140625,518.6699829101562,531.02001953125,0,-1.0018468473024678
20031114,509.7133483886719,509.9599914550781,528.0900268554688,508.1000061035156,525.7000122070312,0,-2.9941069785926477
20031117,506.6148376464844,506.8599853515625,510.6700134277344,498.7799987792969,509.9599914550781,0,-0.607892022013401
20031118,497.179443359375,497.4200134277344,516.219970703125,497.4200134277344,506.8599853515625,0,-1.862441738674736
20031119,505.9552001953125,506.20001220703125,507.3599853515625,497.4200134277344,497.4200134277344,0,1.7651076640028407
20031120,495.3103332519531,495.54998779296875,510.5799865722656,495.17999267578125,506.20001220703125,0,-2.1039162697030434
20031121,502.4169006347656,502.6600036621094,504.67999267578125,494.7300109863281,495.54998779296875,0,1.4347726857600218
20031124,520.588134765625,520.8400268554688,520.8400268554688,502.6600036621094,502.6600036621094,0,3.6167634307304297
20031125,520.4581909179688,520.7100219726562,527.3699951171875,518.4000244140625,520.8400268554688,0,-0.024960616717073503
20031126,522.8870239257812,523.1400146484375,527.8699951171875,514.0599975585938,520.7100219726562,0,0.46666908130084117
20031128,529.0240478515625,529.280029296875,529.5399780273438,522.030029296875,523.1400146484375,0,1.1736847644055137
20031201,532.2724609375,532.530029296875,536.3200073242188,524.4500122070312,529.280029296875,0,0.6140416830609396
20031202,526.755126953125,527.010009765625,533.27001953125,526.2100219726562,532.530029296875,0,-1.0365649310966285
20031203,519.1687622070312,519.4199829101562,534.8499755859375,518.8200073242188,527.010009765625,0,-1.4402054448347634
20031204,515.05078125,515.2999877929688,523.760009765625,504.07000732421875,519.4199829101562,0,-0.7931914929618977
20031205,498.61871337890625,498.8599853515625,515.2999877929688,497.0199890136719,515.2999877929688,0,-3.190375088464259
20031208,499.0585021972656,499.29998779296875,503.67999267578125,492.7799987792969,498.8599853515625,0,0.08820159049161003
20031209,478.5084533691406,478.739990234375,503.9599914550781,477.8399963378906,499.29998779296875,0,-4.117764482525644
20031210,484.3256530761719,484.55999755859375,486.6499938964844,476.3500061035156,478.739990234375,0,1.2156927440654108
20031211,496.6496887207031,496.8900146484375,499.19000244140625,482.04998779296875,484.55999755859375,0,2.5445800627305726
20031212,495.9100341796875,496.1499938964844,501.07000732421875,490.19000244140625,496.8900146484375,0,-0.14893049369822942
20031215,482.0567626953125,482.2900085449219,508.510009765625,481.989990234375,496.1499938964844,0,-2.7935071091534147
20031216,479.7278747558594,479.9599914550781,485.6400146484375,468.20001220703125,482.2900085449219,0,-0.48311535560802144
20031217,474.5603942871094,474.7900085449219,482.55999755859375,471.04998779296875,479.9599914550781,0,-1.077169556254598
20031218,493.4812316894531,493.7200012207031,495.6499938964844,474.7900085449219,474.7900085449219,0,3.987024228625957
20031219,489.60308837890625,489.8399963378906,496.25,486.7699890136719,493.7200012207031,0,-0.7858715209469569
20031222,490.8424987792969,491.0799865722656,493.7300109863281,485.6499938964844,489.8399963378906,0,0.25314189197398473
20031223,499.6882019042969,499.92999267578125,500.79998779296875,490.5,491.0799865722656,0,1.8021516546191663
20031224,497.7791442871094,498.0199890136719,502.6000061035156,497.3399963378906,499.92999267578125,0,-0.3820542256099624
20031226,498.4488220214844,498.69000244140625,502.05999755859375,498.0199890136719,498.0199890136719,0,0.13453544888053504
20031229,510.2331237792969,510.4800109863281,510.4800109863281,498.69000244140625,498.69000244140625,0,2.3641958906740257
20031230,509.5634460449219,509.80999755859375,512.8300170898438,506.3399963378906,510.4800109863281,0,-0.13125164811836898
20031231,507.8742370605469,508.1199951171875,511.9599914550781,502.1000061035156,509.80999755859375,0,-0.3314965280201254
20040102,504.6058349609375,504.8500061035156,512.3099975585938,503.9800109863281,508.1199951171875,0,-0.6435466120394917
20040105,522.7969970703125,523.0499877929688,523.6500244140625,504.8500061035156,504.8500061035156,0,3.6050275268732612
20040106,524.8760375976562,525.1300048828125,527.280029296875,517.52001953125,523.0499877929688,0,0.39767080363015683
20040107,526.8650512695312,527.1199951171875,528.02001953125,520.8499755859375,525.1300048828125,0,0.3789519196906399
20040108,544.7463989257812,545.010009765625,545.010009765625,527.1199951171875,527.1199951171875,0,3.3939169096517174
20040109,543.0472412109375,543.3099975585938,551.77001953125,535.6799926757812,545.010009765625,0,-0.3119231163776881
20040112,560.37890625,560.6500244140625,560.6799926757812,542.5900268554688,543.3099975585938,0,3.191553060570862
20040113,544.8363647460938,545.0999755859375,558.9500122070312,540.0499877929688,558.7899780273438,0,-2.7735749845683833
20040114,541.6578979492188,541.9199829101562,546.7100219726562,538.260009765625,545.0999755859375,0,-0.583377878959368
20040115,550.3837280273438,550.6500244140625,554.8400268554688,538.7100219726562,541.9199829101562,0,1.6109465934482037
20040116,556.8805541992188,557.1500244140625,557.530029296875,547.4299926757812,550.6500244140625,0,1.1804230839572716
20040120,554.9814453125,555.25,557.719970703125,549.6599731445312,557.1500244140625,0,-0.3410256359695385
20040121,540.4485473632812,540.7100219726562,555.25,536.2899780273438,555.25,0,-2.618636294884058
20040122,532.59228515625,532.8499755859375,551.6699829101562,532.8400268554688,540.7100219726562,0,-1.45365280229931
20040123,526.775146484375,527.030029296875,537.530029296875,522.77001953125,532.8499755859375,0,-1.0922298124650731
20040126,539.5489501953125,539.8099975585938,539.9099731445312,526.6500244140625,527.030029296875,0,2.4249032410484928
20040127,517.1697387695312,517.4199829101562,539.8099975585938,517.2100219726562,539.8099975585938,0,-4.147758424205028
20040128,515.0208129882812,515.27001953125,531.27001953125,512.7000122070312,517.4199829101562,0,-0.41551610875445455
20040129,511.042724609375,511.2900085449219,519.8099975585938,502.6000061035156,515.27001953125,0,-0.7724126837320822
20040130,514.1712036132812,514.4199829101562,516.77001953125,509.8999938964844,511.2900085449219,0,0.6121720184092627
20040202,505.7652893066406,506.010009765625,517.5499877929688,504.54998779296875,514.4199829101562,0,-1.6348457338213551
20040203,508.2840576171875,508.5299987792969,511.4200134277344,503.1700134277344,506.010009765625,0,0.4980116924641731
20040204,493.1114196777344,493.3500061035156,508.5299987792969,493.0400085449219,508.5299987792969,0,-2.985073193758503
20040205,495.4902648925781,495.7300109863281,501.2200012207031,493.3500061035156,493.3500061035156,0,0.48241711834764445
20040206,519.1587524414062,519.4099731445312,520.1699829101562,495.7300109863281,495.7300109863281,0,4.7767860798034745
20040209,513.9113159179688,514.1599731445312,521.3900146484375,514.0999755859375,519.4099731445312,0,-1.0107622632303803
20040210,516.6900024414062,516.9400024414062,519.3800048828125,511.7300109863281,514.1599731445312,0,0.5406934499145644
20040211,526.5552368164062,526.8099975585938,527.780029296875,516.9400024414062,516.9400024414062,0,1.9093115391676907
20040212,518.5291137695312,518.780029296875,530.47998046875,518.530029296875,526.8099975585938,0,-1.5242626941273318
20040213,510.3230895996094,510.57000732421875,524.8400268554688,505.010009765625,518.780029296875,0,-1.5825632269969359
20040217,518.72900390625,518.97998046875,520.5700073242188,510.57000732421875,510.57000732421875,0,1.6471733599484173
20040218,522.2073364257812,522.4600219726562,527.1199951171875,518.97998046875,518.97998046875,0,0.6705540935823873
20040219,514.4810180664062,514.72998046875,535.5499877929688,514.6500244140625,522.4600219726562,0,-1.4795469851874743
20040220,509.5534362792969,509.79998779296875,514.72998046875,505.82000732421875,514.72998046875,0,-0.9577823058395829
20040223,495.5702209472656,495.80999755859375,510.1600036621094,491.260009765625,509.79998779296875,0,-2.7442115671560963
20040224,496.9795227050781,497.2200012207031,502.0,491.8900146484375,495.80999755859375,0,0.2843838706464874
20040225,506.0451354980469,506.2900085449219,507.3399963378906,497.2200012207031,497.2200012207031,0,1.8241436993587046
20040226,509.5934143066406,509.8399963378906,513.5700073242188,501.54998779296875,506.2900085449219,0,0.7011767431815308
20040227,502.01708984375,502.260009765625,511.07000732421875,498.75,509.8399963378906,0,-1.4867383152972757
20040301,512.86181640625,513.1099853515625,513.1799926757812,498.67999267578125,502.260009765625,0,2.1602308316365004
20040302,509.99322509765625,510.239990234375,521.1500244140625,509.9700012207031,513.1099853515625,0,-0.5593333201693751
20040303,500.3078918457031,500.54998779296875,510.239990234375,498.42999267578125,510.239990234375,0,-1.8991068177457437
20040304,508.4539794921875,508.70001220703125,508.7799987792969,500.54998779296875,500.54998779296875,0,1.6282138872877994
20040305,504.0061340332031,504.25,512.02001953125,499.5400085449219,508.70001220703125,0,-0.874781226704624
20040308,485.0353088378906,485.2699890136719,509.8299865722656,484.79998779296875,504.25,0,-3.764008128176133
20040309,486.134765625,486.3699951171875,488.0400085449219,479.6499938964844,485.2699890136719,0,0.22667919476153653
20040310,476.0596618652344,476.2900085449219,489.4100036621094,474.32000732421875,486.3699951171875,0,-2.0724935077125584
20040311,473.61083984375,473.8399963378906,487.19000244140625,473.6199951171875,476.2900085449219,0,-0.5143950456815372
20040312,484.8653869628906,485.1000061035156,485.1600036621094,473.8399963378906,473.8399963378906,0,2.376331642041385
20040315,471.5118408203125,471.739990234375,485.1000061035156,471.739990234375,485.1000061035156,0,-2.754074562161457
20040316,476.8092956542969,477.0400085449219,480.45001220703125,470.010009765625,471.739990234375,0,1.1235041379285438
20040317,486.85443115234375,487.0899963378906,488.760009765625,477.0400085449219,477.0400085449219,0,2.106738976385536
20040318,480.42755126953125,480.6600036621094,489.489990234375,477.44000244140625,487.0899963378906,0,-1.3200830902141525
20040319,463.12591552734375,463.3500061035156,480.6600036621094,463.2099914550781,480.6600036621094,0,-3.6012976795885443
20040322,458.6780700683594,458.8999938964844,463.3500061035156,453.2300109863281,463.3500061035156,0,-0.9603997298830436
20040323,457.2387390136719,457.4599914550781,465.8699951171875,453.3699951171875,458.8999938964844,0,-0.3137943910565988
20040324,467.9136047363281,468.1400146484375,472.5299987792969,457.4599914550781,457.4599914550781,0,2.3346354638333677
20040325,485.0652770996094,485.29998779296875,486.3399963378906,468.1400146484375,468.1400146484375,0,3.665564277263922
20040326,479.0182189941406,479.25,487.6199951171875,479.20001220703125,485.29998779296875,0,-1.246649071738637
20040329,487.3341979980469,487.57000732421875,491.79998779296875,479.25,479.25,0,1.736047433326804
20040330,486.7944641113281,487.0299987792969,487.57000732421875,478.2200012207031,487.57000732421875,0,-0.11075507861638689
20040331,486.8843994140625,487.1199951171875,491.30999755859375,482.3500061035156,487.0299987792969,0,0.018478602574001357
20040401,495.0804443359375,495.32000732421875,498.7799987792969,487.1199951171875,487.1199951171875,0,1.6833659651065203
20040402,513.6114501953125,513.8599853515625,513.8699951171875,495.32000732421875,495.32000732421875,0,3.743030314381812
20040405,518.4491577148438,518.7000122070312,518.7000122070312,510.489990234375,513.8599853515625,0,0.9418960404471655
20040406,507.82427978515625,508.07000732421875,518.7000122070312,502.3599853515625,518.7000122070312,0,-2.049355047743795
20040407,506.9747009277344,507.2200012207031,511.69000244140625,500.3299865722656,508.07000732421875,0,-0.16730098042830877
20040408,511.532470703125,511.7799987792969,514.8099975585938,507.2200012207031,507.2200012207031,0,0.8990176940222083
20040412,514.9907836914062,515.239990234375,515.760009765625,507.8599853515625,511.7799987792969,0,0.6760700815449772
20040413,506.0051574707031,506.25,517.6199951171875,505.010009765625,515.239990234375,0,-1.7448160866328721
20040414,502.8766784667969,503.1199951171875,509.9800109863281,499.2799987792969,506.25,0,-0.6182725694444446
20040415,488.52362060546875,488.760009765625,504.1499938964844,483.3999938964844,503.1199951171875,0,-2.8541869714833634
20040416,479.9078063964844,480.1400146484375,488.760009765625,472.55999755859375,488.760009765625,0,-1.763645745346687
20040419,486.7944641113281,487.0299987792969,487.17999267578125,478.1499938964844,480.1400146484375,0,1.434994776659937
20040420,469.47283935546875,469.70001220703125,490.32000732421875,469.69000244140625,487.0299987792969,0,-3.5582996151575674
20040421,478.5284729003906,478.760009765625,480.8599853515625,469.70001220703125,469.70001220703125,0,1.9288902114399598
20040422,480.2476501464844,480.4800109863281,485.80999755859375,468.0899963378906,478.760009765625,0,0.3592616729925169
20040423,487.7440185546875,487.9800109863281,489.6300048828125,480.4800109863281,480.4800109863281,0,1.5609390252476985
20040426,474.5203857421875,474.75,487.9800109863281,471.8900146484375,487.9800109863281,0,-2.711178877918996
20040427,468.1034851074219,468.3299865722656,479.6199951171875,466.760009765625,475.5899963378906,0,-1.3522935076849651
20040428,462.0863952636719,462.30999755859375,472.9599914550781,460.7099914550781,468.0400085449219,0,-1.285416092557412
20040429,450.26214599609375,450.4800109863281,464.4599914550781,443.739990234375,464.29998779296875,0,-2.558886166152241
20040430,443.2655334472656,443.4800109863281,454.2699890136719,441.260009765625,451.6000061035156,0,-1.5538980263904434
20040503,440.6567687988281,440.8699951171875,454.42999267578125,432.9700012207031,445.7099914550781,0,-0.5885306675572077
20040504,448.0931701660156,448.30999755859375,454.760009765625,440.8699951171875,440.8699951171875,0,1.6875728726852168
20040505,452.0312805175781,452.25,455.1300048828125,445.489990234375,448.30999755859375,0,0.8788566980131307
20040506,452.26116943359375,452.4800109863281,454.1700134277344,444.30999755859375,452.25,0,0.05085925623617982
20040507,456.7889709472656,457.010009765625,464.4200134277344,452.010009765625,452.4800109863281,0,1.0011489279763364
20040510,458.6780700683594,458.8999938964844,462.07000732421875,452.3999938964844,457.010009765625,0,0.41355420898301354
20040511,469.922607421875,470.1499938964844,470.25,458.8999938964844,458.8999938964844,0,2.4515145237804736
20040512,461.6766052246094,461.8999938964844,470.1499938964844,448.1400146484375,470.1499938964844,0,-1.7547591422103603
20040513,459.3477478027344,459.57000732421875,464.75,455.0799865722656,461.8999938964844,0,-0.504435289684757
20040514,450.7718811035156,450.989990234375,462.75,449.69000244140625,459.57000732421875,0,-1.8669662843751933
20040517,444.7248229980469,444.94000244140625,450.989990234375,440.4700012207031,450.989990234375,0,-1.3414904818230267
20040518,453.1407165527344,453.3599853515625,455.9700012207031,444.94000244140625,444.94000244140625,0,1.8923861338507209
20040519,457.51861572265625,457.739990234375,470.8999938964844,453.3599853515625,453.3599853515625,0,0.9661207482649647
20040520,453.6604919433594,453.8800048828125,461.04998779296875,451.489990234375,457.739990234375,0,-0.8432702918497625
20040521,457.9584045410156,458.17999267578125,461.1300048828125,453.8800048828125,453.8800048828125,0,0.9473842748545236
20040524,460.3172912597656,460.5400085449219,464.0199890136719,457.7900085449219,458.17999267578125,0,0.51508488080374
20040525,474.9201965332031,475.1499938964844,476.32000732421875,454.7799987792969,460.5400085449219,0,3.172359638790745
20040526,477.958740234375,478.19000244140625,479.9800109863281,471.3800048828125,475.1499938964844,0,0.6397997651209408
20040527,482.2266540527344,482.4599914550781,485.80999755859375,478.19000244140625,478.19000244140625,0,0.8929481988062093
20040528,488.6235656738281,488.8599853515625,490.5,482.4599914550781,482.4599914550781,0,1.3265336006789363
20040601,485.8149108886719,486.04998779296875,490.07000732421875,481.4800109863281,488.8599853515625,0,-0.5748062109384833
20040602,474.8502197265625,475.0799865722656,486.04998779296875,472.2799987792969,486.04998779296875,0,-2.256969755418603
20040603,463.21588134765625,463.44000244140625,475.0799865722656,463.20001220703125,475.0799865722656,0,-2.450110394008098
20040604,470.6822509765625,470.9100036621094,476.260009765625,463.44000244140625,463.44000244140625,0,1.6118593952509697
20040607,487.98388671875,488.2200012207031,488.760009765625,470.9100036621094,470.9100036621094,0,3.675861082580467
20040608,489.1733093261719,489.4100036621094,489.4100036621094,481.6099853515625,488.2200012207031,0,0.24374307452190713
20040609,473.3009948730469,473.5299987792969,489.4100036621094,473.29998779296875,489.4100036621094,0,-3.2447242115991037
20040610,476.0496520996094,476.2799987792969,480.1300048828125,471.4100036621094,473.5299987792969,0,0.5807446216901102
20040614,465.244873046875,465.4700012207031,476.2799987792969,461.6099853515625,476.2799987792969,0,-2.269672794637545
20040615,471.0720520019531,471.29998779296875,475.0199890136719,465.4700012207031,465.4700012207031,0,1.2524945876160487
20040616,469.06304931640625,469.2900085449219,471.29998779296875,466.67999267578125,471.29998779296875,0,-0.42647555699275586
20040617,453.220703125,453.44000244140625,469.2900085449219,452.3800048828125,469.2900085449219,0,-3.377443758638732
20040618,452.8608703613281,453.0799865722656,460.8500061035156,449.1000061035156,453.44000244140625,0,-0.07939658327501542
20040621,450.5519714355469,450.7699890136719,460.44000244140625,450.25,453.0799865722656,0,-0.5098432124689078
20040622,466.1944274902344,466.4200134277344,466.70001220703125,450.7699890136719,450.7699890136719,0,3.4718425794730168
20040623,476.109619140625,476.3399963378906,477.260009765625,465.1199951171875,466.4200134277344,0,2.1268347464882487
20040624,470.5023498535156,470.7300109863281,479.4200134277344,469.239990234375,476.3399963378906,0,-1.177727126567607
20040625,478.6783752441406,478.9100036621094,480.1700134277344,470.7300109863281,470.7300109863281,0,1.7377249134045147
20040628,470.2424621582031,470.4700012207031,480.05999755859375,468.67999267578125,478.9100036621094,0,-1.7623357993918676
20040629,480.2176513671875,480.45001220703125,480.79998779296875,469.6400146484375,470.4700012207031,0,2.1212853020242672
20040630,484.8553771972656,485.0899963378906,487.9100036621094,479.6300048828125,480.45001220703125,0,0.965757937968359
20040701,466.80413818359375,467.0299987792969,485.0899963378906,462.5899963378906,485.0899963378906,0,-3.7230199952451692
20040702,457.0888366699219,457.30999755859375,467.0299987792969,456.489990234375,467.0299987792969,0,-2.081237018202009
20040706,438.9276428222656,439.1400146484375,457.30999755859375,435.2300109863281,457.30999755859375,0,-3.9732310702059737
20040707,443.8452453613281,444.05999755859375,448.2900085449219,439.1400146484375,439.1400146484375,0,1.120367706435288
20040708,442.73577880859375,442.95001220703125,450.3399963378906,441.7300109863281,444.05999755859375,0,-0.24996292340339066
20040709,450.92181396484375,451.1400146484375,454.489990234375,442.95001220703125,442.95001220703125,0,1.8489676522637222
20040712,440.96661376953125,441.17999267578125,451.1400146484375,434.3299865722656,451.1400146484375,0,-2.2077451897983047
20040713,440.2070007324219,440.4200134277344,445.3500061035156,436.6099853515625,441.17999267578125,0,-0.17226058766571795
20040714,420.4765319824219,420.67999267578125,440.4200134277344,417.1400146484375,440.4200134277344,0,-4.482089857433813
20040715,418.32757568359375,418.5299987792969,425.489990234375,416.75,420.67999267578125,0,-0.5110758614425892
20040716,410.261474609375,410.4599914550781,422.1499938964844,409.3599853515625,418.5299987792969,0,-1.9281789472095356
20040719,413.0601501464844,413.260009765625,417.6600036621094,407.9599914550781,410.4599914550781,0,0.6821659525501733
20040720,423.26519775390625,423.4700012207031,423.4800109863281,413.1300048828125,413.260009765625,0,2.4705974964450483
20040721,407.6127624511719,407.80999755859375,430.7300109863281,407.7900085449219,423.4700012207031,0,-3.698019603978453
20040722,420.2366638183594,420.44000244140625,422.5799865722656,407.80999755859375,407.80999755859375,0,3.097031695746466
20040723,405.38385009765625,405.5799865722656,420.44000244140625,404.5400085449219,420.44000244140625,0,-3.534396295036546
20040726,400.1563720703125,400.3500061035156,408.0400085449219,396.6300048828125,405.5799865722656,0,-1.289506544184016
20040727,402.71514892578125,402.9100036621094,405.7099914550781,393.2099914550781,400.3500061035156,0,0.6394398700050985
20040728,399.2967834472656,399.489990234375,402.9100036621094,390.1000061035156,402.9100036621094,0,-0.8488281245561891
20040729,410.99114990234375,411.19000244140625,414.0400085449219,399.489990234375,399.489990234375,0,2.928737263270853
20040730,416.2286071777344,416.42999267578125,419.8599853515625,409.2799987792969,411.19000244140625,0,1.2743476746182925
20040802,418.5374755859375,418.739990234375,419.1600036621094,411.5799865722656,416.42999267578125,0,0.5547145016502775
20040803,402.7651062011719,402.9599914550781,418.739990234375,402.6499938964844,418.739990234375,0,-3.7684479981156316
20040804,406.54327392578125,406.739990234375,410.3500061035156,398.1199951171875,402.9599914550781,0,0.9380580850340436
20040805,402.1954040527344,402.3900146484375,412.2200012207031,401.8599853515625,406.739990234375,0,-1.069473297531165
20040806,386.6929016113281,386.8800048828125,402.3900146484375,385.6099853515625,402.3900146484375,0,-3.8544718310606907
20040809,387.4325256347656,387.6199951171875,391.05999755859375,385.1300048828125,386.8800048828125,0,0.1912712533694183
20040810,392.76995849609375,392.9599914550781,393.0799865722656,387.44000244140625,387.6199951171875,0,1.3776369653676346
20040811,372.4897766113281,372.6700134277344,392.9599914550781,366.7699890136719,392.9599914550781,0,-5.163369927867889
20040812,365.09332275390625,365.2699890136719,372.6700134277344,363.3900146484375,372.6700134277344,0,-1.9856774485284556
20040813,366.47265625,366.6499938964844,366.9200134277344,360.6099853515625,365.2699890136719,0,0.37780406940599587
20040816,370.12091064453125,370.29998779296875,373.54998779296875,366.6499938964844,366.6499938964844,0,0.9954981473461855
20040817,375.4583435058594,375.6400146484375,379.9599914550781,370.29998779296875,370.29998779296875,0,1.4420812939519578
20040818,388.22216796875,388.4100036621094,388.6000061035156,372.5299987792969,375.6400146484375,0,3.399528409033681
20040819,384.9437561035156,385.1300048828125,390.3900146484375,382.07000732421875,388.4100036621094,0,-0.8444681517910224
20040820,385.8133239746094,386.0,388.7300109863281,381.19000244140625,385.1300048828125,0,0.2258964781132189
20040823,389.9013366699219,390.0899963378906,394.5799865722656,386.0,386.0,0,1.0595845434949736
20040824,380.0860900878906,380.2699890136719,391.9200134277344,378.1199951171875,390.0899963378906,0,-2.517369688125193
20040825,384.0941467285156,384.2799987792969,386.6199951171875,374.6700134277344,380.2699890136719,0,1.054516496562341
20040826,380.2160339355469,380.3999938964844,384.2799987792969,378.1600036621094,384.2799987792969,0,-1.0096817151914572
20040827,382.15509033203125,382.3399963378906,385.4100036621094,380.3999938964844,380.3999938964844,0,0.5099901347354274
20040830,373.4593200683594,373.6400146484375,382.3399963378906,373.6400146484375,382.3399963378906,0,-2.2754568637293637
20040831,370.8405456542969,371.0199890136719,373.6600036621094,363.6099853515625,373.6400146484375,0,-0.7012165539150961
20040901,373.9790344238281,374.1600036621094,379.6199951171875,369.07000732421875,371.0199890136719,0,0.8463195357169218
20040902,377.4173889160156,377.6000061035156,378.0799865722656,370.1199951171875,374.1600036621094,0,0.9193934166498385
20040903,357.66693115234375,357.8399963378906,377.6000061035156,357.32000732421875,377.6000061035156,0,-5.2330533491061315
20040907,353.58892822265625,353.760009765625,362.0,351.2699890136719,357.8399963378906,0,-1.1401706388385668
20040908,351.8897399902344,352.05999755859375,358.3599853515625,350.9100036621094,353.760009765625,0,-0.48055522390944017
20040909,370.80059814453125,370.9800109863281,374.1000061035156,352.05999755859375,352.05999755859375,0,5.37408781427533
20040910,383.4244689941406,383.6099853515625,385.0199890136719,369.2799987792969,370.9800109863281,0,3.404489188421489
20040913,392.9098815917969,393.1000061035156,398.7300109863281,383.6099853515625,383.6099853515625,0,2.4738721916364836
20040914,393.3096923828125,393.5,393.9700012207031,387.75,393.1000061035156,0,0.10175372431284746
20040915,380.5958557128906,380.7799987792969,393.5,379.80999755859375,393.5,0,-3.2325288997974932
20040916,381.2655334472656,381.45001220703125,386.4700012207031,380.1499938964844,380.7799987792969,0,0.1759581464053417
20040917,388.3121032714844,388.5,388.75,381.239990234375,381.45001220703125,0,1.8482075153643862
20040920,399.70660400390625,399.8999938964844,404.54998779296875,384.79998779296875,388.5,0,2.93436136331644
20040921,403.55474853515625,403.75,406.6600036621094,399.8999938964844,399.8999938964844,0,0.9627422261257124
20040922,391.550537109375,391.739990234375,403.75,391.0799865722656,403.75,0,-2.9746154218266208
20040923,393.59954833984375,393.7900085449219,397.2099914550781,387.79998779296875,391.739990234375,0,0.5233109617734932
20040924,382.3649597167969,382.54998779296875,396.4100036621094,380.4100036621094,393.7900085449219,0,-2.8543184204915972
20040927,376.7776794433594,376.9599914550781,383.4700012207031,375.6700134277344,382.54998779296875,0,-1.461245985169357
20040928,373.50927734375,373.69000244140625,377.8800048828125,370.1700134277344,376.9599914550781,0,-0.8674631493516327
20040929,380.4359130859375,380.6199951171875,383.260009765625,373.69000244140625,373.69000244140625,0,1.854476338811839
20040930,384.0141906738281,384.20001220703125,389.69000244140625,380.6199951171875,380.6199951171875,0,0.940575149958045
20041001,401.71563720703125,401.9100036621094,402.3800048828125,384.20001220703125,384.20001220703125,0,4.6095759740723
20041004,404.81414794921875,405.010009765625,413.1300048828125,401.9100036621094,401.9100036621094,0,0.7713184731081846
20041005,404.3843078613281,404.5799865722656,408.5299987792969,399.4800109863281,405.010009765625,0,-0.10617594207319447
20041006,406.0035705566406,406.20001220703125,406.2200012207031,398.8399963378906,404.5799865722656,0,0.40042159487201356
20041007,403.1649169921875,403.3599853515625,410.5299987792969,402.7799987792969,406.20001220703125,0,-0.6991695642838303
20041008,389.33160400390625,389.5199890136719,403.3599853515625,387.2099914550781,403.3599853515625,0,-3.4311773206328056
20041011,391.34063720703125,391.5299987792969,392.8900146484375,384.6300048828125,389.5199890136719,0,0.5160222382206037
20041012,386.1731262207031,386.3599853515625,391.5299987792969,380.1700134277344,391.5299987792969,0,-1.3204641901906178
20041013,393.059814453125,393.25,399.6700134277344,386.3599853515625,386.3599853515625,0,1.78331476075817
20041014,380.4159240722656,380.6000061035156,393.25,378.9800109863281,393.25,0,-3.216781664713131
20041015,381.185546875,381.3699951171875,386.0199890136719,379.0799865722656,380.6000061035156,0,0.20230924890276558
20041018,384.16412353515625,384.3500061035156,384.3699951171875,374.6700134277344,381.3699951171875,0,0.781396288245606
20041019,388.10223388671875,388.2900085449219,395.6300048828125,384.3500061035156,384.3500061035156,0,1.025107942978698
20041020,393.16973876953125,393.3599853515625,396.70001220703125,382.9100036621094,388.2900085449219,0,1.3057191004321345
20041021,408.7822265625,408.9800109863281,411.2099914550781,393.3599853515625,393.3599853515625,0,3.970923890696554
20041022,394.9689025878906,395.1600036621094,410.44000244140625,394.760009765625,408.9800109863281,0,-3.379140044250417
20041025,397.6775817871094,397.8699951171875,402.3599853515625,394.2900085449219,395.1600036621094,0,0.6857959889572607
20041026,396.5780944824219,396.7699890136719,400.2699890136719,393.3800048828125,398.3800048828125,0,-0.2764737519831417
20041027,410.7012634277344,410.8999938964844,411.489990234375,397.010009765625,397.1000061035156,0,3.561258480748042
20041028,412.1605529785156,412.3599853515625,415.9100036621094,408.8599853515625,410.20001220703125,0,0.355315521237487
20041029,412.0506286621094,412.25,415.1600036621094,408.1199951171875,412.3599853515625,0,-0.02667216884992829
20041101,413.5099182128906,413.7099914550781,415.0,409.3900146484375,412.25,0,0.3541519599946863
20041102,414.0296630859375,414.2300109863281,417.9200134277344,407.8800048828125,413.7099914550781,0,0.12569663338828363
20041103,409.88165283203125,410.0799865722656,424.25,408.510009765625,414.2300109863281,0,-1.0018647379461565
20041104,412.5203857421875,412.7200012207031,414.1499938964844,404.0199890136719,410.0799865722656,0,0.6437804172070294
20041105,417.6278991699219,417.8299865722656,422.29998779296875,412.7200012207031,412.7200012207031,0,1.2381239911922526
20041108,418.40753173828125,418.6099853515625,421.3500061035156,416.17999267578125,417.8299865722656,0,0.18667850665667896
20041109,415.5989074707031,415.79998779296875,419.5199890136719,413.7900085449219,418.6099853515625,0,-0.6712686407214674
20041110,405.56378173828125,405.760009765625,415.79998779296875,404.8999938964844,415.79998779296875,0,-2.4146172010814926
20041111,414.0596618652344,414.260009765625,415.0799865722656,405.760009765625,405.760009765625,0,2.094834334440643
20041112,423.60504150390625,423.80999755859375,423.80999755859375,411.20001220703125,414.260009765625,0,2.3053125012891806
20041115,429.36224365234375,429.57000732421875,432.6300048828125,420.5299987792969,423.80999755859375,0,1.359101908592586
20041116,427.4031677246094,427.6099853515625,431.0,422.57000732421875,422.6499938964844,0,-0.45627533096762596
20041117,439.63726806640625,439.8500061035156,445.6400146484375,427.6099853515625,427.6099853515625,0,2.86242631632887
20041118,445.42449951171875,445.6400146484375,445.94000244140625,433.3599853515625,439.8500061035156,0,1.3163597736904897
20041119,431.671142578125,431.8800048828125,443.70001220703125,431.4700012207031,443.70001220703125,0,-3.0876961927398194
20041122,432.670654296875,432.8800048828125,434.5899963378906,426.0899963378906,434.5899963378906,0,0.2315457971413526
20041123,429.5021667480469,429.7099914550781,436.3800048828125,426.8900146484375,431.7699890136719,0,-0.7323076584682009
20041124,433.4402770996094,433.6499938964844,435.5899963378906,430.75,433.2099914550781,0,0.9168980288460693
20041126,430.7715759277344,430.9800109863281,435.3999938964844,430.95001220703125,433.739990234375,0,-0.6156999764177495
20041129,429.6820983886719,429.8900146484375,438.2799987792969,428.1600036621094,433.2799987792969,0,-0.2529111119089045
20041130,423.6650085449219,423.8699951171875,431.2900085449219,423.8599853515625,429.79998779296875,0,-1.4003627267716756
20041201,439.8771667480469,440.0899963378906,440.239990234375,426.3599853515625,426.3599853515625,0,3.826645293970099
20041202,438.497802734375,438.7099914550781,446.9599914550781,437.260009765625,439.7200012207031,0,-0.31357333597580306
20041203,445.06463623046875,445.2799987792969,453.95001220703125,445.1199951171875,446.2799987792969,0,1.4975741269142029
20041206,446.66387939453125,446.8800048828125,449.04998779296875,440.3599853515625,445.2799987792969,0,0.3593258416955569
20041207,437.29840087890625,437.510009765625,451.30999755859375,437.489990234375,447.67999267578125,0,-2.0967586409789463
20041208,431.70111083984375,431.9100036621094,437.2200012207031,429.8399963378906,437.2200012207031,0,-1.2799721100131056
20041209,425.25421142578125,425.4599914550781,428.4800109863281,414.0199890136719,426.2200012207031,0,-1.4933694872409586
20041210,422.5455322265625,422.75,426.8999938964844,421.0799865722656,424.80999755859375,0,-0.6369556502386797
20041213,424.8944091796875,425.1000061035156,427.5899963378906,423.1000061035156,423.1000061035156,0,0.555885536017886
20041214,432.8105773925781,433.0199890136719,434.32000732421875,425.2200012207031,425.2200012207031,0,1.863086990459295
20041215,433.830078125,434.0400085449219,436.4599914550781,429.7799987792969,432.75,0,0.2355594561750829
20041216,426.8834533691406,427.0899963378906,435.55999755859375,423.8399963378906,434.0400085449219,0,-1.6012376901222813
20041217,423.5450744628906,423.75,427.94000244140625,421.8599853515625,426.6099853515625,0,-0.7820357223371266
20041220,419.1971435546875,419.3999938964844,428.19000244140625,418.5299987792969,426.1099853515625,0,-1.0265501129240406
20041221,424.1947326660156,424.3999938964844,424.9100036621094,418.4200134277344,420.04998779296875,0,1.1921793211170373
20041222,423.84490966796875,424.04998779296875,427.1300048828125,422.3900146484375,424.2300109863281,0,-0.08247080785797056
20041223,426.2237548828125,426.42999267578125,427.2699890136719,422.80999755859375,423.8699951171875,0,0.5612557366643456
20041227,422.8853759765625,423.0899963378906,428.79998779296875,421.4100036621094,426.7200012207031,0,-0.7832461119661516
20041228,426.5436096191406,426.75,427.4800109863281,421.510009765625,423.2099914550781,0,0.865065043794222
20041229,430.32177734375,430.5299987792969,432.2900085449219,425.6199951171875,426.2900085449219,0,0.8857642130748467
20041230,431.05145263671875,431.260009765625,433.6499938964844,430.3599853515625,430.5199890136719,0,0.16956100350682402
20041231,433.1004333496094,433.30999755859375,434.5400085449219,431.0,431.260009765625,0,0.4753484548875475
20050103,424.0548095703125,424.260009765625,437.5400085449219,423.6000061035156,433.30999755859375,0,-2.088571194747235
20050104,410.1615295410156,410.3599853515625,426.1000061035156,406.0799865722656,424.57000732421875,0,-3.2762985183876547
20050105,404.05450439453125,404.25,412.8599853515625,402.5899963378906,408.760009765625,0,-1.4889330270172363
20050106,401.9455261230469,402.1400146484375,408.67999267578125,402.0799865722656,404.3500061035156,0,-0.5219506126314166
20050107,407.3628845214844,407.55999755859375,412.2699890136719,401.5299987792969,402.739990234375,0,1.3477850282803905
20050110,406.05352783203125,406.25,411.54998779296875,404.79998779296875,407.5,0,-0.3214244691434498
20050111,395.9983825683594,396.19000244140625,406.0899963378906,393.7300109863281,406.0899963378906,0,-2.4763070913461527
20050112,401.6356506347656,401.8299865722656,404.6499938964844,395.05999755859375,397.7099914550781,0,1.4235553891073893
20050113,395.9784240722656,396.1700134277344,401.7900085449219,395.8500061035156,401.7900085449219,0,-1.408549220732025
20050114,402.9450378417969,403.1400146484375,404.8699951171875,396.2200012207031,396.2200012207031,0,1.7593459839116532
20050118,406.3533630371094,406.54998779296875,406.989990234375,399.8999938964844,403.010009765625,0,0.8458533066991514
20050119,397.69757080078125,397.8900146484375,407.75,397.760009765625,406.5899963378906,0,-2.13011275477919
20050120,394.6190490722656,394.80999755859375,402.1099853515625,394.1400146484375,397.7300109863281,0,-0.7740875559707483
20050121,389.4715576171875,389.6600036621094,398.8999938964844,389.6499938964844,395.0299987792969,0,-1.3044233753781942
20050124,382.8547668457031,383.0400085449219,391.1199951171875,382.57000732421875,389.7300109863281,0,-1.6989157355056572
20050125,389.6814270019531,389.8699951171875,391.70001220703125,383.3599853515625,383.3599853515625,0,1.783100046966668
20050126,399.86651611328125,400.05999755859375,401.4800109863281,390.2799987792969,390.2799987792969,0,2.6136924023464125
20050127,403.47479248046875,403.6700134277344,404.17999267578125,397.5899963378906,400.0199890136719,0,0.9023686175001489
20050128,399.26678466796875,399.4599914550781,406.2099914550781,396.0799865722656,403.6700134277344,2226700,-1.042936515622539
20050131,403.7646179199219,403.9599914550781,406.69000244140625,399.4599914550781,399.4599914550781,1926100,1.1265208271817873
20050201,408.262451171875,408.4599914550781,409.6300048828125,403.9599914550781,403.9599914550781,2073600,1.1139717039281072
20050202,405.63372802734375,405.8299865722656,409.0299987792969,403.69000244140625,408.4599914550781,1917800,-0.6438831067501871
20050203,400.5062255859375,400.70001220703125,405.8299865722656,397.07000732421875,405.8299865722656,1702400,-1.2640698161718755
20050204,417.957763671875,418.1600036621094,418.1700134277344,400.70001220703125,400.70001220703125,2373900,4.3573723292169575
20050207,418.1376647949219,418.3399963378906,422.0,416.0299987792969,418.1600036621094,1636100,0.04304397221277512
20050208,427.2832336425781,427.489990234375,428.70001220703125,418.2900085449219,418.3399963378906,2232800,2.1872147001440467
20050209,417.7178955078125,417.9200134277344,427.489990234375,417.1099853515625,427.489990234375,1986700,-2.2386434829488766
20050210,420.25665283203125,420.4599914550781,425.05999755859375,417.1099853515625,417.9200134277344,1959900,0.6077665452082881
20050211,435.3093566894531,435.5199890136719,438.7699890136719,418.6300048828125,420.4599914550781,2707600,3.581790863495926
20050214,436.009033203125,436.2200012207031,438.6000061035156,433.04998779296875,435.5199890136719,1665100,0.16073021323694814
20050215,439.0275573730469,439.239990234375,445.04998779296875,434.54998779296875,436.2200012207031,2591800,0.6923086986430738
20050216,435.3193664550781,435.5299987792969,440.1000061035156,433.0400085449219,439.239990234375,2294100,-0.844638816492671
20050217,429.5721435546875,429.7799987792969,438.3500061035156,428.1199951171875,435.5299987792969,2167300,-1.3202305274300552
20050218,427.52313232421875,427.7300109863281,430.5899963378906,425.92999267578125,429.7799987792969,1579900,-0.476985387591633
20050222,425.5840759277344,425.7900085449219,437.8900146484375,423.8599853515625,427.7300109863281,2249600,-0.4535577096712706
20050223,423.8149108886719,424.0199890136719,429.9599914550781,419.82000732421875,425.7900085449219,2139300,-0.415702457955458
20050224,433.9400329589844,434.1499938964844,434.2099914550781,423.20001220703125,424.0199890136719,2165500,2.3890394663648395
20050225,443.48541259765625,443.70001220703125,443.9200134277344,433.2300109863281,434.1499938964844,2102900,2.1997048128080676
20050228,437.0185546875,437.2300109863281,449.0899963378906,433.6099853515625,443.70001220703125,2278900,-1.4581927073926249
20050301,446.8337707519531,447.04998779296875,447.5299987792969,437.2300109863281,437.2300109863281,2186900,2.245952144155927
20050302,439.7972106933594,440.010009765625,447.6199951171875,438.4599914550781,447.04998779296875,2332100,-1.5747630510179134
20050303,434.20989990234375,434.4200134277344,441.80999755859375,430.7200012207031,440.010009765625,2540200,-1.270424811669213
20050304,433.17041015625,433.3800048828125,439.82000732421875,432.0799865722656,434.4200134277344,2171800,-0.23940161888855727
20050307,441.32647705078125,441.5400085449219,444.9599914550781,433.3800048828125,433.3800048828125,2354000,1.882874975811566
20050308,435.2294006347656,435.44000244140625,445.1099853515625,434.80999755859375,440.95001220703125,0,-1.3815296429462776
20050309,434.11993408203125,434.3299865722656,440.6600036621094,433.92999267578125,435.44000244140625,2140500,-0.25491821213416976
20050310,440.2469787597656,440.4599914550781,440.5,431.1300048828125,434.3299865722656,2251500,1.4113704032250984
20050311,427.6730651855469,427.8800048828125,443.1400146484375,427.260009765625,440.4599914550781,2660500,-2.8561019879937533
20050314,430.04193115234375,430.25,430.70001220703125,426.7799987792969,427.8800048828125,1378500,0.5538924675474455
20050315,420.91632080078125,421.1199951171875,431.55999755859375,420.7300109863281,430.25,1596200,-2.1220232150639173
20050316,416.7183837890625,416.9200134277344,425.45001220703125,416.3599853515625,421.1199951171875,1742800,-0.99733608903666
20050317,417.5979309082031,417.79998779296875,421.489990234375,416.8900146484375,416.9100036621094,0,0.2110655130224126
20050318,413.9297180175781,414.1300048828125,419.05999755859375,412.2200012207031,417.79998779296875,1773100,-0.8784066580621364
20050321,413.2100524902344,413.4100036621094,417.6600036621094,409.3900146484375,414.32000732421875,0,-0.17385874295847703
20050322,409.89166259765625,410.0899963378906,419.8399963378906,409.95001220703125,413.489990234375,0,-0.8030786131949186
20050323,414.6593322753906,414.8599853515625,418.20001220703125,410.3500061035156,410.44000244140625,0,1.163156637876539
20050324,415.6788635253906,415.8800048828125,420.30999755859375,414.8599853515625,414.8599853515625,1341000,0.24587079189757333
20050328,415.2990417480469,415.5,422.3999938964844,415.4800109863281,416.1400146484375,0,-0.0913736843202062
20050329,409.9616394042969,410.1600036621094,418.1000061035156,408.6600036621094,415.54998779296875,0,-1.2851976745825833
20050330,419.45703125,419.6600036621094,419.8999938964844,410.489990234375,410.489990234375,0,2.316169279105562
20050331,416.788330078125,416.989990234375,420.25,415.4599914550781,419.9800109863281,0,-0.636232522621849
20050401,411.0211181640625,411.2200012207031,420.7699890136719,410.17999267578125,417.8399963378906,0,-1.383723626178357
20050404,409.2220153808594,409.4200134277344,411.7799987792969,406.2799987792969,411.17999267578125,0,-0.43771893089478153
20050405,409.7117614746094,409.9100036621094,413.9599914550781,408.0899963378906,409.9599914550781,0,0.11967911150037036
20050406,410.6712951660156,410.8699951171875,417.1000061035156,410.05999755859375,410.05999755859375,0,0.2341956640486087
20050407,418.7673645019531,418.9700012207031,419.04998779296875,410.5899963378906,410.8699951171875,0,1.9714279942017576
20050408,416.74835205078125,416.95001220703125,421.5799865722656,416.8500061035156,418.9700012207031,1462900,-0.48213213542412925
20050411,413.4099426269531,413.6099853515625,418.42999267578125,412.7200012207031,416.95001220703125,1160500,-0.8010616998879727
20050412,412.9402160644531,413.1400146484375,413.6700134277344,403.3599853515625,413.6099853515625,2215300,-0.1136265370202616
20050413,401.735595703125,401.92999267578125,412.79998779296875,401.25,412.79998779296875,0,-2.7133711514715997
20050414,395.51861572265625,395.7099914550781,403.1300048828125,395.489990234375,402.1600036621094,0,-1.5475334844494926
20050415,382.4549560546875,382.6400146484375,395.7099914550781,381.8999938964844,395.7099914550781,2946800,-3.3029180685027915
20050418,385.66339111328125,385.8500061035156,389.25,382.4700012207031,382.82000732421875,0,0.8389063694834498
20050419,392.3701477050781,392.55999755859375,394.1700134277344,386.7799987792969,386.7799987792969,0,1.7390155109335392
20050420,383.7843017578125,383.9700012207031,396.9100036621094,383.6499938964844,393.6300048828125,0,-2.188199610585251
20050421,394.52911376953125,394.7200012207031,395.32000732421875,385.3999938964844,385.3999938964844,0,2.7996978841638764
20050422,389.1617126464844,389.3500061035156,394.7200012207031,386.4800109863281,394.5899963378906,0,-1.3604568049707
20050425,391.2507019042969,391.44000244140625,393.8999938964844,388.7699890136719,389.7799987792969,0,0.5367911403948877
20050426,388.4320373535156,388.6199951171875,399.1700134277344,387.8299865722656,391.3599853515625,0,-0.7204187887365654
20050427,387.54248046875,387.7300109863281,391.2300109863281,383.54998779296875,388.3599853515625,0,-0.22901141012855453
20050428,384.15411376953125,384.3399963378906,391.19000244140625,384.0,387.05999755859375,0,-0.8743235118204518
20050429,385.4634704589844,385.6499938964844,387.239990234375,376.6400146484375,383.30999755859375,0,0.3408434123629567
20050502,385.0836486816406,385.2699890136719,388.6300048828125,383.8800048828125,386.04998779296875,0,-0.09853620869354485
20050503,384.89373779296875,385.0799865722656,388.82000732421875,383.3500061035156,385.1499938964844,0,-0.04931669915236858
20050504,394.18927001953125,394.3800048828125,395.010009765625,385.4599914550781,385.4599914550781,0,2.4150874194552863
20050505,394.1293029785156,394.32000732421875,398.44000244140625,392.69000244140625,394.2300109863281,0,-0.01521313399536206
20050506,396.6280822753906,396.82000732421875,397.55999755859375,393.3800048828125,394.75,0,0.634002828556568
20050509,398.3472595214844,398.5400085449219,398.5400085449219,393.2099914550781,396.57000732421875,0,0.43344619448530963
20050510,394.2392272949219,394.42999267578125,398.1600036621094,392.8500061035156,398.1600036621094,0,-1.0312680737239899
20050511,395.67852783203125,395.8699951171875,396.3599853515625,389.1300048828125,394.5199890136719,0,0.36508441755085386
20050512,396.8279724121094,397.0199890136719,401.3399963378906,394.79998779296875,395.9200134277344,0,0.2904978681559145
20050513,408.0325927734375,408.2300109863281,411.7099914550781,397.0199890136719,397.0199890136719,2272700,2.8235409507983755
20050516,410.9111633300781,411.1099853515625,411.5400085449219,406.4599914550781,408.2300109863281,1309200,0.7054783547824073
20050517,414.3594970703125,414.55999755859375,414.5799865722656,408.67999267578125,411.1099853515625,1653100,0.8391944564618115
20050518,418.68743896484375,418.8900146484375,420.57000732421875,411.6400146484375,414.6300048828125,0,1.0444850239636816
20050519,419.8868408203125,420.0899963378906,424.0199890136719,416.9599914550781,418.7699890136719,0,0.286467007445923
20050520,425.02435302734375,425.2300109863281,425.3500061035156,417.6400146484375,420.0899963378906,0,1.2235508327370859
20050523,423.6549987792969,423.8599853515625,426.6000061035156,420.79998779296875,425.3299865722656,0,-0.32218460582963404
20050524,430.2218322753906,430.42999267578125,430.5899963378906,421.6000061035156,421.6000061035156,0,1.550041889132192
20050525,425.484130859375,425.69000244140625,430.3299865722656,422.5299987792969,430.3299865722656,0,-1.1012221069699901
20050526,433.3902893066406,433.6000061035156,434.2799987792969,427.80999755859375,427.9599914550781,0,1.8581605432930415
20050527,430.2218322753906,430.42999267578125,433.3699951171875,426.5400085449219,433.30999755859375,0,-0.7310916473966977
20050531,428.7425537109375,428.95001220703125,433.79998779296875,428.6700134277344,430.5400085449219,0,-0.34383767254453357
20050601,431.9010009765625,432.1099853515625,435.2200012207031,427.8599853515625,428.9100036621094,0,0.7366763153292766
20050602,439.857177734375,440.07000732421875,440.1400146484375,430.5299987792969,432.010009765625,0,1.8421286807755788
20050603,434.04998779296875,434.260009765625,440.2300109863281,434.19000244140625,439.67999267578125,0,-1.3202439298057533
20050606,432.0709228515625,432.2799987792969,434.4599914550781,428.989990234375,434.2900085449219,0,-0.455950569198571
20050607,427.313232421875,427.5199890136719,438.9100036621094,427.1499938964844,432.3299865722656,0,-1.1011404134048886
20050608,430.0618896484375,430.2699890136719,433.20001220703125,427.8399963378906,427.8399963378906,0,0.6432447770090333
20050609,438.2779235839844,438.489990234375,438.6000061035156,425.8599853515625,430.3500061035156,0,1.9104286681825622
20050610,430.54168701171875,430.75,438.260009765625,429.42999267578125,438.260009765625,0,-1.7651463902831455
20050613,430.11187744140625,430.32000732421875,434.32000732421875,428.3800048828125,430.6600036621094,0,-0.09982418474318022
20050614,425.4441223144531,425.6499938964844,432.3900146484375,424.8900146484375,430.239990234375,0,-1.0852419939228697
20050615,427.02337646484375,427.2300109863281,427.6600036621094,418.9100036621094,426.1000061035156,0,0.37120101315635257
20050616,429.1223449707031,429.3299865722656,431.8299865722656,426.3999938964844,427.3699951171875,0,0.49153278841282955
20050617,430.3017883300781,430.510009765625,432.82000732421875,427.4800109863281,430.4100036621094,0,0.27485226521926087
20050620,428.09283447265625,428.29998779296875,430.3399963378906,424.7300109863281,429.94000244140625,0,-0.5133497299771084
20050621,431.1513671875,431.3599853515625,432.9700012207031,427.739990234375,428.17999267578125,0,0.7144519369150393
20050622,433.4702453613281,433.67999267578125,435.260009765625,430.79998779296875,431.6199951171875,0,0.5378355440938565
20050623,435.03948974609375,435.25,446.3800048828125,433.8699951171875,433.8699951171875,0,0.3620197728126495
20050624,426.7934875488281,427.0,436.1499938964844,426.80999755859375,435.19000244140625,0,-1.895462377943713
20050627,421.16619873046875,421.3699951171875,427.010009765625,420.1300048828125,426.9100036621094,0,-1.318502314476
20050628,424.984375,425.19000244140625,425.95001220703125,421.7099914550781,421.75,0,0.9065684240654903
20050629,421.16619873046875,421.3699951171875,426.0,420.3299865722656,425.2799987792969,0,-0.8984235993989897
20050630,418.8673400878906,419.07000732421875,424.20001220703125,418.4700012207031,421.3699951171875,0,-0.545835683513507
20050701,419.15716552734375,419.3599853515625,422.0199890136719,417.94000244140625,419.4200134277344,0,0.069195605095973
20050705,425.6640319824219,425.8699951171875,426.8299865722656,417.9599914550781,419.30999755859375,1404100,1.5523678922698014
20050706,430.1218566894531,430.3299865722656,434.260009765625,425.29998779296875,425.7799987792969,1623200,1.0472659511621352
20050707,431.68115234375,431.8900146484375,432.0299987792969,425.7699890136719,429.8299865722656,0,0.36251902606139197
20050708,442.5358581542969,442.75,442.8900146484375,431.8900146484375,431.9700012207031,0,2.51452568552728
20050711,451.381591796875,451.6000061035156,451.8299865722656,442.9200134277344,442.9200134277344,0,1.9988720730695908
20050712,455.8794250488281,456.1000061035156,457.29998779296875,450.2699890136719,451.5199890136719,0,0.9964570281623342
20050713,457.92840576171875,458.1499938964844,458.20001220703125,452.4100036621094,456.3999938964844,0,0.44946015468885214
20050714,463.70562744140625,463.92999267578125,466.0,458.25,459.07000732421875,0,1.261595297675111
20050715,463.415771484375,463.6400146484375,464.79998779296875,458.5299987792969,464.3399963378906,0,-0.06250469508799483
20050718,460.61712646484375,460.8399963378906,463.4800109863281,458.69000244140625,463.4800109863281,0,-0.60392076224699
20050719,468.5232849121094,468.75,469.0899963378906,461.3399963378906,461.3399963378906,0,1.716431673675678
20050720,476.49945068359375,476.7300109863281,477.0799865722656,459.75,465.5,0,1.702402343750009
20050721,468.71319580078125,468.94000244140625,476.7300109863281,466.54998779296875,476.7300109863281,1937300,-1.63405037765606
20050722,474.9601745605469,475.19000244140625,480.29998779296875,472.0299987792969,473.739990234375,0,1.33279310092147
20050725,471.941650390625,472.1700134277344,477.3800048828125,470.7200012207031,474.9200134277344,0,-0.635532944328776
20050726,476.8092956542969,477.0400085449219,477.82000732421875,471.4700012207031,472.7200012207031,0,1.0314071158042504
20050727,473.66082763671875,473.8900146484375,476.8999938964844,465.92999267578125,476.8900146484375,1786600,-0.6603206942940809
20050728,474.0506286621094,474.2799987792969,474.9599914550781,470.760009765625,473.7799987792969,0,0.0822942283661865
20050729,474.2105407714844,474.44000244140625,477.82000732421875,471.3800048828125,473.8999938964844,0,0.0337361184366225
20050801,474.14056396484375,474.3699951171875,477.0199890136719,471.5299987792969,474.8699951171875,0,-0.014755780258512985
20050802,485.9648742675781,486.20001220703125,486.3399963378906,478.0799865722656,478.25,1587600,2.493837555413103
20050803,484.0557861328125,484.2900085449219,486.20001220703125,480.3800048828125,484.989990234375,0,-0.3928431950133482
20050804,472.31146240234375,472.5400085449219,484.04998779296875,472.5,484.04998779296875,0,-2.4262321734250913
20050805,470.9621276855469,471.19000244140625,474.0,468.0899963378906,472.4800109863281,0,-0.2856913867828159
20050808,465.6346740722656,465.8599853515625,473.5,465.20001220703125,471.3900146484375,1025200,-1.131182126578878
20050809,471.281982421875,471.510009765625,474.5199890136719,466.6199951171875,466.6199951171875,0,1.2128159944449157
20050810,465.5247497558594,465.75,476.7900085449219,464.989990234375,471.4700012207031,0,-1.2216092227794184
20050811,468.8231506347656,469.04998779296875,469.8999938964844,462.7799987792969,465.4800109863281,0,0.7085320006374074
20050812,462.60614013671875,462.8299865722656,467.9599914550781,459.239990234375,467.9599914550781,0,-1.326084933925753
20050815,467.5337829589844,467.760009765625,469.8599853515625,461.3699951171875,462.30999755859375,0,1.065190963505036
20050816,457.9784240722656,458.20001220703125,467.3599853515625,457.2900085449219,467.3599853515625,0,-2.043782572046693
20050817,463.9255065917969,464.1499938964844,466.1499938964844,458.1700134277344,458.1700134277344,0,1.2985555501829005
20050818,461.0569152832031,461.2799987792969,463.8399963378906,459.1600036621094,463.8399963378906,0,-0.6183335462517703
20050819,462.0464172363281,462.2699890136719,466.1300048828125,461.2799987792969,461.2799987792969,1369800,0.21461807080187523
20050822,467.4938049316406,467.7200012207031,469.1600036621094,462.8999938964844,463.7900085449219,0,1.1789673430152137
20050823,467.29388427734375,467.5199890136719,471.29998779296875,465.3500061035156,468.1499938964844,0,-0.042763235805443056
20050824,463.74560546875,463.9700012207031,473.2200012207031,463.3599853515625,467.2799987792969,0,-0.7593232110691517
20050825,466.8240966796875,467.04998779296875,469.1300048828125,464.2099914550781,464.2099914550781,0,0.6638331280389265
20050826,463.7955627441406,464.0199890136719,467.239990234375,461.8599853515625,467.19000244140625,0,-0.6487525657831728
20050829,470.0225830078125,470.25,471.2799987792969,462.69000244140625,464.0199890136719,1103400,1.3426169419060496
20050830,468.4033508300781,468.6300048828125,470.0,464.04998779296875,469.80999755859375,0,-0.3444965693115365
20050831,473.5208740234375,473.75,473.75,466.010009765625,467.92999267578125,0,1.0925453052174516
20050901,468.1434631347656,468.3699951171875,474.0199890136719,468.1600036621094,473.5,0,-1.1356210834432723
20050902,467.1939392089844,467.4200134277344,471.0400085449219,465.4800109863281,469.2099914550781,0,-0.2028271877696719
20050906,474.48040771484375,474.7099914550781,474.8299865722656,468.010009765625,468.010009765625,0,1.5596204308591988
20050907,473.1710510253906,473.3999938964844,474.7200012207031,468.7200012207031,473.0199890136719,0,-0.2759574439498036
20050908,478.57843017578125,478.80999755859375,480.7200012207031,472.0,473.239990234375,0,1.1427975774947585
20050909,481.92681884765625,482.1600036621094,483.0400085449219,476.29998779296875,478.9599914550781,0,0.6996524969397067
20050912,480.8573303222656,481.0899963378906,483.7200012207031,479.8999938964844,482.19000244140625,0,-0.221919552864569
20050913,481.966796875,482.20001220703125,485.6000061035156,478.80999755859375,481.30999755859375,1703300,0.23072935990982035
20050914,477.8787536621094,478.1099853515625,483.6300048828125,476.2300109863281,482.510009765625,0,-0.8482013172809055
20050915,473.0311279296875,473.260009765625,480.5199890136719,472.489990234375,478.1099853515625,1685400,-1.0144058343335427
20050916,474.5403747558594,474.7699890136719,475.2200012207031,469.2200012207031,473.4800109863281,0,0.3190591254043751
20050919,467.9136047363281,468.1400146484375,474.69000244140625,465.95001220703125,474.42999267578125,0,-1.3964602899623202
20050920,466.0345153808594,466.260009765625,474.17999267578125,465.92999267578125,468.1700134277344,0,-0.40159029862557594
20050921,457.93841552734375,458.1600036621094,466.4200134277344,457.57000732421875,466.3999938964844,0,-1.7372294286158607
20050922,456.888916015625,457.1099853515625,460.989990234375,452.80999755859375,458.07000732421875,0,-0.22918157459271837
20050923,460.4971923828125,460.7200012207031,462.3900146484375,453.2099914550781,457.3800048828125,0,0.789747759800985
20050926,462.60614013671875,462.8299865722656,467.0799865722656,460.2300109863281,463.1099853515625,0,0.4579756350868047
20050927,456.908935546875,457.1300048828125,463.75,454.75,462.79998779296875,0,-1.2315497817389498
20050928,459.03790283203125,459.260009765625,463.760009765625,456.1700134277344,457.4800109863281,0,0.46595166802900767
20050929,466.1344299316406,466.3599853515625,467.5,456.1499938964844,459.260009765625,0,1.5459598996134805
20050930,475.0901184082031,475.32000732421875,476.2900085449219,466.3599853515625,466.3599853515625,1896300,1.9212673158272242
20051003,477.8787536621094,478.1099853515625,483.20001220703125,476.1199951171875,476.1199951171875,0,0.5869683548668014
20051004,472.6912841796875,472.9200134277344,482.3399963378906,472.9100036621094,478.3699951171875,0,-1.085518412674824
20051005,466.1944274902344,466.4200134277344,474.3399963378906,466.2900085449219,473.32000732421875,0,-1.3744396125018765
20051006,458.1283264160156,458.3500061035156,466.75,454.0400085449219,466.3699951171875,0,-1.7302017691976923
20051007,460.886962890625,461.1099853515625,463.92999267578125,458.3800048828125,458.3800048828125,0,0.6021553859047124
20051010,445.9342346191406,446.1499938964844,457.0199890136719,446.1000061035156,457.0199890136719,0,-3.2443434170422947
20051011,438.497802734375,438.7099914550781,448.5199890136719,435.9200134277344,446.6000061035156,0,-1.6676011527935741
20051012,436.7586669921875,436.9700012207031,439.67999267578125,433.1099853515625,437.75,0,-0.39661513716702235
20051013,446.1141357421875,446.3299865722656,446.9700012207031,435.6099853515625,437.0799865722656,0,2.142020121613575
20051014,442.47589111328125,442.69000244140625,447.79998779296875,438.7200012207031,446.3299865722656,0,-0.8155365403104131
20051017,444.5049133300781,444.7200012207031,444.9200134277344,440.9100036621094,442.4700012207031,0,0.4585598879806474
20051018,439.0875244140625,439.29998779296875,443.8399963378906,437.3500061035156,443.8399963378906,1857100,-1.218747394508246
20051019,439.1875,439.3999938964844,439.3999938964844,425.1300048828125,436.67999267578125,0,0.02276487737185029
20051020,439.5972900390625,439.80999755859375,444.8399963378906,437.5299987792969,440.70001220703125,0,0.0933098925363085
20051021,441.6363220214844,441.8500061035156,446.4700012207031,441.1600036621094,442.4200134277344,0,0.4638386021796004
20051024,446.57391357421875,446.7900085449219,446.8999938964844,439.3800048828125,442.2799987792969,0,1.1180270166724737
20051025,441.9261779785156,442.1400146484375,445.510009765625,439.8599853515625,445.510009765625,0,-1.0407560168205654
20051026,439.3674011230469,439.5799865722656,446.05999755859375,438.7200012207031,441.8299865722656,0,-0.5790084569041842
20051027,427.4331970214844,427.6400146484375,439.6199951171875,427.6300048828125,439.6199951171875,0,-2.716222823730674
20051028,424.6645202636719,424.8699951171875,424.9100036621094,413.0,421.7900085449219,0,-0.6477456356667743
20051031,432.4307861328125,432.6400146484375,435.0299987792969,425.75,426.3900146484375,0,1.8287993081523402
20051101,428.332763671875,428.5400085449219,432.1300048828125,427.20001220703125,432.1300048828125,0,-0.9476714970175104
20051102,441.0066223144531,441.2200012207031,443.2799987792969,430.1000061035156,430.1499938964844,0,2.95888188335911
20051103,449.3125915527344,449.5299987792969,453.9599914550781,446.9200134277344,449.1600036621094,0,1.8834136112603428
20051104,451.6114807128906,451.8299865722656,453.6700134277344,447.04998779296875,452.29998779296875,0,0.5116427822869252
20051107,453.060791015625,453.2799987792969,455.4599914550781,448.6300048828125,455.07000732421875,0,0.32091987033253666
20051108,452.08123779296875,452.29998779296875,455.7699890136719,448.7799987792969,451.489990234375,0,-0.21620433042872644
20051109,458.43817138671875,458.6600036621094,459.32000732421875,449.1000061035156,451.7300109863281,1783500,1.4061499095268104
20051110,464.3053283691406,464.5299987792969,465.5,454.8399963378906,458.4599914550781,0,1.279814038791116
20051111,460.9269714355469,461.1499938964844,468.32000732421875,460.3699951171875,466.5,1282200,-0.7276182144736687
20051114,463.5057373046875,463.7300109863281,466.20001220703125,460.3299865722656,461.17999267578125,0,0.5594746013209084
20051115,462.0464172363281,462.2699890136719,468.4200134277344,461.1199951171875,465.3699951171875,0,-0.31484310656342274
20051116,461.6566162109375,461.8800048828125,464.239990234375,459.7900085449219,462.2699890136719,1425000,-0.08436284857934462
20051117,466.5642395019531,466.7900085449219,466.7900085449219,458.8699951171875,461.489990234375,0,1.0630474604232276
20051118,478.2286071777344,478.4599914550781,481.010009765625,472.8299865722656,473.3500061035156,0,2.500049850367181
20051121,478.3485412597656,478.5799865722656,480.1000061035156,475.8500061035156,477.29998779296875,0,0.025079446417786144
20051122,482.636474609375,482.8699951171875,486.0899963378906,477.2099914550781,477.4200134277344,0,0.8964036661140318
20051123,480.2476501464844,480.4800109863281,486.6400146484375,479.7099914550781,482.9599914550781,0,-0.49495395345062754
20051125,484.3756103515625,484.6099853515625,485.2200012207031,481.75,481.75,0,0.8595517546622577
20051128,478.5284729003906,478.760009765625,483.42999267578125,478.0899963378906,483.1300048828125,0,-1.2071512686007924
20051129,475.5498962402344,475.7799987792969,484.1400146484375,475.510009765625,481.7799987792969,0,-0.622443588759003
20051130,481.4070739746094,481.6400146484375,484.5,477.70001220703125,477.9700012207031,0,1.2316650309335486
20051201,501.6672668457031,501.9100036621094,502.5299987792969,489.3599853515625,489.70001220703125,0,4.208535087863807
20051202,505.3454895019531,505.5899963378906,508.3399963378906,501.55999755859375,501.75,0,0.7331977145166979
20051205,497.4293212890625,497.6700134277344,505.5899963378906,496.1300048828125,505.5899963378906,1567300,-1.5664833100976217
20051206,502.6167907714844,502.8599853515625,510.3800048828125,493.0899963378906,493.0899963378906,0,1.0428540566633338
20051207,496.65966796875,496.8999938964844,505.1199951171875,495.3399963378906,504.30999755859375,0,-1.1852188737808134
20051208,488.1737976074219,488.4100036621094,500.55999755859375,484.20001220703125,500.2699890136719,0,-1.7085913340026404
20051209,496.9695129394531,497.2099914550781,497.7900085449219,486.8500061035156,488.5799865722656,0,1.8017623977777397
20051212,499.9580993652344,500.20001220703125,501.739990234375,496.79998779296875,497.2099914550781,1617600,0.601359748061947
20051213,502.5968017578125,502.8399963378906,506.44000244140625,496.5799865722656,497.0299987792969,0,0.5277856990068885
20051214,500.5278015136719,500.7699890136719,504.760009765625,498.2699890136719,502.8399963378906,2075100,-0.4116632207649129
20051215,498.13897705078125,498.3800048828125,503.0299987792969,496.5,502.42999267578125,0,-0.4772618534043427
20051216,495.05047607421875,495.2900085449219,501.3699951171875,495.2900085449219,498.3800048828125,1821700,-0.6200080877275971
20051219,483.66595458984375,483.8999938964844,496.8399963378906,483.6199951171875,495.2900085449219,1448000,-2.299665741673129
20051220,486.144775390625,486.3800048828125,491.1700134277344,481.7099914550781,484.4200134277344,0,0.5125048600142401
20051221,484.52557373046875,484.760009765625,490.260009765625,482.7699890136719,485.2200012207031,0,-0.3330718987055836
20051222,490.4327087402344,490.6700134277344,491.4100036621094,485.2099914550781,485.2099914550781,0,1.2191607275869876
20051223,491.5821533203125,491.82000732421875,495.70001220703125,490.1199951171875,491.32000732421875,0,0.2343721574609159
20051227,485.35516357421875,485.5899963378906,495.2099914550781,484.44000244140625,492.1499938964844,0,-1.2667258130109271
20051228,486.4446105957031,486.67999267578125,488.2200012207031,481.2799987792969,485.6099853515625,0,0.22446844994972182
20051229,481.7668762207031,482.0,488.5799865722656,481.3599853515625,486.489990234375,0,-0.9616159994682572
20051230,479.2580871582031,479.489990234375,481.4100036621094,475.1099853515625,481.2699890136719,0,-0.5207489140300781
20060103,492.8915100097656,493.1300048828125,495.5199890136719,475.94000244140625,480.57000732421875,0,2.8446922618280857
20060104,496.4497985839844,496.69000244140625,498.8900146484375,493.1300048828125,493.1300048828125,1547000,0.7219186671554745
20060105,508.2940673828125,508.5400085449219,509.5400085449219,497.8800048828125,497.8800048828125,0,2.3857951730996474
20060106,519.3187255859375,519.5700073242188,520.4299926757812,508.8699951171875,510.1000061035156,0,2.1689539847330463
20060109,524.076416015625,524.3300170898438,525.8300170898438,518.8499755859375,520.8300170898438,0,0.9161440611514582
20060110,527.4947509765625,527.75,527.8900146484375,520.5,524.8699951171875,0,0.6522577000527274
20060111,536.1805419921875,536.4400024414062,537.47998046875,528.0900268554688,530.1099853515625,0,1.6466134422370882
20060112,529.0240478515625,529.280029296875,539.02001953125,526.280029296875,536.2999877929688,0,-1.3347202132475755
20060113,526.3853149414062,526.6400146484375,528.5900268554688,520.760009765625,528.5900268554688,0,-0.49879355016372307
20060117,518.1892700195312,518.4400024414062,524.3499755859375,515.8599853515625,524.3499755859375,0,-1.557043137427605
20060118,518.6390380859375,518.8900146484375,520.1099853515625,508.7200012207031,512.27001953125,0,0.08680121227375714
20060119,534.4813842773438,534.739990234375,538.4299926757812,523.5999755859375,523.5999755859375,0,3.0545925222084547
20060120,512.3220825195312,512.5700073242188,532.0399780273438,512.489990234375,531.969970703125,0,-4.145936962829211
20060123,515.2906494140625,515.5399780273438,519.6699829101562,511.2799987792969,514.1099853515625,0,0.5794273290841145
20060124,520.4581909179688,520.7100219726562,526.1199951171875,515.8200073242188,516.219970703125,0,1.0028405488736514
20060125,521.2777709960938,521.530029296875,523.5599975585938,514.9500122070312,521.47998046875,0,0.15747869056028652
20060126,536.280517578125,536.5399780273438,537.4299926757812,524.4299926757812,524.6199951171875,0,2.878060300900631
20060127,550.6435546875,550.9099731445312,559.5999755859375,546.3099975585938,551.4400024414062,0,2.678271089886075
20060130,546.7354736328125,547.0,552.9400024414062,546.0599975585938,549.1699829101562,0,-0.7097299622683462
20060131,538.8492431640625,539.1099853515625,547.5399780273438,537.219970703125,547.5399780273438,0,-1.44241584066499
20060201,544.4165649414062,544.6799926757812,545.2999877929688,533.8900146484375,537.6400146484375,0,1.033185708958162
20060202,536.2305297851562,536.489990234375,548.9400024414062,534.6900024414062,544.219970703125,0,-1.5036356303766985
20060203,528.5142822265625,528.77001953125,536.5900268554688,528.510009765625,535.1500244140625,0,-1.4389775846055164
20060206,539.8787841796875,540.1400146484375,540.5900268554688,529.27001953125,529.469970703125,0,2.1502722728620194
20060207,540.4684448242188,540.72998046875,543.25,534.9199829101562,539.8400268554688,0,0.1092246092333049
20060208,548.2147216796875,548.47998046875,549.2100219726562,540.8699951171875,545.2100219726562,0,1.4332476984689535
20060209,546.5655517578125,546.8300170898438,555.8900146484375,546.0800170898438,548.77001953125,0,-0.30082472244403746
20060210,540.128662109375,540.3900146484375,546.6199951171875,532.8400268554688,546.6199951171875,0,-1.1776973172904937
20060213,532.5422973632812,532.7999877929688,539.7999877929688,530.1900024414062,539.75,0,-1.404546096286885
20060214,536.2005615234375,536.4600219726562,537.2999877929688,526.0499877929688,532.4000244140625,0,0.686943367782078
20060215,537.9696655273438,538.22998046875,539.489990234375,532.3699951171875,536.2999877929688,0,0.32993297237422503
20060216,545.6859741210938,545.9500122070312,545.969970703125,539.3400268554688,539.47998046875,0,1.4343369969019193
20060217,535.1510620117188,535.4099731445312,545.9199829101562,534.989990234375,545.6599731445312,0,-1.930586835210668
20060221,523.5167236328125,523.77001953125,536.3400268554688,522.6500244140625,535.72998046875,0,-2.1740262970669555
20060222,530.5233154296875,530.780029296875,533.4099731445312,517.75,523.1400146484375,0,1.3383755282325271
20060223,524.226318359375,524.47998046875,531.2999877929688,524.22998046875,531.2999877929688,0,-1.1869415728528177
20060224,524.2963256835938,524.5499877929688,527.780029296875,522.8499755859375,524.7100219726562,0,0.013347949745612375
20060227,527.1349487304688,527.3900146484375,529.2899780273438,524.6300048828125,525.1099853515625,0,0.5414215845124914
20060228,522.9369506835938,523.1900024414062,531.1099853515625,522.260009765625,526.7100219726562,0,-0.7963768919347136
20060301,545.6060180664062,545.8699951171875,546.6799926757812,524.75,524.8400268554688,0,4.334943819634862
20060302,546.0257568359375,546.2899780273438,550.8800048828125,541.1900024414062,545.1400146484375,0,0.07693826623793587
20060303,537.5199584960938,537.780029296875,547.9500122070312,537.6599731445312,542.9400024414062,0,-1.5577713435633966
20060306,528.3143920898438,528.5700073242188,541.219970703125,526.0900268554688,538.9099731445312,0,-1.7126002214507663
20060307,513.1917114257812,513.4400024414062,527.6699829101562,511.8500061035156,527.6699829101562,0,-2.8624410528711564
20060308,510.373046875,510.6199951171875,514.6400146484375,504.82000732421875,512.7999877929688,0,-0.5492379461689012
20060309,503.2864685058594,503.5299987792969,516.5800170898438,503.4800109863281,511.6199951171875,0,-1.3885073842953344
20060310,502.0970458984375,502.3399963378906,510.6600036621094,500.19000244140625,504.30999755859375,0,-0.23633198504382502
20060313,499.6882019042969,499.92999267578125,507.82000732421875,499.0,503.5899963378906,0,-0.4797554802879578
20060314,510.83282470703125,511.0799865722656,511.6600036621094,499.3500061035156,500.0899963378906,0,2.2303110555152106
20060315,512.382080078125,512.6300048828125,516.22998046875,507.6400146484375,512.0800170898438,0,0.3032829207307852
20060316,495.8200988769531,496.05999755859375,514.0,495.9700012207031,513.8099975585938,0,-3.232352216294221
20060317,496.12994384765625,496.3699951171875,499.7799987792969,489.30999755859375,495.6199951171875,0,0.06249194857868012
20060320,497.96905517578125,498.2099914550781,501.82000732421875,495.489990234375,496.8699951171875,0,0.37069048411280114
20060321,496.9795227050781,497.2200012207031,510.6700134277344,496.1199951171875,498.55999755859375,2587600,-0.1987094300304193
20060322,497.3493347167969,497.5899963378906,499.05999755859375,492.3599853515625,495.0199890136719,0,0.07441275819137783
20060323,499.67822265625,499.9200134277344,504.6099853515625,497.1099853515625,497.4200134277344,0,0.46826043670329387
20060324,504.5958251953125,504.8399963378906,504.9200134277344,498.07000732421875,499.8599853515625,0,0.9841540202445653
20060327,503.57635498046875,503.82000732421875,507.67999267578125,502.92999267578125,504.69000244140625,0,-0.20204203729318193
20060328,493.2713317871094,493.510009765625,504.42999267578125,491.55999755859375,503.82000732421875,1970300,-2.0463652512233477
20060329,505.3854675292969,505.6300048828125,507.5,492.7900085449219,494.25,0,2.4558762491855957
20060330,505.2655334472656,505.510009765625,512.3599853515625,502.4200134277344,506.239990234375,0,-0.02373180310281109
20060331,499.4083557128906,499.6499938964844,508.2699890136719,497.4200134277344,505.8699951171875,0,-1.1592284536279696
20060403,504.9356689453125,505.17999267578125,513.4000244140625,500.0,500.010009765625,2211100,1.1067745115278749
20060404,503.7962341308594,504.0400085449219,510.80999755859375,503.3699951171875,505.17999267578125,1952400,-0.22565900221448443
20060405,517.6895141601562,517.9400024414062,519.0700073242188,504.0400085449219,504.0400085449219,2051700,2.7577163837869234
20060406,524.3562622070312,524.6099853515625,525.989990234375,517.9400024414062,517.9400024414062,1789000,1.287790647317455
20060407,514.6909790039062,514.9400024414062,527.739990234375,512.4600219726562,524.6099853515625,1799100,-1.8432708450404345
20060410,510.6129150390625,510.8599853515625,515.4099731445312,508.2799987792969,514.9400024414062,0,-0.7923286345010605
20060411,503.0965576171875,503.3399963378906,514.77001953125,501.0899963378906,510.8599853515625,0,-1.4720254530205201
20060412,506.195068359375,506.44000244140625,510.8900146484375,503.3399963378906,503.3399963378906,0,0.6158870993900889
20060413,507.7143249511719,507.9599914550781,513.530029296875,505.6700134277344,506.44000244140625,2369400,0.30013209982315825
20060417,500.1979675292969,500.44000244140625,512.8900146484375,498.0400085449219,507.9599914550781,0,-1.480429392112259
20060418,517.2097778320312,517.4600219726562,518.4600219726562,500.44000244140625,500.44000244140625,0,3.4010109999635274
20060419,526.245361328125,526.5,527.2899780273438,516.5399780273438,517.4600219726562,2752600,1.7469906163729565
20060420,529.0440063476562,529.2999877929688,535.8099975585938,522.6799926757812,526.5,0,0.5318115466227402
20060421,518.1692504882812,518.4199829101562,531.239990234375,515.3300170898438,529.2999877929688,0,-2.0555460294225614
20060424,514.551025390625,514.7999877929688,518.4199829101562,509.239990234375,518.4199829101562,1804600,-0.6982746106480309
20060425,515.9703369140625,516.219970703125,518.010009765625,512.27001953125,514.7999877929688,0,0.2758319626703809
20060426,513.2316284179688,513.47998046875,518.9000244140625,510.5899963378906,516.219970703125,0,-0.530779588136232
20060427,519.8984375,520.1500244140625,524.739990234375,505.92999267578125,513.47998046875,0,1.298988120086686
20060428,516.6599731445312,516.9099731445312,523.75,515.6699829101562,520.1500244140625,0,-0.6229070686252669
20060501,511.76239013671875,512.010009765625,518.4099731445312,510.7900085449219,516.9099731445312,1802200,-0.947933611939844
20060502,513.4615478515625,513.7100219726562,515.8400268554688,511.2300109863281,513.3800048828125,0,0.33202714294773283
20060503,519.8084716796875,520.0599975585938,520.5499877929688,512.6799926757812,513.7100219726562,0,1.2361011688176715
20060504,526.585205078125,526.8400268554688,528.219970703125,520.280029296875,520.280029296875,0,1.303701366900678
20060505,528.6842041015625,528.9400024414062,532.219970703125,525.4299926757812,528.6900024414062,0,0.39859833704578573
20060508,525.1159057617188,525.3699951171875,530.6599731445312,525.22998046875,528.9400024414062,0,-0.6749361567929824
20060509,519.74853515625,520.0,525.3699951171875,516.8099975585938,525.3699951171875,0,-1.022135859888551
20060510,506.80474853515625,507.04998779296875,520.0,506.1099853515625,520.0,0,-2.490386962890623
20060511,495.2603454589844,495.5,507.04998779296875,493.8599853515625,507.04998779296875,0,-2.2778795130717344
20060512,491.3822326660156,491.6199951171875,499.760009765625,490.9599914550781,495.5,0,-0.7830484122729575
20060515,486.7344970703125,486.9700012207031,496.9599914550781,480.3599853515625,491.6199951171875,0,-0.9458512555771792
20060516,484.02581787109375,484.260009765625,490.5,479.3500061035156,486.9700012207031,0,-0.5565006978427656
20060517,478.448486328125,478.67999267578125,486.9200134277344,474.7900085449219,484.260009765625,0,-1.1522770778748415
20060518,474.1805725097656,474.4100036621094,482.760009765625,474.3500061035156,478.67999267578125,0,-0.8920341520444519
20060519,489.4331970214844,489.6700134277344,490.2900085449219,474.4100036621094,474.4100036621094,0,3.216629001882021
20060522,468.93310546875,469.1600036621094,489.55999755859375,463.6499938964844,489.55999755859375,2655500,-4.18853701537758
20060523,461.35675048828125,461.5799865722656,475.7900085449219,461.3800048828125,469.1600036621094,0,-1.6156571384339236
20060524,464.8150939941406,465.0400085449219,470.79998779296875,456.32000732421875,461.5799865722656,0,0.749603984858771
20060525,462.7660827636719,462.989990234375,469.4800109863281,460.4800109863281,465.0400085449219,0,-0.4408262241696659
20060526,466.54425048828125,466.7699890136719,468.9700012207031,461.8800048828125,462.989990234375,0,0.8164320739166175
20060530,456.44915771484375,456.6700134277344,466.9599914550781,456.4200134277344,466.7699890136719,0,-2.16380140618716
20060531,464.5152282714844,464.739990234375,466.2799987792969,456.6700134277344,456.6700134277344,0,1.7671352550757469
20060601,475.1300964355469,475.3599853515625,475.3599853515625,463.7200012207031,464.739990234375,0,2.2851476826497574
20060602,474.4204406738281,474.6499938964844,479.25,469.6499938964844,475.3599853515625,2048900,-0.1493586917192924
20060605,460.19732666015625,460.4200134277344,474.6499938964844,460.17999267578125,474.6499938964844,0,-2.9979944489061494
20060606,458.1383056640625,458.3599853515625,462.760009765625,455.7799987792969,460.4200134277344,0,-0.4474236601565984
20060607,447.3335266113281,447.54998779296875,460.2300109863281,447.44000244140625,458.3599853515625,0,-2.3584077807975445
20060608,446.5439453125,446.760009765625,448.7799987792969,434.9800109863281,447.54998779296875,0,-0.17651168559726926
20060609,443.9451904296875,444.1600036621094,456.9100036621094,442.3900146484375,446.760009765625,0,-0.5819693004482707
20060612,435.4792785644531,435.69000244140625,448.3299865722656,435.4200134277344,444.1600036621094,0,-1.9069707202061803
20060613,433.180419921875,433.3900146484375,442.82000732421875,432.4100036621094,435.69000244140625,0,-0.5278954715693951
20060614,439.1175231933594,439.3299865722656,442.29998779296875,432.9599914550781,433.3900146484375,0,1.3705834751745583
20060615,457.3586730957031,457.5799865722656,458.8900146484375,439.29998779296875,439.29998779296875,0,4.154052889125537
20060616,453.3106689453125,453.5299987792969,457.5799865722656,449.20001220703125,457.5799865722656,0,-0.8850884898413569
20060619,448.9627685546875,449.17999267578125,456.7900085449219,447.54998779296875,453.5299987792969,0,-0.9591440732088174
20060620,445.8342590332031,446.04998779296875,451.2799987792969,443.739990234375,449.17999267578125,1599500,-0.6968264245624467
20060621,455.1497497558594,455.3699951171875,460.0899963378906,446.04998779296875,446.04998779296875,0,2.0894535543726
20060622,448.9727478027344,449.19000244140625,455.3699951171875,446.4200134277344,455.3699951171875,0,-1.3571365575351213
20060623,445.194580078125,445.4100036621094,450.0799865722656,443.17999267578125,449.19000244140625,0,-0.8415144501774496
20060626,448.0931701660156,448.30999755859375,449.6600036621094,445.3299865722656,445.4100036621094,0,0.6510841410477974
20060627,431.311279296875,431.5199890136719,448.30999755859375,430.3800048828125,448.30999755859375,0,-3.745178255304782
20060628,428.85247802734375,429.05999755859375,431.55999755859375,423.2300109863281,431.5199890136719,0,-0.5700758986161736
20060629,445.9542236328125,446.1700134277344,446.4599914550781,428.9700012207031,429.05999755859375,0,3.9877909771357967
20060630,441.5063781738281,441.7200012207031,447.260009765625,440.1199951171875,446.1700134277344,0,-0.9973803870958697
20060703,445.7943115234375,446.010009765625,446.67999267578125,441.7200012207031,441.7200012207031,685700,0.9712054090976974
20060705,431.69110107421875,431.8999938964844,446.010009765625,431.44000244140625,446.010009765625,0,-3.1636096859250618
20060706,430.5716552734375,430.7799987792969,436.1400146484375,428.4700012207031,431.8999938964844,0,-0.25931815999421515
20060707,424.0348205566406,424.239990234375,431.3900146484375,421.489990234375,430.7799987792969,0,-1.5181783192010578
20060710,414.6893615722656,414.8900146484375,429.5199890136719,412.6199951171875,424.239990234375,0,-2.2039354613345163
20060711,428.332763671875,428.5400085449219,429.1199951171875,411.5,414.8900146484375,0,3.290027095024417
20060712,416.788330078125,416.989990234375,428.5400085449219,415.69000244140625,428.5400085449219,0,-2.695201866860497
20060713,410.8312072753906,411.0299987792969,423.1600036621094,410.1099853515625,416.989990234375,0,-1.4292888545665683
20060714,408.81219482421875,409.010009765625,415.1099853515625,406.1700134277344,411.0299987792969,0,-0.49144564135731317
20060717,406.5732727050781,406.7699890136719,413.3599853515625,405.4100036621094,409.010009765625,0,-0.5476689319258266
20060718,405.04400634765625,405.239990234375,410.0899963378906,394.55999755859375,406.7699890136719,0,-0.37613364324314835
20060719,414.3095397949219,414.510009765625,418.29998779296875,404.8999938964844,405.239990234375,0,2.287538188392646
20060720,403.9345397949219,404.1300048828125,416.94000244140625,403.82000732421875,414.510009765625,0,-2.504162659107223
20060721,384.6938781738281,384.8800048828125,404.1300048828125,384.2799987792969,404.1300048828125,0,-4.763318676518957
20060724,391.7404479980469,391.92999267578125,394.760009765625,384.8800048828125,384.8800048828125,0,1.8317365681585152
20060725,395.9784240722656,396.1700134277344,399.5799865722656,390.7099914550781,391.92999267578125,2088100,1.0818311512741596
20060726,395.6185607910156,395.80999755859375,400.7300109863281,386.6600036621094,396.1700134277344,0,-0.09087408358490201
20060727,399.8465270996094,400.0400085449219,407.3699951171875,395.7799987792969,395.7799987792969,2213200,1.0686973579291603
20060728,412.0106201171875,412.2099914550781,413.0199890136719,400.0400085449219,400.0400085449219,2163400,3.0421914434064945
20060731,412.5603942871094,412.760009765625,415.739990234375,409.8399963378906,412.2099914550781,0,0.13343158146297274
20060801,404.3343505859375,404.5299987792969,412.760009765625,401.010009765625,412.760009765625,0,-1.9938973717442576
20060802,408.56231689453125,408.760009765625,412.510009765625,404.5299987792969,404.5299987792969,1405600,1.045660642991253
20060803,414.82928466796875,415.0299987792969,418.2900085449219,405.1199951171875,408.760009765625,0,1.5339047029739872
20060804,410.8312072753906,411.0299987792969,424.67999267578125,406.3999938964844,415.0299987792969,0,-0.9637857532624028
20060807,408.3324279785156,408.5299987792969,413.7799987792969,406.6600036621094,411.0299987792969,0,-0.6082281116766786
20060808,405.5237731933594,405.7200012207031,412.07000732421875,402.8599853515625,408.5299987792969,0,-0.6878313874109976
20060809,408.40240478515625,408.6000061035156,420.3399963378906,405.7200012207031,405.7200012207031,0,0.7098503584115567
20060810,414.5194396972656,414.7200012207031,415.6499938964844,407.07000732421875,408.6000061035156,1697400,1.497796139444274
20060811,405.1939697265625,405.3900146484375,414.7200012207031,403.7799987792969,414.7200012207031,1472000,-2.2497074037430953
20060814,409.7117614746094,409.9100036621094,415.95001220703125,405.3900146484375,405.3900146484375,1764400,1.1149729520574692
20060815,424.9643859863281,425.1700134277344,425.79998779296875,409.9100036621094,409.9100036621094,2051600,3.7227707617020878
20060816,443.3854675292969,443.6000061035156,444.9800109863281,425.1700134277344,425.1700134277344,0,4.334734834001597
20060817,445.89422607421875,446.1099853515625,452.3599853515625,441.1499938964844,443.6000061035156,0,0.5658203817655361
20060818,445.65435791015625,445.8699951171875,446.489990234375,435.8299865722656,446.1099853515625,0,-0.05379620323581191
20060821,436.5387878417969,436.75,445.8699951171875,434.07000732421875,445.8699951171875,0,-2.045438180873893
20060822,435.62921142578125,435.8399963378906,442.05999755859375,434.0899963378906,436.75,0,-0.20835802223454492
20060823,431.5011901855469,431.7099914550781,442.29998779296875,430.4200134277344,436.5799865722656,0,-0.9475965761551297
20060824,434.3997802734375,434.6099853515625,435.69000244140625,428.8800048828125,433.3299865722656,1808700,0.6717458372251128
20060825,433.4802551269531,433.69000244140625,439.6700134277344,432.4700012207031,434.510009765625,0,-0.2116801134727897
20060828,438.22796630859375,438.44000244140625,439.4100036621094,433.6300048828125,433.8900146484375,1662500,1.0952523630382238
20060829,445.49444580078125,445.7099914550781,446.4599914550781,436.30999755859375,439.1600036621094,0,1.6581491134909587
20060830,453.5205383300781,453.739990234375,454.5,443.3900146484375,446.32000732421875,0,1.8016196480320934
20060831,449.00274658203125,449.2200012207031,454.1300048828125,447.5400085449219,453.75,1599200,-0.996162804900036
20060901,444.30499267578125,444.5199890136719,452.6099853515625,442.8500061035156,449.3500061035156,0,-1.0462606727793755
20060905,451.74139404296875,451.9599914550781,452.04998779296875,441.0199890136719,444.5299987792969,2228600,1.6737160589593625
20060906,436.9085998535156,437.1199951171875,451.5799865722656,437.1099853515625,451.3500061035156,0,-3.2834756656476394
20060907,435.3493347167969,435.55999755859375,442.05999755859375,432.2300109863281,436.510009765625,0,-0.35688085102937306
20060908,438.47784423828125,438.69000244140625,440.25,433.07000732421875,435.7699890136719,0,0.7186162412427421
20060911,448.8128356933594,449.0299987792969,452.3299865722656,436.0899963378906,436.94000244140625,0,2.3570166359721645
20060912,465.72467041015625,465.95001220703125,468.04998779296875,449.8699951171875,450.07000732421875,0,3.7681253977979168
20060913,462.0964050292969,462.32000732421875,468.4100036621094,459.8800048828125,466.1600036621094,0,-0.7790545740343546
20060914,463.60565185546875,463.8299865722656,465.6199951171875,458.55999755859375,462.5400085449219,2102400,0.3266091071390642
20060915,464.1654357910156,464.3900146484375,473.45001220703125,462.3800048828125,465.760009765625,0,0.12073994618384543
20060918,468.5133056640625,468.739990234375,472.5899963378906,461.8399963378906,462.8599853515625,3674700,0.93670739006535
20060919,458.2082824707031,458.42999267578125,467.5899963378906,452.9700012207031,467.3800048828125,0,-2.199513114602969
20060920,459.9774475097656,460.20001220703125,462.82000732421875,457.6400146484375,459.510009765625,2410000,0.38610465273414274
20060921,451.8613586425781,452.0799865722656,463.0799865722656,451.4200134277344,460.7200012207031,0,-1.7644557625767
20060922,449.08270263671875,449.29998779296875,454.4200134277344,447.6499938964844,452.32000732421875,0,-0.6149351579076145
20060925,460.3472595214844,460.57000732421875,461.69000244140625,445.9200134277344,451.0199890136719,0,2.508350731681541
20060926,458.76800537109375,458.989990234375,460.6600036621094,453.42999267578125,460.5,0,-0.3430568783719168
20060927,455.549560546875,455.7699890136719,464.67999267578125,454.67999267578125,459.29998779296875,0,-0.7015406194498697
20060928,459.8974609375,460.1199951171875,460.6300048828125,454.1499938964844,455.8500061035156,0,0.9544301310688397
20060929,454.4801025390625,454.70001220703125,460.9100036621094,454.5400085449219,460.80999755859375,0,-1.1779498756136042
20061002,453.0307922363281,453.25,460.3500061035156,452.8800048828125,454.9200134277344,0,-0.31889425293681883
20061003,448.0632019042969,448.2799987792969,450.7099914550781,443.80999755859375,448.2300109863281,0,-1.0965253658473562
20061004,456.549072265625,456.7699890136719,457.1600036621094,445.69000244140625,447.4800109863281,0,1.893903421409382
20061005,455.18975830078125,455.4100036621094,456.5199890136719,452.1300048828125,456.5199890136719,2182200,-0.29773964670909425
20061006,451.10174560546875,451.32000732421875,454.1499938964844,449.17999267578125,453.5799865722656,0,-0.8980910179841373
20061009,456.1692810058594,456.3900146484375,460.510009765625,450.6600036621094,451.32000732421875,2156000,1.1233730483781956
20061010,454.5000915527344,454.7200012207031,457.7900085449219,453.3699951171875,456.3900146484375,2449600,-0.3659180468750578
20061011,460.3472595214844,460.57000732421875,465.0,452.42999267578125,453.5299987792969,0,1.2865073205073907
20061012,466.6242370605469,466.8500061035156,466.94000244140625,458.25,461.8699951171875,0,1.3635275157802607
20061013,471.04205322265625,471.2699890136719,473.5299987792969,464.5899963378906,465.1400146484375,0,0.9467672383785208
20061016,475.23004150390625,475.4599914550781,476.95001220703125,472.1600036621094,472.70001220703125,0,0.8890874740773436
20061017,463.5157165527344,463.739990234375,472.05999755859375,460.7900085449219,472.0299987792969,0,-2.464981582327408
20061018,450.2321472167969,450.45001220703125,462.4599914550781,449.510009765625,461.42999267578125,0,-2.86582531315166
20061019,448.872802734375,449.0899963378906,452.4100036621094,444.1300048828125,449.510009765625,3419000,-0.30192381669101875
20061020,447.0137023925781,447.2300109863281,451.6000061035156,445.6000061035156,451.4800109863281,2621800,-0.4141676204613254
20061023,449.33258056640625,449.54998779296875,453.29998779296875,444.9700012207031,446.8500061035156,0,0.5187435435122234
20061024,444.2350769042969,444.45001220703125,452.55999755859375,444.45001220703125,450.04998779296875,0,-1.13446240116154
20061025,455.76947021484375,455.989990234375,456.92999267578125,445.7900085449219,446.6600036621094,0,2.5964625290567644
20061026,461.0469055175781,461.2699890136719,461.55999755859375,452.45001220703125,456.44000244140625,0,1.1579198869218654
20061027,452.09124755859375,452.30999755859375,461.4800109863281,449.7900085449219,460.57000732421875,0,-1.9424613932151003
20061030,457.17877197265625,457.3999938964844,459.5899963378906,452.54998779296875,452.8800048828125,0,1.1253335909806594
20061031,457.91845703125,458.1400146484375,460.70001220703125,454.2900085449219,457.7099914550781,0,0.16178853559858375
20061101,449.0727233886719,449.2900085449219,460.05999755859375,447.94000244140625,458.9800109863281,0,-1.9317251976574967
20061102,447.1336669921875,447.3500061035156,450.760009765625,446.7099914550781,448.4800109863281,0,-0.43179291871839887
20061103,448.9527893066406,449.1700134277344,450.6199951171875,445.3500061035156,449.05999755859375,0,0.4068419133535395
20061106,456.8689270019531,457.0899963378906,458.29998779296875,447.760009765625,450.0799865722656,0,1.7632483632904927
20061107,465.6047058105469,465.8299865722656,470.489990234375,457.6400146484375,457.6400146484375,0,1.9120939649517554
20061108,465.4447937011719,465.6700134277344,467.8699951171875,460.3699951171875,464.1000061035156,0,-0.034341529987880204
20061109,456.4991149902344,456.7200012207031,470.19000244140625,456.2799987792969,467.3900146484375,0,-1.9219644703234007
20061110,461.0968933105469,461.32000732421875,461.3599853515625,454.19000244140625,457.3699951171875,0,1.007182976708032
20061113,468.30340576171875,468.5299987792969,469.42999267578125,459.2699890136719,460.6199951171875,0,1.5629045652925555
20061114,481.5669860839844,481.79998779296875,482.260009765625,464.82000732421875,468.7099914550781,0,2.8322602711129186
20061115,483.6159973144531,483.8500061035156,487.82000732421875,479.67999267578125,481.79998779296875,3164800,0.4254915654808622
20061116,485.6949768066406,485.92999267578125,487.5299987792969,479.6300048828125,483.8500061035156,2541300,0.4298825144213536
20061117,483.01629638671875,483.25,484.4800109863281,479.4100036621094,484.04998779296875,0,-0.5515182672762853
20061120,491.482177734375,491.7200012207031,492.1099853515625,480.1499938964844,482.67999267578125,0,1.7527162381175687
20061121,486.0848083496094,486.32000732421875,492.07000732421875,483.260009765625,491.3900146484375,0,-1.0981847155045132
20061122,492.0918884277344,492.3299865722656,492.5,486.1199951171875,486.6199951171875,0,1.235807525401711
20061124,489.09332275390625,489.3299865722656,491.8699951171875,486.55999755859375,490.1499938964844,733200,-0.6093474055656856
20061127,477.60888671875,477.8399963378906,491.80999755859375,477.54998779296875,487.8800048828125,2130000,-2.3481067070632355
20061128,478.2286071777344,478.4599914550781,478.9700012207031,473.3999938964844,476.5400085449219,2101900,0.12974952325863764
20061129,476.15960693359375,476.3900146484375,483.04998779296875,473.4100036621094,479.9200134277344,2021000,-0.43263320729188814
20061130,478.788330078125,479.0199890136719,482.4700012207031,473.2099914550781,476.29998779296875,2165500,0.5520632852002993
20061201,473.8607177734375,474.0899963378906,482.239990234375,467.6499938964844,478.82000732421875,2575000,-1.0291830797984791
20061204,483.18621826171875,483.4200134277344,487.5,473.2099914550781,474.92999267578125,2178500,1.9679843831157617
20061205,486.8843994140625,487.1199951171875,490.6600036621094,484.7900085449219,485.05999755859375,1730300,0.7653761918581026
20061206,488.59356689453125,488.8299865722656,491.54998779296875,482.5,485.5,1972200,0.35104111352823875
20061207,480.32757568359375,480.55999755859375,493.25,480.32000732421875,489.42999267578125,2063700,-1.6917924924495842
20061208,477.1491394042969,477.3800048828125,481.1700134277344,472.69000244140625,477.489990234375,2117600,-0.6617264632796438
20061211,475.94970703125,476.17999267578125,481.1700134277344,474.5899963378906,476.6099853515625,1831100,-0.25137462708054725
20061212,472.601318359375,472.8299865722656,478.3900146484375,469.32000732421875,476.1199951171875,2221900,-0.7035167699279143
20061213,466.7841491699219,467.010009765625,475.6499938964844,466.0899963378906,474.4800109863281,2172700,-1.2308814948121194
20061214,475.47991943359375,475.7099914550781,477.75,467.5899963378906,467.7200012207031,2619900,1.8629111812441312
20061215,475.60986328125,475.8399963378906,479.8999938964844,474.1600036621094,477.19000244140625,0,0.02732860043885843
20061218,476.1995849609375,476.42999267578125,483.1300048828125,474.010009765625,477.0199890136719,1963400,0.1239904889104082
20061219,469.47283935546875,469.70001220703125,474.0899963378906,466.8800048828125,474.0799865722656,2206800,-1.41258538971325
20061220,472.65130615234375,472.8800048828125,477.3699951171875,470.7699890136719,470.8999938964844,1641400,0.6770263132076737
20061221,466.2743835449219,466.5,474.010009765625,464.3500061035156,473.4599914550781,1983100,-1.3491805144930091
20061222,463.4457702636719,463.6700134277344,469.07000732421875,463.6499938964844,466.9700012207031,1504800,-0.6066423520397879
20061226,467.2638854980469,467.489990234375,469.1499938964844,463.4700012207031,463.739990234375,1085600,0.8238567722766987
20061227,469.7427062988281,469.9700012207031,472.2300109863281,468.8800048828125,469.7200012207031,1114200,0.5304949920071689
20061228,468.7731628417969,469.0,471.70001220703125,468.3599853515625,469.1300048828125,1093700,-0.2063964121504891
20061229,466.81414794921875,467.0400085449219,472.2699890136719,466.80999755859375,468.1199951171875,1158700,-0.41790862581623234
20070103,464.8350830078125,465.05999755859375,477.239990234375,459.7300109863281,469.9100036621094,2626300,-0.42394890161485677
20070104,474.1905822753906,474.4200134277344,475.760009765625,462.8999938964844,465.6700134277344,2717300,2.0126469527109503
20070105,468.8631286621094,469.0899963378906,471.2900085449219,465.1199951171875,471.2699890136719,2443700,-1.1234806582744672
20070108,471.7117614746094,471.94000244140625,476.9700012207031,468.80999755859375,469.9800109863281,2088700,0.6075606228581165
20070109,475.15008544921875,475.3800048828125,477.79998779296875,470.2900085449219,473.1600036621094,2351800,0.7289067304340868
20070110,483.5360107421875,483.7699890136719,484.8299865722656,471.29998779296875,473.6499938964844,2832500,1.764900510051448
20070111,482.126708984375,482.3599853515625,488.42999267578125,481.4599914550781,484.3800048828125,3150600,-0.2914615817703248
20070112,482.2766418457031,482.510009765625,483.5400085449219,477.7300109863281,479.6199951171875,3802700,0.03110216821844425
20070116,476.279541015625,476.510009765625,482.25,474.5,481.5899963378906,3147300,-1.2434975189249298
20070117,472.40142822265625,472.6300048828125,476.8800048828125,470.8599853515625,473.17999267578125,3701200,-0.8142546438260401
20070118,454.1502380371094,454.3699951171875,469.2900085449219,453.3399963378906,469.2900085449219,3667300,-3.8634893208171373
20070119,456.6090393066406,456.8299865722656,460.989990234375,451.7699890136719,453.4100036621094,2691000,0.5414071090771966
20070122,452.01129150390625,452.2300109863281,458.04998779296875,449.3299865722656,457.19000244140625,2590600,-1.0069338093264268
20070123,452.5610046386719,452.7799987792969,458.19000244140625,452.260009765625,452.9200134277344,2880700,0.12161682763363046
20070124,458.4981384277344,458.7200012207031,459.3699951171875,452.3800048828125,454.1499938964844,3182100,1.3118959444808898
20070125,455.9093933105469,456.1300048828125,468.5799865722656,455.5400085449219,458.9200134277344,3047800,-0.5646137798653528
20070126,462.5561828613281,462.7799987792969,465.010009765625,453.69000244140625,457.1700134277344,2561500,1.4579163451860389
20070129,460.0074157714844,460.2300109863281,465.0899963378906,459.3599853515625,461.32000732421875,2774700,-0.5510151259118801
20070130,460.3072814941406,460.5299987792969,463.1000061035156,457.9700012207031,461.2799987792969,2062400,0.06518214497264196
20070131,458.7080383300781,458.92999267578125,460.1700134277344,450.8999938964844,457.010009765625,2453000,-0.3474271182673627
20070201,462.3262939453125,462.54998779296875,464.8900146484375,457.92999267578125,460.04998779296875,2215600,0.7887902675702607
20070202,466.2643737792969,466.489990234375,467.75,462.44000244140625,462.6600036621094,2087500,0.8518003557206333
20070205,466.8940734863281,467.1199951171875,471.5400085449219,465.32000732421875,466.8299865722656,2185200,0.13505217603833053
20070206,464.3852844238281,464.6099853515625,467.3399963378906,459.3999938964844,467.3299865722656,2273400,-0.5373372563500123
20070207,470.89215087890625,471.1199951171875,474.5899963378906,463.739990234375,463.739990234375,2575800,1.4011773252567972
20070208,468.5732727050781,468.79998779296875,471.1199951171875,466.8299865722656,471.1199951171875,1874600,-0.49244509854472485
20070209,462.0964050292969,462.32000732421875,475.1199951171875,461.2900085449219,468.79998779296875,3186300,-1.3822484294969017
20070212,457.568603515625,457.7900085449219,462.4700012207031,456.7799987792969,462.32000732421875,2045200,-0.9798405233455654
20070213,459.567626953125,459.7900085449219,461.25,456.8699951171875,457.7900085449219,2109200,0.43688153141590025
20070214,469.38287353515625,469.6099853515625,471.20001220703125,459.7900085449219,459.7900085449219,2844500,2.1357525444533954
20070215,472.7912292480469,473.0199890136719,474.1300048828125,469.2799987792969,469.6099853515625,2056500,0.7261352544615463
20070216,472.0216064453125,472.25,473.1400146484375,470.82000732421875,473.0199890136719,1853800,-0.16278149582588108
20070220,473.3009948730469,473.5299987792969,474.1000061035156,466.19000244140625,472.25,2113100,0.2710426213439643
20070221,472.0115966796875,472.239990234375,473.5299987792969,469.4200134277344,473.5299987792969,2147600,-0.2724238270536916
20070222,485.0353088378906,485.2699890136719,485.29998779296875,472.239990234375,472.239990234375,2837500,2.7591900408159065
20070223,488.26373291015625,488.5,491.67999267578125,486.67999267578125,486.67999267578125,2605900,0.6656111153490629
20070226,487.7539978027344,487.989990234375,492.2699890136719,485.2699890136719,489.4599914550781,0,-0.10440322735414398
20070227,473.0710754394531,473.29998779296875,486.6700134277344,471.2099914550781,484.69000244140625,0,-3.0103081488107697
20070228,473.3209533691406,473.54998779296875,478.2699890136719,469.9599914550781,473.6499938964844,0,0.05282062253282316
20070301,469.4028625488281,469.6300048828125,474.17999267578125,461.4800109863281,468.6099853515625,0,-0.8277865085427938
20070302,461.11688232421875,461.3399963378906,469.5199890136719,461.29998779296875,468.6700134277344,0,-1.7652212292079805
20070305,457.67852783203125,457.8999938964844,466.69000244140625,456.989990234375,459.760009765625,0,-0.74565449965599
20070306,465.29486083984375,465.5199890136719,466.5400085449219,461.6400146484375,461.989990234375,0,1.664117759064676
20070307,463.1958923339844,463.4200134277344,466.7300109863281,461.1199951171875,464.80999755859375,0,-0.4511032040507734
20070308,471.5218505859375,471.75,474.8800048828125,468.42999267578125,468.5,0,1.7975025529544997
20070309,474.82025146484375,475.04998779296875,479.8500061035156,470.8900146484375,475.3599853515625,0,0.6995204648582387
20070312,479.07818603515625,479.30999755859375,481.6000061035156,474.5899963378906,475.2300109863281,0,0.8967497895151055
20070313,471.10205078125,471.3299865722656,479.79998779296875,471.2699890136719,477.489990234375,0,-1.664895584689452
20070314,473.4508972167969,473.67999267578125,473.9100036621094,465.42999267578125,471.760009765625,0,0.4985904080930581
20070315,474.0705871582031,474.29998779296875,474.69000244140625,471.75,474.05999755859375,0,0.13088902355473664
20070316,471.76171875,471.989990234375,475.4599914550781,469.17999267578125,474.0199890136719,0,-0.4870330208825657
20070319,468.943115234375,469.1700134277344,475.2300109863281,467.55999755859375,473.25,0,-0.597465383797724
20070320,473.4309387207031,473.6600036621094,475.55999755859375,468.2799987792969,469.67999267578125,0,0.9570070775775541
20070321,482.2166748046875,482.45001220703125,484.3699951171875,472.6099853515625,476.0,0,1.855763306372027
20070322,476.0196838378906,476.25,483.4100036621094,474.57000732421875,483.1099853515625,0,-1.2851097627023522
20070323,479.0382080078125,479.2699890136719,482.7799987792969,476.8599853515625,476.9100036621094,0,0.634118428067576
20070326,478.5384521484375,478.7699890136719,481.2200012207031,472.75,479.2699890136719,0,-0.10432533049461457
20070327,475.3100280761719,475.5400085449219,480.1700134277344,475.4599914550781,477.92999267578125,0,-0.6746413816380081
20070328,468.88311767578125,469.1099853515625,474.7099914550781,468.9200134277344,474.7099914550781,0,-1.3521518858180315
20070329,464.4852294921875,464.7099914550781,473.2200012207031,460.1300048828125,471.2099914550781,0,-0.9379450520941024
20070330,465.3448486328125,465.57000732421875,468.5299987792969,462.92999267578125,465.57000732421875,0,0.1850650696034739
20070402,465.22491455078125,465.45001220703125,467.6199951171875,461.260009765625,466.1199951171875,0,-0.02577380744028801
20070403,468.3733825683594,468.6000061035156,471.489990234375,465.260009765625,465.6600036621094,0,0.6767630924635615
20070404,472.7912292480469,473.0199890136719,473.79998779296875,469.0799865722656,469.1300048828125,0,0.9432315093013122
20070405,475.3699951171875,475.6000061035156,476.4800109863281,472.70001220703125,472.8800048828125,0,0.5454351084028142
20070409,472.5413513183594,472.7699890136719,477.79998779296875,471.20001220703125,475.5400085449219,0,-0.5950414326167608
20070410,476.3494873046875,476.5799865722656,476.7799987792969,471.3800048828125,472.7300109863281,0,0.8058882008442403
20070411,471.05206298828125,471.2799987792969,476.2900085449219,470.44000244140625,476.2200012207031,0,-1.1120877800782525
20070412,475.64984130859375,475.8800048828125,476.5,469.44000244140625,471.1499938964844,0,0.9760664818007303
20070413,472.15155029296875,472.3800048828125,475.5299987792969,468.8900146484375,475.1700134277344,0,-0.7354795251088286
20070416,473.770751953125,474.0,474.0799865722656,469.82000732421875,472.4800109863281,0,0.3429432026000656
20070417,471.281982421875,471.510009765625,474.0,469.4100036621094,473.95001220703125,0,-0.5253143954377593
20070418,483.2161865234375,483.45001220703125,487.2900085449219,471.3699951171875,471.3699951171875,0,2.532290342540411
20070419,486.2047424316406,486.44000244140625,489.82000732421875,478.5199890136719,482.8999938964844,0,0.6184693678515263
20070420,487.0743103027344,487.30999755859375,492.489990234375,483.8299865722656,486.9100036621094,0,0.17884941880212946
20070423,483.8258972167969,484.05999755859375,487.3500061035156,483.5799865722656,487.260009765625,0,-0.6669266003739738
20070424,498.7786560058594,499.0199890136719,501.6400146484375,484.3900146484375,484.3900146484375,0,3.0905242181817005
20070425,502.5968017578125,502.8399963378906,503.42999267578125,496.0799865722656,498.8699951171875,0,0.7655018653198953
20070426,506.23504638671875,506.4800109863281,506.8699951171875,500.260009765625,502.4599914550781,0,0.7238912327871994
20070427,498.4288330078125,498.6700134277344,506.1199951171875,497.1199951171875,506.1199951171875,0,-1.5420149639043812
20070430,492.70159912109375,492.94000244140625,499.4700012207031,492.8900146484375,498.8999938964844,0,-1.1490586624492316
20070501,493.8910217285156,494.1300048828125,495.29998779296875,488.32000732421875,492.9700012207031,0,0.2414091847917632
20070502,498.1689453125,498.4100036621094,500.54998779296875,493.6700134277344,494.05999755859375,0,0.8661685663698737
20070503,500.14801025390625,500.3900146484375,502.5799865722656,497.80999755859375,498.5400085449219,0,0.3972654986416524
20070504,505.3654479980469,505.6099853515625,506.3699951171875,500.4599914550781,501.1300048828125,0,1.0431804293282054
20070507,503.5963134765625,503.8399963378906,506.70001220703125,503.6099853515625,505.07000732421875,0,-0.35007002728419945
20070508,500.87762451171875,501.1199951171875,503.7900085449219,497.0199890136719,503.75,0,-0.5398541680837532
20070509,509.37353515625,509.6199951171875,510.260009765625,498.8999938964844,500.80999755859375,0,1.6962005273831293
20070510,498.6587219238281,498.8999938964844,509.55999755859375,497.2200012207031,509.55999755859375,0,-2.103528378677144
20070511,504.6158142089844,504.8599853515625,505.4200134277344,498.69000244140625,498.7799987792969,0,1.1946264838629705
20070514,503.8861999511719,504.1300048828125,508.70001220703125,501.29998779296875,504.95001220703125,0,-0.14459067660941294
20070515,497.839111328125,498.0799865722656,505.2799987792969,497.0,504.1400146484375,0,-1.2000908995593806
20070516,497.28936767578125,497.5299987792969,498.260009765625,492.1099853515625,498.1700134277344,0,-0.11042158042802175
20070517,492.0618896484375,492.29998779296875,497.6400146484375,490.5899963378906,497.4700012207031,0,-1.0511951036440204
20070518,491.4721984863281,491.7099914550781,495.07000732421875,487.1600036621094,492.32000732421875,0,-0.11984488168192975
20070521,490.6225891113281,490.8599853515625,497.7300109863281,489.260009765625,491.4800109863281,0,-0.17286736456183505
20070522,492.78155517578125,493.0199890136719,496.1099853515625,487.739990234375,491.1400146484375,0,0.4400447635922733
20070523,486.3746337890625,486.6099853515625,493.1300048828125,486.42999267578125,493.0299987792969,0,-1.300150867094274
20070524,478.6084289550781,478.8399963378906,488.04998779296875,477.1600036621094,486.3999938964844,0,-1.5967590570625578
20070525,480.3975524902344,480.6300048828125,482.8299865722656,478.1000061035156,478.8599853515625,0,0.37382185252101685
20070529,482.93634033203125,483.1700134277344,484.54998779296875,480.05999755859375,480.42999267578125,0,0.5284748182837973
20070530,481.18719482421875,481.4200134277344,483.010009765625,476.8599853515625,483.010009765625,0,-0.36219135115299617
20070531,488.02386474609375,488.260009765625,488.8800048828125,481.45001220703125,481.45001220703125,0,1.420796009120906
20070601,489.7430419921875,489.9800109863281,494.8399963378906,488.3800048828125,488.3800048828125,0,0.3522715738134563
20070604,490.20281982421875,490.44000244140625,493.0199890136719,487.5299987792969,489.8500061035156,0,0.09387963687583767
20070605,487.00433349609375,487.239990234375,490.760009765625,482.5,490.1199951171875,0,-0.6524778140244658
20070606,481.5169982910156,481.75,488.3800048828125,481.3900146484375,487.44000244140625,0,-1.126752800346742
20070607,473.4309387207031,473.6600036621094,483.9700012207031,473.6400146484375,481.760009765625,0,-1.6792934795828995
20070608,488.1238098144531,488.3599853515625,488.5799865722656,473.8999938964844,474.07000732421875,0,3.1034880665034015
20070611,486.134765625,486.3699951171875,491.17999267578125,486.239990234375,488.29998779296875,0,-0.4074842931577338
20070612,481.5669860839844,481.79998779296875,488.1700134277344,479.8999938964844,486.1300048828125,0,-0.9396153895385062
20070613,488.5036315917969,488.739990234375,488.8399963378906,481.79998779296875,481.79998779296875,0,1.4404322576256234
20070614,493.79107666015625,494.0299987792969,496.2699890136719,488.3399963378906,488.70001220703125,0,1.0823768569429015
20070615,502.2469787597656,502.489990234375,502.7300109863281,494.2699890136719,494.2699890136719,0,1.7124448871489673
20070618,502.9466552734375,503.19000244140625,504.6099853515625,500.8999938964844,502.4599914550781,0,0.13930868686653497
20070619,500.5677795410156,500.80999755859375,502.6600036621094,497.239990234375,502.6600036621094,0,-0.47298334054036717
20070620,497.3493347167969,497.5899963378906,504.3699951171875,497.5,500.989990234375,0,-0.6429586542601728
20070621,512.2521362304688,512.5,512.9600219726562,497.5299987792969,497.69000244140625,0,2.9964436125811345
20070622,504.48590087890625,504.7300109863281,512.0900268554688,503.1199951171875,512.0900268554688,0,-1.5160954173018326
20070625,496.9395446777344,497.17999267578125,505.1199951171875,495.70001220703125,504.489990234375,0,-1.4958528611747957
20070626,495.6501770019531,495.8900146484375,500.80999755859375,492.80999755859375,497.3800048828125,0,-0.25945895779135864
20070627,506.52490234375,506.7699890136719,507.1600036621094,494.010009765625,495.8599853515625,0,2.194029733175351
20070628,501.9971008300781,502.239990234375,506.92999267578125,502.0299987792969,506.4800109863281,0,-0.8938964180009168
20070629,500.9176330566406,501.1600036621094,506.4200134277344,498.5799865722656,503.1600036621094,0,-0.21503396648315798
20070702,505.1655578613281,505.4100036621094,506.0799865722656,501.1000061035156,501.2900085449219,0,0.8480325582536752
20070703,505.2655334472656,505.510009765625,507.2099914550781,504.010009765625,505.3599853515625,0,0.019787123877845758
20070705,509.1136474609375,509.3599853515625,509.8699951171875,504.2099914550781,505.5899963378906,0,0.7616022455663174
20070706,514.401123046875,514.6500244140625,515.1500244140625,509.25,509.4800109863281,0,1.038565889475751
20070709,520.2782592773438,520.530029296875,522.1799926757812,515.010009765625,515.3499755859375,0,1.1425249400321968
20070710,516.3001708984375,516.5499877929688,522.6799926757812,515.3599853515625,520.469970703125,0,-0.764613236489442
20070711,515.7504272460938,516.0,518.5700073242188,513.469970703125,516.5599975585938,0,-0.10647329512457615
20070712,530.7032470703125,530.9600219726562,530.989990234375,516.4099731445312,516.4099731445312,0,2.8992290644682672
20070713,529.6337280273438,529.8900146484375,531.4600219726562,528.0900268554688,530.9600219726562,0,-0.2015231429747577
20070716,530.6531982421875,530.9099731445312,532.9299926757812,528.719970703125,529.760009765625,0,0.1924849436482523
20070717,546.32568359375,546.5900268554688,549.3900146484375,531.0499877929688,531.0499877929688,0,2.9534298664736003
20070718,539.0092163085938,539.27001953125,545.4099731445312,533.4299926757812,545.4099731445312,0,-1.339213480774748
20070719,543.277099609375,543.5399780273438,544.72998046875,537.780029296875,539.7100219726562,0,0.7918034271227059
20070720,536.6103515625,536.8699951171875,547.5800170898438,536.1500244140625,547.0399780273438,0,-1.2271375022612774
20070723,533.6817626953125,533.9400024414062,540.2899780273438,533.530029296875,537.0900268554688,0,-0.545754596537229
20070724,523.4866943359375,523.739990234375,533.4500122070312,522.530029296875,533.4500122070312,0,-1.9103292805169758
20070725,524.0064697265625,524.260009765625,529.5399780273438,520.989990234375,523.9199829101562,0,0.09928963625964737
20070726,512.35205078125,512.5999755859375,524.260009765625,505.2099914550781,524.260009765625,0,-2.2240937631119784
20070727,502.0370788574219,502.2799987792969,515.239990234375,502.1700134277344,512.52001953125,0,-2.013261275489564
20070730,510.6329345703125,510.8800048828125,513.4000244140625,502.7699890136719,502.7699890136719,0,1.7121936219671063
20070731,498.838623046875,499.0799865722656,515.1300048828125,498.7699890136719,510.92999267578125,0,-2.3097436184165376
20070801,500.6777648925781,500.9200134277344,502.3699951171875,490.17999267578125,499.0799865722656,0,0.3686837591116987
20070802,499.88812255859375,500.1300048828125,502.79998779296875,494.7699890136719,500.95001220703125,0,-0.15771151556033258
20070803,487.3941650390625,487.6300048828125,502.07000732421875,487.5799865722656,500.010009765625,0,-2.4993501445547017
20070806,494.95050048828125,495.19000244140625,495.2200012207031,486.4700012207031,487.82000732421875,0,1.5503552863631809
20070807,494.0909118652344,494.3299865722656,498.3500061035156,485.7300109863281,495.1199951171875,0,-0.17367391605253024
20070808,505.3754577636719,505.6199951171875,510.9100036621094,493.95001220703125,493.95001220703125,0,2.2839012100414724
20070809,501.9171447753906,502.1600036621094,511.989990234375,499.010009765625,504.92999267578125,0,-0.6843066904971162
20070810,504.0361022949219,504.2799987792969,509.95001220703125,496.9700012207031,502.239990234375,0,0.42217522338039437
20070813,501.46734619140625,501.7099914550781,508.45001220703125,501.3599853515625,504.69000244140625,0,-0.5096389566193293
20070814,490.2627868652344,490.5,504.25,490.4100036621094,501.6300048828125,0,-2.234356828845785
20070815,478.8982849121094,479.1300048828125,490.67999267578125,478.8599853515625,490.4599914550781,0,-2.3180418179790996
20070816,477.47894287109375,477.7099914550781,481.8599853515625,465.3800048828125,478.0799865722656,0,-0.29637330437731757
20070817,487.5740661621094,487.80999755859375,494.6199951171875,479.1400146484375,479.1400146484375,0,2.1142547328247385
20070820,491.9020080566406,492.1400146484375,494.6199951171875,487.20001220703125,487.7699890136719,0,0.887644187596548
20070821,491.7920227050781,492.0299987792969,494.6099853515625,489.8800048828125,491.4200134277344,0,-0.022354587285333682
20070822,496.2398986816406,496.4800109863281,497.1499938964844,492.0400085449219,492.0400085449219,0,0.904418880570601
20070823,492.5616455078125,492.79998779296875,497.6700134277344,490.2900085449219,496.5799865722656,0,-0.741222831116295
20070824,495.4802551269531,495.7200012207031,495.82000732421875,489.0799865722656,492.79998779296875,0,0.5925352069937828
20070827,487.3141784667969,487.54998779296875,495.67999267578125,487.3599853515625,495.67999267578125,0,-1.648110507467082
20070828,475.8497314453125,476.0799865722656,487.42999267578125,475.8599853515625,487.42999267578125,0,-2.352579531921495
20070829,489.10333251953125,489.3399963378906,489.760009765625,476.44000244140625,476.44000244140625,0,2.785248306927568
20070830,489.9029541015625,490.1400146484375,495.1600036621094,486.3800048828125,489.2900085449219,0,0.16348925420648364
20070831,497.1994323730469,497.44000244140625,498.8900146484375,490.8599853515625,490.8599853515625,0,1.4893678489410478
20070904,508.16412353515625,508.4100036621094,512.5999755859375,497.30999755859375,497.30999755859375,0,2.205291324956371
20070905,501.89715576171875,502.1400146484375,508.07000732421875,497.8399963378906,508.07000732421875,0,-1.2332544537890233
20070906,505.3654479980469,505.6099853515625,507.6499938964844,499.989990234375,502.260009765625,0,0.6910364842273031
20070907,492.71160888671875,492.95001220703125,504.8399963378906,489.6400146484375,504.8399963378906,0,-2.503900933785652
20070910,495.62017822265625,495.8599853515625,500.260009765625,490.4100036621094,493.19000244140625,0,0.5903180996999602
20070911,499.6882019042969,499.92999267578125,503.42999267578125,495.4599914550781,496.05999755859375,0,0.8207976937951722
20070912,489.972900390625,490.2099914550781,499.5400085449219,489.70001220703125,499.3500061035156,0,-1.9442724707670833
20070913,487.9438781738281,488.17999267578125,492.2300109863281,486.3500061035156,490.30999755859375,0,-0.41410799752801264
20070914,486.76446533203125,487.0,488.4700012207031,483.95001220703125,487.5299987792969,0,-0.2417126251556434
20070917,484.0657653808594,484.29998779296875,486.92999267578125,482.260009765625,486.92999267578125,0,-0.5544172909715095
20070918,497.8191223144531,498.05999755859375,498.80999755859375,484.8500061035156,484.8500061035156,0,2.841216211532749
20070919,498.4888000488281,498.7300109863281,504.4100036621094,496.1000061035156,498.17999267578125,0,0.13452464181398227
20070920,498.9085998535156,499.1499938964844,501.2699890136719,496.05999755859375,498.6000061035156,0,0.08421047478688326
20070921,500.88763427734375,501.1300048828125,504.32000732421875,499.29998779296875,499.29998779296875,0,0.39667655224668863
20070924,495.04046630859375,495.2799987792969,502.239990234375,493.42999267578125,501.1600036621094,0,-1.1673629689931686
20070925,496.9595642089844,497.20001220703125,498.1300048828125,490.9599914550781,495.0299987792969,0,0.38766221782962074
20070926,495.4202880859375,495.6600036621094,502.739990234375,494.70001220703125,497.8599853515625,0,-0.30973622427841185
20070927,498.64874267578125,498.8900146484375,501.6099853515625,495.8699951171875,495.8699951171875,0,0.6516585890456561
20070928,499.84814453125,500.0899963378906,503.010009765625,498.8299865722656,498.9800109863281,0,0.24053030812787313
20071001,505.7752685546875,506.0199890136719,508.29998779296875,500.17999267578125,500.17999267578125,0,1.1857851025227406
20071002,505.7253112792969,505.9700012207031,508.1600036621094,503.1199951171875,506.0799865722656,0,-0.009878620223324752
20071003,494.95050048828125,495.19000244140625,504.6099853515625,491.4100036621094,504.6099853515625,0,-2.130560854060326
20071004,493.7510681152344,493.989990234375,495.3800048828125,490.1400146484375,495.2799987792969,0,-0.24233369032389263
20071005,498.6087341308594,498.8500061035156,501.29998779296875,493.1199951171875,494.2900085449219,0,0.9838288154046859
20071008,500.8676452636719,501.1099853515625,501.6300048828125,495.6499938964844,498.7699890136719,0,0.4530378310906302
20071009,496.4397888183594,496.67999267578125,501.0,491.3399963378906,501.0,0,-0.884036001133226
20071010,493.5811767578125,493.82000732421875,496.0899963378906,488.8500061035156,496.0899963378906,0,-0.5758205270469663
20071011,481.4770202636719,481.7099914550781,495.989990234375,479.5,493.489990234375,0,-2.4523137356785463
20071012,487.1942443847656,487.42999267578125,490.5199890136719,482.7799987792969,482.7799987792969,0,1.1874366988787077
20071015,487.13427734375,487.3699951171875,491.3299865722656,484.9800109863281,487.70001220703125,0,-0.012308959131623887
20071016,486.64453125,486.8800048828125,491.8999938964844,485.6400146484375,486.8399963378906,0,-0.10053762834890678
20071017,495.6501770019531,495.8900146484375,498.739990234375,488.70001220703125,488.70001220703125,0,1.8505606464150448
20071018,496.0899353027344,496.3299865722656,497.010009765625,489.19000244140625,495.6600036621094,0,0.08872369090553445
20071019,474.7802734375,475.010009765625,496.32000732421875,474.20001220703125,496.2699890136719,0,-4.295524627451952
20071022,479.58795166015625,479.82000732421875,481.6600036621094,472.1099853515625,474.6400146484375,0,1.0126097260491518
20071023,478.3885192871094,478.6199951171875,480.3299865722656,471.82000732421875,480.1499938964844,0,-0.2500963254373878
20071024,461.60662841796875,461.8299865722656,479.6000061035156,452.2099914550781,479.6000061035156,0,-3.5080039940268093
20071025,452.2911682128906,452.510009765625,462.8399963378906,447.1099853515625,461.94000244140625,0,-2.0180536296081852
20071026,451.71142578125,451.92999267578125,456.9200134277344,449.0299987792969,452.70001220703125,0,-0.12817773691772283
20071029,458.3382263183594,458.55999755859375,459.6199951171875,451.82000732421875,451.82000732421875,0,1.4670424601734622
20071030,459.10784912109375,459.3299865722656,462.0799865722656,456.3699951171875,458.489990234375,0,0.1679145624937428
20071031,463.1658935546875,463.3900146484375,464.4800109863281,457.1199951171875,459.489990234375,0,0.8839022478087433
20071101,454.9598388671875,455.17999267578125,463.3399963378906,454.92999267578125,463.3399963378906,0,-1.771730445871822
20071102,457.7085266113281,457.92999267578125,459.20001220703125,452.1000061035156,455.2900085449219,0,0.6041566071114168
20071105,452.00128173828125,452.2200012207031,457.79998779296875,449.1099853515625,457.79998779296875,0,-1.246913621384227
20071106,455.1297912597656,455.3500061035156,455.5,449.67999267578125,452.79998779296875,0,0.6921420711962112
20071107,443.9451904296875,444.1600036621094,455.29998779296875,443.8699951171875,455.29998779296875,0,-2.457450816166762
20071108,437.2084655761719,437.4200134277344,445.239990234375,431.6099853515625,444.04998779296875,0,-1.5174689703718491
20071109,436.0889892578125,436.29998779296875,441.3500061035156,432.6199951171875,437.2900085449219,0,-0.2560526725763679
20071112,430.11187744140625,430.32000732421875,440.1099853515625,429.8599853515625,437.0,0,-1.370612110030034
20071113,439.9071350097656,440.1199951171875,440.1199951171875,430.3999938964844,430.4599914550781,0,2.277372101266284
20071114,431.4812316894531,431.69000244140625,442.739990234375,431.5299987792969,440.6300048828125,0,-1.9153850698232056
20071115,428.1328430175781,428.3399963378906,434.6400146484375,425.2200012207031,431.489990234375,0,-0.7760212385206522
20071116,426.0838317871094,426.2900085449219,430.5799865722656,421.5400085449219,428.3800048828125,0,-0.47858892713620316
20071119,417.3480529785156,417.54998779296875,426.239990234375,417.0199890136719,426.2099914550781,0,-2.0502523110466297
20071120,412.82025146484375,413.0199890136719,421.7900085449219,405.44000244140625,417.6099853515625,0,-1.0848997513425718
20071121,407.6227722167969,407.82000732421875,415.3900146484375,401.8599853515625,412.9200134277344,0,-1.259014533865821
20071123,413.280029296875,413.4800109863281,414.54998779296875,407.3399963378906,407.8699951171875,0,1.3878680693587553
20071126,402.1554260253906,402.3500061035156,416.0,402.010009765625,413.3500061035156,0,-2.6917878947189333
20071127,410.38140869140625,410.5799865722656,411.57000732421875,402.5,402.5,0,2.045477903294124
20071128,420.0267639160156,420.2300109863281,423.5199890136719,411.0199890136719,411.0199890136719,0,2.3503396974182467
20071129,419.90679931640625,420.1099853515625,422.3599853515625,417.54998779296875,420.1300048828125,0,-0.028561890304767967
20071130,414.3794860839844,414.5799865722656,424.3399963378906,412.3599853515625,420.44000244140625,0,-1.316321671018883
20071203,414.7793273925781,414.9800109863281,417.8800048828125,414.3699951171875,414.6499938964844,0,0.09648907979613597
20071204,411.44091796875,411.6400146484375,414.7900085449219,411.0199890136719,414.54998779296875,0,-0.8048571616623423
20071205,421.52606201171875,421.7300109863281,424.54998779296875,412.010009765625,412.010009765625,0,2.4511699491867933
20071206,428.70257568359375,428.9100036621094,429.07000732421875,421.5400085449219,421.7900085449219,0,1.7025093042320805
20071207,428.86248779296875,429.07000732421875,430.8599853515625,426.19000244140625,428.57000732421875,0,0.037304716780495184
20071210,432.04095458984375,432.25,433.4599914550781,427.92999267578125,428.8800048828125,0,0.7411360900316577
20071211,423.0652770996094,423.2699890136719,435.010009765625,422.82000732421875,432.25,0,-2.0775039875831403
20071212,425.4641418457031,425.6700134277344,433.2300109863281,421.1000061035156,423.69000244140625,0,0.5670197454006098
20071213,420.6964416503906,420.8999938964844,427.67999267578125,417.3500061035156,425.6300048828125,0,-1.1205909227288813
20071214,413.9297180175781,414.1300048828125,420.5899963378906,413.010009765625,420.55999755859375,0,-1.6084554791741978
20071217,407.4028625488281,407.6000061035156,414.05999755859375,407.3999938964844,414.04998779296875,0,-1.5767992423404986
20071218,408.5923156738281,408.7900085449219,410.9200134277344,405.0799865722656,407.8500061035156,0,0.2919534895944098
20071219,408.8421936035156,409.0400085449219,411.7200012207031,406.6300048828125,408.44000244140625,0,0.06115609353807283
20071220,414.3695068359375,414.57000732421875,415.05999755859375,409.260009765625,409.3299865722656,0,1.3519456932755247
20071221,415.9387512207031,416.1400146484375,418.9800109863281,413.8299865722656,414.739990234375,0,0.3787074068266838
20071224,418.2076416015625,418.4100036621094,419.3500061035156,415.8399963378906,416.17999267578125,0,0.5454868394690671
20071226,418.28759765625,418.489990234375,419.17999267578125,415.7799987792969,418.4100036621094,0,0.019116792515849745
20071227,410.6912841796875,410.8900146484375,419.2099914550781,410.3800048828125,418.54998779296875,0,-1.8160471608128836
20071228,409.7917175292969,409.989990234375,413.2900085449219,408.2699890136719,411.05999755859375,0,-0.21904265910004383
20071231,407.8426818847656,408.0400085449219,410.0,405.70001220703125,409.8999938964844,0,-0.47561690185128347
20080102,396.53814697265625,396.7300109863281,409.1300048828125,393.3999938964844,407.9100036621094,0,-2.7717864233278044
20080103,391.10076904296875,391.2900085449219,396.9200134277344,389.2799987792969,396.3599853515625,0,-1.3712102162076412
20080104,372.669677734375,372.8500061035156,390.1400146484375,370.0400085449219,389.9700012207031,0,-4.712617761434423
20080107,371.4302673339844,371.6099853515625,375.80999755859375,366.2900085449219,373.0,0,-0.3325789812670288
20080108,361.5350646972656,361.7099914550781,375.6000061035156,361.4700012207031,371.1199951171875,0,-2.664081775713978
20080109,362.76446533203125,362.94000244140625,366.0899963378906,354.5,361.8399963378906,0,0.34005446777405357
20080110,362.3746337890625,362.54998779296875,365.0799865722656,356.4100036621094,362.8699951171875,0,-0.10745981314100872
20080111,353.7188720703125,353.8900146484375,362.25,352.25,362.25,0,-2.3886287232414594
20080114,364.4736328125,364.6499938964844,364.92999267578125,354.0199890136719,354.0799865722656,0,3.040486818690291
20080115,352.99920654296875,353.1700134277344,364.55999755859375,351.55999755859375,364.55999755859375,0,-3.148219021226395
20080116,355.3480529785156,355.5199890136719,362.8900146484375,344.760009765625,350.3699951171875,0,0.6653949929467551
20080117,349.6808166503906,349.8500061035156,363.6499938964844,349.1300048828125,355.7099914550781,0,-1.5948422269832507
20080118,358.0967102050781,358.2699890136719,361.6300048828125,350.04998779296875,350.04998779296875,0,2.4067408212835373
20080122,347.81170654296875,347.9800109863281,357.1300048828125,341.7799987792969,357.0799865722656,0,-2.872129495320652
20080123,352.08966064453125,352.260009765625,353.4800109863281,334.2900085449219,346.82000732421875,0,1.229955354954293
20080124,360.8853759765625,361.05999755859375,362.1499938964844,351.9599914550781,352.5299987792969,0,2.4981512374407266
20080125,354.32855224609375,354.5,369.9800109863281,354.0299987792969,361.4599914550781,0,-1.8168718780676274
20080128,359.5660095214844,359.739990234375,359.80999755859375,349.4700012207031,354.5299987792969,0,1.4781354680888592
20080129,357.0971984863281,357.2699890136719,362.2099914550781,354.010009765625,359.6099853515625,0,-0.6866073519082194
20080130,358.636474609375,358.80999755859375,362.9599914550781,355.3900146484375,357.7200012207031,0,0.43104895241088403
20080131,358.8263854980469,359.0,362.1700134277344,352.7200012207031,358.17999267578125,0,0.052953497031582586
20080201,379.5463562011719,379.7300109863281,380.1300048828125,358.9700012207031,358.9700012207031,0,5.774376319311458
20080204,371.30035400390625,371.4800109863281,379.79998779296875,370.55999755859375,379.6600036621094,0,-2.17259625557934
20080205,356.9372863769531,357.1099853515625,371.3399963378906,357.04998779296875,371.3399963378906,0,-3.8683173279260186
20080206,346.7422180175781,346.9100036621094,359.5400085449219,346.0899963378906,357.1199951171875,0,-2.85625776591254
20080207,347.2220153808594,347.3900146484375,352.4200134277344,336.7200012207031,346.6499938964844,0,0.1383675827335562
20080208,349.5708312988281,349.739990234375,352.3299865722656,345.1499938964844,347.489990234375,0,0.6764660718056925
20080211,355.15814208984375,355.3299865722656,357.9800109863281,349.1199951171875,349.92999267578125,0,1.598329185674352
20080212,352.6493835449219,352.82000732421875,360.4599914550781,351.4800109863281,355.0899963378906,0,-0.7063797998755228
20080213,363.314208984375,363.489990234375,364.4100036621094,353.9599914550781,353.9599914550781,0,3.024200070477079
20080214,353.08917236328125,353.260009765625,363.45001220703125,352.739990234375,363.44000244140625,0,-2.8143774914279773
20080215,347.39190673828125,347.55999755859375,354.5299987792969,345.6099853515625,353.1600036621094,0,-1.613545844267228
20080219,342.8441162109375,343.010009765625,352.3800048828125,341.8800048828125,347.92999267578125,0,-1.3091229787460468
20080220,352.24957275390625,352.4200134277344,354.5,342.2799987792969,343.0,0,2.743361241422404
20080221,351.3599853515625,351.5299987792969,360.8500061035156,350.1400146484375,352.25,0,-0.2525437303577016
20080222,351.7098388671875,351.8800048828125,353.4700012207031,344.8399963378906,351.239990234375,0,0.09956649638183102
20080225,356.3975524902344,356.57000732421875,359.20001220703125,348.57000732421875,351.7799987792969,0,1.3328414164846203
20080226,362.68450927734375,362.8599853515625,366.1400146484375,355.7099914550781,356.5400085449219,0,1.7640233048609844
20080227,367.0823974609375,367.260009765625,369.3299865722656,360.989990234375,362.8399963378906,0,1.2125956544366545
20080228,357.6469421386719,357.82000732421875,367.17999267578125,356.05999755859375,367.17999267578125,0,-2.5703866989032043
20080229,347.88165283203125,348.04998779296875,357.69000244140625,347.20001220703125,357.69000244140625,0,-2.730428520280437
20080303,345.3329162597656,345.5,348.4599914550781,341.6700134277344,348.0,0,-0.7326498728353781
20080304,348.1215515136719,348.2900085449219,349.29998779296875,337.9700012207031,345.32000732421875,0,0.8075277988196516
20080305,351.6598205566406,351.8299865722656,354.9700012207031,348.1300048828125,348.2900085449219,0,1.0163880503299527
20080306,342.3943176269531,342.55999755859375,351.80999755859375,342.3500061035156,351.7799987792969,0,-2.6347921915313544
20080307,344.4533386230469,344.6199951171875,351.25,339.489990234375,342.42999267578125,0,0.6013537988309281
20080310,339.5657043457031,339.7300109863281,347.82000732421875,339.4599914550781,344.4800109863281,0,-1.418949625716448
20080311,350.3704833984375,350.5400085449219,350.6300048828125,340.0899963378906,340.0899963378906,0,3.1819377767684953
20080312,344.96307373046875,345.1300048828125,351.6000061035156,344.9100036621094,350.69000244140625,0,-1.5433341502346876
20080313,348.7512512207031,348.9200134277344,352.4700012207031,339.44000244140625,344.75,0,1.098139394228781
20080314,338.4162292480469,338.5799865722656,351.3399963378906,335.9599914550781,349.2900085449219,0,-2.9634375953072944
20080317,336.89697265625,337.05999755859375,340.45001220703125,332.1099853515625,338.3299865722656,0,-0.44893055524634073
20080318,349.7907409667969,349.9599914550781,349.9599914550781,337.54998779296875,337.54998779296875,0,3.8272099892963096
20080319,335.5876159667969,335.75,350.19000244140625,335.3900146484375,349.75,0,-4.0604617104930245
20080320,339.72564697265625,339.8900146484375,340.3500061035156,332.57000732421875,334.94000244140625,0,1.2330646756329111
20080324,352.32952880859375,352.5,355.5799865722656,339.7200012207031,339.8900146484375,0,3.710019361588346
20080325,352.5494079589844,352.7200012207031,356.54998779296875,350.42999267578125,352.5899963378906,0,0.0624116938164887
20080326,347.5718078613281,347.739990234375,352.25,343.739990234375,352.25,0,-1.4118878909880839
20080327,342.57421875,342.739990234375,350.0299987792969,342.739990234375,347.8599853515625,0,-1.437855909707142
20080328,339.11590576171875,339.2799987792969,347.989990234375,338.7900085449219,342.9200134277344,0,-1.0095091187672822
20080331,343.7736511230469,343.94000244140625,345.2799987792969,339.260009765625,339.260009765625,0,1.3734979011069681
20080401,358.28662109375,358.4599914550781,359.04998779296875,344.2099914550781,344.2099914550781,0,4.221663345526516
20080402,361.0453186035156,361.2200012207031,365.8800048828125,357.8699951171875,358.3699951171875,0,0.7699631287780395
20080403,370.3108215332031,370.489990234375,372.8699951171875,358.2900085449219,361.07000732421875,0,2.566300033869928
20080404,368.8915100097656,369.07000732421875,372.7200012207031,363.5199890136719,370.75,0,-0.3832715991214708
20080407,369.3712463378906,369.54998779296875,375.75,367.8699951171875,369.1199951171875,0,0.13005133422514525
20080408,359.13623046875,359.30999755859375,369.0199890136719,357.95001220703125,369.0199890136719,0,-2.7709350758013507
20080409,364.6635437011719,364.8399963378906,365.7099914550781,359.20001220703125,359.3399963378906,0,1.5390606487076797
20080410,371.1803894042969,371.3599853515625,374.6499938964844,363.2099914550781,364.80999755859375,0,1.787081756144282
20080411,358.50653076171875,358.67999267578125,370.42999267578125,357.7099914550781,370.42999267578125,0,-3.4144746811580196
20080414,352.3894958496094,352.55999755859375,359.1499938964844,351.8599853515625,359.1099853515625,0,-1.706254946514263
20080415,351.6698303222656,351.8399963378906,352.92999267578125,344.95001220703125,352.6400146484375,0,-0.2042209058568667
20080416,370.8405456542969,371.0199890136719,372.57000732421875,352.07000732421875,352.07000732421875,0,5.451339493922025
20080417,368.1018981933594,368.2799987792969,373.75,362.42999267578125,371.79998779296875,0,-0.7385020525872643
20080418,377.1575012207031,377.3399963378906,379.95001220703125,368.44000244140625,368.44000244140625,0,2.4600840633822285
20080421,382.89471435546875,383.0799865722656,383.42999267578125,375.8399963378906,377.010009765625,0,1.5211719642979737
20080422,370.4007568359375,370.5799865722656,382.8399963378906,367.5299987792969,382.8399963378906,0,-3.263026114166878
20080423,385.64337158203125,385.8299865722656,388.6199951171875,373.5799865722656,373.6300048828125,0,4.1151709624303034
20080424,391.2406921386719,391.42999267578125,394.8900146484375,381.4100036621094,385.80999755859375,0,1.4514180593546921
20080425,390.9808349609375,391.1700134277344,392.8999938964844,383.19000244140625,391.5199890136719,0,-0.06641781491236731
20080428,390.1112365722656,390.29998779296875,392.04998779296875,387.3299865722656,390.6400146484375,0,-0.22241623971679392
20080429,390.85089111328125,391.0400085449219,393.75,388.3599853515625,390.3399963378906,0,0.1896030681778127
20080430,384.9737243652344,385.1600036621094,392.7300109863281,382.9800109863281,391.2699890136719,0,-1.5036837035402817
20080501,400.0964050292969,400.2900085449219,401.6700134277344,384.4700012207031,385.05999755859375,0,3.928238845922749
20080502,399.6566162109375,399.8500061035156,405.0899963378906,393.6199951171875,400.2900085449219,0,-0.10992091533977844
20080505,396.6680603027344,396.8599853515625,401.6199951171875,393.6199951171875,399.3900146484375,0,-0.7477855961765423
20080506,402.8150939941406,403.010009765625,404.010009765625,393.0400085449219,396.6600036621094,0,1.5496710782303857
20080507,397.3177490234375,397.510009765625,407.4700012207031,396.3699951171875,402.7300109863281,0,-1.3647303706423086
20080508,399.5666809082031,399.760009765625,402.94000244140625,394.3999938964844,397.57000732421875,0,0.5660234823587462
20080509,398.3072814941406,398.5,401.45001220703125,393.17999267578125,399.489990234375,0,-0.3151915486403256
20080512,402.9250183105469,403.1199951171875,403.5400085449219,396.2300109863281,398.5400085449219,0,1.1593463280269667
20080513,406.9930725097656,407.19000244140625,407.6099853515625,402.8699951171875,403.05999755859375,0,1.0096267546926274
20080514,411.0910949707031,411.2900085449219,418.1499938964844,406.0799865722656,406.0799865722656,0,1.0069024482263877
20080515,419.5169982910156,419.7200012207031,420.3900146484375,410.2099914550781,411.260009765625,0,2.0496468430160064
20080516,421.4660949707031,421.6700134277344,421.7200012207031,412.5199890136719,419.95001220703125,0,0.4645983516057939
20080519,418.1476745605469,418.3500061035156,429.45001220703125,416.4599914550781,421.6700134277344,0,-0.7873472664633119
20080520,405.3338623046875,405.5299987792969,418.1400146484375,404.1499938964844,418.0799865722656,0,-3.064421450264443
20080521,401.37579345703125,401.57000732421875,409.0299987792969,400.010009765625,406.7799987792969,0,-0.9764977848736867
20080522,404.2843933105469,404.4800109863281,408.1600036621094,401.6600036621094,401.69000244140625,0,0.7246566250053377
20080523,399.95648193359375,400.1499938964844,404.1199951171875,395.1099853515625,404.1199951171875,0,-1.0705144808726086
20080527,406.9930725097656,407.19000244140625,407.760009765625,400.2300109863281,400.30999755859375,0,1.759342409672282
20080528,408.30242919921875,408.5,410.0799865722656,404.2200012207031,407.4599914550781,0,0.32171653300407943
20080529,406.9930725097656,407.19000244140625,409.4200134277344,405.5899963378906,408.510009765625,0,-0.32068483686505944
20080530,414.99920654296875,415.20001220703125,418.0,407.1000061035156,407.1099853515625,0,1.9671430333748408
20080602,409.1120300292969,409.30999755859375,415.55999755859375,405.0899963378906,415.32000732421875,0,-1.418596935276717
20080603,407.6027526855469,407.79998779296875,413.5299987792969,403.7300109863281,409.4200134277344,0,-0.36891592549210817
20080604,412.98016357421875,413.17999267578125,417.0299987792969,406.2200012207031,407.7300109863281,0,1.319275390842778
20080605,417.32806396484375,417.5299987792969,419.9700012207031,412.3599853515625,413.32000732421875,0,1.052811409222576
20080606,405.2839050292969,405.4800109863281,418.42999267578125,405.42999267578125,417.3500061035156,0,-2.8860172510235094
20080609,401.8955383300781,402.0899963378906,408.239990234375,394.04998779296875,405.5299987792969,0,-0.8360497574692594
20080610,395.06884765625,395.260009765625,401.8299865722656,392.4800109863281,401.8299865722656,0,-1.6986213620012958
20080611,381.5154113769531,381.70001220703125,395.1600036621094,381.6300048828125,395.1600036621094,0,-3.430652538473178
20080612,383.40447998046875,383.5899963378906,390.9200134277344,381.1300048828125,381.6199951171875,0,0.49514908839831673
20080613,393.6195373535156,393.80999755859375,395.4200134277344,383.5899963378906,383.5899963378906,0,2.6643033755501477
20080616,399.5466613769531,399.739990234375,402.1700134277344,392.0199890136719,393.80999755859375,0,1.5058004399441272
20080617,393.4096374511719,393.6000061035156,402.010009765625,393.55999755859375,399.6300048828125,0,-1.535994466618007
20080618,384.2840576171875,384.4700012207031,393.0899963378906,382.8299865722656,393.0400085449219,0,-2.3196150257201342
20080619,394.2392272949219,394.42999267578125,397.45001220703125,381.29998779296875,384.3999938964844,0,2.590577008207373
20080620,382.9247131347656,383.1099853515625,392.8900146484375,381.3699951171875,392.8900146484375,0,-2.8699661624169925
20080623,378.5268249511719,378.7099914550781,388.07000732421875,377.9100036621094,383.489990234375,0,-1.148493661016614
20080624,380.1360778808594,380.32000732421875,386.9100036621094,376.07000732421875,378.6000061035156,0,0.4251316061017141
20080625,387.25262451171875,387.44000244140625,392.8599853515625,380.4700012207031,380.4700012207031,0,1.8721063788573744
20080626,369.821044921875,370.0,387.04998779296875,368.3299865722656,387.04998779296875,0,-4.501342745072834
20080627,368.9114990234375,369.0899963378906,371.7799987792969,362.6000061035156,369.8999938964844,0,-0.2459469357052324
20080630,368.0019226074219,368.17999267578125,375.17999267578125,366.9700012207031,368.94000244140625,0,-0.24655332605555413
20080701,365.86297607421875,366.0400085449219,367.7799987792969,356.489990234375,367.7799987792969,0,-0.5812331396138237
20080702,357.83685302734375,358.010009765625,369.82000732421875,356.8999938964844,366.05999755859375,0,-2.1937489323141546
20080703,354.448486328125,354.6199951171875,359.1199951171875,348.510009765625,358.1499938964844,0,-0.9469049903539917
20080707,356.66741943359375,356.8399963378906,365.3399963378906,351.489990234375,355.29998779296875,0,0.6260225738172309
20080708,359.8359069824219,360.010009765625,360.0299987792969,351.510009765625,356.94000244140625,0,0.8883570956919051
20080709,344.3333740234375,344.5,359.8800048828125,344.32000732421875,359.8800048828125,0,-4.308216256465314
20080710,349.0111083984375,349.17999267578125,350.29998779296875,340.989990234375,344.25,0,1.358488439994554
20080711,346.4723815917969,346.6400146484375,351.0199890136719,337.9100036621094,348.7099914550781,0,-0.7274122460109389
20080714,342.8341064453125,343.0,350.6000061035156,339.5199890136719,345.9700012207031,0,-1.050084956905284
20080715,347.23199462890625,347.3999938964844,353.989990234375,338.42999267578125,342.760009765625,0,1.282797054368623
20080716,359.9058532714844,360.0799865722656,360.6700134277344,346.3500061035156,347.2900085449219,0,3.6499691705692783
20080717,368.18182373046875,368.3599853515625,369.989990234375,357.3299865722656,360.69000244140625,0,2.299488749185219
20080718,365.71307373046875,365.8900146484375,368.07000732421875,358.70001220703125,367.92999267578125,0,-0.6705317627721308
20080721,361.7149963378906,361.8900146484375,369.42999267578125,360.4200134277344,366.010009765625,0,-1.0932246959085123
20080722,345.2829284667969,345.45001220703125,361.67999267578125,340.54998779296875,361.67999267578125,0,-4.542817368801155
20080723,350.2105407714844,350.3800048828125,354.2300109863281,343.760009765625,345.5199890136719,0,1.427121870479664
20080724,335.4277038574219,335.5899963378906,350.1199951171875,334.7799987792969,350.1199951171875,0,-4.221133723046933
20080725,337.4667053222656,337.6300048828125,338.8699951171875,332.7099914550781,335.6400146484375,0,0.6078871739871206
20080728,331.1597595214844,331.32000732421875,337.70001220703125,330.239990234375,336.7900085449219,0,-1.8689090031509092
20080729,338.95599365234375,339.1199951171875,339.8299865722656,331.3299865722656,331.5400085449219,0,2.354215749287958
20080730,341.7446594238281,341.9100036621094,345.69000244140625,337.7300109863281,339.3699951171875,0,0.8227201536605833
20080731,340.69512939453125,340.8599853515625,348.1199951171875,338.2799987792969,341.4599914550781,0,-0.3071037112984176
20080801,338.02642822265625,338.19000244140625,343.57000732421875,333.3500061035156,340.8800048828125,0,-0.783307816962564
20080804,339.5357360839844,339.70001220703125,342.8900146484375,337.3500061035156,337.8999938964844,0,0.44649745844766997
20080805,350.1605529785156,350.3299865722656,350.3299865722656,339.69000244140625,339.69000244140625,0,3.129224016264054
20080806,354.0287170410156,354.20001220703125,356.0400085449219,344.3800048828125,350.2200012207031,0,1.1046800967942083
20080807,359.4760437011719,359.6499938964844,366.8299865722656,350.6499938964844,353.8900146484375,0,1.5386734900131982
20080808,367.0124206542969,367.19000244140625,368.3299865722656,357.010009765625,359.5299987792969,0,2.0964851029837916
20080811,373.9590759277344,374.1400146484375,379.3399963378906,366.6099853515625,367.55999755859375,0,1.8927563824781224
20080812,375.0985107421875,375.2799987792969,377.57000732421875,372.79998779296875,374.05999755859375,0,0.30469452243180317
20080813,372.9095458984375,373.0899963378906,378.4800109863281,368.8800048828125,375.0199890136719,0,-0.5835649244643637
20080814,376.9076232910156,377.0899963378906,378.44000244140625,369.2900085449219,372.92999267578125,0,1.0721273792549946
20080815,376.2479248046875,376.42999267578125,378.5799865722656,372.70001220703125,377.2099914550781,0,-0.17502550280278362
20080818,369.7610778808594,369.94000244140625,378.0,365.9100036621094,376.3500061035156,0,-1.7240895679544899
20080819,360.3956298828125,360.57000732421875,369.75,359.8599853515625,369.6000061035156,0,-2.5328418271477915
20080820,362.49462890625,362.6700134277344,367.7300109863281,360.4100036621094,361.57000732421875,0,0.5824128632050396
20080821,361.27520751953125,361.45001220703125,362.8500061035156,358.30999755859375,362.7099914550781,0,-0.3363942911001727
20080822,366.0229187011719,366.20001220703125,367.239990234375,361.5799865722656,361.5899963378906,0,1.314151290519061
20080825,360.3256530761719,360.5,366.44000244140625,360.239990234375,365.9800109863281,0,-1.5565297698048042
20080826,356.807373046875,356.9800109863281,360.55999755859375,354.4800109863281,360.55999755859375,0,-0.9764185890906774
20080827,358.636474609375,358.80999755859375,361.8599853515625,355.6099853515625,356.92999267578125,0,0.5126299837375781
20080828,362.6545104980469,362.8299865722656,363.6400146484375,358.8500061035156,358.8500061035156,0,1.120367058059868
20080829,352.6493835449219,352.82000732421875,361.8699951171875,350.6099853515625,361.8699951171875,0,-2.758862171953691
20080902,350.2005310058594,350.3699951171875,361.9200134277344,348.2300109863281,353.1700134277344,0,-0.6944085245086051
20080903,335.3777160644531,335.5400085449219,350.25,333.9599914550781,350.25,0,-4.232664548602538
20080904,323.9232482910156,324.0799865722656,335.4599914550781,323.1300048828125,335.4599914550781,0,-3.415396578891716
20080905,331.1297912597656,331.2900085449219,333.3999938964844,322.239990234375,324.05999755859375,0,2.224766190876304
20080908,330.67999267578125,330.8399963378906,337.0299987792969,324.5,331.45001220703125,0,-0.13583633536301543
20080909,319.14556884765625,319.29998779296875,331.17999267578125,318.1499938964844,330.989990234375,0,-3.4880935414882352
20080910,321.7843017578125,321.94000244140625,325.5199890136719,319.8599853515625,319.94000244140625,0,0.8268132631903624
20080911,323.7333679199219,323.8900146484375,325.25,314.8399963378906,321.7799987792969,0,0.6057067131277627
20080912,321.9742126464844,322.1300048828125,323.75,315.4700012207031,323.75,0,-0.5433973528129243
20080915,311.6092224121094,311.760009765625,321.7900085449219,311.760009765625,321.7799987792969,0,-3.219195653928608
20080916,316.20697021484375,316.3599853515625,320.0299987792969,305.489990234375,311.70001220703125,0,1.4754860924580004
20080917,311.9190673828125,312.07000732421875,324.489990234375,312.05999755859375,315.7900085449219,0,-1.3560431868703038
20080918,327.551513671875,327.7099914550781,331.95001220703125,309.6700134277344,312.92999267578125,0,5.011690891079623
20080919,333.7485046386719,333.9100036621094,344.4800109863281,328.1600036621094,328.1600036621094,0,1.8919204078894136
20080922,318.3659362792969,318.5199890136719,333.8599853515625,318.4700012207031,333.8599853515625,0,-4.609030720748031
20080923,312.518798828125,312.6700134277344,323.0899963378906,310.7699890136719,318.2300109863281,0,-1.8366117630646994
20080924,314.98760986328125,315.1400146484375,319.4800109863281,312.760009765625,312.760009765625,0,0.7899706126676564
20080925,319.73529052734375,319.8900146484375,323.3800048828125,314.8500061035156,315.8800048828125,0,1.5072665416034248
20080926,321.4644470214844,321.6199951171875,322.32000732421875,312.0400085449219,319.4700012207031,0,0.5408047733691523
20080929,297.466064453125,297.6099853515625,321.3999938964844,296.7300109863281,321.3999938964844,0,-7.46533490769955
20080930,306.7416076660156,306.8900146484375,306.8900146484375,293.6000061035156,293.6000061035156,0,3.118184790040779
20081001,303.0833740234375,303.2300109863281,306.70001220703125,298.94000244140625,306.6400146484375,0,-1.1926108662421497
20081002,288.4104309082031,288.54998779296875,303.0400085449219,287.9800109863281,303.0400085449219,0,-4.841217116211249
20081003,284.602294921875,284.739990234375,298.7200012207031,283.70001220703125,288.7099914550781,0,-1.3203942886067188
20081006,274.6371154785156,274.7699890136719,284.5400085449219,261.8699951171875,284.5400085449219,0,-3.501440458889049
20081007,257.8352355957031,257.9599914550781,280.57000732421875,257.9599914550781,275.05999755859375,0,-6.1178433710813
20081008,256.0461120605469,256.1700134277344,270.739990234375,253.22000122070312,257.80999755859375,0,-0.6938975370742617
20081009,248.30984497070312,248.42999267578125,266.1199951171875,246.85000610351562,256.6199951171875,0,-3.0214390233994304
20081010,245.990966796875,246.11000061035156,256.2799987792969,231.92999267578125,247.8800048828125,0,-0.9338615037748021
20081013,269.77947998046875,269.9100036621094,270.4700012207031,247.19000244140625,247.19000244140625,0,9.670473768938258
20081014,256.2760009765625,256.3999938964844,276.239990234375,254.1199951171875,270.2200012207031,0,-5.005375711282523
20081015,233.47702026367188,233.58999633789062,256.29998779296875,233.57000732421875,256.29998779296875,0,-8.89625510981984
20081016,243.7720489501953,243.88999938964844,244.19000244140625,223.80999755859375,233.5800018310547,0,4.409436711004844
20081017,239.0143585205078,239.1300048828125,249.3699951171875,237.3000030517578,243.72999572753906,0,-1.9516972892484996
20081020,243.80203247070312,243.9199981689453,243.9199981689453,238.30999755859375,239.30999755859375,0,2.0030917025574357
20081021,233.97677612304688,234.08999633789062,243.52000427246094,233.32000732421875,243.52000427246094,0,-4.030010620222358
20081022,219.59375,219.6999969482422,234.66000366210938,215.14999389648438,233.86000061035156,0,-6.147208174106511
20081023,216.6151885986328,216.72000122070312,222.88999938964844,207.9199981689453,219.80999755859375,0,-1.356393158367275
20081024,212.22731018066406,212.3300018310547,219.42999267578125,202.4199981689453,216.72000122070312,0,-2.0256549302884896
20081027,212.4672088623047,212.57000732421875,220.75,206.91000366210938,212.16000366210938,0,0.11303418786527963
20081028,232.297607421875,232.41000366210938,232.5,212.49000549316406,212.88999938964844,0,9.333394013403783
20081029,225.8307342529297,225.94000244140625,232.72000122070312,223.7100067138672,232.2899932861328,0,-2.7838738086806147
20081030,234.94631958007812,235.05999755859375,236.63999938964844,226.1999969482422,226.1999969482422,0,4.036467654528164
20081031,239.35418701171875,239.47000122070312,243.57000732421875,231.75,234.83999633789062,0,1.8761183135850512
20081103,236.98533630371094,237.10000610351562,242.1300048828125,235.6199951171875,239.9499969482422,0,-0.9896835115489999
20081104,247.5902099609375,247.7100067138672,247.75999450683594,240.25999450683594,243.39999389648438,0,4.474905245560956
20081105,236.1357421875,236.25,246.5800018310547,235.9499969482422,244.47000122070312,0,-4.626380203971648
20081106,219.33387756347656,219.44000244140625,234.6699981689453,218.17999267578125,231.69000244140625,0,-7.115342881944442
20081107,223.08206176757812,223.19000244140625,224.38999938964844,218.64999389648438,221.32000732421875,0,1.7088953510202787
20081110,214.3762664794922,214.47999572753906,226.58999633789062,212.8800048828125,226.33999633789062,0,-3.9025075579511292
20081111,211.32774353027344,211.42999267578125,216.3300018310547,207.8800048828125,213.17999267578125,0,-1.422045464618682
20081112,200.69288635253906,200.7899932861328,210.88999938964844,200.75,209.1199951171875,0,-5.032398315391529
20081113,215.0459442138672,215.14999389648438,215.19000244140625,191.77000427246094,201.0800018310547,0,7.1517511282985335
20081114,201.28260803222656,201.3800048828125,210.97000122070312,198.33999633789062,210.91000366210938,0,-6.400180992009263
20081117,195.62535095214844,195.72000122070312,202.30999755859375,195.6300048828125,198.85000610351562,0,-2.810608563349204
20081118,191.7971954345703,191.88999938964844,198.25999450683594,185.88999938964844,195.66000366210938,0,-1.9568780948124975
20081119,177.96389770507812,178.0500030517578,192.8800048828125,177.80999755859375,191.72999572753906,0,-7.212463589510665
20081120,171.23715209960938,171.32000732421875,185.1699981689453,170.74000549316406,175.4600067138672,0,-3.7798346600323884
20081121,180.13284301757812,180.22000122070312,180.24000549316406,167.5500030517578,174.33999633789062,0,5.1949530212436645
20081124,191.10752868652344,191.1999969482422,192.66000366210938,179.75999450683594,181.52000427246094,0,6.092551133707191
20081125,186.92955017089844,187.02000427246094,193.9600067138672,183.00999450683594,193.25999450683594,0,-2.1861886728548274
20081126,201.20265197753906,201.3000030517578,201.3300018310547,184.8000030517578,185.1999969482422,0,7.635546173174612
20081128,198.14413452148438,198.24000549316406,200.67999267578125,195.8800048828125,199.72999572753906,0,-1.5201179891720984
20081201,184.66064453125,184.75,192.92999267578125,184.33999633789062,192.8800048828125,0,-6.804885552542639
20081202,185.60018920898438,185.69000244140625,187.5,180.47999572753906,185.3800048828125,0,0.5087969912888957
20081203,197.97421264648438,198.07000732421875,198.1300048828125,181.38999938964844,182.2899932861328,0,6.667028229868732
20081204,186.5497283935547,186.63999938964844,196.1300048828125,183.97000122070312,193.1300048828125,0,-5.770690923366628
20081205,192.4668731689453,192.55999755859375,192.89999389648438,179.00999450683594,183.91000366210938,0,3.1718807266957416
20081208,196.0551300048828,196.14999389648438,197.9600067138672,191.9499969482422,195.91000366210938,0,1.8643520894303212
20081209,205.550537109375,205.64999389648438,212.57000732421875,191.52000427246094,191.91000366210938,0,4.843232370944395
20081210,208.46913146972656,208.57000732421875,215.5500030517578,204.4600067138672,207.1999969482422,0,1.4198947310468668
20081211,203.27163696289062,203.3699951171875,211.99000549316406,202.05999755859375,207.2100067138672,0,-2.493173526598158
20081212,212.83702087402344,212.94000244140625,213.6999969482422,198.92999267578125,200.11000061035156,0,4.705712521015815
20081215,209.1188201904297,209.22000122070312,213.3800048828125,204.97999572753906,213.27999877929688,0,-1.7469715309723188
20081216,221.41287231445312,221.52000427246094,221.8699951171875,210.52000427246094,212.22999572753906,0,5.878980489433561
20081217,221.05303955078125,221.16000366210938,223.91000366210938,214.91000366210938,218.1699981689453,0,-0.1625138151897021
20081218,208.84893798828125,208.9499969482422,221.08999633789062,206.05999755859375,219.3800048828125,0,-5.520892797832366
20081219,211.737548828125,211.83999633789062,215.9600067138672,210.25999450683594,212.38999938964844,0,1.383105734318013
20081222,206.56005859375,206.66000366210938,211.38999938964844,202.5399932861328,210.38999938964844,0,-2.445238276684547
20081223,200.77284240722656,200.8699951171875,208.2100067138672,199.69000244140625,207.19000244140625,0,-2.80170736587646
20081224,202.7918701171875,202.88999938964844,203.35000610351562,200.47000122070312,200.47000122070312,0,1.0056276803723119
20081226,201.90231323242188,202.0,203.0500030517578,200.52000427246094,202.8300018310547,0,-0.43866104407600526
20081229,201.85232543945312,201.9499969482422,203.00999450683594,198.3000030517578,202.72999572753906,0,-0.024753986018721807
20081230,211.15782165527344,211.25999450683594,211.33999633789062,203.17999267578125,203.27000427246094,0,4.610050853815961
20081231,212.0673828125,212.1699981689453,214.3800048828125,209.57000732421875,210.47000122070312,0,0.43075058495276597
20090102,221.80267333984375,221.91000366210938,222.7899932861328,210.11000061035156,212.0500030517578,0,4.590661062931423
20090105,223.1820068359375,223.2899932861328,226.00999450683594,219.41000366210938,220.6300048828125,0,0.6218690465728871
20090106,234.44656372070312,234.55999755859375,236.1199951171875,225.1699981689453,225.61000061035156,0,5.0472500386612
20090107,223.0120849609375,223.1199951171875,228.67999267578125,220.97000122070312,227.99000549316406,0,-4.877218008389727
20090108,222.432373046875,222.5399932861328,222.8699951171875,216.67999267578125,220.3699951171875,0,-0.2599506291446674
20090109,215.17588806152344,215.27999877929688,222.5,213.8300018310547,222.1300048828125,0,-3.2623324911766893
20090112,208.9788818359375,209.0800018310547,214.72999572753906,206.8300018310547,214.44000244140625,0,-2.879968870028826
20090113,210.68804931640625,210.7899932861328,215.67999267578125,206.3699951171875,207.88999938964844,0,0.8178646642924114
20090114,201.91229248046875,202.00999450683594,207.44000244140625,200.89999389648438,205.49000549316406,0,-4.165282536623371
20090115,206.96986389160156,207.07000732421875,209.47999572753906,198.97000122070312,203.25999450683594,0,2.5048329067756114
20090116,214.31629943847656,214.4199981689453,216.02000427246094,205.6199951171875,211.8699951171875,0,3.5495197685574853
20090120,198.97372436523438,199.07000732421875,212.44000244140625,199.07000732421875,212.36000061035156,0,-7.1588429138181535
20090121,205.0807647705078,205.17999267578125,205.38999938964844,195.3000030517578,202.13999938964844,0,3.0692646439758997
20090122,199.89328002929688,199.99000549316406,204.2899932861328,195.0399932861328,199.77000427246094,0,-2.529480148105001
20090123,208.1792755126953,208.27999877929688,211.52000427246094,195.35000610351562,195.5800018310547,0,4.145203789404461
20090126,209.78848266601562,209.88999938964844,214.47999572753906,206.5800018310547,208.4499969482422,0,0.7729981850334022
20090127,217.17491149902344,217.27999877929688,219.0,211.75,211.75,0,3.5208916151975966
20090128,222.4823455810547,222.58999633789062,224.58999633789062,218.64999389648438,220.85000610351562,0,2.443850141948589
20090129,212.22731018066406,212.3300018310547,218.50999450683594,211.3000030517578,218.36000061035156,0,-4.6093690981787505
20090130,208.15927124023438,208.25999450683594,216.02000427246094,206.72999572753906,212.99000549316406,0,-1.9168310126315258
20090202,210.41819763183594,210.52000427246094,212.3800048828125,202.86000061035156,205.5,0,1.0851867018323746
20090203,210.72804260253906,210.8300018310547,211.25999450683594,204.27999877929688,207.97999572753906,0,0.14725325494129304
20090204,212.64710998535156,212.75,220.07000732421875,208.97999572753906,210.57000732421875,0,0.9106854585543722
20090205,221.20297241210938,221.30999755859375,223.4199981689453,209.1300048828125,209.97000122070312,0,4.023500615085185
20090206,229.06915283203125,229.17999267578125,230.6699981689453,220.86000061035156,220.92999267578125,0,3.5560956142995037
20090209,227.69981384277344,227.80999755859375,229.8300018310547,225.47999572753906,228.50999450683594,0,-0.5977812902392521
20090210,217.2248992919922,217.3300018310547,231.2899932861328,216.27000427246094,226.5,0,-4.600323005948659
20090211,215.00596618652344,215.11000061035156,218.89999389648438,210.8800048828125,218.7899932861328,0,-1.0214886127083767
20090212,217.79461669921875,217.89999389648438,219.0500030517578,209.63999938964844,212.72999572753906,0,1.2970077068553243
20090213,220.44334411621094,220.5500030517578,223.7100067138672,217.42999267578125,218.16000366210938,0,1.2161584348333365
20090217,205.7704315185547,205.8699951171875,214.14999389648438,205.3300018310547,214.08999633789062,0,-6.6560905606178
20090218,206.7599639892578,206.86000061035156,211.52999877929688,203.13999938964844,207.67999267578125,0,0.48088867569093807
20090219,195.9951629638672,196.08999633789062,208.75,195.64999389648438,207.99000549316406,0,-5.206421850857323
20090220,197.18458557128906,197.27999877929688,200.0399932861328,192.2899932861328,194.1699981689453,0,0.6068654513898375
20090223,189.01853942871094,189.11000061035156,198.72999572753906,188.5800018310547,198.47000122070312,0,-4.141321076388149
20090224,199.0037078857422,199.10000610351562,200.27999877929688,191.25,192.25999450683594,0,5.282642621184164
20090225,204.9708251953125,205.07000732421875,210.10000610351562,195.92999267578125,197.69000244140625,0,2.9984937406778434
20090226,201.37255859375,201.47000122070312,213.0,200.94000244140625,206.25999450683594,0,-1.7555010362017343
20090227,198.9037628173828,199.0,203.80999755859375,197.80999755859375,199.9199981689453,0,-1.2259895794596853
20090302,188.8786163330078,188.97000122070312,199.3699951171875,188.49000549316406,196.9199981689453,0,-5.040200391606476
20090303,191.39739990234375,191.49000549316406,195.3000030517578,188.2100067138672,192.55999755859375,0,1.3335472594498077
20090304,200.1731414794922,200.27000427246094,203.05999755859375,194.33999633789062,194.36000061035156,0,4.585095058452171
20090305,197.15460205078125,197.25,204.0,196.82000732421875,197.5500030517578,0,-1.507966349445078
20090306,194.91567993164062,195.00999450683594,202.9600067138672,190.1699981689453,199.89999389648438,0,-1.1356174870286728
20090309,190.3778839111328,190.47000122070312,201.13999938964844,189.8800048828125,194.02999877929688,0,-2.3280823619394875
20090310,205.74044799804688,205.83999633789062,205.94000244140625,193.07000732421875,193.16000366210938,0,8.069509643871875
20090311,209.91842651367188,210.02000427246094,211.5399932861328,205.7100067138672,207.3000030517578,0,2.0307073498528228
20090312,217.26486206054688,217.3699951171875,218.24000549316406,207.5399932861328,209.72000122070312,0,3.4996622679767997
20090313,220.00355529785156,220.11000061035156,220.44000244140625,214.3000030517578,217.1999969482422,0,1.260526086724556
20090316,212.05740356445312,212.16000366210938,221.10000610351562,211.27999877929688,220.4600067138672,0,-3.6118290519273732
20090317,220.80316162109375,220.91000366210938,220.9199981689453,210.2100067138672,212.67999267578125,0,4.124245780998126
20090318,228.40948486328125,228.52000427246094,230.72999572753906,218.9199981689453,219.6999969482422,0,3.4448420099577604
20090319,226.21055603027344,226.32000732421875,231.5399932861328,224.69000244140625,230.61000061035156,0,-0.9627152577938669
20090320,218.60423278808594,218.7100067138672,230.0,216.0800018310547,227.0,0,-3.3624957423449175
20090323,233.30711364746094,233.4199981689453,233.6699981689453,222.6300048828125,222.6300048828125,0,6.725797175948522
20090324,228.6993408203125,228.80999755859375,233.02999877929688,226.6199951171875,231.6999969482422,0,-1.9749809984211053
20090325,230.10865783691406,230.22000122070312,239.9600067138672,225.5800018310547,230.5500030517578,0,0.616233415127887
20090326,245.05142211914062,245.1699981689453,245.19000244140625,234.4499969482422,234.4499969482422,0,6.493787190067035
20090327,241.2032928466797,241.32000732421875,245.22999572753906,238.69000244140625,242.36000061035156,0,-1.5703352259576087
20090330,229.3390350341797,229.4499969482422,236.6199951171875,227.0500030517578,236.58999633789062,0,-4.918784193483361
20090331,230.79832458496094,230.91000366210938,235.32000732421875,229.4600067138672,231.22999572753906,0,0.6363071402422094
20090401,233.62696838378906,233.74000549316406,234.55999755859375,225.42999267578125,228.1199951171875,0,1.2255864995766252
20090402,243.76205444335938,243.8800048828125,247.7899932861328,237.55999755859375,237.63999938964844,0,4.33815314081738
20090403,250.9185791015625,251.0399932861328,251.0399932861328,240.6999969482422,243.99000549316406,0,2.935865286193007
20090406,245.26133728027344,245.3800048828125,247.4600067138672,240.52999877929688,247.38999938964844,0,-2.254616218408323
20090407,235.78590393066406,235.89999389648438,242.83999633789062,234.9199981689453,242.1699981689453,0,-3.863399950153046
20090408,242.6026153564453,242.72000122070312,243.8300018310547,235.66000366210938,237.8300018310547,0,2.8910587116044884
20090409,254.28695678710938,254.41000366210938,256.8599853515625,246.77000427246094,246.8300018310547,0,4.816250157636004
20090413,250.8986053466797,251.02000427246094,252.11000061035156,244.27000427246094,251.63999938964844,0,-1.3324945327821358
20090414,249.87908935546875,250.0,256.3699951171875,246.08999633789062,248.57000732421875,0,-0.40634381925744867
20090415,246.1109161376953,246.22999572753906,246.39999389648438,241.47999572753906,246.1300048828125,0,-1.5080017089843745
20090416,254.37692260742188,254.5,255.3300018310547,246.33999633789062,249.67999267578125,0,3.3586502115737105
20090417,254.686767578125,254.80999755859375,256.0799865722656,250.17999267578125,253.41000366210938,0,0.12180650632367396
20090420,240.2237548828125,240.33999633789062,250.6300048828125,239.85000610351562,250.5500030517578,0,-5.678741556196487
20090421,240.54360961914062,240.66000366210938,244.10000610351562,234.1199951171875,238.41000366210938,0,0.13314776112789417
20090422,250.9585723876953,251.0800018310547,258.2200012207031,236.36000061035156,239.60000610351562,0,4.329759000409217
20090423,249.499267578125,249.6199951171875,252.22999572753906,241.08999633789062,251.9600067138672,0,-0.5814906417156984
20090424,253.52731323242188,253.64999389648438,255.1699981689453,244.58999633789062,249.1999969482422,0,1.6144535125901749
20090427,250.6787109375,250.8000030517578,256.20001220703125,249.1199951171875,250.89999389648438,0,-1.1235919232427283
20090428,246.49073791503906,246.61000061035156,250.19000244140625,244.3300018310547,249.27000427246094,0,-1.6706548606147953
20090429,251.4283447265625,251.5500030517578,255.80999755859375,246.8000030517578,248.4199981689453,0,2.0031638738007063
20090430,258.40496826171875,258.5299987792969,265.19000244140625,253.14999389648438,253.14999389648438,0,2.7747945310510946
20090501,258.06512451171875,258.19000244140625,260.42999267578125,253.00999450683594,258.5,0,-0.131511367924797
20090504,271.3786926269531,271.510009765625,271.54998779296875,261.0299987792969,261.1099853515625,0,5.158994228384817
20090505,268.570068359375,268.70001220703125,270.7099914550781,263.489990234375,270.54998779296875,0,-1.0349517356724403
20090506,269.4996032714844,269.6300048828125,272.760009765625,264.0799865722656,270.19000244140625,0,0.3461081628328033
20090507,254.42689514160156,254.5500030517578,272.92999267578125,250.5800018310547,271.6199951171875,0,-5.592850038188002
20090508,249.5292510986328,249.64999389648438,256.4700012207031,244.69000244140625,255.94000244140625,0,-1.924969199186033
20090511,248.73963928222656,248.86000061035156,253.00999450683594,241.97999572753906,246.50999450683594,0,-0.3164403386528347
20090512,242.41270446777344,242.52999877929688,250.85000610351562,238.1999969482422,250.1199951171875,0,-2.543599540114838
20090513,237.07528686523438,237.19000244140625,241.88999938964844,235.63999938964844,240.60000610351562,0,-2.2017879704646526
20090514,244.26181030273438,244.3800048828125,246.3800048828125,238.1999969482422,238.57000732421875,0,3.031326096125153
20090515,242.5626220703125,242.67999267578125,246.99000549316406,240.92999267578125,244.0800018310547,0,-0.6956429221148697
20090518,251.15847778320312,251.27999877929688,251.50999450683594,244.83999633789062,244.83999633789062,0,3.5437639537945653
20090519,256.2060241699219,256.3299865722656,260.5199890136719,248.9600067138672,250.66000366210938,0,2.0097054351724264
20090520,256.8656921386719,256.989990234375,266.739990234375,256.25,259.07000732421875,0,0.257482033583023
20090521,250.2189178466797,250.33999633789062,256.1199951171875,246.83999633789062,254.57000732421875,0,-2.5876470482058767
20090522,250.33888244628906,250.4600067138672,253.49000549316406,246.8300018310547,251.25999450683594,0,0.047938954115256394
20090526,259.2945556640625,259.4200134277344,260.1099853515625,248.2899932861328,248.63999938964844,0,3.577420136422571
20090527,263.8123474121094,263.94000244140625,270.0,261.0199890136719,261.6000061035156,0,1.7423439903301752
20090528,269.2197265625,269.3500061035156,269.3599853515625,259.2300109863281,266.1499938964844,0,2.0497096355488464
20090529,271.17877197265625,271.30999755859375,272.260009765625,264.8500061035156,268.82000732421875,0,0.7276745538015161
20090601,285.5718078613281,285.7099914550781,286.8999938964844,274.42999267578125,274.42999267578125,0,5.30757953118719
20090602,276.1563720703125,276.2900085449219,284.1099853515625,274.17999267578125,283.19000244140625,0,-3.297043572813707
20090603,270.04931640625,270.17999267578125,272.2699890136719,266.989990234375,272.17999267578125,0,-2.2114501719837643
20090604,275.85650634765625,275.989990234375,276.5400085449219,270.6000061035156,270.7200012207031,0,2.1504173943648786
20090605,270.6090393066406,270.739990234375,277.9599914550781,268.6700134277344,276.5799865722656,0,-1.902242902194251
20090608,270.4591369628906,270.5899963378906,272.94000244140625,265.6400146484375,270.2300109863281,0,-0.055401455970549573
20090609,282.5033264160156,282.6400146484375,284.8299865722656,274.7300109863281,274.8699951171875,0,4.45323865391527
20090610,283.06304931640625,283.20001220703125,285.3599853515625,277.3399963378906,284.20001220703125,0,0.19813102518067005
20090611,279.6047058105469,279.739990234375,285.2300109863281,278.32000732421875,282.9800109863281,0,-1.2217591184730647
20090612,274.6571044921875,274.7900085449219,279.010009765625,270.2699890136719,279.010009765625,0,-1.7694937664457178
20090615,270.3691711425781,270.5,272.4599914550781,265.0,271.19000244140625,0,-1.5611952441933696
20090616,263.58245849609375,263.7099914550781,272.010009765625,263.1199951171875,271.80999755859375,0,-2.510169517531191
20090617,266.0312805175781,266.1600036621094,268.7300109863281,259.44000244140625,264.3900146484375,0,0.929055510378185
20090618,261.14361572265625,261.2699890136719,266.239990234375,260.0199890136719,265.55999755859375,0,-1.837246235781309
20090619,264.34210205078125,264.4700012207031,266.4100036621094,262.3500061035156,262.92999267578125,0,1.2247913428984791
20090622,254.47686767578125,254.60000610351562,265.3900146484375,254.60000610351562,263.1099853515625,0,-3.7319904229708434
20090623,253.53732299804688,253.66000366210938,255.66000366210938,248.9199981689453,255.4199981689453,0,-0.3692075486534163
20090624,257.9551696777344,258.0799865722656,261.32000732421875,254.64999389648438,255.69000244140625,0,1.742483184713639
20090625,263.1326904296875,263.260009765625,263.5299987792969,254.86000061035156,256.4700012207031,0,2.0071386635433397
20090626,262.9227600097656,263.04998779296875,266.8599853515625,261.2099914550781,261.8500061035156,0,-0.0797773930203971
20090629,262.7928466796875,262.9200134277344,265.5400085449219,260.7900085449219,263.1499938964844,0,-0.049410519394010866
20090630,263.0227355957031,263.1499938964844,267.44000244140625,260.05999755859375,263.05999755859375,0,0.08747164803155627
20090701,266.8908386230469,267.0199890136719,271.3599853515625,263.7099914550781,263.7699890136719,0,1.4706422979093192
20090702,263.6824035644531,263.80999755859375,265.8399963378906,261.9700012207031,264.20001220703125,0,-1.202153991143251
20090706,260.1141357421875,260.239990234375,265.8999938964844,256.489990234375,263.30999755859375,0,-1.3532494436363507
20090707,252.60777282714844,252.72999572753906,264.25,252.41000366210938,261.55999755859375,0,-2.885795722660589
20090708,250.81863403320312,250.94000244140625,254.13999938964844,247.1699981689453,253.72000122070312,0,-0.7082630935753897
20090709,257.82525634765625,257.95001220703125,260.7300109863281,254.38999938964844,254.6300048828125,0,2.7935003177748996
20090710,258.91473388671875,259.0400085449219,262.1400146484375,255.24000549316406,256.8800048828125,0,0.4225610724204243
20090713,265.1617126464844,265.2900085449219,265.510009765625,254.75,260.30999755859375,0,2.4127547073162336
20090714,269.4795837402344,269.6099853515625,270.5899963378906,265.6499938964844,265.82000732421875,0,1.62839785423321
20090715,281.423828125,281.55999755859375,282.2200012207031,277.760009765625,277.80999755859375,0,4.432332946218165
20090716,286.8612060546875,287.0,287.8399963378906,278.6400146484375,280.1000061035156,0,1.932093510646582
20090717,290.3494873046875,290.489990234375,290.6600036621094,283.1400146484375,286.5199890136719,0,1.216024471907673
20090720,293.9877624511719,294.1300048828125,294.6499938964844,290.2799987792969,291.8399963378906,0,1.2530602674125424
20090721,293.82781982421875,293.9700012207031,293.989990234375,286.4200134277344,293.3800048828125,0,-0.05439895945777984
20090722,301.6240539550781,301.7699890136719,302.4800109863281,293.1700134277344,294.6400146484375,0,2.6533278091572354
20090723,304.5726318359375,304.7200012207031,305.0799865722656,295.9599914550781,298.1600036621094,0,0.9775697764623059
20090724,300.7344970703125,300.8800048828125,301.1600036621094,292.3399963378906,299.3900146484375,0,-1.2601720669820349
20090727,302.49365234375,302.6400146484375,302.8800048828125,296.6199951171875,300.3699951171875,0,0.5849540471492887
20090728,303.10333251953125,303.25,304.760009765625,298.3500061035156,301.510009765625,0,0.20155475880183626
20090729,300.50457763671875,300.6499938964844,301.9700012207031,296.95001220703125,301.9700012207031,0,-0.8573804133604646
20090730,300.9043884277344,301.04998779296875,309.2300109863281,300.489990234375,304.07000732421875,0,0.13304304161139147
20090731,301.59405517578125,301.739990234375,304.3800048828125,298.9599914550781,301.4700012207031,0,0.2291986279304492
20090803,306.8714904785156,307.0199890136719,308.2300109863281,302.6300048828125,303.9800109863281,0,1.749850517061291
20090804,307.0714111328125,307.2200012207031,308.760009765625,303.7900085449219,304.95001220703125,0,0.06514631430800666
20090805,303.7130432128906,303.8599853515625,308.57000732421875,301.3999938964844,306.6700134277344,0,-1.0936839580072855
20090806,299.6949768066406,299.8399963378906,307.5799865722656,298.1000061035156,303.75,0,-1.3229741352816848
20090807,298.3856201171875,298.5299987792969,303.7900085449219,296.04998779296875,302.6199951171875,0,-0.43689887092898116
20090810,294.807373046875,294.95001220703125,299.5400085449219,293.17999267578125,298.1099853515625,0,-1.199204966637979
20090811,290.599365234375,290.739990234375,296.4599914550781,289.8399963378906,294.2900085449219,0,-1.4273679601345957
20090812,295.7369079589844,295.8800048828125,298.2900085449219,291.2699890136719,291.3699951171875,0,1.7679076910933178
20090813,302.2137451171875,302.3599853515625,302.4599914550781,293.57000732421875,297.6000061035156,0,2.1900704210534583
20090814,294.5074768066406,294.6499938964844,300.8800048828125,292.5400085449219,300.8800048828125,0,-2.549937765777277
20090817,285.78173828125,285.9200134277344,291.0799865722656,285.25,290.989990234375,0,-2.962830697297414
20090818,291.5289611816406,291.6700134277344,292.30999755859375,286.8599853515625,286.8599853515625,0,2.0110519480838196
20090819,293.2781066894531,293.4200134277344,294.57000732421875,286.8599853515625,288.9100036621094,0,0.5999931153133797
20090820,296.26666259765625,296.4100036621094,296.8500061035156,293.0299987792969,293.1300048828125,0,1.0190137337415806
20090821,301.1542663574219,301.29998779296875,301.3999938964844,294.489990234375,296.75,0,1.6497365373786987
20090824,298.805419921875,298.95001220703125,305.67999267578125,297.8399963378906,301.8399963378906,0,-0.7799454633739433
20090825,300.3846435546875,300.5299987792969,302.92999267578125,297.5899963378906,300.1199951171875,0,0.5285119611138978
20090826,302.84344482421875,302.989990234375,303.80999755859375,299.9700012207031,301.1600036621094,0,0.818551048171634
20090827,303.61309814453125,303.760009765625,303.95001220703125,297.5199890136719,302.6000061035156,0,0.2541402541563764
20090828,311.0295104980469,311.17999267578125,316.32000732421875,308.20001220703125,310.19000244140625,0,2.442712230580102
20090831,306.03192138671875,306.17999267578125,309.3299865722656,304.17999267578125,309.3299865722656,0,-1.60678710639649
20090901,298.4955749511719,298.6400146484375,313.17999267578125,297.8800048828125,305.4599914550781,0,-2.4625965796948535
20090902,297.25616455078125,297.3999938964844,301.1300048828125,295.80999755859375,297.8599853515625,0,-0.41522257270609764
20090903,301.5041198730469,301.6499938964844,301.8500061035156,296.0299987792969,298.2900085449219,0,1.429051811439952
20090904,309.5901794433594,309.739990234375,309.760009765625,302.4200134277344,303.5400085449219,0,2.681914968202137
20090908,316.56683349609375,316.7200012207031,316.8800048828125,310.44000244140625,313.5199890136719,0,2.253506555949225
20090909,319.9751892089844,320.1300048828125,320.760009765625,313.9100036621094,316.7099914550781,0,1.0766619250336396
20090910,325.6624450683594,325.82000732421875,325.9599914550781,318.95001220703125,319.6300048828125,0,1.7774036655792802
20090911,321.0846252441406,321.239990234375,326.3399963378906,318.8599853515625,325.20001220703125,0,-1.405689333646798
20090914,322.5439453125,322.70001220703125,323.1400146484375,318.9800109863281,319.7200012207031,0,0.45449570945106377
20090915,325.3226013183594,325.4800109863281,326.739990234375,322.4200134277344,323.489990234375,0,0.8614808410708497
20090916,326.6819152832031,326.8399963378906,327.4100036621094,323.3800048828125,326.6300048828125,0,0.41783989973491753
20090917,321.1745910644531,321.3299865722656,327.3299865722656,319.4200134277344,326.0799865722656,0,-1.6858431732231116
20090918,326.3221130371094,326.4800109863281,327.9700012207031,321.989990234375,323.760009765625,0,1.6027213858873068
20090921,326.24212646484375,326.3999938964844,328.1700134277344,323.69000244140625,325.92999267578125,0,-0.024509031839958784
20090922,329.17071533203125,329.3299865722656,331.44000244140625,326.0299987792969,327.9800109863281,0,0.897669341473839
20090923,330.889892578125,331.04998779296875,337.0299987792969,330.8299865722656,333.010009765625,0,0.5222728845937219
20090924,322.8837890625,323.0400085449219,333.2099914550781,320.17999267578125,333.17999267578125,0,-2.4195679031579154
20090925,320.89471435546875,321.04998779296875,324.760009765625,318.4700012207031,321.7300109863281,0,-0.6160291912190141
20090928,327.51153564453125,327.6700134277344,330.17999267578125,322.20001220703125,322.9800109863281,0,2.061992177689964
20090929,322.8437805175781,323.0,330.75,322.6600036621094,328.67999267578125,0,-1.4252184320687977
20090930,325.59246826171875,325.75,329.3900146484375,319.3399963378906,324.0899963378906,0,0.851393188854499
20091001,309.8200988769531,309.9700012207031,327.0299987792969,309.8599853515625,326.54998779296875,0,-4.844205304465654
20091002,306.44171142578125,306.5899963378906,312.79998779296875,305.6700134277344,307.5799865722656,0,-1.090429676904725
20091005,312.9385681152344,313.0899963378906,314.2900085449219,306.5400085449219,308.3599853515625,0,2.1200952665253903
20091006,319.4254150390625,319.5799865722656,321.3999938964844,315.1600036621094,315.17999267578125,0,2.0728832956294463
20091007,317.48638916015625,317.6400146484375,319.6099853515625,315.5199890136719,318.9100036621094,0,-0.6070379890292132
20091008,315.9071350097656,316.05999755859375,319.2200012207031,312.5299987792969,318.489990234375,0,-0.49742381846711314
20091009,326.2821350097656,326.44000244140625,326.8699951171875,316.2799987792969,316.4800109863281,0,3.2841881171274068
20091012,330.84991455078125,331.010009765625,334.1000061035156,328.3299865722656,328.3900146484375,0,1.399953219593253
20091013,329.84039306640625,330.0,333.0,328.30999755859375,331.30999755859375,0,-0.30512967457997364
20091014,334.3482360839844,334.510009765625,337.1600036621094,330.45001220703125,335.75,0,1.366669625946959
20091015,329.6205139160156,329.7799987792969,333.25,327.75,333.25,0,-1.4140117928435725
20091016,322.6738586425781,322.8299865722656,328.0400085449219,318.6499938964844,328.0400085449219,0,-2.1074692924850535
20091019,327.4515380859375,327.6099853515625,328.6499938964844,321.2900085449219,324.05999755859375,0,1.480655136795006
20091020,326.7119140625,326.8699951171875,331.7099914550781,325.7099914550781,328.32000732421875,0,-0.2258753601728336
20091021,322.5139465332031,322.6700134277344,331.6300048828125,321.6400146484375,327.55999755859375,0,-1.2849089094113308
20091022,326.6819152832031,326.8399963378906,327.92999267578125,317.4599914550781,323.0799865722656,0,1.2923366710957618
20091023,316.2569885253906,316.4100036621094,325.1700134277344,315.5400085449219,325.1700134277344,0,-3.19116166706801
20091026,317.2864685058594,317.44000244140625,323.82000732421875,314.7099914550781,316.80999755859375,0,0.32552661653415527
20091027,309.29034423828125,309.44000244140625,321.2799987792969,308.70001220703125,318.1400146484375,0,-2.5201612709402132
20091028,300.634521484375,300.7799987792969,311.04998779296875,300.0400085449219,307.6000061035156,0,-2.798605091062578
20091029,307.1114196777344,307.260009765625,308.3900146484375,302.8599853515625,302.8599853515625,0,2.154402225090424
20091030,296.4665222167969,296.6099853515625,307.07000732421875,295.2900085449219,306.6000061035156,0,-3.4661277340276797
20091102,297.2261657714844,297.3699951171875,300.7300109863281,292.760009765625,297.0799865722656,0,0.2562320229118953
20091103,293.33807373046875,293.4800109863281,294.0400085449219,288.1099853515625,291.6499938964844,0,-1.3081293320553078
20091104,295.16717529296875,295.30999755859375,300.67999267578125,294.67999267578125,295.57000732421875,0,0.6235472617420967
20091105,302.8134765625,302.9599914550781,304.6400146484375,297.69000244140625,298.4200134277344,0,2.5904960752188844
20091106,301.61407470703125,301.760009765625,305.80999755859375,299.7300109863281,300.6600036621094,0,-0.3960858606081197
20091109,311.1094665527344,311.260009765625,311.5899963378906,304.1400146484375,304.1600036621094,0,3.14819714095933
20091110,311.36932373046875,311.5199890136719,314.4599914550781,308.489990234375,310.9100036621094,0,0.08352478310420519
20091111,315.6072998046875,315.760009765625,319.3999938964844,313.2900085449219,313.5299987792969,0,1.3610750197371901
20091112,313.84814453125,314.0,320.3299865722656,313.489990234375,316.8900146484375,0,-0.5573884314645783
20091113,317.346435546875,317.5,318.94000244140625,312.79998779296875,314.5400085449219,0,1.1146496815286566
20091116,323.6733703613281,323.8299865722656,325.1600036621094,318.92999267578125,319.0400085449219,0,1.9936965581939026
20091117,324.1431579589844,324.29998779296875,324.739990234375,320.2300109863281,322.760009765625,0,0.14513826396316265
20091118,321.37451171875,321.5299987792969,324.1199951171875,320.0799865722656,323.8999938964844,0,-0.8541440388336485
20091119,310.3498229980469,310.5,316.7699890136719,307.5299987792969,316.7699890136719,0,-3.4304726840956534
20091120,307.821044921875,307.9700012207031,308.5899963378906,305.57000732421875,307.8900146484375,0,-0.8148144216737152
20091123,311.36932373046875,311.5199890136719,315.1400146484375,310.6000061035156,310.6099853515625,0,1.152705711237334
20091124,312.348876953125,312.5,313.7300109863281,309.6600036621094,311.6000061035156,0,0.3145900811793778
20091125,314.9376220703125,315.0899963378906,315.44000244140625,312.6099853515625,312.9700012207031,0,0.8287988281250103
20091127,309.670166015625,309.82000732421875,312.1600036621094,304.489990234375,306.6300048828125,0,-1.6725345377263334
20091130,309.9000244140625,310.04998779296875,311.3999938964844,305.9100036621094,309.42999267578125,0,0.07423034772229276
20091201,319.3854675292969,319.5400085449219,320.5899963378906,313.760009765625,313.760009765625,0,3.060803459308614
20091202,324.532958984375,324.69000244140625,326.1600036621094,319.7699890136719,319.82000732421875,0,1.6116898537794189
20091203,328.2811584472656,328.44000244140625,331.80999755859375,325.20001220703125,325.4100036621094,0,1.1549477876753311
20091204,335.0478820800781,335.2099914550781,338.5,328.3900146484375,333.6000061035156,0,2.061255925998129
20091207,336.5571594238281,336.7200012207031,339.6000061035156,334.4700012207031,334.489990234375,0,0.45046681307747694
20091208,336.7970275878906,336.9599914550781,338.7699890136719,332.2300109863281,335.0299987792969,0,0.07127293701145732
20091209,338.9259948730469,339.0899963378906,339.260009765625,333.6700134277344,336.2799987792969,0,0.6321239722302252
20091210,338.44622802734375,338.6099853515625,342.1199951171875,338.260009765625,340.2799987792969,0,-0.1415585807638564
20091211,335.0778503417969,335.239990234375,340.1300048828125,333.92999267578125,339.19000244140625,0,-0.9952438684549092
20091214,340.11541748046875,340.2799987792969,340.54998779296875,336.2699890136719,337.8900146484375,0,1.5034031415519067
20091215,338.8060607910156,338.9700012207031,343.0400085449219,337.9100036621094,339.3599853515625,0,-0.38497636161195503
20091216,344.6932067871094,344.8599853515625,347.5199890136719,340.3900146484375,340.3999938964844,0,1.7376122104163505
20091217,339.6556701660156,339.82000732421875,344.6099853515625,338.8699951171875,342.79998779296875,0,-1.4614563131196023
20091218,344.6632080078125,344.8299865722656,345.07000732421875,339.7900085449219,341.1199951171875,0,1.474303790261211
20091221,352.47943115234375,352.6499938964844,352.79998779296875,346.8800048828125,346.9200134277344,0,2.2677863378276486
20091222,354.5484619140625,354.7200012207031,356.20001220703125,353.2900085449219,353.2900085449219,0,0.5869863490842286
20091223,355.1981201171875,355.3699951171875,357.7699890136719,354.3500061035156,356.1600036621094,0,0.18324140004724043
20091224,360.8853759765625,361.05999755859375,361.1400146484375,356.760009765625,357.010009765625,0,1.6011488081681957
20091228,357.467041015625,357.6400146484375,363.1099853515625,355.6000061035156,361.8500061035156,0,-0.9472062630259237
20091229,356.0077209472656,356.17999267578125,358.32000732421875,354.1400146484375,357.92999267578125,0,-0.40823786848668275
20091230,361.2152404785156,361.3900146484375,361.3999938964844,355.55999755859375,355.8999938964844,0,1.4627497556828795
20091231,359.7359313964844,359.9100036621094,364.2699890136719,359.8500061035156,361.6700134277344,0,-0.40953289419684014
20100104,365.9029235839844,366.0799865722656,368.260009765625,364.0199890136719,364.0199890136719,0,1.7143127024467963
20100105,366.2427978515625,366.4200134277344,369.0899963378906,363.75,366.6600036621094,0,0.09288321348908113
20100106,366.1628112792969,366.3399963378906,369.45001220703125,365.1300048828125,366.4100036621094,0,-0.021837532588686592
20100107,362.124755859375,362.29998779296875,365.2799987792969,360.0799865722656,364.7699890136719,0,-1.1028030205021966
20100108,367.5021667480469,367.67999267578125,367.9700012207031,361.5400085449219,361.79998779296875,0,1.4849586155345929
20100111,366.44268798828125,366.6199951171875,370.9100036621094,363.3399963378906,369.8599853515625,0,-0.2882935105822937
20100112,353.2790832519531,353.45001220703125,363.54998779296875,350.7300109863281,363.45001220703125,0,-3.592270766886718
20100113,358.91632080078125,359.0899963378906,360.0299987792969,348.6000061035156,355.44000244140625,0,1.5956949882790727
20100114,356.787353515625,356.9599914550781,359.0299987792969,354.45001220703125,358.1199951171875,0,-0.5931674244715635
20100115,344.5033264160156,344.6700134277344,356.3900146484375,344.5,356.05999755859375,0,-3.442956723874302
20100119,350.6703186035156,350.8399963378906,351.489990234375,345.739990234375,345.739990234375,0,1.7901130559040856
20100120,349.63079833984375,349.79998779296875,350.760009765625,345.54998779296875,349.8999938964844,0,-0.2964338603858141
20100121,347.7417297363281,347.9100036621094,355.7300109863281,345.44000244140625,351.0,0,-0.54030423007847
20100122,329.33062744140625,329.489990234375,344.489990234375,328.67999267578125,344.4100036621094,0,-5.294476512271807
20100125,334.01837158203125,334.17999267578125,337.1700134277344,331.5400085449219,332.3399963378906,0,1.4234127228174964
20100126,333.3586730957031,333.5199890136719,338.1700134277344,331.44000244140625,333.6300048828125,0,-0.19749945435832972
20100127,337.28680419921875,337.45001220703125,338.94000244140625,330.55999755859375,334.3800048828125,0,1.178347122456369
20100128,327.09173583984375,327.25,338.9100036621094,322.8800048828125,338.2799987792969,0,-3.0226735332797627
20100129,315.9171447753906,316.07000732421875,331.3299865722656,313.0899963378906,328.3900146484375,0,-3.4163461194136713
20100201,325.5624694824219,325.7200012207031,325.9100036621094,317.3500061035156,317.3500061035156,0,3.0531191422366044
20100202,328.5410461425781,328.70001220703125,329.9599914550781,323.92999267578125,325.3900146484375,0,0.9148995993982334
20100203,327.59149169921875,327.75,330.25,325.760009765625,326.989990234375,0,-0.28902104403722984
20100204,312.37884521484375,312.5299987792969,324.260009765625,312.489990234375,324.1400146484375,0,-4.643783743921626
20100205,319.8552551269531,320.010009765625,320.3800048828125,310.3399963378906,313.42999267578125,0,2.393373761093054
20100208,318.7057800292969,318.8599853515625,325.3299865722656,316.44000244140625,319.95001220703125,0,-0.3593713880715055
20100209,323.25360107421875,323.4100036621094,326.5899963378906,319.3699951171875,322.45001220703125,0,1.4269643478563854
20100210,323.24359130859375,323.3999938964844,325.5,318.5299987792969,322.57000732421875,0,-0.003095069883940482
20100211,330.8799133300781,331.0400085449219,332.0199890136719,320.7200012207031,323.5299987792969,0,2.3624040793528867
20100212,332.67901611328125,332.8399963378906,336.7200012207031,324.510009765625,327.9800109863281,0,0.5437372361366766
20100216,340.79510498046875,340.9599914550781,341.4599914550781,334.7200012207031,335.6499938964844,0,2.439609183550262
20100217,341.37481689453125,341.5400085449219,343.8500061035156,338.4800109863281,343.260009765625,0,0.17011294708464408
20100218,342.3543395996094,342.5199890136719,342.92999267578125,337.4800109863281,340.1499938964844,0,0.28692991867191875
20100219,343.3738708496094,343.5400085449219,345.6700134277344,339.3800048828125,341.739990234375,0,0.29779854138944906
20100222,342.3843078613281,342.54998779296875,345.9700012207031,341.44000244140625,345.04998779296875,0,-0.2881820828224302
20100223,332.7090148925781,332.8699951171875,341.2900085449219,330.7099914550781,341.2900085449219,0,-2.8258627998059227
20100224,339.10589599609375,339.2699890136719,341.5400085449219,334.44000244140625,334.44000244140625,0,1.922670709395491
20100225,338.2263488769531,338.3900146484375,338.79998779296875,329.92999267578125,334.6099853515625,0,-0.25937288700148553
20100226,338.69610595703125,338.8599853515625,339.20001220703125,333.75,338.5400085449219,0,0.13888432955484475
20100301,349.3110046386719,349.4800109863281,349.82000732421875,341.5400085449219,341.5400085449219,0,3.1340453561512938
20100302,349.2210388183594,349.3900146484375,353.4100036621094,347.8500061035156,350.69000244140625,0,-0.02575149795739362
20100303,346.2024841308594,346.3699951171875,352.5899963378906,344.79998779296875,350.739990234375,0,-0.864369159000955
20100304,346.38238525390625,346.54998779296875,347.7200012207031,341.7699890136719,346.3299865722656,0,0.051965435320222575
20100305,351.3599853515625,351.5299987792969,352.42999267578125,346.510009765625,348.7799987792969,0,1.4370252955551166
20100308,351.0401306152344,351.2099914550781,352.94000244140625,350.510009765625,352.1700134277344,0,-0.09103272134098894
20100309,350.3005065917969,350.4700012207031,353.3599853515625,347.95001220703125,349.8900146484375,0,-0.21069737546736134
20100310,357.8668518066406,358.0400085449219,359.0199890136719,350.739990234375,350.739990234375,0,2.1599587119730757
20100311,356.9872741699219,357.1600036621094,357.4100036621094,352.9700012207031,357.3599853515625,0,-0.24578395201945158
20100312,355.1981201171875,355.3699951171875,358.9800109863281,354.1099853515625,358.44000244140625,0,-0.5011783308792039
20100315,350.2605285644531,350.42999267578125,353.6099853515625,348.0199890136719,353.6000061035156,0,-1.3901011647810102
20100316,359.6959533691406,359.8699951171875,360.3900146484375,350.9200134277344,351.6499938964844,0,2.6938340435203934
20100317,363.8839416503906,364.05999755859375,365.7900085449219,360.6000061035156,360.6000061035156,0,1.1643100281371943
20100318,361.4651184082031,361.6400146484375,364.95001220703125,358.69000244140625,364.2300109863281,0,-0.6647209049016056
20100319,355.49798583984375,355.6700134277344,361.6300048828125,353.5,361.1099853515625,0,-1.650813233847137
20100322,364.0738220214844,364.25,364.92999267578125,352.6700134277344,354.1300048828125,0,2.4123446589092046
20100323,372.28985595703125,372.4700012207031,372.8999938964844,365.0299987792969,365.07000732421875,0,2.2566921676604235
20100324,365.19329833984375,365.3699951171875,370.17999267578125,364.7300109863281,370.0299987792969,0,-1.906195419831569
20100325,364.6535339355469,364.8299865722656,371.92999267578125,364.5,368.8900146484375,0,-0.1477977261785446
20100326,362.7145080566406,362.8900146484375,369.07000732421875,360.0899963378906,367.2200012207031,0,-0.5317468396868863
20100329,366.19281005859375,366.3699951171875,368.0400085449219,365.0199890136719,365.0199890136719,0,0.9589628615494838
20100330,368.7215881347656,368.8999938964844,370.1700134277344,364.42999267578125,367.1700134277344,0,0.6905584008012555
20100331,366.3927307128906,366.57000732421875,370.6099853515625,365.1700134277344,366.95001220703125,0,-0.6316038522135137
20100401,366.7525329589844,366.92999267578125,375.3999938964844,363.8599853515625,369.80999755859375,0,0.09820371126110228
20100405,377.67724609375,377.8599853515625,378.25,369.07000732421875,369.07000732421875,0,2.9787678559814568
20100406,375.33837890625,375.5199890136719,377.3399963378906,373.2099914550781,376.32000732421875,0,-0.6192760357288107
20100407,376.7077331542969,376.8900146484375,379.44000244140625,372.54998779296875,375.3699951171875,0,0.36483427642934885
20100408,371.29034423828125,371.4700012207031,374.8900146484375,368.2900085449219,374.8900146484375,0,-1.4380888898821498
20100409,375.5782775878906,375.760009765625,375.80999755859375,370.9800109863281,372.4700012207031,0,1.1548734839487151
20100412,378.7867126464844,378.9700012207031,382.1400146484375,375.8900146484375,376.32000732421875,0,0.8542663858988941
20100413,381.14556884765625,381.3299865722656,382.0,377.3299865722656,379.2900085449219,0,0.6227367189911348
20100414,397.53765869140625,397.7300109863281,398.239990234375,389.0400085449219,389.0799865722656,0,4.300743448339994
20100415,398.6670837402344,398.8599853515625,401.7699890136719,396.9100036621094,398.1400146484375,0,0.2841058843993549
20100416,393.5595703125,393.75,396.8599853515625,388.1300048828125,396.8500061035156,0,-1.2811476556261914
20100419,389.4715576171875,389.6600036621094,393.25,381.70001220703125,392.4800109863281,0,-1.0387292286706318
20100420,395.51861572265625,395.7099914550781,396.92999267578125,391.2799987792969,393.75,0,1.552632483731875
20100421,391.230712890625,391.4200134277344,400.0799865722656,385.6300048828125,397.0299987792969,0,-1.0841217356096888
20100422,398.7470703125,398.94000244140625,399.8299865722656,382.79998779296875,388.5799865722656,0,1.921207080807652
20100423,400.2263488769531,400.4200134277344,400.7300109863281,394.1600036621094,398.57000732421875,0,0.37098585683832397
20100426,400.61614990234375,400.80999755859375,404.70001220703125,399.82000732421875,400.3800048828125,0,0.09739376599111615
20100427,386.5929260253906,386.7799987792969,400.17999267578125,386.29998779296875,398.9800109863281,0,-3.50041138313818
20100428,388.4420471191406,388.6300048828125,393.54998779296875,383.05999755859375,389.9599914550781,0,0.4783096616563398
20100429,393.7794494628906,393.9700012207031,394.6700134277344,387.8500061035156,390.4599914550781,0,1.3740566273313881
20100430,375.88812255859375,376.07000732421875,392.44000244140625,375.9599914550781,392.44000244140625,0,-4.5434915960661515
20100503,385.7833251953125,385.9700012207031,387.739990234375,378.1199951171875,378.1199951171875,0,2.6324869581926924
20100504,368.3017883300781,368.4800109863281,380.45001220703125,363.1199951171875,380.45001220703125,0,-4.531437722895459
20100505,364.36370849609375,364.5400085449219,370.3999938964844,358.6199951171875,363.9700012207031,0,-1.0692581209113206
20100506,352.3695068359375,352.5400085449219,368.3500061035156,326.75,363.1499938964844,0,-3.2918197505669045
20100507,346.5823059082031,346.75,355.0799865722656,334.45001220703125,349.5,0,-1.6423692076311114
20100510,367.3022766113281,367.4800109863281,367.57000732421875,360.6300048828125,360.6300048828125,0,5.978373752365718
20100511,364.5536193847656,364.7300109863281,371.6300048828125,359.2900085449219,363.1400146484375,0,-0.7483400233441073
20100512,374.8985900878906,375.0799865722656,375.57000732421875,366.7699890136719,367.3399963378906,0,2.837708791209259
20100513,364.7834777832031,364.9599914550781,376.4200134277344,363.17999267578125,373.0,0,-2.698089868689302
20100514,353.6888427734375,353.8599853515625,360.3800048828125,347.05999755859375,360.3500061035156,0,-3.0414309413095975
20100517,359.2162170410156,359.3900146484375,359.9700012207031,347.1000061035156,353.3399963378906,0,1.562773279205576
20100518,348.6813049316406,348.8500061035156,363.7300109863281,347.3699951171875,362.67999267578125,0,-2.9327494129830822
20100519,350.6703186035156,350.8399963378906,354.70001220703125,342.5899963378906,347.6600036621094,0,0.5704429409654432
20100520,340.4352722167969,340.6000061035156,348.7799987792969,334.3500061035156,343.7099914550781,0,-2.918706630162249
20100521,348.9411315917969,349.1099853515625,354.3299865722656,334.5799865722656,335.989990234375,0,2.4985258648117847
20100524,342.3743591308594,342.5400085449219,350.92999267578125,342.1199951171875,347.2099914550781,0,-1.8819217674408528
20100525,344.3433837890625,344.510009765625,344.7799987792969,328.07000732421875,333.8800048828125,0,0.5751156570210636
20100526,343.6137390136719,343.7799987792969,355.0199890136719,343.07000732421875,348.1499938964844,0,-0.21189833840380423
20100527,361.3751220703125,361.54998779296875,361.70001220703125,350.5799865722656,350.6499938964844,0,5.169000255038103
20100528,355.4880065917969,355.6600036621094,361.2900085449219,350.6199951171875,361.010009765625,0,-1.62909260952101
20100601,347.4418640136719,347.6099853515625,359.5199890136719,347.3800048828125,354.0799865722656,0,-2.263402751970589
20100602,360.02581787109375,360.20001220703125,360.2699890136719,347.989990234375,349.20001220703125,0,3.621882968274215
20100603,364.27374267578125,364.45001220703125,365.9100036621094,358.4700012207031,361.0799865722656,0,1.179900015538382
20100604,348.31146240234375,348.4800109863281,362.1499938964844,346.6499938964844,357.8699951171875,0,-4.381945585347147
20100607,335.6775817871094,335.8399963378906,352.260009765625,334.8800048828125,349.8299865722656,0,-3.6271849890791574
20100608,334.4181823730469,334.5799865722656,337.0,326.239990234375,335.7799987792969,0,-0.37518156841488404
20100609,331.8994140625,332.05999755859375,344.7900085449219,330.5400085449219,337.95001220703125,0,-0.7531798418336066
20100610,344.5232849121094,344.69000244140625,345.1199951171875,337.8299865722656,337.9100036621094,0,3.8035309810492413
20100611,349.3609619140625,349.5299987792969,350.0299987792969,340.2900085449219,341.42999267578125,0,1.4041591875625592
20100614,351.7997741699219,351.9700012207031,358.94000244140625,351.3999938964844,354.2099914550781,0,0.6980809801526933
20100615,371.29034423828125,371.4700012207031,372.30999755859375,354.3999938964844,354.4200134277344,0,5.540244888021717
20100616,372.9095458984375,373.0899963378906,375.739990234375,365.3699951171875,369.2699890136719,0,0.43610388776051945
20100617,372.20989990234375,372.3900146484375,375.29998779296875,365.7699890136719,375.1000061035156,0,-0.18761738355996815
20100618,371.03045654296875,371.2099914550781,374.8299865722656,369.489990234375,372.07000732421875,0,-0.31687831223761176
20100621,367.86199951171875,368.0400085449219,377.510009765625,365.32000732421875,376.29998779296875,0,-0.8539594793045446
20100622,361.2152404785156,361.3900146484375,373.5799865722656,360.45001220703125,369.8800048828125,0,-1.806867118272193
20100623,362.7044982910156,362.8800048828125,367.3999938964844,356.010009765625,362.55999755859375,0,0.4122942455464518
20100624,352.0496520996094,352.2200012207031,361.8699951171875,350.3800048828125,361.8699951171875,0,-2.9376111989283915
20100625,351.9197082519531,352.0899963378906,354.0199890136719,345.8699951171875,352.9599914550781,0,-0.03691013638121854
20100628,353.938720703125,354.1099853515625,357.9200134277344,349.57000732421875,352.6600036621094,0,0.5737138330205171
20100629,337.5067138671875,337.6700134277344,346.6400146484375,335.55999755859375,346.6400146484375,0,-4.6426174363613075
20100630,332.1392822265625,332.29998779296875,342.2099914550781,331.489990234375,337.70001220703125,0,-1.5903175944626424
20100701,332.9488830566406,333.1099853515625,335.8599853515625,323.6400146484375,332.32000732421875,0,0.2437549167466191
20100702,331.43963623046875,331.6000061035156,334.79998779296875,326.05999755859375,333.3699951171875,0,-0.4532975036618203
20100706,330.9898376464844,331.1499938964844,339.8900146484375,327.95001220703125,336.2699890136719,0,-0.13570934823529113
20100707,347.7017517089844,347.8699951171875,348.260009765625,331.6300048828125,331.9100036621094,0,5.049071879472744
20100708,347.4518737792969,347.6199951171875,351.3800048828125,341.6600036621094,350.0899963378906,0,-0.07186592793545499
20100709,351.1900634765625,351.3599853515625,351.5799865722656,345.32000732421875,347.1400146484375,0,1.0758846691526491
20100712,355.15814208984375,355.3299865722656,356.7900085449219,350.7300109863281,351.4200134277344,0,1.1298956586450304
20100713,362.6545104980469,362.8299865722656,364.54998779296875,357.6199951171875,359.7799987792969,0,2.110714063946495
20100714,361.6849670410156,361.8599853515625,370.1000061035156,359.7799987792969,367.32000732421875,0,-0.2673431790649272
20100715,360.9153747558594,361.0899963378906,362.1600036621094,354.260009765625,362.0,0,-0.2127864491355158
20100716,348.99114990234375,349.1600036621094,359.2900085449219,348.92999267578125,358.55999755859375,0,-3.3038834630626956
20100719,357.7668762207031,357.94000244140625,358.4800109863281,350.1300048828125,351.4200134277344,0,2.51460610814791
20100720,357.956787109375,358.1300048828125,358.57000732421875,344.9200134277344,349.05999755859375,0,0.05308220375210837
20100721,350.9601745605469,351.1300048828125,360.05999755859375,350.1400146484375,359.5899963378906,0,-1.9545974658812915
20100722,362.484619140625,362.6600036621094,364.4800109863281,354.1400146484375,354.1499938964844,0,3.2836837122891094
20100723,364.35369873046875,364.5299987792969,365.20001220703125,357.3399963378906,360.4599914550781,0,0.5156331269796643
20100726,369.3212890625,369.5,369.5,360.69000244140625,364.6600036621094,0,1.3633997852978252
20100727,365.9029235839844,366.0799865722656,371.0400085449219,364.57000732421875,370.8800048828125,0,-0.9255787355167411
20100728,359.296142578125,359.4700012207031,367.3800048828125,357.7099914550781,363.8599853515625,0,-1.805612323540029
20100729,352.3494873046875,352.5199890136719,361.1400146484375,347.7099914550781,360.0799865722656,0,-1.9334053421509734
20100730,348.64129638671875,348.80999755859375,350.95001220703125,342.5799865722656,347.5400085449219,0,-1.0524201664304011
20100802,354.7683410644531,354.94000244140625,356.6400146484375,350.260009765625,352.739990234375,0,1.7574051563080006
20100803,351.08013916015625,351.25,353.510009765625,348.3599853515625,353.5,0,-1.039613009529805
20100804,354.5384521484375,354.7099914550781,354.9100036621094,348.05999755859375,352.04998779296875,0,0.9850509480649361
20100805,352.2695617675781,352.44000244140625,355.4700012207031,350.3800048828125,352.19000244140625,0,-0.6399563216023307
20100806,351.57989501953125,351.75,354.44000244140625,347.25,349.05999755859375,0,-0.1957786961260033
20100809,353.8787536621094,354.04998779296875,355.2799987792969,349.5799865722656,353.4700012207031,0,0.6538700193230218
20100810,344.5732727050781,344.739990234375,348.8900146484375,341.44000244140625,348.8900146484375,0,-2.629571495434646
20100811,329.9003601074219,330.05999755859375,336.0,327.6700134277344,335.9800109863281,0,-4.258279599590664
20100812,325.59246826171875,325.75,327.760009765625,318.9100036621094,322.1099853515625,0,-1.3058224536369734
20100813,322.5838928222656,322.739990234375,329.6000061035156,322.739990234375,325.6199951171875,0,-0.9240244867613212
20100816,324.1031799316406,324.260009765625,327.32000732421875,319.1099853515625,320.80999755859375,0,0.47097340808188726
20100817,328.4410705566406,328.6000061035156,332.0899963378906,325.75,327.0299987792969,0,1.338430952687486
20100818,331.93939208984375,332.1000061035156,333.8399963378906,326.760009765625,328.1099853515625,0,1.0651247519750218
20100819,326.26214599609375,326.4200134277344,332.45001220703125,324.8500061035156,329.9800109863281,0,-1.7103259775342439
20100820,327.721435546875,327.8800048828125,331.0799865722656,325.45001220703125,327.82000732421875,0,0.4472738787511199
20100823,323.6234130859375,323.7799987792969,331.0400085449219,323.5199890136719,329.3500061035156,0,-1.250459327332576
20100824,318.2560119628906,318.4100036621094,321.82000732421875,315.7200012207031,318.510009765625,0,-1.6585320703666806
20100825,321.3445129394531,321.5,322.8800048828125,312.6600036621094,315.67999267578125,0,0.9704457467893057
20100826,315.0775451660156,315.2300109863281,323.7300109863281,314.07000732421875,323.0799865722656,0,-1.9502298642836369
20100827,321.6044006347656,321.760009765625,322.7300109863281,309.0899963378906,317.7900085449219,0,2.0715028873250496
20100830,313.4283142089844,313.5799865722656,321.0,313.5799865722656,320.989990234375,0,-2.542274659712318
20100831,307.3412780761719,307.489990234375,315.1099853515625,305.7900085449219,311.5199890136719,0,-1.9420870586991934
20100901,316.5968017578125,316.75,320.05999755859375,311.67999267578125,312.30999755859375,0,3.0114833196901225
20100902,323.16363525390625,323.32000732421875,323.32000732421875,316.4599914550781,317.55999755859375,0,2.0741933146704916
20100903,328.551025390625,328.7099914550781,330.8999938964844,322.9800109863281,328.07000732421875,0,1.6670741088578467
20100907,322.15411376953125,322.30999755859375,328.32000732421875,321.3999938964844,326.94000244140625,0,-1.9470031525826048
20100908,320.7447814941406,320.8999938964844,322.79998779296875,317.6400146484375,322.7200012207031,0,-0.43746817436310925
20100909,320.9247131347656,321.0799865722656,324.8500061035156,320.0299987792969,323.95001220703125,0,0.056089959241112375
20100910,316.4169006347656,316.57000732421875,321.6499938964844,312.30999755859375,320.44000244140625,0,-1.404627954608384
20100913,327.01177978515625,327.1700134277344,327.8900146484375,319.8999938964844,319.9100036621094,0,3.34839241187479
20100914,332.5990905761719,332.760009765625,335.1199951171875,323.4599914550781,326.6000061035156,0,1.7085906741038714
20100915,331.4796142578125,331.6400146484375,332.4200134277344,327.5199890136719,330.9599914550781,0,-0.3365774384897824
20100916,334.0783386230469,334.239990234375,334.9100036621094,329.19000244140625,330.6199951171875,0,0.7839752355256913
20100917,334.18829345703125,334.3500061035156,336.45001220703125,332.5899963378906,335.70001220703125,0,0.032915232274710604
20100920,335.9574279785156,336.1199951171875,336.6499938964844,331.20001220703125,334.75,0,0.5293820790671422
20100921,335.1278381347656,335.2900085449219,338.1199951171875,333.8699951171875,335.6600036621094,0,-0.24693162689599646
20100922,330.2901916503906,330.45001220703125,334.8800048828125,328.04998779296875,333.4200134277344,0,-1.443525370438281
20100923,332.66900634765625,332.8299865722656,338.42999267578125,325.32000732421875,327.42999267578125,0,0.7202222052705709
20100924,345.97259521484375,346.1400146484375,346.54998779296875,337.07000732421875,337.0899963378906,0,3.9990471451351484
20100927,343.63372802734375,343.79998779296875,346.989990234375,342.4800109863281,346.1600036621094,0,-0.6760347710291215
20100928,349.2909851074219,349.4599914550781,350.010009765625,340.510009765625,344.7799987792969,0,1.6463071154958042
20100929,351.619873046875,351.7900085449219,354.32000732421875,347.489990234375,348.05999755859375,0,0.6667478815363337
20100930,349.0710754394531,349.239990234375,356.2200012207031,345.8399963378906,352.9800109863281,0,-0.7248694529711885
20101001,347.89166259765625,348.05999755859375,353.0299987792969,345.510009765625,351.05999755859375,0,-0.3378744441578263
20101004,342.95404052734375,343.1199951171875,347.6199951171875,339.4800109863281,346.8999938964844,0,-1.4192962351482596
20101005,350.74029541015625,350.9100036621094,351.69000244140625,345.989990234375,345.989990234375,0,2.2703452599028173
20101006,345.1729736328125,345.3399963378906,350.7200012207031,342.3500061035156,349.989990234375,0,-1.5873036579436173
20101007,346.6622619628906,346.8299865722656,348.2200012207031,342.57000732421875,346.69000244140625,0,0.4314560288919411
20101008,349.98065185546875,350.1499938964844,351.0199890136719,341.9200134277344,345.5899963378906,0,0.9572434485929371
20101011,352.49945068359375,352.6700134277344,355.94000244140625,350.5,350.9200134277344,0,0.7196971512714034
20101012,355.1481628417969,355.32000732421875,356.55999755859375,348.94000244140625,351.7200012207031,0,0.7514089079272868
20101013,355.4880065917969,355.6600036621094,357.5799865722656,352.1600036621094,356.8500061035156,0,0.09568736093725771
20101014,354.65838623046875,354.8299865722656,358.1099853515625,352.6700134277344,355.5299987792969,0,-0.23337375057564946
20101015,356.947265625,357.1199951171875,358.4700012207031,351.8699951171875,356.30999755859375,0,0.6453819100927349
20101018,354.3985290527344,354.57000732421875,356.6000061035156,351.7300109863281,356.5899963378906,0,-0.7140422905001387
20101019,349.4508972167969,349.6199951171875,355.8800048828125,345.9800109863281,350.4599914550781,0,-1.396060609972849
20101020,351.60986328125,351.7799987792969,353.4599914550781,347.45001220703125,349.3599853515625,0,0.6178146823053954
20101021,349.6907958984375,349.8599853515625,352.67999267578125,346.6400146484375,352.1600036621094,0,-0.545799486723797
20101022,356.7673645019531,356.94000244140625,357.57000732421875,350.57000732421875,350.95001220703125,0,2.0236715789973214
20101025,360.6054992675781,360.7799987792969,362.79998779296875,358.2200012207031,358.2200012207031,0,1.075810027350732
20101026,359.1861877441406,359.3599853515625,361.05999755859375,355.17999267578125,358.9100036621094,0,-0.3935953857029273
20101027,370.2708435058594,370.45001220703125,370.5799865722656,359.7300109863281,360.3299865722656,0,3.0860494511149694
20101028,370.160888671875,370.3399963378906,371.2200012207031,365.8800048828125,370.45001220703125,0,-0.02969789864094574
20101029,372.4598083496094,372.6400146484375,373.7799987792969,369.6300048828125,369.8999938964844,0,0.6210558765703533
20101101,371.2703552246094,371.45001220703125,375.2300109863281,368.5799865722656,373.5799865722656,0,-0.3193437083048978
20101102,374.009033203125,374.19000244140625,375.760009765625,371.8999938964844,374.0400085449219,0,0.7376470976794058
20101103,377.6272888183594,377.80999755859375,377.8299865722656,371.95001220703125,373.94000244140625,0,0.9674216557280513
20101104,389.5614929199219,389.75,389.8800048828125,381.3599853515625,381.6199951171875,0,3.160319345322371
20101105,391.83038330078125,392.0199890136719,393.9599914550781,388.92999267578125,390.1400146484375,0,0.5824218123596792
20101108,391.69049072265625,391.8800048828125,394.54998779296875,390.1600036621094,390.7799987792969,0,-0.03570841660691659
20101109,387.1326904296875,387.32000732421875,392.4100036621094,385.7099914550781,391.8299865722656,0,-1.1636208792937475
20101110,387.1526794433594,387.3399963378906,387.6099853515625,382.1400146484375,387.1199951171875,0,0.005160852342744882
20101111,382.30499267578125,382.489990234375,383.9100036621094,372.8299865722656,377.82000732421875,0,-1.252131499295206
20101112,382.4249572753906,382.6099853515625,388.5299987792969,378.510009765625,382.3299865722656,0,0.031372093453740924
20101115,379.3864440917969,379.57000732421875,385.9700012207031,379.5400085449219,384.5,0,-0.794537033462539
20101116,373.88909912109375,374.07000732421875,380.3599853515625,372.260009765625,377.30999755859375,0,-1.4490080601394895
20101117,373.669189453125,373.8500061035156,378.1499938964844,372.2900085449219,373.989990234375,0,-0.05881284689912558
20101118,380.7757568359375,380.9599914550781,382.32000732421875,377.95001220703125,378.0899963378906,0,1.9018283363606114
20101119,386.9028015136719,387.0899963378906,388.0899963378906,380.9800109863281,381.3299865722656,0,1.6090941359482303
20101122,391.1407165527344,391.3299865722656,391.80999755859375,385.75,386.2799987792969,0,1.0953499895342
20101123,388.08221435546875,388.2699890136719,390.9100036621094,386.510009765625,387.5799865722656,0,-0.7819481418730123
20101124,398.51715087890625,398.7099914550781,399.2300109863281,391.3399963378906,391.3500061035156,0,2.688851247021984
20101126,395.8384704589844,396.0299987792969,398.260009765625,394.989990234375,395.5299987792969,0,-0.6721659183911322
20101129,394.9588928222656,395.1499938964844,396.0799865722656,390.4100036621094,393.82000732421875,0,-0.22220662210564734
20101130,389.93133544921875,390.1199951171875,392.55999755859375,389.1300048828125,390.8599853515625,0,-1.2729340394763033
20101201,402.87506103515625,403.07000732421875,403.57000732421875,396.04998779296875,396.04998779296875,0,3.3194946091243516
20101202,410.3614501953125,410.55999755859375,410.80999755859375,403.17999267578125,403.5199890136719,0,1.8582355665948347
20101203,412.23052978515625,412.42999267578125,413.19000244140625,407.54998779296875,408.07000732421875,0,0.4554742615713758
20101206,411.5708312988281,411.7699890136719,412.6499938964844,408.4100036621094,412.3599853515625,0,-0.16002804690011807
20101207,411.3110046386719,411.510009765625,417.8699951171875,411.3699951171875,415.20001220703125,0,-0.06313700730585792
20101208,415.22906494140625,415.42999267578125,415.75,410.5400085449219,411.92999267578125,0,0.9525850689243054
20101209,416.1986083984375,416.3999938964844,418.4700012207031,414.8699951171875,417.6400146484375,0,0.23349330520296974
20101210,416.48846435546875,416.69000244140625,418.17999267578125,414.82000732421875,417.25,0,0.06964662564188373
20101213,413.00018310546875,413.20001220703125,419.2099914550781,413.04998779296875,418.5299987792969,0,-0.8375507485005595
20101214,410.4714050292969,410.6700134277344,415.0400085449219,409.260009765625,413.5799865722656,0,-0.6122939749646505
20101215,405.8336181640625,406.0299987792969,411.8999938964844,405.5299987792969,408.92999267578125,0,-1.1298644889381482
20101216,408.5123291015625,408.7099914550781,409.9200134277344,405.6300048828125,407.1099853515625,0,0.6600479481413846
20101217,411.24102783203125,411.44000244140625,412.3500061035156,409.1000061035156,409.25,0,0.6679579759253818
20101220,410.0415954589844,410.239990234375,412.489990234375,408.239990234375,412.2099914550781,0,-0.29166153021354946
20101221,412.7602844238281,412.9599914550781,414.2200012207031,411.69000244140625,411.7099914550781,0,0.6630268344022694
20101222,412.89019775390625,413.0899963378906,413.2900085449219,408.6099853515625,411.04998779296875,0,0.031481229538576905
20101223,411.5808410644531,411.7799987792969,413.3500061035156,411.0199890136719,411.8599853515625,0,-0.3171215885659495
20101227,412.0705871582031,412.2699890136719,413.0799865722656,406.9100036621094,410.2200012207031,0,0.11899320895321086
20101228,410.4613952636719,410.6600036621094,413.3999938964844,408.9800109863281,413.3299865722656,0,-0.39051723250927983
20101229,411.0011291503906,411.20001220703125,411.8900146484375,409.20001220703125,411.3800048828125,0,0.1314977207681034
20101230,412.1005859375,412.29998779296875,412.989990234375,410.2099914550781,410.8900146484375,0,0.26750378241324757
20101231,411.620849609375,411.82000732421875,412.7799987792969,409.6400146484375,412.07000732421875,0,-0.11641534876567494
20110103,414.8492431640625,415.04998779296875,419.55999755859375,413.3999938964844,414.760009765625,0,0.7843184914051671
20110104,415.3789978027344,415.5799865722656,418.3299865722656,411.2300109863281,416.80999755859375,0,0.1276951680242444
20110105,416.8882751464844,417.0899963378906,417.9700012207031,412.20001220703125,414.3500061035156,0,0.36334997218698817
20110106,424.5645446777344,424.7699890136719,424.989990234375,418.2900085449219,418.3999938964844,0,1.8413274696618576
20110107,425.5541076660156,425.760009765625,427.4800109863281,418.82000732421875,425.5199890136719,0,0.23307219849781902
20110110,429.96197509765625,430.1700134277344,430.8500061035156,423.0799865722656,424.6000061035156,0,1.035795650356408
20110111,431.311279296875,431.5199890136719,432.4100036621094,428.4700012207031,431.54998779296875,0,0.3138237310361225
20110112,439.7972106933594,440.010009765625,440.0199890136719,431.75,433.7300109863281,0,1.967468707848008
20110113,439.6072998046875,439.82000732421875,442.0,436.92999267578125,439.5199890136719,0,-0.043181390693236565
20110114,451.37158203125,451.5899963378906,451.5899963378906,441.1000061035156,442.010009765625,0,2.676092223561688
20110118,449.71240234375,449.92999267578125,451.7300109863281,447.6000061035156,449.7300109863281,0,-0.36759088455700084
20110119,439.1175231933594,439.3299865722656,446.9200134277344,438.4599914550781,445.1400146484375,0,-2.3559234272150342
20110120,434.5597229003906,434.7699890136719,436.04998779296875,428.8299865722656,436.04998779296875,0,-1.0379436182291313
20110121,431.44122314453125,431.6499938964844,439.04998779296875,431.1000061035156,437.6099853515625,0,-0.7176197060578149
20110124,442.2060546875,442.4200134277344,442.44000244140625,432.9700012207031,434.0299987792969,0,2.495081590070125
20110125,438.9076232910156,439.1199951171875,441.7900085449219,435.6000061035156,440.94000244140625,0,-0.7459016794876261
20110126,442.72576904296875,442.94000244140625,443.8399963378906,437.8699951171875,441.2099914550781,0,0.8699233391090022
20110127,451.0617370605469,451.2799987792969,452.04998779296875,445.3800048828125,445.4100036621094,0,1.882872689737214
20110128,438.3978576660156,438.6099853515625,451.2799987792969,435.4599914550781,451.2799987792969,0,-2.807572562933547
20110131,440.2969665527344,440.510009765625,442.75,436.3999938964844,439.9800109863281,0,0.4331922385532483
20110201,451.6114807128906,451.8299865722656,453.5899963378906,445.010009765625,445.05999755859375,0,2.5697433782863266
20110202,453.69049072265625,453.9100036621094,455.8399963378906,448.510009765625,449.0299987792969,0,0.4603539277292068
20110203,453.44061279296875,453.6600036621094,454.8999938964844,449.19000244140625,454.2799987792969,0,-0.05507699719834447
20110204,462.8860168457031,463.1099853515625,463.1499938964844,454.489990234375,454.69000244140625,0,2.083053743589791
20110207,461.02691650390625,461.25,466.3399963378906,459.4100036621094,463.9700012207031,0,-0.40162929118242596
20110208,460.6770935058594,460.8999938964844,462.1499938964844,457.239990234375,462.1499938964844,0,-0.07588208206300573
20110209,457.3786926269531,457.6000061035156,460.95001220703125,455.9800109863281,460.3999938964844,0,-0.7159878144216036
20110210,459.02789306640625,459.25,459.55999755859375,451.3800048828125,453.7900085449219,0,0.3605755844573011
20110211,462.5961608886719,462.82000732421875,464.3399963378906,455.5299987792969,457.3599853515625,0,0.7773559769665317
20110214,466.1744384765625,466.3999938964844,469.739990234375,463.7699890136719,464.0199890136719,0,0.7735159490972032
20110215,461.1568603515625,461.3800048828125,465.3599853515625,459.7300109863281,465.239990234375,0,-1.076326989572396
20110216,466.3343505859375,466.55999755859375,467.8500061035156,463.04998779296875,463.5,0,1.1227172007804986
20110217,472.99114990234375,473.2200012207031,474.0799865722656,464.2799987792969,464.42999267578125,0,1.427469928189229
20110218,471.2319641113281,471.4599914550781,474.3299865722656,469.6300048828125,473.9800109863281,0,-0.37192209988693437
20110222,452.59100341796875,452.80999755859375,464.4100036621094,451.7799987792969,464.3500061035156,0,-3.9557956633657243
20110223,444.05511474609375,444.2699890136719,453.010009765625,438.6000061035156,452.94000244140625,0,-1.8860026481232417
20110224,451.6814270019531,451.8999938964844,452.8900146484375,442.989990234375,445.2799987792969,0,1.7174252304892335
20110225,463.46575927734375,463.69000244140625,463.8699951171875,456.1000061035156,456.1099853515625,0,2.6089862146850606
20110228,458.398193359375,458.6199951171875,466.5899963378906,453.6700134277344,464.94000244140625,0,-1.0934044938481158
20110301,449.5624694824219,449.7799987792969,461.55999755859375,449.2300109863281,459.4100036621094,0,-1.927520917536929
20110302,455.8694152832031,456.0899963378906,461.4599914550781,449.739990234375,449.7900085449219,0,1.4029075494061738
20110303,464.5451965332031,464.7699890136719,466.2099914550781,460.6499938964844,460.6499938964844,0,1.9031315629538081
20110304,459.5976257324219,459.82000732421875,463.69000244140625,456.80999755859375,463.1400146484375,0,-1.0650390099321783
20110307,447.1336669921875,447.3500061035156,460.8500061035156,442.54998779296875,460.57000732421875,0,-2.7119309777903
20110308,447.7233581542969,447.94000244140625,452.44000244140625,443.3500061035156,447.6400146484375,0,0.13188696319232918
20110309,434.13995361328125,434.3500061035156,445.6700134277344,433.6199951171875,445.6700134277344,0,-3.0338876331252207
20110310,423.52508544921875,423.7300109863281,429.989990234375,422.8500061035156,427.3699951171875,0,-2.4450316491204327
20110311,427.70306396484375,427.9100036621094,428.989990234375,421.0400085449219,421.29998779296875,0,0.9864754837759504
20110314,426.9634094238281,427.1700134277344,432.3299865722656,424.04998779296875,425.5199890136719,0,-0.17293127714754775
20110315,421.5860290527344,421.7900085449219,424.6300048828125,408.69000244140625,412.67999267578125,0,-1.259452843995723
20110316,412.24053955078125,412.44000244140625,426.55999755859375,409.5299987792969,419.9800109863281,0,-2.2167443310881163
20110317,417.7678527832031,417.9700012207031,422.8900146484375,416.1300048828125,418.8900146484375,0,1.3408007823107582
20110318,418.9972839355469,419.20001220703125,423.8900146484375,417.4100036621094,423.2200012207031,0,0.2942821213809177
20110321,426.5835876464844,426.7900085449219,429.2900085449219,423.7200012207031,423.8399963378906,0,1.810590676734547
20110322,422.7054748535156,422.9100036621094,426.1000061035156,422.20001220703125,425.4200134277344,0,-0.9091133356286418
20110323,426.7335205078125,426.94000244140625,427.6499938964844,418.6199951171875,421.0199890136719,0,0.9529211284670103
20110324,437.1984558105469,437.4100036621094,438.3699951171875,429.8399963378906,432.3399963378906,0,2.4523354946436537
20110325,436.0589904785156,436.2699890136719,440.9200134277344,435.94000244140625,438.2200012207031,0,-0.2606283895871142
20110328,436.5387878417969,436.75,440.5799865722656,436.17999267578125,438.2200012207031,0,0.1100261302441119
20110329,440.82672119140625,441.0400085449219,441.1099853515625,432.5199890136719,435.5400085449219,0,0.9822572512700356
20110330,441.1665344238281,441.3800048828125,445.2699890136719,437.9200134277344,444.2300109863281,0,0.07708968150357265
20110331,437.1484680175781,437.3599853515625,442.17999267578125,435.9200134277344,441.3800048828125,0,-0.9107842418727863
20110401,432.6406555175781,432.8500061035156,440.6499938964844,430.9800109863281,440.4700012207031,0,-1.0311824124517477
20110404,428.8424987792969,429.04998779296875,434.2799987792969,426.2699890136719,434.1199951171875,0,-0.8779064934651082
20110405,438.5677795410156,438.7799987792969,441.8699951171875,435.5299987792969,436.260009765625,0,2.2678035807387475
20110406,445.2845458984375,445.5,445.7099914550781,440.95001220703125,443.6099853515625,0,1.5315194948262167
20110407,443.03564453125,443.25,445.44000244140625,438.6400146484375,444.7799987792969,0,-0.5050505050505083
20110408,439.3674011230469,439.5799865722656,447.25,438.29998779296875,446.3900146484375,0,-0.8279782126868307
20110411,435.669189453125,435.8800048828125,440.55999755859375,434.4599914550781,440.25,0,-0.8417084040391987
20110412,426.5736083984375,426.7799987792969,432.04998779296875,424.6000061035156,432.04998779296875,0,-2.0877319449333687
20110413,427.6830749511719,427.8900146484375,430.7200012207031,425.29998779296875,429.989990234375,0,0.26009088343303954
20110414,428.20281982421875,428.4100036621094,428.6400146484375,422.010009765625,424.8299865722656,0,0.12152398884537341
20110415,431.0214538574219,431.2300109863281,432.3500061035156,425.0899963378906,427.4100036621094,0,0.6582496440589392
20110418,423.2351989746094,423.44000244140625,425.8900146484375,420.1499938964844,425.6000061035156,0,-1.806462524976915
20110419,425.0543518066406,425.260009765625,425.510009765625,421.6300048828125,423.4700012207031,0,0.4298146877303122
20110420,443.20556640625,443.4200134277344,443.4700012207031,435.7300109863281,435.7300109863281,0,4.270329503147496
20110421,442.98565673828125,443.20001220703125,445.2200012207031,441.1400146484375,445.19000244140625,0,-0.049614634892658493
20110425,443.195556640625,443.4100036621094,445.69000244140625,441.7699890136719,442.4599914550781,0,0.04738074216930066
20110426,450.26214599609375,450.4800109863281,451.1700134277344,443.4800109863281,444.6099853515625,0,1.5944627468545525
20110427,450.42205810546875,450.6400146484375,451.239990234375,445.1000061035156,447.4599914550781,0,0.03551848210956443
20110428,447.3235778808594,447.5400085449219,450.3999938964844,444.4100036621094,448.6199951171875,0,-0.6879118592995059
20110429,449.34259033203125,449.55999755859375,450.5,447.0899963378906,447.4599914550781,0,0.45135383990349
20110502,444.8447570800781,445.05999755859375,450.7900085449219,444.2200012207031,450.6199951171875,0,-1.0009787401988546
20110503,439.21746826171875,439.42999267578125,444.30999755859375,436.7699890136719,443.8800048828125,0,-1.2649990818532908
20110504,439.48736572265625,439.70001220703125,442.9200134277344,434.1700134277344,442.30999755859375,0,0.06144767898199621
20110505,440.13702392578125,440.3500061035156,444.9200134277344,436.4200134277344,437.30999755859375,0,0.14782667237642766
20110506,443.4454345703125,443.6600036621094,448.69000244140625,441.9200134277344,445.0,0,0.7516742392903897
20110509,442.14605712890625,442.3599853515625,443.7799987792969,439.4599914550781,443.75,0,-0.29302130005322
20110510,444.3749694824219,444.5899963378906,445.8399963378906,441.7699890136719,443.6499938964844,0,0.504116796313725
20110511,440.6767883300781,440.8900146484375,446.75,438.25,443.8800048828125,0,-0.8322233338424301
20110512,446.91375732421875,447.1300048828125,448.4700012207031,438.44000244140625,439.8500061035156,0,1.41531675180957
20110513,440.73675537109375,440.95001220703125,447.44000244140625,440.7900085449219,445.1499938964844,0,-1.382146715338628
20110516,434.4797668457031,434.69000244140625,444.3800048828125,434.32000732421875,440.1300048828125,0,-1.4196642685851302
20110517,429.2723083496094,429.4800109863281,432.05999755859375,425.4599914550781,432.05999755859375,0,-1.198553319794926
20110518,437.37835693359375,437.5899963378906,438.8399963378906,430.45001220703125,430.45001220703125,0,1.888326614534952
20110519,433.66015625,433.8699951171875,435.739990234375,430.0199890136719,435.7200012207031,0,-0.8501111204175404
20110520,432.3507995605469,432.55999755859375,435.0299987792969,430.25,432.92999267578125,0,-0.3019331996534813
20110523,423.13525390625,423.3399963378906,426.6300048828125,423.2900085449219,426.6300048828125,0,-2.1314965028531585
20110524,420.00677490234375,420.2099914550781,426.07000732421875,420.0,424.8900146484375,0,-0.7393595950981879
20110525,424.00482177734375,424.2099914550781,425.5799865722656,417.8599853515625,418.8500061035156,0,0.9519050192378975
20110526,428.0328674316406,428.239990234375,429.1400146484375,422.239990234375,423.70001220703125,0,0.9500009100383622
20110527,432.88055419921875,433.0899963378906,434.4700012207031,431.2300109863281,431.2300109863281,0,1.132543950615461
20110531,439.38739013671875,439.6000061035156,439.6400146484375,435.4200134277344,436.0199890136719,0,1.5031540374222718
20110601,426.0738220214844,426.2799987792969,438.4599914550781,426.1099853515625,438.25,0,-3.030028921583361
20110602,426.2137756347656,426.4200134277344,430.4700012207031,424.1400146484375,426.989990234375,0,0.03284569973689422
20110603,418.31756591796875,418.5199890136719,425.04998779296875,418.1499938964844,422.6199951171875,0,-1.8526392207905418
20110606,415.1391296386719,415.3399963378906,419.95001220703125,415.0799865722656,418.1400146484375,0,-0.7598185891372955
20110607,417.4380187988281,417.6400146484375,421.8500061035156,417.4200134277344,418.20001220703125,0,0.5537675954221832
20110608,408.7422180175781,408.94000244140625,415.6700134277344,407.7300109863281,415.4599914550781,0,-2.083136649239603
20110609,409.421875,409.6199951171875,412.0400085449219,407.3900146484375,409.8699951171875,0,0.16628177036279723
20110610,402.6051940917969,402.79998779296875,408.92999267578125,400.1000061035156,408.9100036621094,0,-1.6649595736330292
20110613,398.8869934082031,399.0799865722656,405.3500061035156,397.7900085449219,403.7799987792969,0,-0.9235355842699633
20110614,406.55328369140625,406.75,409.0299987792969,402.8800048828125,402.8800048828125,0,1.9219238462977906
20110615,398.247314453125,398.44000244140625,405.2699890136719,398.30999755859375,402.57000732421875,0,-2.0430233702750433
20110616,393.67950439453125,393.8699951171875,399.3699951171875,390.69000244140625,398.9800109863281,0,-1.1469750266580703
20110617,388.0222473144531,388.2099914550781,397.760009765625,387.1000061035156,397.1000061035156,0,-1.4370233153772838
20110620,388.5420227050781,388.7300109863281,390.4200134277344,386.9599914550781,387.6000061035156,0,0.13395315491517845
20110621,398.4172058105469,398.6099853515625,399.30999755859375,389.0299987792969,390.6400146484375,0,2.541603191419628
20110622,396.53814697265625,396.7300109863281,400.510009765625,395.3900146484375,396.9599914550781,0,-0.471632531627697
20110623,402.36529541015625,402.55999755859375,402.8800048828125,389.3599853515625,392.239990234375,0,1.4695098456936506
20110624,392.3101806640625,392.5,399.69000244140625,391.9700012207031,399.67999267578125,0,-2.499005767986051
20110627,395.0788269042969,395.2699890136719,397.3500061035156,389.2699890136719,392.2799987792969,0,0.7057296850119466
20110628,400.3262939453125,400.5199890136719,400.5299987792969,395.8699951171875,396.17999267578125,0,1.3282060732970002
20110629,399.9764709472656,400.1700134277344,402.4100036621094,397.3900146484375,401.67999267578125,0,-0.08738030448851575
20110630,410.15155029296875,410.3500061035156,411.30999755859375,401.45001220703125,401.45001220703125,0,2.543916918857203
20110701,418.90728759765625,419.1099853515625,419.6000061035156,409.0400085449219,411.25,0,2.134757918301844
20110705,414.73931884765625,414.94000244140625,419.57000732421875,413.1099853515625,419.3599853515625,0,-0.9949614793019923
20110706,411.5908508300781,411.7900085449219,413.7699890136719,408.489990234375,413.6700134277344,0,-0.759144425206193
20110707,420.1966857910156,420.3999938964844,422.55999755859375,414.6000061035156,415.6600036621094,0,2.090867960100895
20110708,413.599853515625,413.79998779296875,416.1099853515625,409.67999267578125,416.010009765625,0,-1.5699348713931638
20110711,406.5332946777344,406.7300109863281,414.9800109863281,405.4800109863281,409.4800109863281,0,-1.7085493028525356
20110712,394.76898193359375,394.9599914550781,402.6600036621094,393.2099914550781,402.6600036621094,0,-2.893816343354516
20110713,393.67950439453125,393.8699951171875,400.1000061035156,392.4599914550781,397.6400146484375,0,-0.2759763929189307
20110714,387.5724792480469,387.760009765625,398.95001220703125,387.0400085449219,394.75,0,-1.5512695628781326
20110715,389.88134765625,390.07000732421875,390.4100036621094,385.3399963378906,389.6499938964844,0,0.5957286724822319
20110718,384.4440002441406,384.6300048828125,389.7900085449219,381.6199951171875,387.94000244140625,0,-1.3946220778991103
20110719,397.2178039550781,397.4100036621094,398.1300048828125,388.82000732421875,388.82000732421875,0,3.322673378846419
20110720,394.91888427734375,395.1099853515625,399.3399963378906,392.8399963378906,397.8500061035156,0,-0.5787519914829398
20110721,398.6871032714844,398.8800048828125,399.9100036621094,389.2900085449219,393.54998779296875,0,0.9541696416240919
20110722,408.3623962402344,408.55999755859375,409.5400085449219,399.5199890136719,399.8500061035156,0,2.426793160169849
20110725,402.8850402832031,403.0799865722656,405.79998779296875,400.239990234375,403.44000244140625,0,-1.3412989570870115
20110726,406.2734069824219,406.4700012207031,411.1400146484375,405.17999267578125,405.17999267578125,0,0.8410277764633545
20110727,390.94085693359375,391.1300048828125,401.1499938964844,390.4100036621094,401.1499938964844,0,-3.773955345246105
20110728,390.34112548828125,390.5299987792969,397.30999755859375,386.6300048828125,390.760009765625,0,-0.15340324087266266
20110729,386.75286865234375,386.94000244140625,390.8299865722656,382.0799865722656,384.4800109863281,0,-0.9192626300443263
20110801,386.74285888671875,386.92999267578125,394.30999755859375,381.82000732421875,391.6199951171875,0,-0.002586903799517426
20110802,374.9885559082031,375.1700134277344,386.5400085449219,375.1400146484375,382.8599853515625,0,-3.0393041301145285
20110803,379.20654296875,379.3900146484375,380.04998779296875,367.67999267578125,375.0199890136719,0,1.124823698500621
20110804,357.1471862792969,357.32000732421875,374.489990234375,357.2300109863281,373.2799987792969,0,-5.817234632458623
20110805,350.0506286621094,350.2200012207031,366.0400085449219,340.25,361.5299987792969,0,-1.987016108245332
20110808,331.16973876953125,331.3299865722656,344.9700012207031,329.8599853515625,339.19000244140625,0,-5.393756662268212
20110809,346.5223388671875,346.69000244140625,346.8500061035156,326.8800048828125,337.2900085449219,0,4.635866505185904
20110810,339.37579345703125,339.5400085449219,350.6700134277344,335.07000732421875,340.2200012207031,0,-2.0623594121935485
20110811,356.947265625,357.1199951171875,361.2099914550781,343.3500061035156,343.8599853515625,0,5.177589129364635
20110812,355.447998046875,355.6199951171875,362.989990234375,353.0400085449219,360.0799865722656,0,-0.4200268874633539
20110815,362.474609375,362.6499938964844,362.6499938964844,356.1700134277344,356.2099914550781,0,1.9768288835896985
20110816,355.2381286621094,355.4100036621094,361.70001220703125,351.0299987792969,358.0799865722656,0,-1.9964126171863605
20110817,352.9292297363281,353.1000061035156,360.8399963378906,349.6700134277344,354.6400146484375,0,-0.6499528811208966
20110818,332.0693359375,332.2300109863281,343.1099853515625,329.95001220703125,343.1099853515625,0,-5.910505453536919
20110819,326.1622009277344,326.32000732421875,339.70001220703125,325.4100036621094,330.20001220703125,0,-1.7788891631324022
20110822,328.7809143066406,328.94000244140625,335.6000061035156,326.739990234375,333.1600036621094,0,0.802891351551227
20110823,345.922607421875,346.0899963378906,346.0899963378906,329.8599853515625,331.0400085449219,0,5.213714893049315
20110824,345.5228271484375,345.69000244140625,348.67999267578125,338.6400146484375,346.1000061035156,0,-0.11557511072751714
20110825,336.1673278808594,336.3299865722656,347.80999755859375,335.739990234375,344.239990234375,0,-2.7076327932645694
20110826,345.6127624511719,345.7799987792969,347.3999938964844,331.42999267578125,335.55999755859375,0,2.809744175160178
20110829,358.26666259765625,358.44000244140625,358.45001220703125,349.9700012207031,350.010009765625,0,3.661288595871026
20110830,358.0567626953125,358.2300109863281,360.3999938964844,353.1199951171875,355.54998779296875,0,-0.05858482692998601
20110831,355.6179504394531,355.7900085449219,363.6300048828125,353.1499938964844,360.6099853515625,0,-0.6811273111061
20110901,349.6808166503906,349.8500061035156,359.20001220703125,349.5199890136719,356.760009765625,0,-1.6695248036051158
20110902,341.29486083984375,341.4599914550781,345.07000732421875,339.6199951171875,343.1499938964844,0,-2.39817478978549
20110906,338.9259948730469,339.0899963378906,339.6199951171875,331.0299987792969,331.80999755859375,0,-0.6940769567433502
20110907,354.08868408203125,354.260009765625,354.42999267578125,346.010009765625,346.010009765625,0,4.473742543739934
20110908,351.97967529296875,352.1499938964844,361.1099853515625,350.3299865722656,351.8900146484375,0,-0.5956122088227156
20110909,348.23150634765625,348.3999938964844,357.9200134277344,346.1600036621094,349.7099914550781,0,-1.0648871404218552
20110912,358.786376953125,358.9599914550781,358.9599914550781,347.1300048828125,347.8699951171875,0,3.030998204245461
20110913,365.992919921875,366.1700134277344,367.239990234375,358.45001220703125,359.92999267578125,0,2.008586512226551
20110914,375.5483093261719,375.7300109863281,379.739990234375,366.6700134277344,368.8699951171875,0,2.6108084245081153
20110915,380.90570068359375,381.0899963378906,382.1700134277344,376.30999755859375,379.7300109863281,0,1.4265523633558042
20110916,381.7253112792969,381.9100036621094,385.8399963378906,380.17999267578125,381.5,0,0.21517419299867946
20110919,377.30743408203125,377.489990234375,379.7900085449219,371.3599853515625,375.3999938964844,0,-1.1573442395724554
20110920,372.5797424316406,372.760009765625,380.3999938964844,372.54998779296875,378.80999755859375,0,-1.2530081832933582
20110921,365.19329833984375,365.3699951171875,377.25,365.2799987792969,374.3999938964844,0,-1.9825127306665746
20110922,352.609375,352.7799987792969,356.7099914550781,346.9100036621094,356.32000732421875,0,-3.4458210871564754
20110923,359.77593994140625,359.95001220703125,361.3800048828125,349.07000732421875,349.260009765625,0,2.0324319554805736
20110926,359.3261413574219,359.5,361.32000732421875,351.1300048828125,361.1300048828125,0,-0.12502075059589446
20110927,365.8330078125,366.010009765625,373.69000244140625,363.79998779296875,364.6600036621094,0,1.8108511170027874
20110928,355.1881103515625,355.3599853515625,367.8599853515625,355.2699890136719,367.1499938964844,0,-2.9097631567186477
20110929,350.65032958984375,350.82000732421875,361.32000732421875,344.010009765625,359.8900146484375,0,-1.2775715371701968
20110930,338.6561279296875,338.82000732421875,348.3999938964844,338.760009765625,346.7799987792969,0,-3.4205574794683558
20111003,326.212158203125,326.3699951171875,340.4800109863281,326.1499938964844,336.739990234375,0,-3.6745209662656597
20111004,340.0654602050781,340.2300109863281,340.3500061035156,322.239990234375,323.1400146484375,0,4.246718778227154
20111005,350.6103515625,350.7799987792969,351.69000244140625,335.5799865722656,339.3999938964844,0,3.100839859007243
20111006,354.99822998046875,355.1700134277344,355.30999755859375,346.1499938964844,350.7200012207031,0,1.2515008448926945
20111007,356.5574951171875,356.7300109863281,361.0799865722656,353.1600036621094,355.9599914550781,0,0.4392255820073965
20111010,366.61260986328125,366.7900085449219,368.4100036621094,362.2200012207031,362.260009765625,0,2.820059218112525
20111011,365.5231628417969,365.70001220703125,367.489990234375,363.1499938964844,364.69000244140625,0,-0.29717176381512944
20111012,369.0014343261719,369.17999267578125,373.010009765625,368.1499938964844,368.3699951171875,0,0.9515942993132631
20111013,376.4178771972656,376.6000061035156,377.489990234375,367.3900146484375,367.8900146484375,0,2.0098633660927456
20111014,380.67578125,380.8599853515625,381.2900085449219,374.44000244140625,379.8399963378906,0,1.1311681303786125
20111017,370.1308898925781,370.30999755859375,378.32000732421875,369.2699890136719,377.8599853515625,0,-2.7700436377505855
20111018,378.47686767578125,378.6600036621094,379.55999755859375,366.44000244140625,370.2900085449219,0,2.254869206493515
20111019,369.9809875488281,370.1600036621094,377.4800109863281,369.3699951171875,377.2699890136719,0,-2.244757808533915
20111020,363.7040100097656,363.8800048828125,366.739990234375,356.9700012207031,366.739990234375,0,-1.6965633015903592
20111021,371.9200439453125,372.1000061035156,376.82000732421875,368.9599914550781,368.9599914550781,0,2.258986784214856
20111024,384.4639587402344,384.6499938964844,385.1300048828125,373.4700012207031,373.5,0,3.3727459250504355
20111025,377.2774353027344,377.4599914550781,384.6600036621094,376.8699951171875,381.5400085449219,0,-1.8692324335097266
20111026,379.2964782714844,379.4800109863281,383.6600036621094,371.3900146484375,381.1099853515625,0,0.5351612295287245
20111027,395.548583984375,395.739990234375,398.0199890136719,387.7099914550781,388.82000732421875,0,4.284805201144759
20111028,396.1383056640625,396.3299865722656,396.6300048828125,392.70001220703125,393.5199890136719,0,0.14908686320560527
20111031,386.3030700683594,386.489990234375,392.4800109863281,386.4200134277344,392.2699890136719,0,-2.482778662042129
20111101,373.86907958984375,374.04998779296875,378.510009765625,371.7900085449219,376.1099853515625,0,-3.2187127107386138
20111102,375.6982116699219,375.8800048828125,379.2200012207031,372.8699951171875,377.510009765625,0,0.489243991328947
20111103,386.9627685546875,387.1499938964844,387.7799987792969,371.9200134277344,379.94000244140625,0,2.9982943671572837
20111104,391.2906799316406,391.4800109863281,392.8399963378906,383.79998779296875,383.8999938964844,0,1.11843398117204
20111107,390.68096923828125,390.8699951171875,391.8699951171875,383.82000732421875,389.79998779296875,0,-0.15582299275094247
20111108,393.0298156738281,393.2200012207031,394.9700012207031,386.7099914550781,393.260009765625,0,0.6012244820201795
20111109,374.8586120605469,375.0400085449219,384.07000732421875,374.3599853515625,384.0199890136719,0,-4.623364177647038
20111110,377.96710205078125,378.1499938964844,380.7900085449219,372.5400085449219,379.7900085449219,0,0.8292409558192437
20111111,391.4106140136719,391.6000061035156,392.989990234375,382.5799865722656,382.8800048828125,0,3.5567929192438674
20111114,386.373046875,386.55999755859375,393.05999755859375,384.3599853515625,390.80999755859375,0,-1.2870297411562315
20111115,392.0403137207031,392.2300109863281,394.3800048828125,385.260009765625,385.69000244140625,0,1.4667874233093459
20111116,389.7314453125,389.9200134277344,396.05999755859375,386.8599853515625,388.7099914550781,0,-0.5889395237210104
20111117,374.1689453125,374.3500061035156,388.4800109863281,370.5199890136719,388.3399963378906,0,-3.9931285361181956
20111118,371.0704650878906,371.25,376.69000244140625,369.6000061035156,376.2900085449219,0,-0.8281036604707359
20111121,364.02386474609375,364.20001220703125,366.5299987792969,359.1700134277344,366.3999938964844,0,-1.898986610900677
20111122,359.4860534667969,359.6600036621094,366.6499938964844,357.5899963378906,362.9200134277344,0,-1.2465701243142946
20111123,348.0016174316406,348.1700134277344,356.1300048828125,348.1099853515625,356.1099853515625,0,-3.1946811203309444
20111125,343.97357177734375,344.1400146484375,351.5799865722656,344.05999755859375,347.1300048828125,0,-1.157480145869405
20111128,354.99822998046875,355.1700134277344,357.57000732421875,351.7300109863281,353.6400146484375,0,3.205090460220017
20111129,352.449462890625,352.6199951171875,358.2900085449219,351.7900085449219,355.7300109863281,0,-0.71797117271718
20111130,373.13946533203125,373.32000732421875,373.5899963378906,361.1300048828125,361.1300048828125,0,5.870345554327372
20111201,375.12847900390625,375.30999755859375,376.0799865722656,370.260009765625,373.17999267578125,0,0.5330521256115661
20111202,374.38885498046875,374.57000732421875,381.1000061035156,374.1700134277344,378.94000244140625,0,-0.19716773845318558
20111205,377.9371337890625,378.1199951171875,381.8999938964844,375.9800109863281,379.94000244140625,0,0.9477501464488558
20111206,377.22747802734375,377.4100036621094,379.3699951171875,374.4599914550781,378.19000244140625,0,-0.18776882054546418
20111207,381.66534423828125,381.8500061035156,382.8500061035156,372.2099914550781,376.30999755859375,0,1.1764400514887585
20111208,370.95050048828125,371.1300048828125,382.8599853515625,370.19000244140625,378.6700134277344,0,-2.8073853736687027
20111209,375.48834228515625,375.6700134277344,377.0400085449219,364.6499938964844,367.55999755859375,0,1.2232933164095572
20111212,364.973388671875,365.1499938964844,368.92999267578125,360.989990234375,368.92999267578125,0,-2.800335175880009
20111213,356.3575744628906,356.5299987792969,369.2699890136719,354.75,367.57000732421875,0,-2.3606723979930244
20111214,350.5603942871094,350.7300109863281,358.1700134277344,349.04998779296875,356.9700012207031,0,-1.6267881560673714
20111215,349.8707275390625,350.0400085449219,357.1400146484375,348.7099914550781,356.3399963378906,0,-0.19673321922633047
20111216,352.6893310546875,352.8599853515625,357.8299865722656,351.6499938964844,352.2900085449219,0,0.8056155690210787
20111219,343.1939392089844,343.3599853515625,354.5,342.739990234375,353.5400085449219,0,-2.692286004188016
20111220,358.5565185546875,358.7300109863281,359.6199951171875,349.7300109863281,349.7300109863281,0,4.476359008178665
20111221,354.2785949707031,354.45001220703125,359.7099914550781,349.95001220703125,358.94000244140625,0,-1.193097496228157
20111222,366.6325988769531,366.80999755859375,368.0299987792969,355.9800109863281,355.989990234375,0,3.487088425981799
20111223,368.4217529296875,368.6000061035156,368.82000732421875,364.2900085449219,367.9200134277344,0,0.48799339081153636
20111227,367.83203125,368.010009765625,371.0199890136719,366.4700012207031,367.4800109863281,0,-0.1600641150626969
20111228,362.4146423339844,362.5899963378906,368.2900085449219,362.0799865722656,367.82000732421875,0,-1.4727896752553593
20111229,365.7530212402344,365.92999267578125,366.489990234375,362.2200012207031,363.989990234375,0,0.9211496101999783
20111230,364.26373291015625,364.44000244140625,367.2200012207031,364.25,365.69000244140625,0,-0.40717904085417755
20120103,368.4217529296875,368.6000061035156,374.8999938964844,367.9599914550781,371.6199951171875,0,1.1414783323019595
20120104,368.4817199707031,368.6600036621094,369.5199890136719,364.1400146484375,367.07000732421875,0,0.01627714530663127
20120105,373.9890441894531,374.1700134277344,374.5,367.5,368.3699951171875,0,1.4946047064750667
20120106,375.0385437011719,375.2200012207031,375.760009765625,371.1199951171875,373.6700134277344,0,0.28061783555286546
20120109,382.40496826171875,382.5899963378906,383.1700134277344,376.54998779296875,377.70001220703125,0,1.9641797060952815
20120110,386.0931701660156,386.2799987792969,388.3999938964844,384.4700012207031,387.0899963378906,0,0.9644795934882211
20120111,387.7024230957031,387.8900146484375,388.6300048828125,383.9700012207031,384.739990234375,0,0.41680021596472994
20120112,391.560546875,391.75,392.5199890136719,386.3399963378906,389.0299987792969,0,0.995123670574749
20120113,383.2845458984375,383.4700012207031,389.3399963378906,382.8299865722656,389.3399963378906,0,-2.113592540981968
20120117,385.03369140625,385.2200012207031,389.05999755859375,384.6300048828125,387.0400085449219,0,0.45635903576008996
20120118,404.4043273925781,404.6000061035156,405.25,390.7900085449219,390.7900085449219,0,5.030892690254984
20120119,411.9106750488281,412.1099853515625,412.8699951171875,407.2099914550781,407.30999755859375,0,1.856149069391133
20120120,414.1396179199219,414.3399963378906,414.92999267578125,410.57000732421875,410.70001220703125,0,0.5411203478667748
20120123,412.89019775390625,413.0899963378906,416.1700134277344,410.0899963378906,414.07000732421875,0,-0.3016846095110326
20120124,414.33953857421875,414.5400085449219,415.8699951171875,410.25,411.19000244140625,0,0.3510160545851626
20120125,416.24859619140625,416.45001220703125,417.239990234375,410.010009765625,414.5199890136719,0,0.4607525504748411
20120126,411.74078369140625,411.94000244140625,420.1300048828125,409.8500061035156,416.32000732421875,0,-1.0829654540586042
20120127,413.1401062011719,413.3399963378906,414.7300109863281,409.4599914550781,410.239990234375,0,0.3398538350699587
20120130,408.54229736328125,408.739990234375,409.94000244140625,404.4100036621094,407.9200134277344,0,-1.1128867625370797
20120131,408.7422180175781,408.94000244140625,412.739990234375,406.5,411.75,0,0.04893384836570647
20120201,418.5374755859375,418.739990234375,421.3999938964844,413.0199890136719,414.6499938964844,0,2.396436576138794
20120202,420.3565979003906,420.55999755859375,423.6400146484375,418.5199890136719,419.3900146484375,0,0.4346390043138859
20120203,427.7829895019531,427.989990234375,428.70001220703125,423.7300109863281,425.2900085449219,0,1.766690298391027
20120206,421.66595458984375,421.8699951171875,424.5199890136719,419.95001220703125,424.5199890136719,0,-1.429938843624845
20120207,422.09576416015625,422.29998779296875,423.489990234375,417.5,420.739990234375,0,0.10192539899922526
20120208,427.3832092285156,427.5899963378906,430.4200134277344,423.1199951171875,423.1499938964844,0,1.2526660425847158
20120209,428.7725524902344,428.9800109863281,429.94000244140625,425.4700012207031,428.75,0,0.32508119000498326
20120210,419.9468078613281,420.1499938964844,426.239990234375,418.6400146484375,426.1400146484375,0,-2.058374950744535
20120213,421.52606201171875,421.7300109863281,424.7699890136719,416.07000732421875,423.6600036621094,0,0.3760602434360605
20120214,423.25518798828125,423.4599914550781,423.55999755859375,419.489990234375,420.3299865722656,0,0.4102104246041183
20120215,425.27423095703125,425.4800109863281,430.4800109863281,424.7099914550781,424.8599853515625,0,0.4770272450790092
20120216,435.669189453125,435.8800048828125,436.57000732421875,424.8999938964844,425.0799865722656,0,2.444296706765514
20120217,431.8310546875,432.0400085449219,438.6300048828125,431.2099914550781,438.29998779296875,0,-0.880975565493769
20120221,425.7939758300781,426.0,432.7099914550781,424.29998779296875,432.1000061035156,0,-1.3980206521299166
20120222,423.85491943359375,424.05999755859375,428.1199951171875,422.55999755859375,425.5299987792969,0,-0.4553996341329247
20120223,424.4646301269531,424.6700134277344,425.489990234375,418.5899963378906,423.44000244140625,0,0.1438513117607565
20120224,423.5850524902344,423.7900085449219,427.9100036621094,423.20001220703125,425.9599914550781,0,-0.20722086678772733
20120227,424.0448303222656,424.25,427.20001220703125,418.5199890136719,421.3500061035156,0,0.10854230770034334
20120228,430.78155517578125,430.989990234375,433.05999755859375,425.0,425.3800048828125,0,1.5886836144667127
20120229,423.9648742675781,424.1700134277344,431.4700012207031,423.7200012207031,431.4700012207031,0,-1.5823979584611458
20120301,424.5745544433594,424.7799987792969,428.7300109863281,423.1000061035156,425.8800048828125,0,0.1438068067643794
20120302,420.1466979980469,420.3500061035156,427.1300048828125,419.8699951171875,424.3500061035156,0,-1.0428910703215388
20120305,409.4518737792969,409.6499938964844,418.8800048828125,408.4200134277344,418.8800048828125,0,-2.5455006665079605
20120306,405.7536926269531,405.95001220703125,406.8900146484375,401.239990234375,405.3599853515625,0,-0.9032056010204847
20120307,412.0406188964844,412.239990234375,413.8699951171875,406.8800048828125,406.8800048828125,0,1.5494464437005417
20120308,418.1476745605469,418.3500061035156,419.3399963378906,413.9599914550781,415.67999267578125,0,1.4821502071322268
20120309,422.6455078125,422.8500061035156,423.1600036621094,418.1199951171875,418.1199951171875,0,1.0756543407068886
20120312,418.3675842285156,418.57000732421875,422.4800109863281,417.44000244140625,422.1600036621094,0,-1.0121789564900951
20120313,427.992919921875,428.20001220703125,428.2200012207031,421.94000244140625,422.0899963378906,0,2.3006915723307486
20120314,426.44366455078125,426.6499938964844,433.75,425.8599853515625,429.67999267578125,0,-0.36198464884616977
20120315,434.77960205078125,434.989990234375,435.3999938964844,428.3599853515625,428.54998779296875,0,1.954763027586992
20120316,435.1994323730469,435.4100036621094,436.55999755859375,433.32000732421875,435.9700012207031,0,0.09655703284299211
20120319,438.47784423828125,438.69000244140625,440.4200134277344,433.82000732421875,434.8900146484375,0,0.7533126826921199
20120320,435.3293762207031,435.5400085449219,436.9800109863281,432.0400085449219,435.67999267578125,0,-0.7180455170972544
20120321,436.97857666015625,437.19000244140625,439.1499938964844,434.3999938964844,436.20001220703125,0,0.37883865181451704
20120322,434.3298645019531,434.5400085449219,435.75,431.2099914550781,434.3299865722656,0,-0.6061423824163303
20120323,435.4692687988281,435.67999267578125,435.95001220703125,430.30999755859375,433.9800109863281,0,0.2623427321863048
20120326,441.6662902832031,441.8800048828125,441.8999938964844,436.6300048828125,438.760009765625,0,1.4230656241414952
20120327,441.3864440917969,441.6000061035156,444.9599914550781,441.54998779296875,442.1099853515625,0,-0.06336534267287197
20120328,435.88909912109375,436.1000061035156,442.4200134277344,433.4200134277344,441.5,0,-1.2454709972786415
20120329,436.63873291015625,436.8500061035156,437.42999267578125,430.94000244140625,433.75,0,0.17197890151414708
20120330,438.4278869628906,438.6400146484375,441.0199890136719,434.989990234375,439.510009765625,0,0.409753581300798
20120402,438.22796630859375,438.44000244140625,439.8999938964844,431.9700012207031,436.7900085449219,0,-0.04559825833299058
20120403,431.29132080078125,431.5,437.29998779296875,429.94000244140625,436.69000244140625,0,-1.5828853213122884
20120404,421.6959533691406,421.8999938964844,425.5799865722656,418.260009765625,425.5,0,-2.224798633491454
20120405,422.9953308105469,423.20001220703125,424.3699951171875,420.5199890136719,420.8900146484375,0,0.3081342330774728
20120409,416.8782653808594,417.0799865722656,418.42999267578125,414.6099853515625,417.04998779296875,0,-1.446130779356325
20120410,409.4518737792969,409.6499938964844,419.8800048828125,408.6499938964844,415.92999267578125,0,-1.7814311199259358
20120411,416.2186279296875,416.4200134277344,419.3299865722656,413.82000732421875,413.9100036621094,0,1.6526350865663009
20120412,423.9548645019531,424.1600036621094,425.7900085449219,416.8699951171875,417.7699890136719,0,1.8586979455343045
20120413,416.2286071777344,416.42999267578125,423.9100036621094,416.3800048828125,422.5,0,-1.8224280742146437
20120416,416.49847412109375,416.70001220703125,420.5899963378906,413.1199951171875,420.239990234375,0,0.06484151862236054
20120417,422.9953308105469,423.20001220703125,425.1000061035156,419.0400085449219,419.1099853515625,0,1.5598751642873943
20120418,419.30712890625,419.510009765625,421.3999938964844,415.5299987792969,418.44000244140625,0,-0.871928718093018
20120419,414.82928466796875,415.0299987792969,424.7300109863281,412.67999267578125,417.9599914550781,0,-1.0679151586468816
20120420,404.97406005859375,405.1700134277344,413.67999267578125,404.9100036621094,413.3299865722656,0,-2.375728352302986
20120423,399.95648193359375,400.1499938964844,400.6600036621094,396.6000061035156,399.8699951171875,0,-1.2389908840441333
20120424,396.907958984375,397.1000061035156,402.2900085449219,395.8599853515625,401.25,0,-0.7622111306985979
20120425,406.2034606933594,406.3999938964844,406.9100036621094,401.67999267578125,402.8399963378906,0,2.341976240248256
20120426,414.99920654296875,415.20001220703125,415.9800109863281,407.05999755859375,407.3299865722656,0,2.1653588687770453
20120427,415.7088623046875,415.9100036621094,416.70001220703125,411.3299865722656,415.1000061035156,0,0.1709998637293264
20120430,413.1900939941406,413.3900146484375,415.4200134277344,413.1199951171875,415.4200134277344,0,-0.6058976681212913
20120501,414.6693420410156,414.8699951171875,418.1499938964844,412.1300048828125,413.0,0,0.35801069602725555
20120502,416.6084289550781,416.80999755859375,417.7200012207031,411.30999755859375,412.0,0,0.4676169557304988
20120503,406.29339599609375,406.489990234375,417.17999267578125,405.92999267578125,416.9800109863281,0,-2.4759500455043715
20120504,397.74755859375,397.94000244140625,406.69000244140625,397.260009765625,404.510009765625,0,-2.1033698241963994
20120507,396.7280578613281,396.9200134277344,399.8699951171875,396.2099914550781,396.44000244140625,0,-0.2563172858757956
20120508,394.16925048828125,394.3599853515625,395.489990234375,386.2099914550781,393.9700012207031,0,-0.6449732917380269
20120509,392.9598388671875,393.1499938964844,395.0400085449219,384.8699951171875,388.5299987792969,0,-0.3068240947416201
20120510,391.550537109375,391.739990234375,395.3800048828125,388.5,395.3800048828125,0,-0.3586426768406925
20120511,394.4091796875,394.6000061035156,399.239990234375,391.760009765625,391.7699890136719,0,0.7300801400003776
20120514,390.1212463378906,390.30999755859375,392.9800109863281,388.760009765625,390.95001220703125,0,-1.0871790366360212
20120515,386.1031799316406,386.2900085449219,393.5799865722656,385.4700012207031,390.239990234375,0,-1.0299477437977766
20120516,379.6363220214844,379.82000732421875,388.8900146484375,379.6700134277344,386.54998779296875,0,-1.674907731907005
20120517,371.2703552246094,371.45001220703125,381.5299987792969,371.42999267578125,380.5,0,-2.20367409714749
20120518,364.3037414550781,364.4800109863281,374.0299987792969,363.7900085449219,372.94000244140625,0,-1.8764304729160464
20120521,373.669189453125,373.8500061035156,374.1400146484375,364.489990234375,364.6499938964844,0,2.5707843598421487
20120522,370.80059814453125,370.9800109863281,373.5,368.4200134277344,373.3699951171875,0,-0.7676862566087017
20120523,372.14990234375,372.3299865722656,372.7799987792969,363.6000061035156,367.7200012207031,0,0.3638944271817435
20120524,366.8924865722656,367.07000732421875,372.7799987792969,364.95001220703125,372.25,0,-1.4127197480039544
20120525,371.9300231933594,372.1099853515625,373.4700012207031,367.0799865722656,367.0799865722656,0,1.373029102563561
20120529,379.47637939453125,379.6600036621094,380.8900146484375,375.510009765625,375.8399963378906,0,2.0289749288543657
20120530,372.02001953125,372.20001220703125,377.4700012207031,371.1300048828125,377.4700012207031,0,-1.9649137078230128
20120531,368.19183349609375,368.3699951171875,372.010009765625,364.3800048828125,371.8800048828125,0,-1.0290212155375622
20120601,352.99920654296875,353.1700134277344,362.42999267578125,353.1600036621094,361.8999938964844,0,-4.126281155070089
20120604,352.5194396972656,352.69000244140625,357.9599914550781,348.94000244140625,354.2300109863281,0,-0.135914989403918
20120605,360.3256530761719,360.5,361.2200012207031,352.6099853515625,352.6400146484375,0,2.2144085470330976
20120606,372.38983154296875,372.57000732421875,372.8299865722656,363.30999755859375,363.3599853515625,0,3.348129632238206
20120607,367.2922668457031,367.4700012207031,377.9200134277344,367.010009765625,376.239990234375,0,-1.368871890720258
20120608,372.54974365234375,372.7300109863281,373.30999755859375,364.8800048828125,366.29998779296875,0,1.4314120195258795
20120611,365.5131530761719,365.69000244140625,377.79998779296875,365.25,376.92999267578125,0,-1.8887689044121858
20120612,373.5592346191406,373.739990234375,374.0199890136719,367.0799865722656,367.57000732421875,0,2.2013147034990688
20120613,369.6111755371094,369.7900085449219,375.30999755859375,368.3699951171875,373.6700134277344,0,-1.056879593477822
20120614,368.9714660644531,369.1499938964844,370.989990234375,364.8500061035156,369.7799987792969,0,-0.17307515986055844
20120615,374.96856689453125,375.1499938964844,375.3900146484375,369.17999267578125,369.2799987792969,0,1.6253555733993785
20120618,380.3659362792969,380.54998779296875,382.4200134277344,373.2099914550781,373.6300048828125,0,1.4394226267732346
20120619,384.75384521484375,384.94000244140625,386.510009765625,381.45001220703125,383.32000732421875,0,1.1535973694015267
20120620,388.4020690917969,388.5899963378906,390.1000061035156,384.6499938964844,386.2699890136719,0,0.9481981278471885
20120621,372.52972412109375,372.7099914550781,387.2900085449219,372.1499938964844,387.1499938964844,0,-4.086570686962398
20120622,378.46685791015625,378.6499938964844,379.3699951171875,374.239990234375,374.6000061035156,0,1.5937330840571695
20120625,365.3731994628906,365.54998779296875,375.69000244140625,364.9700012207031,375.69000244140625,0,-3.4596609836726744
20120626,366.69256591796875,366.8699951171875,369.010009765625,363.0,365.739990234375,0,0.36110172843619726
20120627,371.53021240234375,371.7099914550781,372.9700012207031,367.3599853515625,368.1499938964844,0,1.3192674250573688
20120628,369.20135498046875,369.3800048828125,370.75,364.5299987792969,368.8399963378906,0,-0.6268291479453514
20120629,385.2735595703125,385.4599914550781,385.5,371.0400085449219,371.0400085449219,0,4.353236872517519
20120702,384.6039123535156,384.7900085449219,387.8999938964844,382.25,386.67999267578125,0,-0.17381386525411324
20120703,390.1112365722656,390.29998779296875,390.30999755859375,384.70001220703125,384.989990234375,0,1.4319444698896344
20120705,385.49346923828125,385.67999267578125,389.7799987792969,382.1300048828125,389.7799987792969,0,-1.1837036284095714
20120706,375.858154296875,376.0400085449219,385.67999267578125,372.8599853515625,385.67999267578125,0,-2.499477368265546
20120709,371.29034423828125,371.4700012207031,376.55999755859375,369.8500061035156,375.2200012207031,0,-1.2152981651878725
20120710,362.8344421386719,363.010009765625,373.19000244140625,360.69000244140625,369.3800048828125,0,-2.2774359779463738
20120711,359.4960632324219,359.6700134277344,365.0199890136719,357.7200012207031,363.1499938964844,0,-0.9200838125778099
20120712,353.5189514160156,353.69000244140625,359.4200134277344,350.5,359.4200134277344,0,-1.6626381858574457
20120713,356.83734130859375,357.010009765625,357.9700012207031,353.7799987792969,354.0899963378906,0,0.9386771752952772
20120716,352.97918701171875,353.1499938964844,355.1499938964844,350.4200134277344,354.9800109863281,0,-1.081206622658759
20120717,351.280029296875,351.45001220703125,354.739990234375,345.5,354.3399963378906,0,-0.4813766724717561
20120718,363.7340087890625,363.9100036621094,365.8399963378906,349.70001220703125,350.260009765625,0,3.5453097232326147
20120719,371.160400390625,371.3399963378906,374.0199890136719,368.3999938964844,368.3999938964844,0,2.041711577316252
20120720,364.8334655761719,365.010009765625,371.8699951171875,364.9800109863281,371.8699951171875,0,-1.7046336604435774
20120723,361.485107421875,361.6600036621094,363.30999755859375,353.1099853515625,358.3999938964844,0,-0.9177847220317781
20120724,360.0557861328125,360.2300109863281,362.9100036621094,356.3399963378906,362.4100036621094,0,-0.3953969643591737
20120725,366.95245361328125,367.1300048828125,371.7900085449219,363.7900085449219,363.95001220703125,0,1.9154411587174014
20120726,375.3583984375,375.5400085449219,378.1700134277344,371.5299987792969,372.82000732421875,0,2.2907426661554986
20120727,384.044189453125,384.2300109863281,385.3399963378906,375.6099853515625,376.7699890136719,0,2.314001769099594
20120730,380.4259033203125,380.6099853515625,386.7900085449219,378.5299987792969,384.6099853515625,0,-0.9421506731014939
20120731,383.534423828125,383.7200012207031,388.0299987792969,382.4700012207031,382.4700012207031,0,0.8171135778973326
20120801,383.64434814453125,383.8299865722656,387.1000061035156,381.20001220703125,386.2099914550781,0,0.028662918589761333
20120802,381.2955017089844,381.4800109863281,388.2200012207031,378.5299987792969,380.67999267578125,0,-0.6122438757126814
20120803,389.9113464355469,390.1000061035156,392.1400146484375,384.7900085449219,386.8999938964844,0,2.2596190806695837
20120806,391.8903503417969,392.0799865722656,394.1300048828125,390.8800048828125,391.3399963378906,0,0.5075571488775132
20120807,399.86651611328125,400.05999755859375,403.1600036621094,394.7200012207031,394.8399963378906,0,2.035301790354782
20120808,400.95599365234375,401.1499938964844,401.8999938964844,397.9800109863281,398.9800109863281,0,0.27245821740300435
20120809,403.7846374511719,403.9800109863281,404.55999755859375,400.6000061035156,400.7300109863281,0,0.7054760396117743
20120810,405.7636413574219,405.9599914550781,406.0299987792969,402.8800048828125,403.75,0,0.4901184253933266
20120813,402.21539306640625,402.4100036621094,405.32000732421875,398.17999267578125,405.32000732421875,0,-0.8744674026237353
20120814,398.9269714355469,399.1199951171875,405.0400085449219,397.739990234375,404.3800048828125,0,-0.8175762319478475
20120815,401.28582763671875,401.4800109863281,403.5299987792969,398.0299987792969,398.0299987792969,0,0.591304845162588
20120816,408.06256103515625,408.260009765625,408.7900085449219,401.3500061035156,401.3500061035156,0,1.6887512687469242
20120817,404.9440612792969,405.1400146484375,407.0199890136719,403.6000061035156,406.8999938964844,0,-0.7642176658396282
20120820,402.095458984375,402.2900085449219,404.5199890136719,399.6000061035156,404.45001220703125,0,-0.7034620132471359
20120821,402.10540771484375,402.29998779296875,407.5,400.9100036621094,403.1000061035156,0,0.002480610463817534
20120822,398.9769592285156,399.1700134277344,401.67999267578125,396.80999755859375,401.19000244140625,0,-0.7780200000515824
20120823,396.4681701660156,396.6600036621094,398.67999267578125,394.489990234375,398.25,0,-0.6288071952277097
20120824,398.757080078125,398.95001220703125,399.9700012207031,394.25,396.4100036621094,0,0.5773227761255662
20120827,397.28778076171875,397.4800109863281,399.7799987792969,395.8500061035156,399.7699890136719,0,-0.36846752117413173
20120828,396.8479919433594,397.0400085449219,399.0299987792969,395.45001220703125,396.3500061035156,0,-0.11069800474101665
20120829,397.2278137207031,397.4200134277344,399.04998779296875,394.3500061035156,397.1000061035156,0,0.09570946872712316
20120830,390.51104736328125,390.70001220703125,395.4599914550781,390.3299865722656,395.4599914550781,0,-1.690906595957098
20120831,395.9883728027344,396.17999267578125,397.739990234375,390.4700012207031,393.7699890136719,0,1.4026056558826383
20120904,392.6300354003906,392.82000732421875,395.7699890136719,388.6199951171875,395.760009765625,0,-0.8480956670399498
20120905,390.08123779296875,390.2699890136719,394.8800048828125,389.0899963378906,393.3299865722656,0,-0.6491569326921187
20120906,404.3443603515625,404.5400085449219,404.6600036621094,394.010009765625,394.0899963378906,0,3.6564480828553014
20120907,401.03594970703125,401.2300109863281,401.7699890136719,399.0299987792969,400.29998779296875,0,-0.8182126584956095
20120910,394.0693359375,394.260009765625,399.8900146484375,393.8900146484375,399.19000244140625,0,-1.7371584950908958
20120911,396.5481262207031,396.739990234375,398.69000244140625,393.7200012207031,394.989990234375,0,0.6290215612342331
20120912,397.7575378417969,397.95001220703125,400.6300048828125,395.739990234375,397.8599853515625,0,0.3049911787166737
20120913,401.595703125,401.7900085449219,402.7200012207031,394.239990234375,396.7900085449219,0,0.9649443950495273
20120914,406.38336181640625,406.5799865722656,410.82000732421875,402.5799865722656,402.6199951171875,0,1.1921595673049623
20120917,402.2853698730469,402.4800109863281,406.510009765625,400.989990234375,406.510009765625,0,-1.0084056572737254
20120918,400.586181640625,400.7799987792969,402.3900146484375,399.3999938964844,401.3900146484375,0,-0.422384257758579
20120919,398.3372497558594,398.5299987792969,401.0299987792969,397.67999267578125,399.79998779296875,0,-0.5614052614534404
20120920,394.43914794921875,394.6300048828125,396.6199951171875,392.54998779296875,396.6199951171875,0,-0.9785948130454747
20120921,394.9689025878906,395.1600036621094,399.0,394.92999267578125,397.0799865722656,0,0.1343027070266123
20120924,388.8118591308594,389.0,391.9200134277344,387.5199890136719,391.9200134277344,0,-1.5588631453138269
20120925,379.196533203125,379.3800048828125,391.8500061035156,379.20001220703125,390.8399963378906,0,-2.473006456860538
20120926,376.7876892089844,376.9700012207031,378.0299987792969,372.0,378.0299987792969,0,-0.6352479390298371
20120927,385.2735595703125,385.4599914550781,386.3399963378906,377.3900146484375,378.7200012207031,0,2.2521660097309493
20120928,382.0851135253906,382.2699890136719,385.0400085449219,381.6499938964844,384.4100036621094,0,-0.8275832802684069
20121001,380.9356689453125,381.1199951171875,386.2799987792969,379.8399963378906,384.1300048828125,0,-0.3008329007075816
20121002,382.7747802734375,382.9599914550781,383.55999755859375,380.1600036621094,382.7799987792969,0,0.48278661877207973
20121003,380.98565673828125,381.1700134277344,383.9700012207031,380.1600036621094,383.760009765625,0,-0.4674060129734814
20121004,383.4644470214844,383.6499938964844,384.2099914550781,379.4700012207031,382.3699951171875,0,0.6506231816213459
20121005,383.0946350097656,383.2799987792969,389.3900146484375,382.55999755859375,385.239990234375,0,-0.09644079840317454
20121008,378.9466552734375,379.1300048828125,381.510009765625,377.8599853515625,380.94000244140625,0,-1.0827577514354036
20121009,372.9295349121094,373.1099853515625,378.3500061035156,371.7699890136719,378.3500061035156,0,-1.5878509887685577
20121010,367.8520202636719,368.0299987792969,372.489990234375,367.510009765625,372.489990234375,0,-1.3615252262624389
20121011,368.4817199707031,368.6600036621094,372.4100036621094,368.6600036621094,370.5400085449219,0,0.1711830244551127
20121012,366.53265380859375,366.7099914550781,370.1700134277344,366.3500061035156,368.3699951171875,0,-0.5289459631260929
20121015,371.96002197265625,372.1400146484375,372.7200012207031,368.3399963378906,369.19000244140625,0,1.4807404542792613
20121016,380.07611083984375,380.260009765625,380.55999755859375,373.3699951171875,373.6199951171875,0,2.1819731277375576
20121017,379.22650146484375,379.4100036621094,381.7699890136719,376.260009765625,376.8800048828125,0,-0.2235328674291881
20121018,376.0980224609375,376.2799987792969,379.29998779296875,374.1300048828125,377.1099853515625,0,-0.8249663563430931
20121019,364.7435302734375,364.9200134277344,375.55999755859375,364.7900085449219,375.55999755859375,0,-3.0190244999510507
20121022,365.333251953125,365.510009765625,368.2300109863281,363.2900085449219,365.25,0,0.1616782626824742
20121023,365.8729553222656,366.04998779296875,367.0799865722656,359.9200134277344,361.45001220703125,0,0.14773276050359385
20121024,360.34564208984375,360.5199890136719,369.1700134277344,360.2300109863281,368.1499938964844,0,-1.5107222957823296
20121025,365.3032531738281,365.4800109863281,365.95001220703125,361.69000244140625,363.5799865722656,0,1.3757966614350803
20121026,367.10235595703125,367.2799987792969,369.7200012207031,364.3599853515625,365.29998779296875,0,0.4924996549362737
20121031,366.85247802734375,367.0299987792969,370.2799987792969,365.6600036621094,368.4800109863281,0,-0.06806795927655207
20121101,379.31646728515625,379.5,380.0,367.3599853515625,367.3599853515625,0,3.3975427791126167
20121102,372.12994384765625,372.30999755859375,380.2099914550781,372.20001220703125,380.1000061035156,0,-1.8945987987895263
20121105,378.197021484375,378.3800048828125,379.3800048828125,371.0299987792969,371.8299865722656,0,1.6303637732058007
20121106,383.4344787597656,383.6199951171875,384.6600036621094,378.44000244140625,379.3399963378906,0,1.3848486090056067
20121107,373.0894775390625,373.2699890136719,379.2200012207031,371.0799865722656,379.0400085449219,0,-2.6979840037675618
20121108,368.6216125488281,368.79998779296875,375.760009765625,368.79998779296875,373.94000244140625,0,-1.197524942338557
20121109,369.5212097167969,369.70001220703125,374.260009765625,367.9800109863281,368.5799865722656,0,0.24404133510105286
20121112,369.8410339355469,370.0199890136719,371.67999267578125,367.510009765625,370.7699890136719,0,0.0865503911483323
20121113,366.2827453613281,366.4599914550781,370.1499938964844,366.3599853515625,367.32000732421875,0,-0.9621095249700673
20121114,360.76544189453125,360.94000244140625,369.8900146484375,360.19000244140625,368.9800109863281,0,-1.5063005900737059
20121115,355.9677734375,356.1400146484375,362.6099853515625,355.30999755859375,361.2300109863281,0,-1.3298575277058577
20121116,355.82781982421875,356.0,357.4200134277344,349.7900085449219,357.0400085449219,0,-0.03931449505210072
20121119,362.9643859863281,363.1400146484375,363.2300109863281,359.05999755859375,359.3999938964844,0,2.0056220922577195
20121120,361.635009765625,361.80999755859375,362.2099914550781,358.07000732421875,361.1700134277344,0,-0.36625462251285157
20121121,362.3346862792969,362.510009765625,363.7099914550781,361.1099853515625,361.8800048828125,0,0.19347508685629844
20121123,368.9814758300781,369.1600036621094,370.95001220703125,364.260009765625,364.3699951171875,0,1.8344304204962025
20121126,370.45074462890625,370.6300048828125,371.6000061035156,367.989990234375,368.69000244140625,0,0.39820164864030616
20121127,369.6311340332031,369.80999755859375,373.239990234375,369.1499938964844,369.55999755859375,0,-0.22124688055895625
20121128,373.6492004394531,373.8299865722656,374.1199951171875,364.3299865722656,367.3699951171875,0,1.0870417350020256
20121129,374.6487121582031,374.8299865722656,377.010009765625,372.260009765625,375.010009765625,0,0.2675012802395127
20121130,374.1689453125,374.3500061035156,376.2099914550781,373.1400146484375,374.95001220703125,0,-0.12805284687581464
20121203,372.3598327636719,372.5400085449219,377.7799987792969,372.20001220703125,376.7699890136719,0,-0.48350408149673285
20121204,374.8486328125,375.0299987792969,376.0,370.9700012207031,373.0799865722656,0,0.6683819663022117
20121205,374.2789001464844,374.4599914550781,376.07000732421875,371.82000732421875,374.6499938964844,0,-0.15198979443620253
20121206,378.4468994140625,378.6300048828125,378.6600036621094,374.1400146484375,375.1300048828125,0,1.1136072004730213
20121207,379.2764587402344,379.4599914550781,380.2699890136719,376.8500061035156,379.1499938964844,0,0.21920781807096557
20121210,381.64532470703125,381.8299865722656,382.70001220703125,378.9200134277344,378.9200134277344,0,0.6245704871545188
20121211,388.8118591308594,389.0,390.1700134277344,383.5799865722656,383.6199951171875,0,1.8778026032215234
20121212,387.5524597167969,387.739990234375,391.2900085449219,386.9599914550781,390.55999755859375,0,-0.3239099654562927
20121213,383.4844665527344,383.6700134277344,390.4599914550781,382.44000244140625,386.4200134277344,0,-1.0496665056860532
20121214,380.8457336425781,381.0299987792969,383.9100036621094,379.1099853515625,382.5299987792969,0,-0.6880951223817156
20121217,382.4349365234375,382.6199951171875,384.17999267578125,379.2099914550781,381.4800109863281,0,0.41728901739612745
20121218,388.5420227050781,388.7300109863281,389.7300109863281,383.4800109863281,384.05999755859375,0,1.5968888053718322
20121219,389.4700012207031,389.4700012207031,393.239990234375,389.44000244140625,390.29998779296875,0,0.19036097380220607
20121220,389.489990234375,389.489990234375,390.07000732421875,385.7799987792969,389.9700012207031,0,0.005132362854443073
20121221,385.5899963378906,385.5899963378906,385.739990234375,379.20001220703125,381.3299865722656,0,-1.0013078626584404
20121224,384.1400146484375,384.1400146484375,385.1600036621094,382.760009765625,384.3900146484375,0,-0.37604235151954546
20121226,381.010009765625,381.010009765625,387.2900085449219,380.8699951171875,384.6099853515625,0,-0.8148083416087415
20121227,379.54998779296875,379.54998779296875,381.04998779296875,375.1600036621094,380.79998779296875,0,-0.38319779933193576
20121228,376.8699951171875,376.8699951171875,380.6499938964844,376.55999755859375,376.8399963378906,0,-0.7060974211499871
20121231,384.05999755859375,384.05999755859375,384.6300048828125,375.8699951171875,376.4700012207031,0,1.9078203450955344
20130102,399.7300109863281,399.7300109863281,399.82000732421875,392.7699890136719,392.7699890136719,0,4.08009517454202
20130103,397.5400085449219,397.5400085449219,400.6700134277344,396.260009765625,396.9599914550781,0,-0.5478704078291319
20130104,397.67999267578125,397.67999267578125,398.5899963378906,395.0,397.8500061035156,0,0.035212589387345616
20130107,395.7799987792969,395.7799987792969,397.55999755859375,393.8399963378906,395.7099914550781,0,-0.47776954623749424
20130108,391.3599853515625,391.3599853515625,396.55999755859375,391.05999755859375,395.3999938964844,0,-1.116785446805546
20130109,395.4700012207031,395.4700012207031,395.5199890136719,392.8699951171875,393.3500061035156,0,1.0501880680132691
20130110,400.7300109863281,400.7300109863281,401.3500061035156,397.489990234375,399.4700012207031,0,1.3300654283229685
20130111,402.8599853515625,402.8599853515625,403.2300109863281,400.5,400.75,0,0.5315235462379775
20130114,401.8900146484375,401.8900146484375,403.0199890136719,398.67999267578125,401.4599914550781,0,-0.24077117072784926
20130115,399.8699951171875,399.8699951171875,400.3900146484375,398.1000061035156,400.05999755859375,0,-0.5026299379488286
20130116,404.4599914550781,404.4599914550781,405.510009765625,399.6300048828125,399.7300109863281,0,1.1478721569357697
20130117,412.5299987792969,412.5299987792969,413.2699890136719,405.29998779296875,405.29998779296875,0,1.9952547828491651
20130118,410.6400146484375,410.6400146484375,412.1600036621094,408.67999267578125,409.67999267578125,0,-0.4581446528620803
20130122,409.6000061035156,409.6000061035156,410.2900085449219,407.05999755859375,410.2900085449219,0,-0.25326527075357763
20130123,413.8800048828125,413.8800048828125,414.44000244140625,409.9200134277344,411.9200134277344,0,1.0449215614062313
20130124,410.239990234375,410.239990234375,413.8800048828125,407.44000244140625,409.239990234375,0,-0.8794855043717686
20130125,415.44000244140625,415.44000244140625,417.3599853515625,412.7699890136719,412.7900085449219,0,1.2675537077846633
20130128,416.1600036621094,416.1600036621094,417.7099914550781,414.989990234375,416.0400085449219,0,0.17331051811859677
20130129,413.2799987792969,413.2799987792969,415.0400085449219,411.9599914550781,414.2799987792969,0,-0.6920426897032761
20130130,414.1000061035156,414.1000061035156,416.4100036621094,413.2300109863281,413.2900085449219,0,0.19841447121582423
20130131,412.7300109863281,412.7300109863281,416.1499938964844,411.9599914550781,414.92999267578125,0,-0.33083677783019017
20130201,420.54998779296875,420.54998779296875,420.95001220703125,415.2300109863281,415.739990234375,0,1.8946954664025295
20130204,414.17999267578125,414.17999267578125,421.5400085449219,414.1199951171875,417.54998779296875,0,-1.5146820359256186
20130205,420.69000244140625,420.69000244140625,421.4200134277344,415.3299865722656,416.5,0,1.571782770956065
20130206,421.55999755859375,421.55999755859375,421.8299865722656,417.739990234375,417.7900085449219,0,0.20680194731004242
20130207,419.260009765625,419.260009765625,420.6300048828125,415.4100036621094,420.6199951171875,0,-0.5455896684431139
20130208,424.80999755859375,424.80999755859375,425.25,421.0899963378906,421.0899963378906,0,1.3237579696836033
20130211,425.239990234375,425.239990234375,426.2699890136719,423.17999267578125,423.94000244140625,0,0.10121999911782975
20130212,426.2799987792969,426.2799987792969,426.94000244140625,423.760009765625,424.19000244140625,0,0.2445697885442577
20130213,427.4800109863281,427.4800109863281,429.1199951171875,424.79998779296875,426.8599853515625,0,0.2815079784338037
20130214,431.0799865722656,431.0799865722656,431.5199890136719,425.0799865722656,425.6199951171875,0,0.842138928936409
20130215,428.5,428.5,432.2200012207031,426.7300109863281,431.05999755859375,0,-0.5984937024751225
20130219,433.6400146484375,433.6400146484375,433.70001220703125,428.239990234375,428.69000244140625,0,1.199536674081103
20130220,423.95001220703125,423.95001220703125,433.92999267578125,423.7799987792969,433.760009765625,0,-2.2345729439341877
20130221,416.2699890136719,416.2699890136719,422.3999938964844,413.29998779296875,422.3699951171875,0,-1.8115397976705139
20130222,424.9800109863281,424.9800109863281,425.260009765625,419.0799865722656,420.42999267578125,0,2.0923972908289956
20130225,416.6600036621094,416.6600036621094,428.5899963378906,416.6600036621094,427.6600036621094,0,-1.9577408605428337
20130226,419.8900146484375,419.8900146484375,420.8900146484375,416.25,419.510009765625,0,0.7752150333458774
20130227,426.4599914550781,426.4599914550781,428.5299987792969,419.4800109863281,419.8599853515625,0,1.5646899372307121
20130228,426.6300048828125,426.6300048828125,430.2300109863281,425.6499938964844,426.17999267578125,0,0.039866208118199964
20130301,425.0899963378906,425.0899963378906,426.4200134277344,419.2900085449219,423.57000732421875,0,-0.3609705194891011
20130304,424.010009765625,424.010009765625,424.6300048828125,420.8399963378906,424.30999755859375,0,-0.25406068869406884
20130305,432.3900146484375,432.3900146484375,433.239990234375,428.0899963378906,428.1400146484375,0,1.9763695879360554
20130306,432.9599914550781,432.9599914550781,435.25,431.6000061035156,434.0,0,0.13182006691436765
20130307,434.67999267578125,434.67999267578125,436.989990234375,433.3299865722656,434.55999755859375,0,0.3972656260738061
20130308,435.260009765625,435.260009765625,437.5299987792969,431.5199890136719,436.0,0,0.13343542367185712
20130311,435.8500061035156,435.8500061035156,436.3599853515625,431.8900146484375,433.8900146484375,0,0.13555032041843162
20130312,437.6700134277344,437.6700134277344,438.0799865722656,434.30999755859375,434.8599853515625,0,0.417576528331276
20130313,439.1400146484375,439.1400146484375,440.19000244140625,435.2699890136719,437.55999755859375,0,0.33586975931716445
20130314,441.5299987792969,441.5299987792969,443.4100036621094,440.57000732421875,441.44000244140625,0,0.5442419390482289
20130315,434.17999267578125,434.17999267578125,441.510009765625,432.9599914550781,441.510009765625,0,-1.6646674345653256
20130318,428.3900146484375,428.3900146484375,432.1099853515625,426.29998779296875,429.04998779296875,0,-1.3335432597115005
20130319,426.7300109863281,426.7300109863281,430.8699951171875,422.8999938964844,429.7300109863281,0,-0.3874982154921769
20130320,432.010009765625,432.010009765625,432.94000244140625,429.5199890136719,430.30999755859375,0,1.2373160179413922
20130321,425.25,425.25,429.79998779296875,424.6499938964844,428.7699890136719,0,-1.564780818225131
20130322,430.0799865722656,430.0799865722656,432.010009765625,427.739990234375,429.29998779296875,0,1.1357993115262977
20130325,429.1700134277344,429.1700134277344,433.0899963378906,426.70001220703125,431.57000732421875,0,-0.21158230397646527
20130326,433.07000732421875,433.07000732421875,433.2799987792969,429.80999755859375,431.19000244140625,0,0.9087293553749376
20130327,433.5299987792969,433.5299987792969,434.2200012207031,427.95001220703125,429.4100036621094,0,0.1062164193545101
20130328,436.6600036621094,436.6600036621094,437.05999755859375,431.95001220703125,433.5899963378906,0,0.7219811527750641
20130401,427.79998779296875,427.79998779296875,435.75,426.5400085449219,435.6600036621094,0,-2.029042228469491
20130402,424.2099914550781,424.2099914550781,429.54998779296875,422.4800109863281,429.1400146484375,0,-0.8391763535131269
20130403,415.80999755859375,415.80999755859375,425.4100036621094,414.2300109863281,424.5400085449219,0,-1.9801499412287926
20130404,421.1400146484375,421.1400146484375,421.19000244140625,415.0899963378906,415.92999267578125,0,1.2818395712317354
20130405,418.92999267578125,418.92999267578125,419.5,411.989990234375,414.2799987792969,0,-0.5247713102021767
20130408,424.1700134277344,424.1700134277344,424.20001220703125,415.57000732421875,419.2200012207031,0,1.2508105992803609
20130409,428.1400146484375,428.1400146484375,430.95001220703125,421.6600036621094,424.9599914550781,0,0.9359457517096548
20130410,437.3399963378906,437.3399963378906,437.6499938964844,428.94000244140625,428.94000244140625,0,2.148825471734428
20130411,435.6300048828125,435.6300048828125,438.1400146484375,432.94000244140625,434.2099914550781,0,-0.3909981866275447
20130412,433.6300048828125,433.6300048828125,434.79998779296875,428.70001220703125,433.7200012207031,0,-0.4591051988115491
20130415,422.6700134277344,422.6700134277344,432.30999755859375,422.4800109863281,430.7699890136719,0,-2.527498404553452
20130416,431.8500061035156,431.8500061035156,432.2099914550781,425.239990234375,425.82000732421875,0,2.171905359770876
20130417,417.6499938964844,417.6499938964844,426.2200012207031,415.760009765625,426.2200012207031,0,-3.2881815459850805
20130418,413.8800048828125,413.8800048828125,423.5,412.69000244140625,421.1199951171875,0,-0.9026670821899452
20130419,416.9700012207031,416.9700012207031,417.989990234375,410.67999267578125,413.3599853515625,0,0.7465923217927717
20130422,421.3699951171875,421.3699951171875,422.9100036621094,412.42999267578125,417.6300048828125,0,1.0552303243885897
20130423,430.2099914550781,430.2099914550781,431.17999267578125,424.57000732421875,425.3599853515625,0,2.09791784899922
20130424,435.6499938964844,435.6499938964844,436.8999938964844,429.3299865722656,430.67999267578125,0,1.2644993257843185
20130425,439.9800109863281,439.9800109863281,442.69000244140625,435.7900085449219,436.17999267578125,0,0.9939210720780078
20130426,435.2900085449219,435.2900085449219,437.1700134277344,434.0899963378906,435.30999755859375,0,-1.0659580717979455
20130429,440.79998779296875,440.79998779296875,441.7699890136719,435.7099914550781,436.67999267578125,0,1.2658179925759239
20130430,444.3599853515625,444.3599853515625,444.3699951171875,438.6499938964844,440.20001220703125,0,0.8076219730445588
20130501,440.79998779296875,440.79998779296875,444.760009765625,440.29998779296875,442.760009765625,0,-0.8011516959109621
20130502,446.8900146484375,446.8900146484375,447.32000732421875,440.4599914550781,440.4599914550781,0,1.3815850780669825
20130503,450.9200134277344,450.9200134277344,453.7099914550781,450.1700134277344,450.32000732421875,0,0.9017876092996202
20130506,453.4700012207031,453.4700012207031,455.54998779296875,451.5400085449219,451.75,0,0.5655077878634396
20130507,453.6199951171875,453.6199951171875,455.3500061035156,451.17999267578125,454.1199951171875,0,0.03307691712364225
20130508,459.4700012207031,459.4700012207031,459.7799987792969,452.8599853515625,452.8900146484375,0,1.2896270372747543
20130509,461.8500061035156,461.8500061035156,463.7300109863281,458.3900146484375,458.6000061035156,0,0.51798917807242
20130510,465.94000244140625,465.94000244140625,466.010009765625,462.55999755859375,462.95001220703125,0,0.8855681030290885
20130513,461.2799987792969,461.2799987792969,464.8299865722656,460.5899963378906,463.739990234375,0,-1.0001295526660403
20130514,463.3299865722656,463.3299865722656,464.3599853515625,460.6300048828125,461.3699951171875,0,0.4444128942060699
20130515,467.82000732421875,467.82000732421875,469.3299865722656,462.5,462.6600036621094,0,0.9690762268961928
20130516,464.2799987792969,464.2799987792969,470.010009765625,464.1400146484375,468.6700134277344,0,-0.7567031100635502
20130517,470.6300048828125,470.6300048828125,470.7699890136719,466.0299987792969,466.45001220703125,0,1.3677104592511702
20130520,469.1199951171875,469.1199951171875,472.1000061035156,468.67999267578125,469.6000061035156,0,-0.32084859655324705
20130521,469.0299987792969,469.0299987792969,470.7699890136719,467.57000732421875,469.45001220703125,0,-0.01918407631892327
20130522,461.6199951171875,461.6199951171875,473.8599853515625,459.6000061035156,469.2900085449219,0,-1.5798570840659942
20130523,461.75,461.75,462.3900146484375,454.80999755859375,456.3500061035156,0,0.028162749488247485
20130524,461.5,461.5,461.510009765625,457.1300048828125,460.0299987792969,0,-0.05414185165132368
20130528,465.94000244140625,465.94000244140625,469.3500061035156,464.7099914550781,465.79998779296875,0,0.9620807023632105
20130529,467.2900085449219,467.2900085449219,468.989990234375,462.9800109863281,463.3900146484375,0,0.2897381844104263
20130530,474.42999267578125,474.42999267578125,476.5,468.9800109863281,469.0799865722656,0,1.5279556592901145
20130531,468.6300048828125,468.6300048828125,475.6199951171875,468.55999755859375,471.739990234375,0,-1.2225171010493807
20130603,470.7200012207031,470.7200012207031,474.1199951171875,465.010009765625,470.6400146484375,0,0.44598005166427424
20130604,472.45001220703125,472.45001220703125,477.5799865722656,470.5400085449219,473.1099853515625,0,0.3675244268018574
20130605,465.2900085449219,465.2900085449219,471.7300109863281,464.75,470.55999755859375,0,-1.5155050221422828
20130606,464.6600036621094,464.6600036621094,468.5,460.0,466.1700134277344,0,-0.13540047523966647
20130607,471.4700012207031,471.4700012207031,471.9700012207031,464.1000061035156,467.5299987792969,0,1.4655872046060114
20130610,473.9700012207031,473.9700012207031,474.8699951171875,470.3500061035156,471.8599853515625,0,0.5302564306376212
20130611,463.42999267578125,463.42999267578125,470.6700134277344,463.30999755859375,468.17999267578125,0,-2.2237712339971405
20130612,458.3299865722656,458.3299865722656,468.80999755859375,457.6199951171875,468.19000244140625,0,-1.1004911602869871
20130613,467.3800048828125,467.3800048828125,468.0799865722656,456.5,458.8299865722656,0,1.9745638678869026
20130614,465.5299987792969,465.5299987792969,469.6300048828125,464.6499938964844,467.6199951171875,0,-0.39582482865938573
20130617,472.3399963378906,472.3399963378906,475.3299865722656,469.82000732421875,470.6000061035156,0,1.462848275395956
20130618,480.05999755859375,480.05999755859375,480.5199890136719,473.1300048828125,473.19000244140625,0,1.6344161579703753
20130619,474.510009765625,474.510009765625,482.05999755859375,474.3500061035156,479.760009765625,0,-1.1561029498800002
20130620,459.7200012207031,459.7200012207031,468.260009765625,458.2200012207031,468.20001220703125,0,-3.116901275112638
20130621,460.8500061035156,460.8500061035156,464.3299865722656,455.7900085449219,462.1400146484375,0,0.24580285387016954
20130624,451.54998779296875,451.54998779296875,458.07000732421875,448.2300109863281,458.04998779296875,0,-2.018014145031366
20130625,462.510009765625,462.510009765625,463.6199951171875,455.3699951171875,456.79998779296875,0,2.4272001481442373
20130626,464.92999267578125,464.92999267578125,467.20001220703125,462.20001220703125,466.80999755859375,0,0.5232282240513086
20130627,466.739990234375,466.739990234375,470.8500061035156,466.6600036621094,467.8800048828125,0,0.3893053980399852
20130628,468.42999267578125,468.42999267578125,471.1300048828125,463.0299987792969,464.1400146484375,0,0.3620864885731434
20130701,467.7300109863281,467.7300109863281,472.760009765625,467.2900085449219,470.0199890136719,0,-0.14943144128211072
20130702,468.17999267578125,468.17999267578125,472.8800048828125,465.260009765625,466.8800048828125,0,0.09620543452071306
20130703,469.79998779296875,469.79998779296875,471.7099914550781,465.1199951171875,465.75,0,0.34601972372394485
20130705,476.1199951171875,476.1199951171875,476.32000732421875,470.5400085449219,472.2799987792969,0,1.34525489323849
20130708,466.5,466.5,477.75,464.8399963378906,477.4700012207031,0,-2.0204980290356667
20130709,471.4100036621094,471.4100036621094,472.5799865722656,469.29998779296875,470.6000061035156,0,1.0525195417169009
20130710,476.70001220703125,476.70001220703125,477.6099853515625,470.1400146484375,470.3299865722656,0,1.1221672225508295
20130711,486.55999755859375,486.55999755859375,486.8500061035156,481.05999755859375,481.05999755859375,0,2.0683837002463346
20130712,489.6099853515625,489.6099853515625,490.1199951171875,486.7300109863281,487.94000244140625,0,0.6268472147880289
20130715,489.3299865722656,489.3299865722656,490.5,488.3299865722656,489.79998779296875,0,-0.05718812680991503
20130716,491.05999755859375,491.05999755859375,493.2300109863281,488.989990234375,490.29998779296875,0,0.3535468975540912
20130717,491.5799865722656,491.5799865722656,493.20001220703125,489.9200134277344,491.3399963378906,0,0.10589113677699213
20130718,487.2200012207031,487.2200012207031,492.1000061035156,485.739990234375,492.1000061035156,0,-0.886933046636873
20130719,486.1700134277344,486.1700134277344,486.2200012207031,481.739990234375,484.4200134277344,0,-0.21550588857971453
20130722,485.1499938964844,485.1499938964844,487.010009765625,483.1000061035156,487.010009765625,0,-0.2098071668506174
20130723,483.5199890136719,483.5199890136719,490.1199951171875,482.7900085449219,486.739990234375,0,-0.33597957401196865
20130724,474.69000244140625,474.69000244140625,483.6600036621094,473.95001220703125,483.239990234375,0,-1.8261885284779678
20130725,477.3999938964844,477.3999938964844,477.42999267578125,471.8999938964844,473.42999267578125,0,0.5708970993996587
20130726,473.1199951171875,473.1199951171875,473.1600036621094,470.4700012207031,472.95001220703125,0,-0.8965225877704763
20130729,469.9700012207031,469.9700012207031,473.6300048828125,469.1300048828125,471.760009765625,0,-0.6657917502945865
20130730,475.5899963378906,475.5899963378906,476.5199890136719,471.1000061035156,471.1099853515625,0,1.1958199677830628
20130731,477.7799987792969,477.7799987792969,480.70001220703125,475.8500061035156,476.1099853515625,0,0.4604811830083877
20130801,486.6000061035156,486.6000061035156,486.7900085449219,481.760009765625,481.92999267578125,0,1.8460394630904098
20130802,483.3800048828125,483.3800048828125,483.9800109863281,480.42999267578125,483.9800109863281,0,-0.6617347267394269
20130805,482.1400146484375,482.1400146484375,482.75,480.55999755859375,481.489990234375,0,-0.25652493314770597
20130806,478.67999267578125,478.67999267578125,482.0299987792969,477.1099853515625,481.3399963378906,0,-0.7176384177901562
20130807,474.1199951171875,474.1199951171875,477.2200012207031,472.20001220703125,477.2200012207031,0,-0.9526192087335295
20130808,474.30999755859375,474.30999755859375,476.4700012207031,471.5899963378906,475.5400085449219,0,0.04007475815468453
20130809,471.760009765625,471.760009765625,474.6099853515625,470.92999267578125,472.7099914550781,0,-0.5376205026447312
20130812,473.6199951171875,473.6199951171875,475.0299987792969,469.82000732421875,470.1499938964844,0,0.394265158779894
20130813,479.07000732421875,479.07000732421875,479.760009765625,472.239990234375,475.5299987792969,0,1.150714130150421
20130814,471.3399963378906,471.3399963378906,475.7300109863281,470.8399963378906,472.80999755859375,0,-1.6135451746401408
20130815,460.8399963378906,460.8399963378906,465.42999267578125,460.510009765625,464.5199890136719,0,-2.2276912805152316
20130816,462.4599914550781,462.4599914550781,466.75,460.3399963378906,460.3399963378906,0,0.35153092831805566
20130819,459.2900085449219,459.2900085449219,464.07000732421875,459.0400085449219,462.1400146484375,0,-0.685461006082333
20130820,461.8299865722656,461.8299865722656,463.5400085449219,458.75,459.6199951171875,0,0.5530227046285363
20130821,458.5299987792969,458.5299987792969,462.4700012207031,456.92999267578125,459.4599914550781,0,-0.7145460210285393
20130822,463.8299865722656,463.8299865722656,464.7300109863281,460.1099853515625,460.1700134277344,0,1.1558650049240837
20130823,463.82000732421875,463.82000732421875,464.9100036621094,461.25,464.3800048828125,0,-0.0021514883331796852
20130826,462.9200134277344,462.9200134277344,465.8399963378906,462.19000244140625,464.6199951171875,0,-0.19403947269900357
20130827,451.2099914550781,451.2099914550781,458.0899963378906,450.55999755859375,458.0899963378906,0,-2.5295994195516203
20130828,456.3900146484375,456.3900146484375,458.7200012207031,452.20001220703125,452.2099914550781,0,1.148029363590708
20130829,461.82000732421875,461.82000732421875,463.1400146484375,456.1700134277344,456.1700134277344,0,1.1897702626040285
20130830,457.70001220703125,457.70001220703125,462.2900085449219,456.2300109863281,461.8900146484375,0,-0.8921214005124467
20130903,461.6400146484375,461.6400146484375,467.2099914550781,459.2300109863281,462.94000244140625,0,0.860826378921753
20130904,473.55999755859375,473.55999755859375,474.4700012207031,463.1700134277344,464.54998779296875,0,2.582094821055314
20130905,477.0400085449219,477.0400085449219,478.0,474.1300048828125,474.2300109863281,0,0.734861686854682
20130906,475.1000061035156,475.1000061035156,479.1199951171875,471.239990234375,478.8999938964844,0,-0.4066749972027939
20130909,481.4200134277344,481.4200134277344,482.5400085449219,477.05999755859375,477.19000244140625,0,1.3302477884712394
20130910,490.6499938964844,490.6499938964844,490.67999267578125,485.4200134277344,485.4200134277344,0,1.917240706931156
20130911,489.0400085449219,489.0400085449219,490.3500061035156,484.760009765625,488.7200012207031,0,-0.32813316449407104
20130912,486.05999755859375,486.05999755859375,490.1600036621094,485.5799865722656,489.010009765625,0,-0.6093593436649059
20130913,488.2300109863281,488.2300109863281,488.3699951171875,483.79998779296875,486.95001220703125,0,0.4464497055166161
20130916,490.3500061035156,490.3500061035156,493.8800048828125,489.6400146484375,492.17999267578125,0,0.43422056602064885
20130917,493.3999938964844,493.3999938964844,494.3699951171875,491.70001220703125,492.3800048828125,0,0.6220021933322606
20130918,497.6700134277344,497.6700134277344,498.07000732421875,491.2900085449219,493.29998779296875,0,0.8654275606144068
20130919,496.0899963378906,496.0899963378906,500.239990234375,494.5,498.95001220703125,0,-0.3174828796618234
20130920,493.1499938964844,493.1499938964844,498.9599914550781,492.7300109863281,497.5199890136719,0,-0.5926348975204498
20130923,491.2900085449219,491.2900085449219,496.260009765625,489.239990234375,494.8299865722656,0,-0.377164224796267
20130924,494.7300109863281,494.7300109863281,497.010009765625,491.010009765625,493.69000244140625,0,0.7001979241537448
20130925,494.95001220703125,494.95001220703125,497.6600036621094,492.010009765625,495.2900085449219,0,0.0444689458528158
20130926,494.7099914550781,494.7099914550781,498.0799865722656,492.82000732421875,496.7699890136719,0,-0.04849393798028734
20130927,490.80999755859375,490.80999755859375,493.1000061035156,489.7799987792969,492.1499938964844,0,-0.7883394238740626
20130930,490.8299865722656,490.8299865722656,492.6300048828125,484.54998779296875,485.4100036621094,0,0.00407265821220637
20131001,495.7699890136719,495.7699890136719,496.8599853515625,491.45001220703125,491.489990234375,0,1.0064589728726592
20131002,495.1000061035156,495.1000061035156,495.42999267578125,491.8999938964844,492.6700134277344,0,-0.13513986828633806
20131003,493.79998779296875,493.79998779296875,497.4800109863281,488.9100036621094,495.3699951171875,0,-0.2625769126480382
20131004,497.7200012207031,497.7200012207031,498.8599853515625,493.8900146484375,494.0899963378906,0,0.793846400291498
20131007,495.0899963378906,495.0899963378906,498.70001220703125,492.2099914550781,492.7900085449219,0,-0.5284105272768125
20131008,486.82000732421875,486.82000732421875,496.5899963378906,485.32000732421875,495.6300048828125,0,-1.6704011543040242
20131009,485.1099853515625,485.1099853515625,488.6400146484375,480.1300048828125,487.8900146484375,0,-0.3512637005318009
20131010,496.4800109863281,496.4800109863281,497.0299987792969,489.94000244140625,490.0299987792969,0,2.3438036688784525
20131011,497.3800048828125,497.3800048828125,498.9200134277344,492.739990234375,493.5199890136719,0,0.1812749509686018
20131014,500.9800109863281,500.9800109863281,501.7900085449219,493.7200012207031,493.95001220703125,0,0.723793893637481
20131015,496.5,496.5,502.1300048828125,496.1199951171875,500.4100036621094,0,-0.8942494486971375
20131016,501.5799865722656,501.5799865722656,501.95001220703125,497.0,497.0400085449219,0,1.0231594304663805
20131017,505.0899963378906,505.0899963378906,505.4100036621094,496.4100036621094,497.94000244140625,0,0.699790633516284
20131018,506.44000244140625,506.44000244140625,506.7699890136719,502.2699890136719,504.5,0,0.2672803091139597
20131021,508.0400085449219,508.0400085449219,508.4800109863281,505.9700012207031,507.0799865722656,0,0.31593201480972777
20131022,507.1199951171875,507.1199951171875,508.75,504.2799987792969,507.7699890136719,0,-0.18109074329980546
20131023,490.1099853515625,490.1099853515625,497.1600036621094,487.7200012207031,497.1600036621094,0,-3.354237641861124
20131024,494.1499938964844,494.1499938964844,496.3299865722656,493.1400146484375,493.8599853515625,0,0.8243065160208785
20131025,496.29998779296875,496.29998779296875,496.8399963378906,494.3399963378906,495.82000732421875,0,0.43508932976628056
20131028,499.489990234375,499.489990234375,500.260009765625,495.4100036621094,496.30999755859375,0,0.6427569050710735
20131029,507.0400085449219,507.0400085449219,507.07000732421875,501.5400085449219,501.5400085449219,0,1.5115454680091123
20131030,504.3299865722656,504.3299865722656,508.75,502.3299865722656,507.3900146484375,0,-0.5344789221728985
20131031,507.0899963378906,507.0899963378906,510.1700134277344,505.0400085449219,505.3900146484375,0,0.54726267307319
20131101,505.3999938964844,505.3999938964844,509.2900085449219,503.57000732421875,507.92999267578125,0,-0.3332746560987476
20131104,504.67999267578125,504.67999267578125,506.3599853515625,503.57000732421875,506.25,0,-0.14246165995217552
20131105,503.1300048828125,503.1300048828125,505.07000732421875,498.75,501.3900146484375,0,-0.3071228928158587
20131106,504.9100036621094,504.9100036621094,505.0799865722656,501.7699890136719,504.7099914550781,0,0.35378505794172455
20131107,495.20001220703125,495.20001220703125,504.20001220703125,494.44000244140625,503.9800109863281,0,-1.9231133042822757
20131108,500.9800109863281,500.9800109863281,500.989990234375,493.4599914550781,496.0899963378906,0,1.1672048943489166
20131111,500.3999938964844,500.3999938964844,501.2900085449219,497.82000732421875,499.7099914550781,0,-0.1157764934975769
20131112,503.6099853515625,503.6099853515625,503.8800048828125,499.07000732421875,499.2099914550781,0,0.6414851107576558
20131113,508.0,508.0,508.1300048828125,500.70001220703125,501.42999267578125,0,0.8717092146957484
20131114,505.3900146484375,505.3900146484375,507.4100036621094,504.6199951171875,506.6400146484375,0,-0.513776644008368
20131115,508.94000244140625,508.94000244140625,509.4700012207031,503.0,507.2200012207031,0,0.7024253922860435
20131118,504.2200012207031,504.2200012207031,509.7099914550781,503.260009765625,508.8399963378906,0,-0.9274180056708214
20131119,497.8800048828125,497.8800048828125,504.92999267578125,497.29998779296875,503.6700134277344,0,-1.2573869189127063
20131120,495.6300048828125,495.6300048828125,499.82000732421875,494.29998779296875,498.489990234375,0,-0.4519161199352806
20131121,504.2300109863281,504.2300109863281,504.5199890136719,497.1000061035156,497.42999267578125,0,1.735166559488066
20131122,504.6099853515625,504.6099853515625,505.1000061035156,502.010009765625,502.9800109863281,0,0.07535734822508022
20131125,504.010009765625,504.010009765625,505.30999755859375,500.6499938964844,505.0400085449219,0,-0.11889887306124614
20131126,508.32000732421875,508.32000732421875,509.29998779296875,504.6300048828125,505.2300109863281,0,0.8551412620947829
20131127,510.010009765625,510.010009765625,510.2200012207031,505.1400146484375,506.3599853515625,0,0.332468212357484
20131129,510.25,510.25,512.4500122070312,509.7799987792969,510.3800048828125,0,0.047055985133570566
20131202,509.3999938964844,509.3999938964844,512.0700073242188,508.7799987792969,510.44000244140625,0,-0.1665862035307497
20131203,511.20001220703125,511.20001220703125,512.8900146484375,508.0799865722656,508.3800048828125,0,0.3533604892254294
20131204,508.7699890136719,508.7699890136719,512.27001953125,505.2099914550781,509.07000732421875,0,-0.47535663836706377
20131205,509.95001220703125,509.95001220703125,511.9100036621094,508.5299987792969,509.29998779296875,0,0.23193647794497174
20131206,515.6300048828125,515.6300048828125,517.0399780273438,514.4000244140625,515.739990234375,0,1.1138332267507156
20131209,516.8099975585938,516.8099975585938,518.969970703125,516.0599975585938,516.6199951171875,0,0.22884484312533093
20131210,515.3400268554688,515.3400268554688,517.8900146484375,513.9000244140625,516.3300170898438,0,-0.2844315531953967
20131211,510.1700134277344,510.1700134277344,516.8400268554688,509.8399963378906,514.9000244140625,0,-1.0032237276970446
20131212,505.8399963378906,505.8399963378906,511.20001220703125,505.55999755859375,510.17999267578125,0,-0.8487400231054765
20131213,505.5199890136719,505.5199890136719,508.5400085449219,504.29998779296875,507.5400085449219,0,-0.06326255862239005
20131216,512.1500244140625,512.1500244140625,515.1099853515625,511.8699951171875,512.02001953125,0,1.3115278415254394
20131217,517.1799926757812,517.1799926757812,518.7100219726562,512.1900024414062,512.1900024414062,0,0.9821278965032487
20131218,521.0700073242188,521.0700073242188,521.1900024414062,509.6400146484375,516.719970703125,0,0.752158765522104
20131219,517.780029296875,517.780029296875,519.8800048828125,515.5800170898438,519.8800048828125,0,-0.6313888692689007
20131220,522.0900268554688,522.0900268554688,523.5999755859375,517.9299926757812,518.0800170898438,0,0.8323993423320353
20131223,526.6500244140625,526.6500244140625,527.0999755859375,523.7999877929688,524.1300048828125,0,0.8734121174576837
20131224,528.3499755859375,528.3499755859375,529.530029296875,526.719970703125,526.75,0,0.32278573873918415
20131226,529.8300170898438,529.8300170898438,530.9600219726562,528.530029296875,529.8200073242188,0,0.28012521478115726
20131227,529.9600219726562,529.9600219726562,531.5900268554688,529.4199829101562,531.25,0,0.024537092769216784
20131230,531.5700073242188,531.5700073242188,532.1799926757812,529.3200073242188,529.6400146484375,0,0.3037937362840415
20131231,535.030029296875,535.030029296875,535.7899780273438,532.6500244140625,533.030029296875,0,0.6509061694569773
20140102,527.75,527.75,530.75,525.9500122070312,530.6699829101562,0,-1.360676765459734
20140103,526.6799926757812,526.6799926757812,528.27001953125,524.4600219726562,526.9099731445312,0,-0.2027489008467498
20140106,523.77001953125,523.77001953125,527.0999755859375,522.8800048828125,527.0999755859375,0,-0.5525125664537223
20140107,527.4299926757812,527.4299926757812,528.2899780273438,524.47998046875,525.1500244140625,0,0.6987748454573062
20140108,535.760009765625,535.760009765625,535.8900146484375,530.239990234375,532.0399780273438,0,1.5793597644274238
20140109,531.489990234375,531.489990234375,536.1900024414062,529.5800170898438,535.72998046875,0,-0.7970022871094828
20140110,533.7000122070312,533.7000122070312,534.6900024414062,531.3499755859375,533.3599853515625,0,0.415816292547988
20140113,527.6599731445312,527.6599731445312,534.8900146484375,526.260009765625,533.1099853515625,0,-1.1317292344668273
20140114,539.6099853515625,539.6099853515625,540.1400146484375,529.0999755859375,529.1500244140625,0,2.2647183442428886
20140115,544.2100219726562,544.2100219726562,545.75,541.239990234375,541.27001953125,0,0.8524743325675876
20140116,541.0499877929688,541.0499877929688,544.1599731445312,540.0999755859375,543.1900024414062,0,-0.5806644589588794
20140117,538.1400146484375,538.1400146484375,541.989990234375,536.9000244140625,538.4199829101562,0,-0.5378381314454006
20140121,541.5,541.5,541.760009765625,537.1900024414062,540.6400146484375,0,0.6243701007362379
20140122,547.469970703125,547.469970703125,547.9199829101562,540.239990234375,541.0399780273438,0,1.1024876644736947
20140123,541.489990234375,541.489990234375,544.4299926757812,538.5599975585938,544.0599975585938,0,-1.0922937857339998
20140124,528.8900146484375,528.8900146484375,539.3200073242188,528.5599975585938,538.9000244140625,0,-2.326908310989051
20140127,525.27001953125,525.27001953125,531.489990234375,522.280029296875,529.8699951171875,0,-0.6844514014116454
20140128,527.5399780273438,527.5399780273438,528.6599731445312,522.260009765625,523.780029296875,0,0.43215078182445854
20140129,525.1400146484375,525.1400146484375,529.9299926757812,523.9099731445312,524.030029296875,0,-0.45493488244825464
20140130,531.9600219726562,531.9600219726562,533.3300170898438,527.6099853515625,529.8900146484375,0,1.2987026571922078
20140131,529.1799926757812,529.1799926757812,531.6300048828125,525.469970703125,525.5700073242188,0,-0.522601169645398
20140203,517.4600219726562,517.4600219726562,529.2000122070312,516.4299926757812,528.1400146484375,0,-2.21474183932453
20140204,518.3400268554688,518.3400268554688,519.1199951171875,515.3200073242188,518.030029296875,0,0.17006239041574833
20140205,518.4600219726562,518.4600219726562,520.6900024414062,512.719970703125,516.5,0,0.023149884433082413
20140206,526.6699829101562,526.6699829101562,527.7999877929688,519.6300048828125,519.9000244140625,0,1.583528254746125
20140207,535.3099975585938,535.3099975585938,535.6099853515625,526.9600219726562,529.5800170898438,0,1.6404987807917992
20140210,538.0399780273438,538.0399780273438,538.5,534.3499755859375,534.780029296875,0,0.5099812223199107
20140211,544.8599853515625,544.8599853515625,546.22998046875,538.25,538.47998046875,0,1.2675651629500573
20140212,549.47998046875,549.47998046875,550.3400268554688,545.8699951171875,545.9199829101562,0,0.8479233640559025
20140213,556.02001953125,556.02001953125,556.0399780273438,546.3400268554688,547.1699829101562,0,1.1902233557118613
20140214,559.1199951171875,559.1199951171875,559.8900146484375,553.4400024414062,555.1300048828125,0,0.5575294912134598
20140218,560.4500122070312,560.4500122070312,560.9199829101562,556.22998046875,558.969970703125,0,0.2378768603267245
20140219,560.02001953125,560.02001953125,562.5900268554688,558.3800048828125,558.9199829101562,0,-0.07672275250525384
20140220,564.0599975585938,564.0599975585938,564.6900024414062,559.3400268554688,560.760009765625,0,0.7213988583346209
20140221,561.2100219726562,561.2100219726562,566.260009765625,559.8499755859375,565.3300170898438,0,-0.5052610712110384
20140224,563.3699951171875,563.3699951171875,567.1599731445312,562.8499755859375,563.1400146484375,0,0.3848778638946948
20140225,560.5399780273438,560.5399780273438,564.3400268554688,557.8300170898438,563.97998046875,0,-0.5023372054550168
20140226,564.2899780273438,564.2899780273438,568.239990234375,562.260009765625,562.3099975585938,0,0.6689977783916445
20140227,564.219970703125,564.219970703125,565.1099853515625,560.25,563.6799926757812,0,-0.012406267512221625
20140228,563.8300170898438,563.8300170898438,565.989990234375,559.760009765625,564.2999877929688,0,-0.06911375589830904
20140303,560.22998046875,560.22998046875,561.5999755859375,555.0,558.260009765625,0,-0.6384968008044334
20140304,570.1300048828125,570.1300048828125,570.8499755859375,566.72998046875,566.77001953125,0,1.767135776235862
20140305,571.2999877929688,571.2999877929688,572.5800170898438,568.9099731445312,569.9299926757812,0,0.2052133548727575
20140306,575.02001953125,575.02001953125,575.5399780273438,570.6300048828125,572.4600219726562,0,0.6511520773267332
20140307,574.3900146484375,574.3900146484375,577.6400146484375,572.5700073242188,576.8599853515625,0,-0.10956225199360015
20140310,573.219970703125,573.219970703125,575.760009765625,570.8200073242188,574.0999755859375,0,-0.20370199959492963
20140311,570.0800170898438,570.0800170898438,576.3200073242188,568.5700073242188,574.6300048828125,0,-0.5477746369216163
20140312,574.9199829101562,574.9199829101562,575.010009765625,566.010009765625,568.7000122070312,0,0.848997627564585
20140313,565.1400146484375,565.1400146484375,577.969970703125,562.2899780273438,576.2000122070312,0,-1.7011007709653914
20140314,562.47998046875,562.47998046875,567.6300048828125,562.1500244140625,564.969970703125,0,-0.47068586734957396
20140317,569.5,569.5,571.239990234375,565.530029296875,565.530029296875,0,1.2480478905933179
20140318,577.1900024414062,577.1900024414062,577.469970703125,569.0499877929688,569.6199951171875,0,1.3503077157868804
20140319,576.6900024414062,576.6900024414062,580.8499755859375,573.1799926757812,577.030029296875,0,-0.08662658706579673
20140320,587.6300048828125,587.6300048828125,587.6900024414062,575.780029296875,576.030029296875,0,1.8970334833432023
20140321,582.5399780273438,582.5399780273438,590.1099853515625,580.8900146484375,589.4000244140625,0,-0.8661958737937181
20140324,579.8499755859375,579.8499755859375,585.6400146484375,575.4600219726562,583.97998046875,0,-0.46177130203414185
20140325,584.3300170898438,584.3300170898438,587.6699829101562,581.1599731445312,583.27001953125,0,0.7726207971948673
20140326,577.8400268554688,577.8400268554688,591.1099853515625,577.8300170898438,587.9400024414062,0,-1.110672059377904
20140327,573.3200073242188,573.3200073242188,580.02001953125,572.010009765625,577.5700073242188,0,-0.7822267965491014
20140328,577.47998046875,577.47998046875,582.1900024414062,574.4400024414062,574.8300170898438,0,0.7255935762553456
20140331,586.739990234375,586.739990234375,588.4000244140625,580.6900024414062,580.8300170898438,0,1.6035204818890092
20140401,595.9099731445312,595.9099731445312,595.9099731445312,588.8499755859375,589.52001953125,0,1.562869936050082
20140402,594.9400024414062,594.9400024414062,597.219970703125,592.030029296875,596.239990234375,0,-0.16277134916984348
20140403,595.9299926757812,595.9299926757812,601.4000244140625,593.2000122070312,598.0499877929688,0,0.16640169266017857
20140404,579.1900024414062,579.1900024414062,600.6900024414062,578.3699951171875,600.4099731445312,0,-2.809053150557317
20140407,573.9099731445312,573.9099731445312,582.5900268554688,570.6799926757812,577.2100219726562,0,-0.9116230036116946
20140408,581.1799926757812,581.1799926757812,581.9000244140625,574.3800048828125,574.8699951171875,0,1.2667526043181665
20140409,587.719970703125,587.719970703125,588.0800170898438,581.1500244140625,585.280029296875,0,1.1252930434224595
20140410,569.1500244140625,569.1500244140625,588.4500122070312,568.8099975585938,587.0800170898438,0,-3.159658887692063
20140411,560.3400268554688,560.3400268554688,571.5,559.219970703125,563.77001953125,0,-1.5479218449763965
20140414,565.02001953125,565.02001953125,567.9299926757812,559.6500244140625,564.75,0,0.8352058484996316
20140415,569.0,569.0,570.489990234375,558.7100219726562,565.9600219726562,0,0.7043963631681249
20140416,567.9000244140625,567.9000244140625,568.4600219726562,559.6599731445312,568.3800048828125,0,-0.19331732617531294
20140417,578.4099731445312,578.4099731445312,581.4099731445312,570.8499755859375,571.1500244140625,0,1.8506688287806439
20140421,583.47998046875,583.47998046875,583.8699951171875,576.1099853515625,581.72998046875,0,0.8765421689836295
20140422,589.1099853515625,589.1099853515625,590.5800170898438,583.5399780273438,583.5399780273438,0,0.9649011227925053
20140423,588.4299926757812,588.4299926757812,590.9500122070312,586.9099731445312,589.2999877929688,0,-0.11542711763329327
20140424,591.6400146484375,591.6400146484375,593.3900146484375,584.1099853515625,590.9500122070312,0,0.5455231739733835
20140425,572.1900024414062,572.1900024414062,584.8200073242188,571.1300048828125,584.5599975585938,0,-3.287474093277609
20140428,568.5499877929688,568.5499877929688,577.02001953125,560.72998046875,574.8699951171875,0,-0.6361548843751841
20140429,572.989990234375,572.989990234375,574.27001953125,567.780029296875,571.510009765625,0,0.7809344009735542
20140430,575.969970703125,575.969970703125,575.969970703125,570.0,571.6699829101562,0,0.5200754846574229
20140501,573.8599853515625,573.8599853515625,581.1500244140625,572.2000122070312,576.3900146484375,0,-0.36633599994574384
20140502,575.489990234375,575.489990234375,578.1400146484375,572.4400024414062,575.0800170898438,0,0.284042261948958
20140505,575.9400024414062,575.9400024414062,577.219970703125,570.0900268554688,572.5599975585938,0,0.07819635695973659
20140506,573.47998046875,573.47998046875,579.1300048828125,573.1199951171875,576.8499755859375,0,-0.4271316390992541
20140507,573.989990234375,573.989990234375,575.9099731445312,568.9199829101562,574.72998046875,0,0.08893244454812876
20140508,577.8300170898438,577.8300170898438,585.7999877929688,571.4199829101562,573.1099853515625,0,0.6690058922283137
20140509,575.969970703125,575.969970703125,577.530029296875,571.8300170898438,576.3599853515625,0,-0.32190200088368925
20140512,586.47998046875,586.47998046875,586.989990234375,578.8699951171875,579.1400146484375,0,1.8247496050522782
20140513,581.8800048828125,581.8800048828125,588.0399780273438,581.6099853515625,586.969970703125,0,-0.7843363352762589
20140514,576.7999877929688,576.7999877929688,582.1300048828125,576.47998046875,580.1300048828125,0,-0.8730351700032779
20140515,570.0,570.0,576.75,565.5900268554688,576.4099731445312,0,-1.1789160778223673
20140516,576.010009765625,576.010009765625,576.719970703125,569.3200073242188,571.3300170898438,0,1.0543876781798245
20140519,582.0499877929688,582.0499877929688,583.3699951171875,576.0599975585938,576.5800170898438,0,1.0485890739644121
20140520,578.5800170898438,578.5800170898438,583.52001953125,575.6699829101562,581.3599853515625,0,-0.5961636931361425
20140521,581.8099975585938,581.8099975585938,583.3599853515625,578.6799926757812,580.5599975585938,0,0.5582599421591228
20140522,584.2999877929688,584.2999877929688,586.5399780273438,582.1199951171875,582.1199951171875,0,0.4279730917006619
20140523,589.9099731445312,589.9099731445312,590.0800170898438,583.2999877929688,584.780029296875,0,0.9601207374233756
20140527,597.0800170898438,597.0800170898438,597.0999755859375,591.989990234375,592.2899780273438,0,1.215447148162685
20140528,597.6599731445312,597.6599731445312,599.1300048828125,594.52001953125,597.5599975585938,0,0.09713204898635919
20140529,598.9600219726562,598.9600219726562,601.0700073242188,597.739990234375,598.9000244140625,0,0.21752315472707284
20140530,599.5900268554688,599.5900268554688,600.6799926757812,597.3699951171875,600.030029296875,0,0.1051831273709336
20140602,602.8400268554688,602.8400268554688,604.5700073242188,597.6300048828125,603.1900024414062,0,0.5420370343790504
20140603,608.4299926757812,608.4299926757812,608.9199829101562,601.3800048828125,601.5999755859375,0,0.9272718418302128
20140604,611.1400146484375,611.1400146484375,611.8200073242188,606.4299926757812,606.7100219726562,0,0.4454122915173775
20140605,614.2999877929688,614.2999877929688,615.77001953125,608.760009765625,611.0,0,0.5170620592318764
20140606,617.25,617.25,618.489990234375,615.260009765625,617.010009765625,0,0.48022338688789024
20140609,618.4400024414062,618.4400024414062,621.8099975585938,617.4000244140625,618.5499877929688,0,0.19279099901274854
20140610,620.260009765625,620.260009765625,620.4600219726562,615.9099731445312,617.3499755859375,0,0.29429003897449846
20140611,623.47998046875,623.47998046875,625.9099731445312,620.27001953125,621.5499877929688,0,0.51913240454462
20140612,621.3499755859375,621.3499755859375,625.47998046875,618.97998046875,622.0800170898438,0,-0.34163164007464664
20140613,627.489990234375,627.489990234375,629.4000244140625,623.8900146484375,627.7999877929688,0,0.9881733145072458
20140616,630.9299926757812,630.9299926757812,632.1699829101562,626.4299926757812,627.469970703125,0,0.5482163054300493
20140617,635.5,635.5,636.5900268554688,629.9500122070312,630.0499877929688,0,0.7243287491909056
20140618,633.2000122070312,633.2000122070312,636.3099975585938,628.25,636.0399780273438,0,-0.36191782737510225
20140619,633.97998046875,633.97998046875,634.0399780273438,629.7000122070312,633.8200073242188,0,0.12317881343686388
20140620,635.4199829101562,635.4199829101562,635.52001953125,632.8200073242188,634.5399780273438,0,0.2271368948182806
20140623,633.1300048828125,633.1300048828125,635.9600219726562,632.6099853515625,635.5900268554688,0,-0.36038810376342045
20140624,628.5,628.5,637.9099731445312,627.0999755859375,633.0800170898438,0,-0.7312881789056092
20140625,630.8699951171875,630.8699951171875,631.6500244140625,624.280029296875,626.9400024414062,0,0.37708752858989225
20140626,628.280029296875,628.280029296875,630.7899780273438,623.739990234375,630.0499877929688,0,-0.4105387544752981
20140627,629.27001953125,629.27001953125,629.5,625.6799926757812,627.27001953125,0,0.15757149490855937
20140630,635.9299926757812,635.9299926757812,636.4500122070312,630.5900268554688,631.0399780273438,0,1.0583649209114254
20140701,644.7100219726562,644.7100219726562,647.3099975585938,638.219970703125,638.22998046875,0,1.3806597263845921
20140702,645.780029296875,645.780029296875,647.3200073242188,643.77001953125,644.219970703125,0,0.16596722367441252
20140703,650.5499877929688,650.5499877929688,651.4199829101562,648.52001953125,648.6699829101562,0,0.7386351822132431
20140707,646.0999755859375,646.0999755859375,651.1099853515625,645.1099853515625,650.6500244140625,0,-0.6840384736810479
20140708,642.6400146484375,642.6400146484375,646.1699829101562,636.6599731445312,645.1300048828125,0,-0.5355147915556246
20140709,646.5599975585938,646.5599975585938,647.1900024414062,639.5,642.5900268554688,0,0.6099811435334779
20140710,643.469970703125,643.469970703125,646.3599853515625,635.1599731445312,636.9099731445312,0,-0.47791803809958955
20140711,643.8800048828125,643.8800048828125,645.27001953125,641.1500244140625,643.9299926757812,0,0.06372234888281092
20140714,646.1199951171875,646.1199951171875,648.5900268554688,644.4299926757812,647.6599731445312,0,0.3478893920277448
20140715,644.4400024414062,644.4400024414062,648.4299926757812,638.530029296875,646.510009765625,0,-0.260012488156558
20140716,651.760009765625,651.760009765625,652.280029296875,648.1199951171875,650.1699829101562,0,1.13587103477244
20140717,635.3200073242188,635.3200073242188,645.3599853515625,634.010009765625,644.4400024414062,0,-2.522401220553272
20140718,643.4400024414062,643.4400024414062,644.1300048828125,636.1099853515625,637.8499755859375,0,1.2780952942732737
20140721,645.02001953125,645.02001953125,646.510009765625,641.530029296875,641.8699951171875,0,0.24555779619679363
20140722,649.3499755859375,649.3499755859375,650.7100219726562,646.3499755859375,647.719970703125,0,0.6712901807038651
20140723,634.4500122070312,634.4500122070312,645.6300048828125,634.260009765625,645.52001953125,0,-2.2945967412197676
20140724,629.1300048828125,629.1300048828125,634.7100219726562,628.5700073242188,633.75,0,-0.8385226923886879
20140725,616.6500244140625,616.6500244140625,623.4400024414062,614.8499755859375,623.4400024414062,0,-1.9836886449366875
20140728,616.0,616.0,617.3900146484375,608.4199829101562,617.3300170898438,0,-0.10541220924789041
20140729,614.4299926757812,614.4299926757812,620.510009765625,614.4299926757812,617.1300048828125,0,-0.25487131886667846
20140730,620.5999755859375,620.5999755859375,622.3900146484375,616.6900024414062,619.8699951171875,0,1.004179969028951
20140731,607.5499877929688,607.5499877929688,615.2999877929688,605.0999755859375,612.7000122070312,0,-2.102801854068337
20140801,609.760009765625,609.760009765625,613.4500122070312,604.5399780273438,608.0800170898438,0,0.3637596933685261
20140804,612.2899780273438,612.2899780273438,613.9500122070312,606.530029296875,610.22998046875,0,0.4149121328391514
20140805,605.3099975585938,605.3099975585938,612.0999755859375,603.0499877929688,608.989990234375,0,-1.1399795389821499
20140806,607.7100219726562,607.7100219726562,611.5,601.75,602.72998046875,0,0.3964950890853469
20140807,599.3800048828125,599.3800048828125,611.4600219726562,597.6699829101562,610.6099853515625,0,-1.3707223492553378
20140808,606.22998046875,606.22998046875,606.6500244140625,600.27001953125,601.9199829101562,0,1.1428435266666481
20140811,612.02001953125,612.02001953125,615.4199829101562,608.77001953125,608.77001953125,0,0.955089528568509
20140812,611.3200073242188,611.3200073242188,613.7000122070312,606.2999877929688,610.7999877929688,0,-0.11437733810855111
20140813,616.9500122070312,616.9500122070312,617.1900024414062,612.4500122070312,612.6099853515625,0,0.9209587148072185
20140814,618.260009765625,618.260009765625,619.2999877929688,616.2999877929688,617.260009765625,0,0.2123344732432253
20140815,624.5999755859375,624.5999755859375,627.219970703125,617.510009765625,623.9000244140625,0,1.0254530003834361
20140818,627.469970703125,627.469970703125,627.530029296875,622.739990234375,625.8400268554688,0,0.45949331241890157
20140819,631.469970703125,631.469970703125,632.219970703125,628.0700073242188,628.1599731445312,0,0.637480706131277
20140820,636.6199951171875,636.6199951171875,637.4299926757812,631.0800170898438,631.0900268554688,0,0.815561254374142
20140821,639.1099853515625,639.1099853515625,639.510009765625,635.2899780273438,636.1199951171875,0,0.3911266145381731
20140822,639.719970703125,639.719970703125,642.3800048828125,636.969970703125,639.4500122070312,0,0.09544293870278331
20140825,637.25,637.25,643.219970703125,636.260009765625,643.1400146484375,0,-0.3861018596011956
20140826,637.5499877929688,637.5499877929688,639.780029296875,636.7000122070312,638.1599731445312,0,0.047075369630245056
20140827,638.5700073242188,638.5700073242188,639.030029296875,634.5499877929688,637.8800048828125,0,0.15999051851307566
20140828,640.489990234375,640.489990234375,640.9600219726562,634.3400268554688,636.4400024414062,0,0.3006691338670153
20140829,645.25,645.25,647.1599731445312,642.5499877929688,645.0599975585938,0,0.7431825380882495
20140902,642.530029296875,642.530029296875,646.4099731445312,639.530029296875,645.97998046875,0,-0.4215374975784614
20140903,644.0800170898438,644.0800170898438,646.6699829101562,641.8300170898438,644.4600219726562,0,0.24123196151080162
20140904,645.719970703125,645.719970703125,650.5499877929688,644.02001953125,645.010009765625,0,0.25461954567245204
20140905,651.239990234375,651.239990234375,651.280029296875,645.2999877929688,646.4199829101562,0,0.8548627550173604
20140908,652.5,652.5,656.030029296875,650.010009765625,650.5800170898438,0,0.19347856159317445
20140909,646.489990234375,646.489990234375,653.1300048828125,645.5399780273438,650.9199829101562,0,-0.9210742935823801
20140910,646.5399780273438,646.5399780273438,648.02001953125,642.3900146484375,646.6199951171875,0,0.0077321835950883155
20140911,648.1400146484375,648.1400146484375,648.1400146484375,641.4600219726562,643.4000244140625,0,0.24747682671930615
20140912,639.8900146484375,639.8900146484375,646.8400268554688,638.469970703125,646.6900024414062,0,-1.272873115923101
20140915,632.239990234375,632.239990234375,641.239990234375,631.8900146484375,640.3699951171875,0,-1.1955217676377528
20140916,643.1199951171875,643.1199951171875,643.8599853515625,630.989990234375,631.489990234375,0,1.7208662930004115
20140917,647.8300170898438,647.8300170898438,651.4199829101562,643.0900268554688,643.0900268554688,0,0.7323706319841694
20140918,657.3599853515625,657.3599853515625,657.4099731445312,648.989990234375,650.4000244140625,0,1.4710600019012476
20140919,649.5399780273438,649.5399780273438,659.5399780273438,648.260009765625,657.9000244140625,0,-1.1896080531942577
20140922,641.3499755859375,641.3499755859375,648.4500122070312,640.3099975585938,647.4000244140625,0,-1.2608927423188532
20140923,639.8499755859375,639.8499755859375,644.780029296875,636.5399780273438,638.3099975585938,0,-0.2338816647852182
20140924,647.530029296875,647.530029296875,647.9000244140625,640.6900024414062,641.7899780273438,0,1.2002897560329684
20140925,635.4199829101562,635.4199829101562,647.1599731445312,633.6099853515625,646.780029296875,0,-1.8701906998612183
20140926,643.3400268554688,643.3400268554688,644.969970703125,638.469970703125,640.6799926757812,0,1.2464266403835023
20140929,644.22998046875,644.22998046875,646.2000122070312,635.760009765625,637.2000122070312,0,0.13833331926060843
20140930,638.47998046875,638.47998046875,644.5599975585938,636.5,643.989990234375,0,-0.8925384062095643
20141001,623.3599853515625,623.3599853515625,637.5800170898438,621.6900024414062,637.5800170898438,0,-2.368123602886796
20141002,619.6599731445312,619.6599731445312,622.1099853515625,608.1199951171875,621.97998046875,0,-0.5935594670781641
20141003,623.1199951171875,623.1199951171875,627.4600219726562,619.9400024414062,623.1699829101562,0,0.5583742895475474
20141006,617.969970703125,617.969970703125,625.489990234375,613.8200073242188,624.5700073242188,0,-0.8264899946107462
20141007,606.2000122070312,606.2000122070312,617.3300170898438,606.0999755859375,613.969970703125,0,-1.9046165758996203
20141008,619.969970703125,619.969970703125,620.8900146484375,600.6500244140625,606.6400146484375,0,2.2715206563524326
20141009,602.969970703125,602.969970703125,618.8099975585938,602.5599975585938,616.9199829101562,0,-2.7420682941659003
20141010,561.4000244140625,561.4000244140625,581.75,556.4500122070312,581.6900024414062,0,-6.894198435883581
20141013,549.469970703125,549.469970703125,568.6199951171875,549.239990234375,561.969970703125,0,-2.12505400643489
20141014,559.6699829101562,559.6699829101562,570.030029296875,554.8200073242188,559.6599731445312,0,1.8563366063442777
20141015,562.3400268554688,562.3400268554688,566.3400268554688,545.27001953125,548.5999755859375,0,0.4770747095330874
20141016,570.72998046875,570.72998046875,575.0499877929688,553.3400268554688,553.530029296875,0,1.4919716208353195
20141017,575.3300170898438,575.3300170898438,584.8400268554688,573.8900146484375,580.6900024414062,0,0.805991761167979
20141020,584.1500244140625,584.1500244140625,584.7899780273438,571.1900024414062,574.0,0,1.5330344432283205
20141021,605.25,605.25,605.9400024414062,590.3099975585938,590.5,0,3.612081606450679
20141022,596.9299926757812,596.9299926757812,611.1599731445312,596.510009765625,609.739990234375,0,-1.3746397892141715
20141023,605.6400146484375,605.6400146484375,608.8800048828125,602.8699951171875,603.8200073242188,0,1.4591362604537528
20141024,612.0499877929688,612.0499877929688,613.2999877929688,605.0999755859375,607.47998046875,0,1.0583800590276526
20141027,614.22998046875,614.22998046875,615.5900268554688,606.469970703125,612.1500244140625,0,0.35617886108325614
20141028,623.4600219726562,623.4600219726562,623.5599975585938,615.52001953125,617.1500244140625,0,1.502701235270587
20141029,624.1900024414062,624.1900024414062,625.8699951171875,617.280029296875,621.8900146484375,0,0.11708536923351609
20141030,616.9600219726562,616.9600219726562,622.0800170898438,608.72998046875,620.530029296875,0,-1.1582980247154318
20141031,640.8599853515625,640.8599853515625,643.780029296875,635.719970703125,635.719970703125,0,3.8738269138556047
20141103,644.77001953125,644.77001953125,648.4400024414062,640.780029296875,640.8400268554688,0,0.610123001757179
20141104,642.989990234375,642.989990234375,646.5800170898438,637.8900146484375,643.1400146484375,0,-0.27607197030796726
20141105,649.0399780273438,649.0399780273438,649.6300048828125,641.3400268554688,645.6199951171875,0,0.9409147708136834
20141106,643.2999877929688,643.2999877929688,647.010009765625,639.1400146484375,643.5800170898438,0,-0.8843816141835825
20141107,637.47998046875,637.47998046875,644.9099731445312,632.219970703125,643.4199829101562,0,-0.9047112443116956
20141110,642.25,642.25,643.1599731445312,636.3300170898438,637.72998046875,0,0.748261855649579
20141111,640.4299926757812,640.4299926757812,643.22998046875,638.280029296875,641.489990234375,0,-0.2833798869939619
20141112,639.760009765625,639.760009765625,640.469970703125,636.1199951171875,638.5900268554688,0,-0.10461454301304851
20141113,639.7999877929688,639.7999877929688,646.4000244140625,637.6799926757812,642.239990234375,0,0.006248910018369358
20141114,645.5599975585938,645.5599975585938,645.9299926757812,635.2100219726562,638.5999755859375,0,0.9002828814508979
20141117,642.5499877929688,642.5499877929688,644.1799926757812,637.2999877929688,642.22998046875,0,-0.4662633646769332
20141118,654.77001953125,654.77001953125,656.4400024414062,642.3200073242188,642.3200073242188,0,1.9018025010403727
20141119,650.1799926757812,650.1799926757812,655.4600219726562,647.1500244140625,654.510009765625,0,-0.7010135953925856
20141120,656.27001953125,656.27001953125,656.6599731445312,644.3599853515625,645.9199829101562,0,0.9366678341493628
20141121,662.9500122070312,662.9500122070312,665.27001953125,657.9400024414062,661.739990234375,0,1.0178725946604406
20141124,669.469970703125,669.469970703125,670.02001953125,663.6099853515625,663.9000244140625,0,0.9834766386666249
20141125,669.3599853515625,669.3599853515625,672.219970703125,668.3599853515625,671.1799926757812,0,-0.0164287206858571
20141126,683.47998046875,683.47998046875,683.719970703125,670.0,670.0499877929688,0,2.1094770267409135
20141128,685.739990234375,685.739990234375,687.7100219726562,681.3499755859375,685.02001953125,0,0.3306621744904703
20141201,676.6900024414062,676.6900024414062,686.0399780273438,674.2000122070312,683.97998046875,0,-1.319740415004178
20141202,681.3499755859375,681.3499755859375,681.4400024414062,672.8800048828125,675.5399780273438,0,0.6886422331819242
20141203,695.280029296875,695.280029296875,696.2100219726562,684.0999755859375,684.0999755859375,0,2.0444784927097226
20141204,696.1599731445312,696.1599731445312,700.489990234375,691.9000244140625,696.3900146484375,0,0.12655963217382826
20141205,703.1199951171875,703.1199951171875,703.1199951171875,696.47998046875,697.1699829101562,0,0.999773362610612
20141208,693.0,693.0,704.4400024414062,688.510009765625,700.5599975585938,0,-1.439298439450698
20141209,692.8400268554688,692.8400268554688,694.6400146484375,681.4500122070312,683.52001953125,0,-0.023084147840002345
20141210,679.969970703125,679.969970703125,693.5599975585938,678.5499877929688,690.0,0,-1.85757976639368
20141211,683.1500244140625,683.1500244140625,691.4099731445312,681.52001953125,683.260009765625,0,0.46767561038749683
20141212,671.3300170898438,671.3300170898438,681.7000122070312,671.1900024414062,676.8599853515625,0,-1.7302213132988964
20141215,665.7100219726562,665.7100219726562,681.3400268554688,663.3699951171875,676.0599975585938,0,-0.8371434278404033
20141216,661.2999877929688,661.2999877929688,675.22998046875,660.22998046875,661.719970703125,0,-0.6624557290905053
20141217,675.5800170898438,675.5800170898438,676.7000122070312,656.6599731445312,662.0599975585938,0,2.1593875034737753
20141218,688.1199951171875,688.1199951171875,688.1199951171875,681.2899780273438,685.719970703125,0,1.8561795361208944
20141219,686.0900268554688,686.0900268554688,689.1900024414062,682.9000244140625,688.5599975585938,0,-0.2950020746560367
20141222,696.6799926757812,696.6799926757812,697.3200073242188,688.8300170898438,689.4500122070312,0,1.5435242323589948
20141223,695.3200073242188,695.3200073242188,702.1699829101562,694.969970703125,699.3699951171875,0,-0.19520947434403801
20141224,696.3499755859375,696.3499755859375,699.0,695.010009765625,696.75,0,0.1481286675012239
20141226,697.0,697.0,699.780029296875,695.9099731445312,698.0599975585938,0,0.09334737371327062
20141229,695.0800170898438,695.0800170898438,696.6199951171875,692.4299926757812,696.1900024414062,0,-0.2754638321601499
20141230,690.989990234375,690.989990234375,693.969970703125,690.6900024414062,692.3200073242188,0,-0.5884253258485073
20141231,686.8699951171875,686.8699951171875,696.8200073242188,686.5,693.6300048828125,0,-0.5962452677194419
20150102,686.72998046875,686.72998046875,694.030029296875,680.280029296875,690.280029296875,0,-0.020384446755983276
20150105,673.5900268554688,673.5900268554688,684.8400268554688,673.4299926757812,683.5700073242188,0,-1.9134090526107705
20150106,658.8300170898438,658.8300170898438,675.1400146484375,656.3699951171875,675.1199951171875,0,-2.191245294193178
20150107,665.27001953125,665.27001953125,668.219970703125,658.75,660.4199829101562,0,0.9774907448589998
20150108,684.6500244140625,684.6500244140625,686.2000122070312,671.8099975585938,671.8099975585938,0,2.913103599117184
20150109,685.52001953125,685.52001953125,688.22998046875,676.8200073242188,685.9400024414062,0,0.12707150897015573
20150112,671.8200073242188,671.8200073242188,681.4000244140625,668.5,680.9199829101562,0,-1.9984846272467993
20150113,665.5800170898438,665.5800170898438,685.2899780273438,661.9099731445312,677.9500122070312,0,-0.9288187559683081
20150114,661.6500244140625,661.6500244140625,668.3300170898438,654.8699951171875,658.8300170898438,0,-0.5904613382121338
20150115,656.510009765625,656.510009765625,670.4299926757812,655.8599853515625,667.260009765625,0,-0.7768479496376268
20150116,663.8599853515625,663.8599853515625,664.6199951171875,651.5800170898438,654.4199829101562,0,1.1195527069817857
20150120,670.5700073242188,670.5700073242188,673.0999755859375,662.1900024414062,666.739990234375,0,1.0107586118634382
20150121,678.1599731445312,678.1599731445312,681.2000122070312,666.739990234375,667.5399780273438,0,1.131867774790396
20150122,682.47998046875,682.47998046875,682.9099731445312,664.9199829101562,676.5,0,0.6370189181451602
20150123,680.5399780273438,680.5399780273438,683.9299926757812,677.0599975585938,679.1799926757812,0,-0.28425777999726565
20150126,682.3900146484375,682.3900146484375,683.5,674.2100219726562,677.5599975585938,0,0.27184833820583787
20150127,669.7899780273438,669.7899780273438,676.2100219726562,665.489990234375,672.1900024414062,0,-1.8464567696796053
20150128,666.0700073242188,666.0700073242188,684.1599731445312,665.8200073242188,677.030029296875,0,-0.5553936047357766
20150129,666.6300048828125,666.6300048828125,669.02001953125,654.4000244140625,662.8099975585938,0,0.08407487988288942
20150130,653.1400146484375,653.1400146484375,667.989990234375,652.4500122070312,661.3200073242188,0,-2.0236098188749274
20150202,653.1400146484375,653.1400146484375,667.989990234375,652.4500122070312,661.3200073242188,0,0.0
20150203,666.9299926757812,666.9299926757812,667.1300048828125,656.8200073242188,657.75,0,2.1113356582150855
20150204,669.1500244140625,669.1500244140625,673.7899780273438,664.2999877929688,664.4299926757812,0,0.33287327945386025
20150205,675.6900024414062,675.6900024414062,675.780029296875,668.1400146484375,671.77001953125,0,0.9773560171458584
20150206,671.8400268554688,671.8400268554688,682.02001953125,670.02001953125,676.0399780273438,0,-0.5697843052326901
20150209,664.5399780273438,664.5399780273438,670.0599975585938,662.9500122070312,669.510009765625,0,-1.0865754549178486
20150210,687.030029296875,687.030029296875,687.3200073242188,671.1400146484375,672.239990234375,0,3.384303730874394
20150211,689.25,689.25,691.6099853515625,684.3499755859375,687.219970703125,0,0.32312571626555986
20150212,700.1900024414062,700.1900024414062,700.1900024414062,691.7100219726562,692.4199829101562,0,1.5872328533052205
20150213,705.0800170898438,705.0800170898438,706.9400024414062,698.6699829101562,701.6400146484375,0,0.6983839574097095
20150217,707.1400146484375,707.1400146484375,707.75,702.3699951171875,703.9199829101562,0,0.2921650746955162
20150218,705.1599731445312,705.1599731445312,707.02001953125,702.239990234375,704.5999755859375,0,-0.2800069947803241
20150219,706.9600219726562,706.9600219726562,708.8599853515625,702.760009765625,704.1599731445312,0,0.2552681514377486
20150220,711.25,711.25,711.510009765625,702.9400024414062,704.6400146484375,0,0.6068204557555079
20150223,706.7000122070312,706.7000122070312,710.469970703125,704.1599731445312,710.4000244140625,0,-0.6397170886423553
20150224,716.1199951171875,716.1199951171875,716.2899780273438,702.0599975585938,704.8200073242188,0,1.3329535513573187
20150225,711.989990234375,711.989990234375,716.0599975585938,710.010009765625,714.5599975585938,0,-0.5767196714199674
20150226,716.6699829101562,716.6699829101562,718.8099975585938,712.9600219726562,716.0800170898438,0,0.6573115830238896
20150227,714.6500244140625,714.6500244140625,718.5999755859375,712.7100219726562,716.780029296875,0,-0.28185336964879903
20150302,734.510009765625,734.510009765625,734.530029296875,720.8499755859375,720.9199829101562,0,2.7789805741412543
20150303,720.260009765625,720.260009765625,730.6900024414062,719.6500244140625,729.8099975585938,0,-1.940068863669675
20150304,719.5399780273438,719.5399780273438,719.9199829101562,711.4600219726562,717.97998046875,0,-0.09996830707227344
20150305,720.25,720.25,724.280029296875,716.97998046875,722.530029296875,0,0.09867720965315296
20150306,712.4199829101562,712.4199829101562,719.2000122070312,710.6300048828125,717.9600219726562,0,-1.0871248996659144
20150309,715.030029296875,715.030029296875,716.52001953125,711.2999877929688,713.3200073242188,0,0.3663634442224728
20150310,701.2999877929688,701.2999877929688,711.780029296875,701.280029296875,709.9099731445312,0,-1.920204878305276
20150311,703.1599731445312,703.1599731445312,710.4600219726562,702.8499755859375,705.0399780273438,0,0.2652196469325352
20150312,702.77001953125,702.77001953125,703.0599975585938,695.8300170898438,695.8699951171875,0,-0.05545731102090112
20150313,707.7899780273438,707.7899780273438,708.989990234375,700.0999755859375,703.3099975585938,0,0.7143102802595447
20150316,718.530029296875,718.530029296875,718.9099731445312,711.6400146484375,711.8699951171875,0,1.5174065192989028
20150317,713.1900024414062,713.1900024414062,714.4400024414062,709.0800170898438,712.9199829101562,0,-0.7431877079228433
20150318,718.47998046875,718.47998046875,721.8200073242188,703.6599731445312,711.77001953125,0,0.741734742387723
20150319,720.2000122070312,720.2000122070312,721.969970703125,716.5700073242188,717.8499755859375,0,0.23939870073472758
20150320,730.9099731445312,730.9099731445312,732.72998046875,724.22998046875,725.9199829101562,0,1.487081471254026
20150323,723.9600219726562,723.9600219726562,731.2999877929688,723.9500122070312,730.3099975585938,0,-0.9508628185732393
20150324,717.780029296875,717.780029296875,725.25,717.6599731445312,723.8300170898438,0,-0.853637284962494
20150325,684.72998046875,684.72998046875,717.3800048828125,683.97998046875,717.3800048828125,0,-4.604481523469007
20150326,675.239990234375,675.239990234375,679.77001953125,660.5800170898438,665.989990234375,0,-1.3859463591587406
20150327,694.3200073242188,694.3200073242188,697.1099853515625,673.9600219726562,676.6699829101562,0,2.82566455864397
20150330,703.739990234375,703.739990234375,705.27001953125,694.97998046875,699.3300170898438,0,1.3567206490936456
20150331,695.47998046875,695.47998046875,702.47998046875,694.5700073242188,699.6799926757812,0,-1.1737303379440012
20150401,691.1900024414062,691.1900024414062,694.6300048828125,685.5700073242188,693.1699829101562,0,-0.6168370259129974
20150402,689.1699829101562,689.1699829101562,696.27001953125,688.8099975585938,693.02001953125,0,-0.2922524232287671
20150406,692.6799926757812,692.6799926757812,694.0900268554688,679.3300170898438,681.0900268554688,0,0.5093097280301384
20150407,692.9400024414062,692.9400024414062,698.75,691.6300048828125,692.1400146484375,0,0.03753678009676964
20150408,697.4500122070312,697.4500122070312,699.1500244140625,691.3800048828125,692.1199951171875,0,0.6508514084531125
20150409,706.1799926757812,706.1799926757812,706.7999877929688,694.3900146484375,694.5499877929688,0,1.251699808725304
20150410,709.0499877929688,709.0499877929688,709.1099853515625,705.3800048828125,706.4199829101562,0,0.4064112757305338
20150413,704.52001953125,704.52001953125,712.6599731445312,703.7999877929688,710.5700073242188,0,-0.6388785473107506
20150414,697.8499755859375,697.8499755859375,704.8200073242188,695.0800170898438,704.219970703125,0,-0.9467500937376361
20150415,709.3200073242188,709.3200073242188,711.3300170898438,702.1400146484375,702.22998046875,0,1.6436242945556678
20150416,706.0800170898438,706.0800170898438,707.27001953125,702.780029296875,703.719970703125,0,-0.4567741218236998
20150417,696.0900268554688,696.0900268554688,700.22998046875,692.719970703125,699.5700073242188,0,-1.4148524236034077
20150420,702.2899780273438,702.2899780273438,704.8099975585938,699.1799926757812,699.1900024414062,0,0.8906823733537461
20150421,707.1199951171875,707.1199951171875,711.6900024414062,704.239990234375,710.5599975585938,0,0.687752529718666
20150422,716.8200073242188,716.8200073242188,717.1500244140625,705.9299926757812,712.2000122070312,0,1.371763247258162
20150423,705.4600219726562,705.4600219726562,708.510009765625,700.6199951171875,702.1300048828125,0,-1.5847751507338081
20150424,693.72998046875,693.72998046875,704.239990234375,689.5700073242188,704.239990234375,0,-1.6627507071351633
20150427,696.1099853515625,696.1099853515625,703.1599731445312,693.780029296875,694.780029296875,0,0.3430736669625123
20150428,696.239990234375,696.239990234375,697.5499877929688,686.530029296875,696.3099975585938,0,0.018675911213494878
20150429,692.1900024414062,692.1900024414062,694.5900268554688,685.1099853515625,690.5700073242188,0,-0.5816942217877208
20150430,686.2899780273438,686.2899780273438,693.6799926757812,682.1400146484375,690.510009765625,0,-0.8523706487023275
20150501,705.5,705.5,707.0800170898438,691.9199829101562,692.0700073242188,0,2.799111539975141
20150504,704.030029296875,704.030029296875,708.5999755859375,701.9400024414062,706.489990234375,0,-0.20835871057760524
20150505,688.4000244140625,688.4000244140625,699.9400024414062,687.739990234375,699.260009765625,0,-2.2200764502080084
20150506,687.4500122070312,687.4500122070312,693.7100219726562,682.6900024414062,690.9000244140625,0,-0.1380029304676289
20150507,695.2000122070312,695.2000122070312,696.27001953125,690.22998046875,690.3099975585938,0,1.1273546966882542
20150508,702.1300048828125,702.1300048828125,704.8900146484375,698.52001953125,698.989990234375,0,0.9968343719932937
20150511,702.3099975585938,702.3099975585938,704.8699951171875,699.3900146484375,700.989990234375,0,0.025635234860987843
20150512,696.1799926757812,696.1799926757812,700.1699829101562,692.760009765625,699.2000122070312,0,-0.8728346320174718
20150513,700.1300048828125,700.1300048828125,705.0999755859375,698.1500244140625,698.4000244140625,0,0.5673837583078711
20150514,708.3200073242188,708.3200073242188,711.0700073242188,702.1400146484375,705.2000122070312,0,1.1697830951806099
20150515,709.52001953125,709.52001953125,712.47998046875,706.25,710.0399780273438,0,0.16941667531946702
20150518,716.5399780273438,716.5399780273438,716.9400024414062,708.6300048828125,710.8499755859375,0,0.9893954085652856
20150519,713.3900146484375,713.3900146484375,721.22998046875,711.02001953125,718.1799926757812,0,-0.4396074853462051
20150520,714.47998046875,714.47998046875,720.219970703125,712.010009765625,714.22998046875,0,0.15278680636561237
20150521,718.4400024414062,718.4400024414062,719.739990234375,710.9199829101562,714.260009765625,0,0.5542523346921735
20150522,720.2000122070312,720.2000122070312,722.8099975585938,718.2000122070312,718.2000122070312,0,0.244976582546097
20150526,714.75,714.75,719.5399780273438,711.3900146484375,718.6300048828125,0,-0.7567359226126391
20150527,742.3499755859375,742.3499755859375,744.77001953125,716.3400268554688,716.9600219726562,0,3.8614866157310246
20150528,743.27001953125,743.27001953125,746.9500122070312,738.3300170898438,743.8699951171875,0,0.12393668425547677
20150529,745.4099731445312,745.4099731445312,749.22998046875,742.5499877929688,746.0499877929688,0,0.2879106592555525
20150601,746.0800170898438,746.0800170898438,751.2100219726562,742.030029296875,748.8400268554688,0,0.08988931855660187
20150602,737.280029296875,737.280029296875,743.4099731445312,736.8599853515625,743.4099731445312,0,-1.1794965139656166
20150603,732.7000122070312,732.7000122070312,742.02001953125,732.260009765625,741.6599731445312,0,-0.6212045502184016
20150604,725.8099975585938,725.8099975585938,732.1199951171875,724.0599975585938,729.3300170898438,0,-0.9403595651218066
20150605,726.2899780273438,726.2899780273438,728.1199951171875,719.510009765625,724.8900146484375,0,0.06613031927977797
20150608,712.3699951171875,712.3699951171875,726.1300048828125,710.7000122070312,725.9600219726562,0,-1.9165874969063967
20150609,711.5999755859375,711.5999755859375,713.8400268554688,704.8300170898438,712.1400146484375,0,-0.10809263957325399
20150610,720.9400024414062,720.9400024414062,723.2999877929688,714.8800048828125,715.3599853515625,0,1.3125389510838747
20150611,720.530029296875,720.530029296875,724.3400268554688,719.8800048828125,722.030029296875,0,-0.05686647198697159
20150612,714.1300048828125,714.1300048828125,718.1300048828125,713.1099853515625,716.1699829101562,0,-0.8882384014317846
20150615,712.6300048828125,712.6300048828125,713.1699829101562,703.1300048828125,706.75,0,-0.21004578854604272
20150616,715.0700073242188,715.0700073242188,716.4199829101562,709.5700073242188,710.97998046875,0,0.3423940087686095
20150617,715.1900024414062,715.1900024414062,717.97998046875,712.0599975585938,716.0800170898438,0,0.01678089081607048
20150618,725.5999755859375,725.5999755859375,728.5700073242188,717.5700073242188,717.6400146484375,0,1.455553504522622
20150619,723.3699951171875,723.3699951171875,728.239990234375,719.22998046875,727.5399780273438,0,-0.30732918188830505
20150622,728.219970703125,728.219970703125,729.5900268554688,724.1300048828125,728.0800170898438,0,0.6704695548163775
20150623,723.8800048828125,723.8800048828125,730.5700073242188,721.760009765625,730.0900268554688,0,-0.595969074580871
20150624,716.489990234375,716.489990234375,724.75,716.4099731445312,722.7999877929688,0,-1.0208894566211768
20150625,715.8300170898438,715.8300170898438,720.780029296875,714.0900268554688,718.9500122070312,0,-0.09211198391136932
20150626,698.3599853515625,698.3599853515625,708.8200073242188,695.3699951171875,708.1400146484375,0,-2.44052796351073
20150629,678.0700073242188,678.0700073242188,692.989990234375,677.5,684.97998046875,0,-2.905375229528584
20150630,680.5399780273438,680.5399780273438,685.719970703125,677.260009765625,683.5900268554688,0,0.36426485118725704
20150701,682.1300048828125,682.1300048828125,690.8699951171875,680.5399780273438,687.6199951171875,0,0.23364194710173702
20150702,685.510009765625,685.510009765625,687.239990234375,682.1699829101562,683.5800170898438,0,0.49550743386419516
20150706,675.1099853515625,675.1099853515625,685.280029296875,672.4299926757812,678.1799926757812,0,-1.5171221814278435
20150707,672.9099731445312,672.9099731445312,674.6500244140625,652.8800048828125,673.489990234375,0,-0.325874635950707
20150708,655.25,655.25,663.4400024414062,653.4400024414062,662.8400268554688,0,-2.6244183990921655
20150709,646.6400146484375,646.6400146484375,667.8099975585938,646.530029296875,665.7999877929688,0,-1.314000053653186
20150710,658.8800048828125,658.8800048828125,661.1300048828125,653.6599731445312,654.25,0,1.8928600082117608
20150713,663.969970703125,663.969970703125,665.4400024414062,659.1400146484375,664.969970703125,0,0.772517876182599
20150714,671.1599731445312,671.1599731445312,672.6699829101562,666.719970703125,667.9299926757812,0,1.0828806660928114
20150715,667.02001953125,667.02001953125,672.1599731445312,664.0399780273438,670.4600219726562,0,-0.6168355949304649
20150716,668.6099853515625,668.6099853515625,670.5800170898438,662.2999877929688,670.5599975585938,0,0.23836853074212794
20150717,667.0499877929688,667.0499877929688,667.6699829101562,661.6900024414062,666.9000244140625,0,-0.23331951253666716
20150720,662.5,662.5,670.75,662.1400146484375,669.6900024414062,0,-0.6821059705020116
20150721,662.8599853515625,662.8599853515625,668.4400024414062,661.3400268554688,662.6900024414062,0,0.05433741155660421
20150722,646.1300048828125,646.1300048828125,647.780029296875,638.9500122070312,642.239990234375,0,-2.5239086441274483
20150723,655.510009765625,655.510009765625,663.6699829101562,650.719970703125,650.9500122070312,0,1.4517209867871195
20150724,642.47998046875,642.47998046875,658.9299926757812,641.780029296875,658.6599731445312,0,-1.9877696911956844
20150727,637.8800048828125,637.8800048828125,642.2999877929688,630.9000244140625,637.8599853515625,0,-0.7159718163640472
20150728,650.9000244140625,650.9000244140625,655.1099853515625,636.0,640.780029296875,0,2.0411393101500197
20150729,651.75,651.75,652.9099731445312,644.6099853515625,648.9500122070312,0,0.13058466032516147
20150730,654.1500244140625,654.1500244140625,656.239990234375,646.3599853515625,648.8400268554688,0,0.36824310150556094
20150731,646.2899780273438,646.2899780273438,654.6599731445312,645.3599853515625,654.6599731445312,0,-1.201566321694958
20150803,644.3499755859375,644.3499755859375,647.0599975585938,640.9500122070312,645.8499755859375,0,-0.300175232072708
20150804,637.1799926757812,637.1799926757812,643.4199829101562,633.0499877929688,641.72998046875,0,-1.1127466721227441
20150805,644.6199951171875,644.6199951171875,649.219970703125,639.719970703125,639.9500122070312,0,1.1676453320768276
20150806,633.1300048828125,633.1300048828125,644.8200073242188,628.2899780273438,644.719970703125,0,-1.7824439703093886
20150807,636.8200073242188,636.8200073242188,637.5399780273438,630.219970703125,631.6400146484375,0,0.5828190755371443
20150810,652.6500244140625,652.6500244140625,653.6900024414062,641.8599853515625,642.1900024414062,0,2.485791417948402
20150811,637.8499755859375,637.8499755859375,646.010009765625,635.1699829101562,644.7100219726562,0,-2.267685325134583
20150812,641.52001953125,641.52001953125,644.4500122070312,625.22998046875,628.3699951171875,0,0.5753772965094495
20150813,634.8699951171875,634.8699951171875,643.5999755859375,634.75,641.2899780273438,0,-1.036604347736736
20150814,631.0399780273438,631.0399780273438,634.5599975585938,627.1699829101562,633.27001953125,0,-0.6032758075354971
20150817,637.25,637.25,637.3800048828125,625.2999877929688,627.0800170898438,0,0.9840932728333751
20150818,624.010009765625,624.010009765625,635.2100219726562,622.9400024414062,634.8699951171875,0,-2.077675988132599
20150819,618.3200073242188,618.3200073242188,625.5700073242188,614.0800170898438,623.760009765625,0,-0.9118447384431239
20150820,594.780029296875,594.780029296875,612.0,594.77001953125,610.5999755859375,0,-3.807086581139929
20150821,578.5900268554688,578.5900268554688,596.3200073242188,578.5800170898438,587.7999877929688,0,-2.7220151390330627
20150824,566.5800170898438,566.5800170898438,590.9500122070312,543.030029296875,545.5399780273438,0,-2.0757374320634625
20150825,559.5900268554688,559.5900268554688,588.0999755859375,559.5900268554688,583.7000122070312,0,-1.2337163372400761
20150826,587.8200073242188,587.8200073242188,588.5,566.2999877929688,575.1300048828125,0,5.0447611847880935
20150827,609.760009765625,609.760009765625,610.510009765625,596.9500122070312,596.97998046875,0,3.732435468006279
20150828,613.9099731445312,613.9099731445312,614.530029296875,607.02001953125,607.219970703125,0,0.6805896274669321
20150831,611.0399780273438,611.0399780273438,617.510009765625,605.27001953125,609.27001953125,0,-0.46749446054557
20150901,590.1199951171875,590.1199951171875,605.1900024414062,586.5599975585938,595.5399780273438,0,-3.423668444361605
20150902,603.780029296875,603.780029296875,603.8300170898438,593.1900024414062,600.3900146484375,0,2.314789245020399
20150903,608.5800170898438,608.5800170898438,616.469970703125,606.8099975585938,607.3499755859375,0,0.7949894928718448
20150904,597.6199951171875,597.6199951171875,605.489990234375,595.52001953125,598.7100219726562,0,-1.8009171620628872
20150908,624.0599975585938,624.0599975585938,624.5499877929688,612.5700073242188,612.8599853515625,0,4.424216501695466
20150909,612.8300170898438,612.8300170898438,633.760009765625,611.4099731445312,629.8800048828125,0,-1.799503335045216
20150910,615.3400268554688,615.3400268554688,621.1599731445312,606.6699829101562,612.6799926757812,0,0.4095768313608916
20150911,615.8099975585938,615.8099975585938,616.2899780273438,607.4400024414062,608.989990234375,0,0.07637577316832456
20150914,617.6699829101562,617.6699829101562,620.719970703125,615.02001953125,619.2899780273438,0,0.30203883648145524
20150915,625.1400146484375,625.1400146484375,626.9199829101562,619.7999877929688,621.25,0,1.2093888233140504
20150916,626.5700073242188,626.5700073242188,627.0399780273438,619.8099975585938,623.6400146484375,0,0.22874758330506673
20150917,621.0499877929688,621.0499877929688,631.3699951171875,620.010009765625,625.3699951171875,0,-0.8809900676260196
20150918,610.75,610.75,618.3699951171875,608.219970703125,612.1599731445312,0,-1.6584796707865501
20150921,608.72998046875,608.72998046875,616.510009765625,605.8200073242188,614.02001953125,0,-0.330744090257884
20150922,595.0599975585938,595.0599975585938,600.1799926757812,592.9000244140625,598.8400268554688,0,-2.245656259550377
20150923,590.739990234375,590.739990234375,598.6900024414062,590.1099853515625,596.4000244140625,0,-0.725978446197495
20150924,589.7100219726562,589.7100219726562,593.4199829101562,574.3800048828125,586.1500244140625,0,-0.1743522156524624
20150925,592.8800048828125,592.8800048828125,601.9400024414062,587.3599853515625,597.97998046875,0,0.537549438205609
20150928,576.4199829101562,576.4199829101562,592.4000244140625,576.4000244140625,590.010009765625,0,-2.7762821881486266
20150929,580.47998046875,580.47998046875,585.8699951171875,573.6400146484375,577.1799926757812,0,0.7043471217108355
20150930,602.72998046875,602.72998046875,603.3499755859375,588.3300170898438,588.47998046875,0,3.8330348588477836
20151001,595.6199951171875,595.6199951171875,602.4500122070312,585.4400024414062,602.3099975585938,0,-1.1796302792227098
20151002,608.4600219726562,608.4600219726562,608.469970703125,587.489990234375,590.1699829101562,0,2.15574140571666
20151005,619.8499755859375,619.8499755859375,622.9299926757812,612.3499755859375,613.780029296875,0,1.8719313022989459
20151006,621.9500122070312,621.9500122070312,623.719970703125,610.739990234375,619.0,0,0.33879756454109344
20151007,631.3200073242188,631.3200073242188,633.9500122070312,619.7999877929688,627.27001953125,0,1.5065511589809955
20151008,634.8099975585938,634.8099975585938,635.239990234375,624.4000244140625,629.3900146484375,0,0.5528084321558158
20151009,629.510009765625,629.510009765625,636.25,626.6799926757812,633.5900268554688,0,-0.8348935608058938
20151012,630.5399780273438,630.5399780273438,631.8300170898438,627.0900268554688,630.530029296875,0,0.16361427868354372
20151013,622.280029296875,622.280029296875,629.3400268554688,622.0800170898438,625.0700073242188,0,-1.3099801786256582
20151014,645.7000122070312,645.7000122070312,650.8400268554688,624.3300170898438,625.6699829101562,0,3.763576172711014
20151015,651.8900146484375,651.8900146484375,656.25,645.9099731445312,650.510009765625,0,0.9586498876232863
20151016,652.6300048828125,652.6300048828125,653.7899780273438,647.469970703125,651.3200073242188,0,0.11351458340316256
20151019,652.8800048828125,652.8800048828125,657.0999755859375,647.8499755859375,651.1799926757812,0,0.038306544003430254
20151020,651.8699951171875,651.8699951171875,654.3499755859375,648.4400024414062,652.4000244140625,0,-0.15470067364159457
20151021,653.239990234375,653.239990234375,665.4099731445312,652.9000244140625,661.1400146484375,0,0.2101638558990926
20151022,675.9500122070312,675.9500122070312,676.7100219726562,664.6199951171875,664.9000244140625,0,3.4765204690711204
20151023,683.7100219726562,683.7100219726562,685.780029296875,674.8200073242188,678.5800170898438,0,1.1480153303478735
20151026,670.1900024414062,670.1900024414062,680.3200073242188,668.4000244140625,679.760009765625,0,-1.9774493713346053
20151027,665.7100219726562,665.7100219726562,670.6099853515625,664.1300048828125,665.760009765625,0,-0.6684642343857794
20151028,677.2100219726562,677.2100219726562,677.3499755859375,667.4400024414062,670.1099853515625,0,1.7274788752500436
20151029,656.9400024414062,656.9400024414062,664.219970703125,655.3300170898438,662.1699829101562,0,-2.993165912135376
20151030,662.52001953125,662.52001953125,664.8400268554688,658.8900146484375,658.8900146484375,0,0.8493952368719526
20151102,668.530029296875,668.530029296875,669.3699951171875,662.7899780273438,662.8800048828125,0,0.9071438731583115
20151103,671.6900024414062,671.6900024414062,674.4299926757812,666.3599853515625,666.5800170898438,0,0.4726748247726009
20151104,673.47998046875,673.47998046875,674.3099975585938,668.52001953125,672.489990234375,0,0.2664887106905933
20151105,659.3599853515625,659.3599853515625,671.0399780273438,658.22998046875,670.8300170898438,0,-2.096572359487181
20151106,676.469970703125,676.469970703125,676.8300170898438,664.8300170898438,665.1699829101562,0,2.5949383844455776
20151109,669.9400024414062,669.9400024414062,673.2100219726562,666.5800170898438,673.2000122070312,0,-0.9653005372775803
20151110,657.9600219726562,657.9600219726562,661.6400146484375,655.7000122070312,661.5599975585938,0,-1.7882169186930752
20151111,658.280029296875,658.280029296875,665.010009765625,657.6799926757812,659.719970703125,0,0.04863628693720923
20151112,649.77001953125,649.77001953125,658.6300048828125,649.7000122070312,654.280029296875,0,-1.2927643839833247
20151113,643.7100219726562,643.7100219726562,651.5900268554688,641.3900146484375,649.1599731445312,0,-0.9326372988038845
20151116,652.030029296875,652.030029296875,652.1099853515625,643.280029296875,643.3900146484375,0,1.2925085893057853
20151117,655.8200073242188,655.8200073242188,660.5900268554688,651.5999755859375,652.6799926757812,0,0.5812582023914992
20151118,662.1400146484375,662.1400146484375,662.5700073242188,651.6500244140625,655.1199951171875,0,0.9636801643189807
20151119,663.6300048828125,663.6300048828125,669.3699951171875,659.6599731445312,662.9299926757812,0,0.22502645987436676
20151120,665.760009765625,665.760009765625,669.280029296875,663.719970703125,666.489990234375,0,0.32096271523898157
20151123,657.1799926757812,657.1799926757812,664.6699829101562,656.6099853515625,664.3900146484375,0,-1.2887552517406808
20151124,665.6099853515625,665.6099853515625,666.7999877929688,655.7999877929688,655.969970703125,0,1.2827524832972559
20151125,666.0900268554688,666.0900268554688,669.5700073242188,663.2100219726562,665.1099853515625,0,0.07212053822369668
20151127,670.510009765625,670.510009765625,671.27001953125,666.3900146484375,666.739990234375,0,0.6635713990528425
20151130,677.1400146484375,677.1400146484375,677.8800048828125,669.510009765625,670.8300170898438,0,0.9888002842985077
20151201,686.52001953125,686.52001953125,686.6199951171875,679.469970703125,679.469970703125,0,1.3852386035231534
20151202,682.6900024414062,682.6900024414062,690.5599975585938,681.8599853515625,688.1300048828125,0,-0.5578886239120728
20151203,678.719970703125,678.719970703125,693.1300048828125,675.719970703125,692.1599731445312,0,-0.5815277393961815
20151204,691.489990234375,691.489990234375,692.5999755859375,676.989990234375,678.8200073242188,0,1.8814857500097926
20151207,684.8599853515625,684.8599853515625,689.7999877929688,683.77001953125,689.0800170898438,0,-0.9587998346245463
20151208,679.030029296875,679.030029296875,681.27001953125,672.9400024414062,674.9400024414062,0,-0.8512624739923758
20151209,670.2899780273438,670.2899780273438,680.1799926757812,667.239990234375,678.5999755859375,0,-1.2871376658527778
20151210,674.22998046875,674.22998046875,679.1199951171875,669.5700073242188,670.27001953125,0,0.5878056618124683
20151211,660.780029296875,660.780029296875,669.4400024414062,660.1199951171875,666.3599853515625,0,-1.9948610357735985
20151214,656.489990234375,656.489990234375,663.1099853515625,650.0999755859375,662.5,0,-0.6492386077504464
20151215,666.469970703125,666.469970703125,669.3699951171875,659.4099731445312,660.3599853515625,0,1.520202991242403
20151216,671.7000122070312,671.7000122070312,672.8699951171875,660.9099731445312,670.75,0,0.784737757710019
20151217,661.7100219726562,661.7100219726562,677.7000122070312,661.489990234375,676.3800048828125,0,-1.4872696222753556
20151218,653.719970703125,653.719970703125,660.4400024414062,653.1500244140625,658.8200073242188,0,-1.2074853038664402
20151221,666.1300048828125,666.1300048828125,666.3099975585938,657.52001953125,659.760009765625,0,1.8983715865892092
20151222,667.1099853515625,667.1099853515625,669.52001953125,661.739990234375,668.5900268554688,0,0.1471154972102484
20151223,671.780029296875,671.780029296875,672.4400024414062,666.52001953125,668.0599975585938,0,0.700041079860525
20151224,674.3900146484375,674.3900146484375,676.7000122070312,671.2100219726562,671.2100219726562,0,0.3885178537227807
20151228,671.75,671.75,671.8499755859375,664.7999877929688,671.8499755859375,0,-0.3914670429712275
20151229,679.780029296875,679.780029296875,682.3599853515625,673.75,674.8499755859375,0,1.1953895492184508
20151230,673.0800170898438,673.0800170898438,680.6199951171875,672.75,679.27001953125,0,-0.9856147456937414
20151231,663.47998046875,663.47998046875,671.0499877929688,663.4400024414062,671.0399780273438,0,-1.426284598761507
20160104,656.280029296875,656.280029296875,656.4099731445312,646.8800048828125,650.4400024414062,0,-1.085179867339514
20160105,649.469970703125,649.469970703125,658.75,648.7999877929688,657.3599853515625,0,-1.037675731356047
20160106,631.2000122070312,631.2000122070312,639.3599853515625,626.280029296875,638.280029296875,0,-2.8130566954950087
20160107,610.25,610.25,624.5800170898438,608.8800048828125,616.8300170898438,0,-3.319076647951602
20160108,600.47998046875,600.47998046875,616.5800170898438,599.8699951171875,612.6099853515625,0,-1.6009864041376498
20160111,603.5499877929688,603.5499877929688,608.8499755859375,595.1300048828125,606.25,0,0.5112588968948284
20160112,608.5599975585938,608.5599975585938,613.989990234375,599.9000244140625,610.3200073242188,0,0.8300902770200347
20160113,589.47998046875,589.47998046875,613.1699829101562,588.75,608.260009765625,0,-3.1352729667392665
20160114,601.5700073242188,601.5700073242188,604.5499877929688,583.6599731445312,592.1699829101562,0,2.050964792028198
20160115,574.2899780273438,574.2899780273438,581.6099853515625,566.2999877929688,575.030029296875,0,-4.534805419940479
20160119,575.1799926757812,575.1799926757812,587.52001953125,570.1799926757812,585.9199829101562,0,0.15497652448936972
20160120,578.9400024414062,578.9400024414062,584.760009765625,562.75,571.6400146484375,0,0.6537101104878706
20160121,587.5599975585938,587.5599975585938,594.780029296875,578.5800170898438,585.219970703125,0,1.4889271912178703
20160122,598.4199829101562,598.4199829101562,602.22998046875,594.5599975585938,599.969970703125,0,1.8483193880943993
20160125,589.8099975585938,589.8099975585938,598.219970703125,588.5999755859375,597.25,0,-1.4387864037714082
20160126,595.8599853515625,595.8599853515625,600.27001953125,589.4500122070312,591.8699951171875,0,1.0257519909820934
20160127,588.6799926757812,588.6799926757812,599.9299926757812,585.760009765625,593.7000122070312,0,-1.2049798362521291
20160128,586.8499755859375,586.8499755859375,593.9600219726562,582.3300170898438,591.1699829101562,0,-0.31086789301698614
20160129,613.6799926757812,613.6799926757812,613.7100219726562,594.0700073242188,594.1300048828125,0,4.571869848517163
20160201,616.5999755859375,616.5999755859375,619.4600219726562,607.7000122070312,608.760009765625,0,0.4758152367693169
20160202,595.7000122070312,595.7000122070312,609.239990234375,594.1300048828125,608.5599975585938,0,-3.3895498226456433
20160203,597.1099853515625,597.1099853515625,602.3599853515625,585.1599731445312,600.760009765625,0,0.23669181058221245
20160204,607.719970703125,607.719970703125,610.9299926757812,596.3599853515625,599.3300170898438,0,1.7768896203126827
20160205,586.25,586.25,605.02001953125,584.219970703125,603.9400024414062,0,-3.532872332348147
20160208,571.4500122070312,571.4500122070312,576.7000122070312,562.6099853515625,576.7000122070312,0,-2.524518173640722
20160209,567.989990234375,567.989990234375,578.6599731445312,563.1799926757812,564.1400146484375,0,-0.6054811267381166
20160210,563.6500244140625,563.6500244140625,577.97998046875,563.3300170898438,572.8200073242188,0,-0.7640919549518177
20160211,559.1799926757812,559.1799926757812,562.5499877929688,552.260009765625,554.97998046875,0,-0.7930509260472451
20160212,571.9000244140625,571.9000244140625,572.3099975585938,557.52001953125,564.5599975585938,0,2.2747651748793007
20160216,591.9299926757812,591.9299926757812,594.6699829101562,578.780029296875,578.780029296875,0,3.5023548534099724
20160217,606.0499877929688,606.0499877929688,606.969970703125,594.969970703125,595.4299926757812,0,2.3854163992196087
20160218,602.52001953125,602.52001953125,611.2000122070312,602.1300048828125,611.1400146484375,0,-0.5824549678771107
20160219,605.4600219726562,605.4600219726562,609.030029296875,601.0599975585938,602.8900146484375,0,0.4879509968305218
20160222,615.0,615.0,618.1199951171875,611.8900146484375,612.530029296875,0,1.5756577942605432
20160223,604.8699951171875,604.8699951171875,613.3499755859375,604.0800170898438,611.510009765625,0,-1.6471552654979682
20160224,613.3400268554688,613.3400268554688,614.3800048828125,594.1099853515625,597.1699829101562,0,1.4003061495289293
20160225,621.0700073242188,621.0700073242188,621.1199951171875,608.1900024414062,614.739990234375,0,1.2603091483170958
20160226,624.6500244140625,624.6500244140625,626.9199829101562,621.5499877929688,624.97998046875,0,0.5764273024980948
20160229,622.1099853515625,622.1099853515625,632.989990234375,622.0700073242188,624.8599853515625,0,-0.4066339491273774
20160301,639.9000244140625,639.9000244140625,639.9299926757812,626.469970703125,627.5800170898438,0,2.859629242640538
20160302,643.3099975585938,643.3099975585938,643.3499755859375,637.1799926757812,638.0,0,0.5328915478091556
20160303,643.8900146484375,643.8900146484375,645.2899780273438,639.0900268554688,643.52001953125,0,0.09016136731045954
20160304,650.6199951171875,650.6199951171875,655.6599731445312,643.4600219726562,648.6599731445312,0,1.0452065283889533
20160307,652.6799926757812,652.6799926757812,655.72998046875,644.02001953125,647.0700073242188,0,0.31662069626721134
20160308,638.010009765625,638.010009765625,647.3900146484375,637.489990234375,646.47998046875,0,-2.2476532258961957
20160309,643.27001953125,643.27001953125,645.0,638.3300170898438,641.6099853515625,0,0.8244400064439938
20160310,646.5800170898438,646.5800170898438,652.4099731445312,637.4500122070312,647.02001953125,0,0.5145580328779653
20160311,659.1400146484375,659.1400146484375,659.2000122070312,652.8300170898438,653.469970703125,0,1.9425279511612992
20160314,656.3499755859375,656.3499755859375,659.260009765625,654.280029296875,655.9400024414062,0,-0.4232847347294011
20160315,655.4099731445312,655.4099731445312,655.4099731445312,649.8900146484375,654.97998046875,0,-0.14321664910051934
20160316,661.1900024414062,661.1900024414062,661.9099731445312,652.219970703125,652.47998046875,0,0.8818952310328143
20160317,665.9500122070312,665.9500122070312,667.3499755859375,658.1699829101562,659.3599853515625,0,0.7199155686034242
20160318,675.030029296875,675.030029296875,675.3400268554688,666.5399780273438,666.760009765625,0,1.3634682668976383
20160321,675.9600219726562,675.9600219726562,676.280029296875,669.5999755859375,672.780029296875,0,0.13777056359254303
20160322,675.2999877929688,675.2999877929688,677.5599975585938,670.7000122070312,672.260009765625,0,-0.0976439668371687
20160323,666.4600219726562,666.4600219726562,674.9199829101562,666.280029296875,674.8699951171875,0,-1.3090427928487691
20160324,666.1400146484375,666.1400146484375,666.1599731445312,658.5800170898438,661.7000122070312,0,-0.048015982004678825
20160328,665.2100219726562,665.2100219726562,667.5700073242188,662.6699829101562,667.25,0,-0.1396091895593532
20160329,674.1400146484375,674.1400146484375,675.22998046875,659.8400268554688,662.1799926757812,0,1.3424320711975524
20160330,680.7899780273438,680.7899780273438,684.7100219726562,677.8900146484375,678.0399780273438,0,0.9864365316416102
20160331,676.8900146484375,676.8900146484375,679.969970703125,676.6099853515625,679.1099853515625,0,-0.5728585180126755
20160401,681.5900268554688,681.5900268554688,681.7899780273438,669.5499877929688,672.0800170898438,0,0.6943538987604025
20160404,675.3900146484375,675.3900146484375,681.6900024414062,674.1099853515625,681.4099731445312,0,-0.9096395138930014
20160405,671.3300170898438,671.3300170898438,675.9500122070312,670.469970703125,671.8300170898438,0,-0.6011337850037823
20160406,678.2100219726562,678.2100219726562,678.5599975585938,665.3499755859375,669.8599853515625,0,1.0248320062667071
20160407,667.4600219726562,667.4600219726562,674.760009765625,665.27001953125,674.7000122070312,0,-1.5850547251915148
20160408,671.3099975585938,671.3099975585938,677.1799926757812,668.6900024414062,674.6400146484375,0,0.5768099150806005
20160411,670.5999755859375,670.5999755859375,680.5499877929688,670.530029296875,674.5900268554688,0,-0.10576663169600264
20160412,669.739990234375,669.739990234375,672.260009765625,661.260009765625,672.0999755859375,0,-0.12824118444250132
20160413,685.1500244140625,685.1500244140625,685.4099731445312,673.22998046875,673.4600219726562,0,2.300898020781883
20160414,679.280029296875,679.280029296875,680.52001953125,672.8200073242188,678.5700073242188,0,-0.8567459546115486
20160415,673.489990234375,673.489990234375,679.239990234375,673.3400268554688,676.9500122070312,0,-0.8523788147420275
20160418,673.9600219726562,673.9600219726562,675.6199951171875,669.469970703125,671.0399780273438,0,0.06979045644281978
20160419,665.6099853515625,665.6099853515625,675.719970703125,662.8599853515625,675.5,0,-1.2389513248357797
20160420,672.1500244140625,672.1500244140625,674.8900146484375,663.510009765625,665.1199951171875,0,0.982563243705803
20160421,667.6799926757812,667.6799926757812,671.9099731445312,664.9099731445312,671.4000244140625,0,-0.6650348249526483
20160422,669.030029296875,669.030029296875,675.0900268554688,663.8400268554688,667.72998046875,0,0.2021981541911133
20160425,665.3200073242188,665.3200073242188,670.9000244140625,663.5399780273438,667.6599731445312,0,-0.5545374363173705
20160426,674.4199829101562,674.4199829101562,680.1500244140625,670.739990234375,670.8599853515625,0,1.3677591964407876
20160427,681.260009765625,681.260009765625,682.1799926757812,667.030029296875,669.97998046875,0,1.0142088059066134
20160428,662.6900024414062,662.6900024414062,680.8800048828125,661.27001953125,674.75,0,-2.7258325834518593
20160429,645.3400268554688,645.3400268554688,658.4400024414062,640.510009765625,658.4099731445312,0,-2.618113374582187
20160502,650.27001953125,650.27001953125,651.1300048828125,642.239990234375,647.0599975585938,0,0.7639372223358754
20160503,642.6199951171875,642.6199951171875,646.969970703125,639.8300170898438,645.3599853515625,0,-1.176438123285628
20160504,634.9000244140625,634.9000244140625,642.1500244140625,632.8800048828125,638.2999877929688,0,-1.2013274970874788
20160505,636.8099975585938,636.8099975585938,642.780029296875,634.72998046875,639.8200073242188,0,0.30083053568850104
20160506,637.5,637.5,637.5800170898438,628.780029296875,633.6099853515625,0,0.10835295363633701
20160509,636.5399780273438,636.5399780273438,641.9299926757812,635.1400146484375,638.780029296875,0,-0.15059168198529038
20160510,644.2999877929688,644.2999877929688,644.4099731445312,634.9099731445312,637.9000244140625,0,1.2190922854010688
20160511,642.2899780273438,642.2899780273438,648.0800170898438,641.6799926757812,642.280029296875,0,-0.3119679968503819
20160512,630.77001953125,630.77001953125,644.8900146484375,625.7999877929688,644.3800048828125,0,-1.7935759376901395
20160513,633.260009765625,633.260009765625,638.8099975585938,631.5499877929688,633.6599731445312,0,0.39475405572151345
20160516,643.3300170898438,643.3300170898438,647.5399780273438,634.510009765625,634.760009765625,0,1.5901852586500453
20160517,638.8900146484375,638.8900146484375,645.739990234375,636.9299926757812,642.7899780273438,0,-0.6901593775292758
20160518,649.3499755859375,649.3499755859375,654.3499755859375,637.0800170898438,637.1599731445312,0,1.6372083923170688
20160519,644.739990234375,644.739990234375,650.9299926757812,639.489990234375,645.5599975585938,0,-0.7099384807711329
20160520,665.0800170898438,665.0800170898438,665.4199829101562,653.5399780273438,653.5399780273438,0,3.1547642714196744
20160523,669.4600219726562,669.4600219726562,675.4299926757812,668.27001953125,668.4400024414062,0,0.6585681076358041
20160524,685.6400146484375,685.6400146484375,686.3099975585938,673.280029296875,673.3400268554688,0,2.4168721274953286
20160525,689.469970703125,689.469970703125,691.030029296875,684.239990234375,689.2000122070312,0,0.5585957605831027
20160526,691.5800170898438,691.5800170898438,693.1199951171875,688.5999755859375,690.469970703125,0,0.306038910522366
20160527,695.7100219726562,695.7100219726562,696.7100219726562,691.3400268554688,691.5599975585938,0,0.5971839527971756
20160531,699.3599853515625,699.3599853515625,700.0399780273438,694.8099975585938,697.5499877929688,0,0.5246386085623556
20160601,703.2899780273438,703.2899780273438,704.0499877929688,696.0900268554688,696.6400146484375,0,0.5619413117846195
20160602,703.4299926757812,703.4299926757812,703.4299926757812,699.0900268554688,701.010009765625,0,0.019908523199818617
20160603,705.5999755859375,705.5999755859375,709.5900268554688,701.3099975585938,709.2000122070312,0,0.3084859805169593
20160606,703.7000122070312,703.7000122070312,709.4500122070312,702.5800170898438,706.6300048828125,0,-0.2692691956697524
20160607,710.5499877929688,710.5499877929688,711.8900146484375,706.77001953125,707.2000122070312,0,0.9734226896563225
20160608,710.1900024414062,710.1900024414062,711.989990234375,708.02001953125,710.9000244140625,0,-0.05066291714121984
20160609,710.9199829101562,710.9199829101562,711.3699951171875,702.8099975585938,703.9099731445312,0,0.10278664388974068
20160610,699.0399780273438,699.0399780273438,703.5999755859375,696.719970703125,703.4500122070312,0,-1.6710748281658416
20160613,695.4199829101562,695.4199829101562,703.489990234375,694.219970703125,695.9299926757812,0,-0.517852373394001
20160614,695.469970703125,695.469970703125,697.1500244140625,688.9500122070312,693.47998046875,0,0.007188144459058243
20160615,694.8599853515625,694.8599853515625,699.1900024414062,694.0399780273438,698.25,0,-0.08770836660938475
20160616,694.780029296875,694.780029296875,695.5,683.1099853515625,688.969970703125,0,-0.011506786456705331
20160617,689.0900268554688,689.0900268554688,693.27001953125,684.3099975585938,693.1400146484375,0,-0.8189645933209366
20160620,697.0800170898438,697.0800170898438,705.530029296875,696.4099731445312,700.4400024414062,0,1.1594987480570307
20160621,699.4000244140625,699.4000244140625,701.260009765625,696.5900268554688,699.1300048828125,0,0.33281793586685815
20160622,698.25,698.25,705.989990234375,697.6400146484375,699.8599853515625,0,-0.16443013639096948
20160623,716.6699829101562,716.6699829101562,716.6699829101562,706.1099853515625,707.5499877929688,0,2.6380211829797773
20160624,675.4000244140625,675.4000244140625,696.3300170898438,674.3800048828125,685.25,0,-5.758572213183855
20160627,648.3200073242188,648.3200073242188,664.8800048828125,644.4199829101562,664.8200073242188,0,-4.009478251549781
20160628,665.75,665.75,666.7999877929688,656.9600219726562,658.2899780273438,0,2.6884860067359684
20160629,679.3699951171875,679.3699951171875,681.1900024414062,671.1599731445312,674.22998046875,0,2.045812259434854
20160630,691.6699829101562,691.6699829101562,691.6699829101562,678.5700073242188,681.5399780273438,0,1.8104991214466404
20160701,685.010009765625,685.010009765625,687.3699951171875,683.72998046875,684.5800170898438,0,-0.962883066937481
20160705,672.510009765625,672.510009765625,678.760009765625,668.510009765625,678.6900024414062,0,-1.8247908529507306
20160706,673.5499877929688,673.5499877929688,674.6699829101562,661.3099975585938,667.8099975585938,0,0.15464127109516834
20160707,681.8200073242188,681.8200073242188,686.6400146484375,676.260009765625,676.2999877929688,0,1.2278256523095665
20160708,701.0700073242188,701.0700073242188,701.219970703125,687.8800048828125,688.0599975585938,0,2.8233257741359097
20160711,708.9000244140625,708.9000244140625,711.5399780273438,706.3699951171875,706.3900146484375,0,1.1168666478442946
20160712,718.3599853515625,718.3599853515625,720.3099975585938,714.75,715.9299926757812,0,1.3344562860354126
20160713,718.9000244140625,718.9000244140625,723.27001953125,717.7000122070312,720.739990234375,0,0.07517666260818956
20160714,724.22998046875,724.22998046875,726.0900268554688,719.4400024414062,724.6799926757812,0,0.7414043502129042
20160715,723.6400146484375,723.6400146484375,724.8200073242188,721.030029296875,723.1500244140625,0,-0.08146111542228773
20160718,734.5399780273438,734.5399780273438,735.739990234375,731.8499755859375,732.6300048828125,0,1.5062687466504743
20160719,731.780029296875,731.780029296875,733.6099853515625,729.7999877929688,732.280029296875,0,-0.3757383958706728
20160720,743.739990234375,743.739990234375,745.4600219726562,733.9400024414062,735.52001953125,0,1.6343655823720216
20160721,738.2999877929688,738.2999877929688,744.719970703125,735.3200073242188,744.4000244140625,0,-0.7314387437593495
20160722,742.3699951171875,742.3699951171875,742.469970703125,731.530029296875,735.5,0,0.5512674240162774
20160725,746.4400024414062,746.4400024414062,747.6599731445312,743.8099975585938,744.489990234375,0,0.5482451272261102
20160726,774.9199829101562,774.9199829101562,778.719970703125,754.9299926757812,754.969970703125,0,3.815441344997539
20160727,774.9299926757812,774.9299926757812,782.1400146484375,770.8300170898438,781.1099853515625,0,0.0012917160282066575
20160728,770.52001953125,770.52001953125,775.8200073242188,767.1599731445312,770.75,0,-0.5690801990130612
20160729,766.780029296875,766.780029296875,772.8499755859375,763.8099975585938,772.010009765625,0,-0.485385212528322
20160801,768.02001953125,768.02001953125,770.8300170898438,765.3599853515625,768.1300048828125,0,0.16171394493829094
20160802,755.72998046875,755.72998046875,765.8099975585938,751.4299926757812,765.6699829101562,0,-1.6002237897393634
20160803,756.530029296875,756.530029296875,756.530029296875,751.1400146484375,751.3099975585938,0,0.10586437600752507
20160804,763.5700073242188,763.5700073242188,763.75,757.2999877929688,758.0900268554688,0,0.9305616108704617
20160805,773.780029296875,773.780029296875,774.0499877929688,767.3800048828125,767.3800048828125,0,1.337142878154074
20160808,772.4400024414062,772.4400024414062,777.719970703125,771.0700073242188,775.2899780273438,0,-0.17317930222190414
20160809,778.780029296875,778.780029296875,780.989990234375,776.1699829101562,776.4199829101562,0,0.8207791977927315
20160810,772.8200073242188,772.8200073242188,779.6199951171875,769.9299926757812,779.6199951171875,0,-0.7653023637544054
20160811,776.260009765625,776.260009765625,777.27001953125,772.0399780273438,774.8699951171875,0,0.4451233675117683
20160812,779.8400268554688,779.8400268554688,781.2899780273438,776.5800170898438,777.77001953125,0,0.4611878809684722
20160815,790.4400024414062,790.4400024414062,792.3099975585938,782.510009765625,782.8200073242188,0,1.3592500026806231
20160816,784.6099853515625,784.6099853515625,788.75,783.9600219726562,787.8800048828125,0,-0.7375660482562552
20160817,784.6099853515625,784.6099853515625,785.010009765625,780.4000244140625,784.4099731445312,0,0.0
20160818,790.1599731445312,790.1599731445312,790.1599731445312,784.6799926757812,785.4600219726562,0,0.7073562529900768
20160819,797.0599975585938,797.0599975585938,798.8499755859375,790.8400268554688,792.02001953125,0,0.8732439820512639
20160822,797.2899780273438,797.2899780273438,799.4600219726562,793.8599853515625,794.8099975585938,0,0.028853595645794705
20160823,801.3099975585938,801.3099975585938,804.6900024414062,800.72998046875,802.0900268554688,0,0.5042104682158932
20160824,794.3400268554688,794.3400268554688,802.47998046875,791.969970703125,801.1199951171875,0,-0.869822007008636
20160825,797.469970703125,797.469970703125,801.02001953125,794.6699829101562,796.0999755859375,0,0.39403073518109455
20160826,801.4000244140625,801.4000244140625,807.1099853515625,795.6500244140625,799.510009765625,0,0.49281526017492805
20160829,803.6199951171875,803.6199951171875,806.8099975585938,802.7100219726562,803.1900024414062,0,0.27701155920829557
20160830,802.0700073242188,802.0700073242188,808.3200073242188,799.239990234375,805.5499877929688,0,-0.19287571269834825
20160831,801.47998046875,801.47998046875,802.7100219726562,797.3499755859375,802.4400024414062,0,-0.0735630119666375
20160901,808.3599853515625,808.3599853515625,808.3599853515625,797.760009765625,802.0900268554688,0,0.8584125680579868
20160902,806.9500122070312,806.9500122070312,811.1900024414062,803.3900146484375,811.0599975585938,0,-0.1744239163345096
20160906,805.0999755859375,805.0999755859375,809.280029296875,800.989990234375,808.7899780273438,0,-0.22926285310211902
20160907,799.2000122070312,799.2000122070312,806.780029296875,797.8099975585938,805.7999877929688,0,-0.7328236936800736
20160908,797.5700073242188,797.5700073242188,799.9199829101562,793.1300048828125,796.3699951171875,0,-0.20395456180126725
20160909,768.3699951171875,768.3699951171875,790.6799926757812,767.0700073242188,788.6099853515625,0,-3.6611221508936698
20160912,783.9500122070312,783.9500122070312,784.5,760.0700073242188,760.2100219726562,0,2.0276711986219054
20160913,776.72998046875,776.72998046875,786.3099975585938,772.8099975585938,779.8400268554688,0,-0.9209811372991594
20160914,783.719970703125,783.719970703125,785.489990234375,773.9299926757812,776.8499755859375,0,0.8999253807811858
20160915,801.77001953125,801.77001953125,803.02001953125,783.6500244140625,783.72998046875,0,2.3031247770719965
20160916,801.5499877929688,801.5499877929688,808.8300170898438,795.8599853515625,806.0700073242188,0,-0.027443248428005163
20160919,803.0599975585938,803.0599975585938,814.5999755859375,800.1699829101562,806.4299926757812,0,0.18838622526622384
20160920,799.1099853515625,799.1099853515625,808.1300048828125,797.4000244140625,808.030029296875,0,-0.49187012415508047
20160921,810.6500244140625,810.6500244140625,811.4500122070312,800.02001953125,803.9600219726562,0,1.4441114832801194
20160922,813.510009765625,813.510009765625,818.3800048828125,810.7100219726562,816.3900146484375,0,0.35280148836480674
20160923,804.5900268554688,804.5900268554688,812.219970703125,803.8599853515625,811.8499755859375,0,-1.0964810270406078
20160926,796.6400146484375,796.6400146484375,801.5700073242188,793.8499755859375,798.6699829101562,0,-0.9880823701111208
20160927,810.8400268554688,810.8400268554688,810.97998046875,794.6599731445312,796.3699951171875,0,1.7824879425994977
20160928,812.469970703125,812.469970703125,816.4500122070312,806.9500122070312,813.239990234375,0,0.20101916452957003
20160929,822.6400146484375,822.6400146484375,827.1799926757812,803.6900024414062,811.030029296875,0,1.25174397972041
20160930,835.5999755859375,835.5999755859375,840.489990234375,828.3200073242188,828.3499755859375,0,1.5754109582231557
20161003,829.489990234375,829.489990234375,840.7999877929688,828.0399780273438,836.739990234375,0,-0.7312093741120629
20161004,827.3400268554688,827.3400268554688,835.52001953125,824.280029296875,831.4299926757812,0,-0.25919099738609397
20161005,833.7100219726562,833.7100219726562,839.3900146484375,828.7000122070312,829.9099731445312,0,0.7699367745325203
20161006,838.5999755859375,838.5999755859375,839.1300048828125,827.8200073242188,832.1599731445312,0,0.5865293068819222
20161007,837.02001953125,837.02001953125,839.5800170898438,829.8200073242188,839.219970703125,0,-0.18840401868406298
20161010,832.9099731445312,832.9099731445312,844.2999877929688,832.6799926757812,840.3800048828125,0,-0.49103322391506055
20161011,815.3099975585938,815.3099975585938,830.8599853515625,808.3499755859375,830.8599853515625,0,-2.113070578263254
20161012,812.6199951171875,812.6199951171875,814.8599853515625,805.1900024414062,813.6099853515625,0,-0.32993615305360047
20161013,803.0499877929688,803.0499877929688,805.239990234375,790.1699829101562,804.219970703125,0,-1.1776731291036846
20161014,809.3900146484375,809.3900146484375,818.6199951171875,808.7100219726562,809.0900268554688,0,0.7894934252963726
20161017,805.0,805.0,812.7899780273438,804.530029296875,808.969970703125,0,-0.5423855704896896
20161018,814.739990234375,814.739990234375,817.6900024414062,812.52001953125,815.8599853515625,0,1.2099366750776497
20161019,810.9299926757812,810.9299926757812,812.1099853515625,803.4600219726562,807.5599975585938,0,-0.4676335523309372
20161020,816.719970703125,816.719970703125,819.7000122070312,804.6199951171875,810.0999755859375,0,0.7139923396147774
20161021,814.530029296875,814.530029296875,815.780029296875,806.7899780273438,812.6599731445312,0,-0.2681385890888177
20161024,829.7899780273438,829.7899780273438,830.22998046875,819.6900024414062,819.6900024414062,0,1.873466684051106
20161025,828.6699829101562,828.6699829101562,832.5599975585938,827.239990234375,828.47998046875,0,-0.13497332419585284
20161026,827.219970703125,827.219970703125,832.5800170898438,821.9500122070312,822.9500122070312,0,-0.17498066020673608
20161027,823.739990234375,823.739990234375,837.7999877929688,822.8300170898438,834.47998046875,0,-0.42068380745112766
20161028,818.8800048828125,818.8800048828125,832.0900268554688,818.2000122070312,827.72998046875,0,-0.5899902164734905
20161031,823.52001953125,823.52001953125,827.1599731445312,821.989990234375,823.7999877929688,0,0.5666293743613382
20161101,816.0800170898438,816.0800170898438,829.9000244140625,807.0700073242188,826.4299926757812,0,-0.9034391714777157
20161102,810.5700073242188,810.5700073242188,821.1500244140625,808.1500244140625,818.4299926757812,0,-0.6751800865402613
20161103,808.0,808.0,815.27001953125,805.3400268554688,811.72998046875,0,-0.3170617344580351
20161104,802.8800048828125,802.8800048828125,810.3099975585938,797.739990234375,800.989990234375,0,-0.6336627620281532
20161107,825.8699951171875,825.8699951171875,826.3099975585938,814.239990234375,816.6199951171875,0,2.8634403764645544
20161108,827.6799926757812,827.6799926757812,832.6799926757812,820.9099731445312,825.8599853515625,0,0.21916252791540636
20161109,823.5900268554688,823.5900268554688,826.1799926757812,805.4400024414062,805.6599731445312,0,-0.4941482041978751
20161110,806.0900268554688,806.0900268554688,833.7999877929688,798.2000122070312,827.489990234375,0,-2.1248436029290385
20161111,837.239990234375,837.239990234375,838.02001953125,819.0900268554688,819.1500244140625,0,3.8643280950170444
20161114,832.0800170898438,832.0800170898438,839.0,829.97998046875,837.6900024414062,0,-0.6163075348427638
20161115,847.9000244140625,847.9000244140625,850.030029296875,834.47998046875,836.280029296875,0,1.9012603354600977
20161116,857.5499877929688,857.5499877929688,858.3099975585938,846.22998046875,847.0800170898438,0,1.1381015569111197
20161117,866.8400268554688,866.8400268554688,870.75,855.5999755859375,858.7899780273438,0,1.0833233274726295
20161118,872.6300048828125,872.6300048828125,874.219970703125,865.469970703125,868.22998046875,0,0.6679407789171199
20161121,879.010009765625,879.010009765625,879.8599853515625,872.52001953125,876.25,0,0.7311237118954317
20161122,888.27001953125,888.27001953125,888.8400268554688,884.2100219726562,885.1400146484375,0,1.0534589666497673
20161123,889.3099975585938,889.3099975585938,891.0,883.3499755859375,887.5700073242188,0,0.1170790417864831
20161125,890.969970703125,890.969970703125,891.3900146484375,886.9500122070312,888.9500122070312,0,0.1866585497844797
20161128,887.25,887.25,891.4600219726562,886.280029296875,888.8699951171875,0,-0.4175192010331563
20161129,885.25,885.25,890.8599853515625,881.52001953125,885.8699951171875,0,-0.22541561003099897
20161130,879.469970703125,879.469970703125,887.1900024414062,879.4299926757812,887.1400146484375,0,-0.6529262125811952
20161201,836.7899780273438,836.7899780273438,878.9600219726562,832.1300048828125,878.9099731445312,0,-4.8529221119010035
20161202,847.7000122070312,847.7000122070312,849.02001953125,832.9000244140625,834.239990234375,0,1.3037959901726959
20161205,858.1300048828125,858.1300048828125,860.5599975585938,849.4600219726562,854.8699951171875,0,1.2303872272723337
20161206,870.0,870.0,870.8099975585938,861.260009765625,861.489990234375,0,1.3832397247091288
20161207,888.4500122070312,888.4500122070312,889.8400268554688,866.6199951171875,869.7999877929688,0,2.120691058279456
20161208,895.7000122070312,895.7000122070312,900.969970703125,889.4199829101562,890.75,0,0.8160279025704487
20161209,892.510009765625,892.510009765625,903.6400146484375,886.3099975585938,903.6400146484375,0,-0.35614629875307946
20161212,885.4600219726562,885.4600219726562,890.1400146484375,878.25,886.2899780273438,0,-0.7899057395244324
20161213,895.5499877929688,895.5499877929688,901.5900268554688,888.7000122070312,890.0800170898438,0,1.139516812722241
20161214,894.280029296875,894.280029296875,899.8900146484375,891.5999755859375,895.5399780273438,0,-0.1418076615939068
20161215,909.969970703125,909.969970703125,913.8200073242188,896.6900024414062,897.7000122070312,0,1.7544774446753841
20161216,900.8499755859375,900.8499755859375,916.5700073242188,896.6799926757812,912.4000244140625,0,-1.0022303384517817
20161219,909.6799926757812,909.6799926757812,913.2899780273438,902.3900146484375,904.5700073242188,0,0.9801873041180409
20161220,917.989990234375,917.989990234375,919.97998046875,914.3900146484375,915.5800170898438,0,0.9135077857599372
20161221,918.3300170898438,918.3300170898438,922.4500122070312,916.8599853515625,919.5399780273438,0,0.03704036635323593
20161222,923.0599975585938,923.0599975585938,928.2899780273438,919.4500122070312,927.72998046875,0,0.5150632540292133
20161223,927.9199829101562,927.9199829101562,928.0399780273438,920.4299926757812,920.8200073242188,0,0.5265080671263744
20161227,939.2100219726562,939.2100219726562,940.739990234375,931.0999755859375,931.0999755859375,0,1.2167039475852182
20161228,921.0900268554688,921.0900268554688,944.22998046875,920.6699829101562,943.2000122070312,0,-1.9292804264513075
20161229,921.2000122070312,921.2000122070312,921.22998046875,911.4600219726562,913.75,0,0.011940781938335476
20161230,906.469970703125,906.469970703125,925.3099975585938,904.22998046875,924.3300170898438,0,-1.5990057868774499
20170103,907.3400268554688,907.3400268554688,919.8699951171875,899.3300170898438,910.7999877929688,0,0.09598289854753084
20170104,909.77001953125,909.77001953125,913.6799926757812,905.22998046875,910.530029296875,0,0.26781499811077136
20170105,901.6900024414062,901.6900024414062,914.760009765625,900.2100219726562,909.9099731445312,0,-0.8881384214009302
20170106,908.6500244140625,908.6500244140625,911.3200073242188,898.5499877929688,903.260009765625,0,0.7718863416264377
20170109,918.5800170898438,918.5800170898438,922.239990234375,911.9199829101562,911.9199829101562,0,1.0928291871432627
20170110,923.0599975585938,923.0599975585938,924.97998046875,918.1300048828125,919.969970703125,0,0.48770715510915164
20170111,926.5399780273438,926.5399780273438,926.6300048828125,919.6400146484375,922.3900146484375,0,0.3770047968663093
20170112,918.1599731445312,918.1599731445312,918.7999877929688,904.6599731445312,918.780029296875,0,-0.9044407237185803
20170113,924.6699829101562,924.6699829101562,926.760009765625,918.9099731445312,919.2000122070312,0,0.7090278334971778
20170117,909.47998046875,909.47998046875,920.6099853515625,906.5599975585938,919.9000244140625,0,-1.64274851808206
20170118,922.3599853515625,922.3599853515625,922.8699951171875,909.9299926757812,911.1099853515625,0,1.4161944363166867
20170119,918.030029296875,918.030029296875,928.1699829101562,917.1699829101562,921.2999877929688,0,-0.4694431809113109
20170120,930.010009765625,930.010009765625,935.5800170898438,927.4500122070312,927.5599975585938,0,1.3049660780623418
20170123,923.77001953125,923.77001953125,928.1900024414062,916.8599853515625,924.1300048828125,0,-0.6709594702047905
20170124,942.4099731445312,942.4099731445312,943.4199829101562,928.510009765625,929.2899780273438,0,2.017813223981846
20170125,956.0599975585938,956.0599975585938,957.5599975585938,947.27001953125,953.6400146484375,0,1.4484168040493683
20170126,950.3200073242188,950.3200073242188,955.989990234375,946.6099853515625,955.1500244140625,0,-0.600379709331289
20170127,962.260009765625,962.260009765625,962.3200073242188,955.6699829101562,955.7899780273438,0,1.2564191376992273
20170130,956.8400268554688,956.8400268554688,957.3099975585938,945.0,956.6199951171875,0,-0.5632555499709868
20170131,944.280029296875,944.280029296875,952.6500244140625,938.760009765625,952.5900268554688,0,-1.312653861259394
20170201,960.1099853515625,960.1099853515625,960.1099853515625,949.9099731445312,955.5,0,1.6764048336884496
20170202,959.0800170898438,959.0800170898438,962.3300170898438,948.530029296875,953.6400146484375,0,-0.10727607018289342
20170203,964.02001953125,964.02001953125,965.3099975585938,960.0499877929688,963.6500244140625,0,0.5150771941214938
20170206,967.3900146484375,967.3900146484375,967.719970703125,960.0800170898438,963.5,0,0.34957729600120224
20170207,970.5900268554688,970.5900268554688,974.0599975585938,965.219970703125,972.0,0,0.33078821970207173
20170208,972.1400146484375,972.1400146484375,976.4299926757812,967.27001953125,972.9000244140625,0,0.15969541722888891
20170209,963.8099975585938,963.8099975585938,975.030029296875,962.5399780273438,975.030029296875,0,-0.8568742119782202
20170210,963.0499877929688,963.0499877929688,969.989990234375,953.9099731445312,969.0900268554688,0,-0.07885472941245864
20170213,965.7000122070312,965.7000122070312,971.6099853515625,963.7000122070312,968.9099731445312,0,0.2751699753546166
20170214,962.6300048828125,962.6300048828125,964.1199951171875,957.0,962.9000244140625,0,-0.3179048654252892
20170215,970.5399780273438,970.5399780273438,971.239990234375,960.22998046875,965.0599975585938,0,0.8217044040190968
20170216,971.239990234375,971.239990234375,972.7999877929688,965.3400268554688,971.02001953125,0,0.07212605589457244
20170217,976.7999877929688,976.7999877929688,976.7999877929688,963.010009765625,968.6900024414062,0,0.5724638209400723
20170221,990.4400024414062,990.4400024414062,990.5900268554688,980.969970703125,981.2100219726562,0,1.3963979134824056
20170222,990.0700073242188,990.0700073242188,991.239990234375,985.989990234375,989.9000244140625,0,-0.037356641116625955
20170223,973.8699951171875,973.8699951171875,987.0599975585938,967.8099975585938,986.8800048828125,0,-1.6362491629065445
20170224,973.4400024414062,973.4400024414062,973.5599975585938,955.1099853515625,958.780029296875,0,-0.04415298529959477
20170227,982.4000244140625,982.4000244140625,982.52001953125,971.77001953125,972.6599731445312,0,0.9204493292020333
20170228,969.3800048828125,969.3800048828125,982.4199829101562,967.3699951171875,982.2999877929688,0,-1.325327688078548
20170301,985.260009765625,985.260009765625,985.9400024414062,971.489990234375,980.7899780273438,0,1.6381609691580312
20170302,974.3300170898438,974.3300170898438,988.0900268554688,973.3300170898438,985.8699951171875,0,-1.1093510918383176
20170303,973.969970703125,973.969970703125,975.2899780273438,968.27001953125,973.8800048828125,0,-0.036953227387381826
20170306,974.1799926757812,974.1799926757812,976.030029296875,963.030029296875,968.1500244140625,0,0.021563495690180012
20170307,976.8499755859375,976.8499755859375,982.8400268554688,969.9500122070312,972.6799926757812,0,0.27407490712496596
20170308,979.0,979.0,986.6199951171875,976.75,981.530029296875,0,0.2200977087369882
20170309,980.47998046875,980.47998046875,982.4500122070312,973.3300170898438,976.0,0,0.15117267300817083
20170310,991.9299926757812,991.9299926757812,994.2100219726562,986.489990234375,989.010009765625,0,1.1677966338034862
20170313,999.3900146484375,999.3900146484375,999.6599731445312,993.0599975585938,995.4000244140625,0,0.7520714191262989
20170314,996.3300170898438,996.3300170898438,996.6400146484375,988.4199829101562,995.97998046875,0,-0.30618652515456146
20170315,1004.6500244140625,1004.6500244140625,1006.2100219726562,992.9400024414062,996.3599853515625,0,0.8350654081988207
20170316,1002.8099975585938,1002.8099975585938,1007.4500122070312,1001.0499877929688,1005.2899780273438,0,-0.18315102879152834
20170317,1004.5999755859375,1004.5999755859375,1006.1199951171875,1002.1400146484375,1004.1900024414062,0,0.17849622876731086
20170320,1012.2899780273438,1012.2899780273438,1015.9000244140625,1004.1900024414062,1005.97998046875,0,0.7654790591569594
20170321,988.4199829101562,988.4199829101562,1017.1400146484375,986.989990234375,1015.9400024414062,0,-2.3580195038286456
20170322,999.3400268554688,999.3400268554688,1000.25,986.2999877929688,987.8699951171875,0,1.1047979739504221
20170323,996.8499755859375,996.8499755859375,1002.0900268554688,994.4400024414062,997.9099731445312,0,-0.24916957217919755
20170324,1004.3499755859375,1004.3499755859375,1016.6799926757812,1000.530029296875,1012.4099731445312,0,0.7523699838174247
20170327,1005.9500122070312,1005.9500122070312,1008.47998046875,990.6599731445312,994.0900268554688,0,0.159310664607748
20170328,1008.969970703125,1008.969970703125,1012.9400024414062,1002.8800048828125,1005.4400024414062,0,0.30020959883165776
20170329,1006.489990234375,1006.489990234375,1008.6400146484375,1003.6599731445312,1007.5,0,-0.24579328828010505
20170330,1011.8099975585938,1011.8099975585938,1013.989990234375,1005.3900146484375,1005.77001953125,0,0.5285703162313471
20170331,1011.4000244140625,1011.4000244140625,1016.6099853515625,1008.3200073242188,1010.760009765625,0,-0.04051878766967443
20170403,1005.7999877929688,1005.7999877929688,1014.739990234375,998.8900146484375,1012.7899780273438,0,-0.5536915647533225
20170404,1000.47998046875,1000.47998046875,1007.0499877929688,997.22998046875,998.5700073242188,0,-0.5289329278967747
20170405,993.530029296875,993.530029296875,1010.02001953125,992.760009765625,1002.75,0,-0.6946616931424066
20170406,994.6900024414062,994.6900024414062,997.0700073242188,984.9400024414062,990.0800170898438,0,0.11675270100814927
20170407,999.3499755859375,999.3499755859375,1002.3300170898438,992.8699951171875,994.219970703125,0,0.46848496849205556
20170410,991.6199951171875,991.6199951171875,1000.239990234375,989.2100219726562,998.8300170898438,0,-0.7735008413061517
20170411,983.3400268554688,983.3400268554688,984.4199829101562,968.77001953125,983.9600219726562,0,-0.834994080644802
20170412,966.5499877929688,966.5499877929688,981.969970703125,964.5399780273438,981.27001953125,0,-1.707449977012665
20170413,960.010009765625,960.010009765625,974.6199951171875,960.010009765625,962.5399780273438,0,-0.6766311220257948
20170417,972.5599975585938,972.5599975585938,972.6900024414062,964.6599731445312,964.780029296875,0,1.307276764336307
20170418,976.6699829101562,976.6699829101562,977.219970703125,966.3699951171875,967.4299926757812,0,0.42259453009374504
20170419,982.0499877929688,982.0499877929688,990.4000244140625,980.3300170898438,986.719970703125,0,0.5508518718658539
20170420,997.5499877929688,997.5499877929688,999.1799926757812,984.4600219726562,988.1799926757812,0,1.5783310618265212
20170421,992.9400024414062,992.9400024414062,995.010009765625,985.27001953125,992.469970703125,0,-0.4621307611623382
20170424,1007.7999877929688,1007.7999877929688,1010.7100219726562,1003.8400268554688,1008.5599975585938,0,1.4965642752860386
20170425,1017.8099975585938,1017.8099975585938,1019.4400024414062,1010.0800170898438,1012.6799926757812,0,0.9932536105250911
20170426,1009.1599731445312,1009.1599731445312,1017.8599853515625,1005.8300170898438,1015.469970703125,0,-0.8498663242462956
20170427,1023.2899780273438,1023.2899780273438,1024.6099853515625,1015.3499755859375,1016.030029296875,0,1.4001749235835748
20170428,1005.530029296875,1005.530029296875,1019.1099853515625,1002.8900146484375,1017.5999755859375,0,-1.7355734065436335
20170501,1015.4299926757812,1015.4299926757812,1015.7999877929688,1003.0800170898438,1007.7000122070312,0,0.9845517379355462
20170502,1004.6199951171875,1004.6199951171875,1010.9400024414062,999.530029296875,1010.9400024414062,0,-1.0645733961538895
20170503,1008.0499877929688,1008.0499877929688,1009.22998046875,998.8699951171875,1001.2000122070312,0,0.3414219000669183
20170504,1006.8300170898438,1006.8300170898438,1010.6900024414062,1002.9500122070312,1008.9600219726562,0,-0.12102283794437341
20170505,1011.030029296875,1011.030029296875,1011.0499877929688,1001.6799926757812,1008.969970703125,0,0.4171520649703053
20170508,1007.1599731445312,1007.1599731445312,1012.280029296875,1005.0399780273438,1011.5,0,-0.3827835019930337
20170509,1017.5,1017.5,1019.8599853515625,1009.5800170898438,1009.6300048828125,0,1.0266518856170803
20170510,1038.9200439453125,1038.9200439453125,1040.5699462890625,1029.93994140625,1032.3199462890625,0,2.1051640241093406
20170511,1042.4300537109375,1042.4300537109375,1047.239990234375,1029.25,1036.219970703125,0,0.33785177079610484
20170512,1045.239990234375,1045.239990234375,1046.4000244140625,1039.219970703125,1043.550048828125,0,0.26955636144931905
20170515,1061.050048828125,1061.050048828125,1062.1300048828125,1046.8299560546875,1048.4599609375,0,1.512576895398432
20170516,1076.8499755859375,1076.8499755859375,1077.050048828125,1061.449951171875,1066.4000244140625,0,1.4890840234409897
20170517,1029.8299560546875,1029.8299560546875,1066.2900390625,1029.3399658203125,1061.1700439453125,0,-4.366441063962078
20170518,1049.2900390625,1049.2900390625,1052.199951171875,1027.3699951171875,1030.31005859375,0,1.8896404103804443
20170519,1060.77001953125,1060.77001953125,1064.300048828125,1057.47998046875,1057.530029296875,0,1.0940712330602897
20170522,1072.300048828125,1072.300048828125,1072.77001953125,1065.1300048828125,1066.4000244140625,0,1.086949016712424
20170523,1067.93994140625,1067.93994140625,1071.5899658203125,1059.5799560546875,1071.550048828125,0,-0.4066126292393668
20170524,1074.8499755859375,1074.8499755859375,1076.75,1069.9100341796875,1075.1300048828125,0,0.64704333191139
20170525,1080.75,1080.75,1084.02001953125,1073.6500244140625,1079.989990234375,0,0.5489160857863995
20170526,1084.8499755859375,1084.8499755859375,1084.93994140625,1072.3399658203125,1077.969970703125,0,0.37936392190029977
20170530,1091.449951171875,1091.449951171875,1094.1600341796875,1084.280029296875,1085.3199462890625,0,0.608376801812871
20170531,1091.4200439453125,1091.4200439453125,1101.760009765625,1086.260009765625,1101.1199951171875,0,-0.002740137239498619
20170601,1092.550048828125,1092.550048828125,1094.4000244140625,1086.1400146484375,1094.1700439453125,0,0.1035352877273299
20170602,1103.4000244140625,1103.4000244140625,1104.9000244140625,1091.4100341796875,1100.1400146484375,0,0.9930872821410031
20170605,1106.219970703125,1106.219970703125,1112.0699462890625,1102.47998046875,1102.47998046875,0,0.2555688079271201
20170606,1110.0799560546875,1110.0799560546875,1117.47998046875,1101.0,1102.5899658203125,0,0.3489347013966082
20170607,1118.300048828125,1118.300048828125,1122.3800048828125,1112.3199462890625,1115.5999755859375,0,0.7404955587750894
20170608,1138.25,1138.25,1138.8900146484375,1117.7900390625,1126.1500244140625,0,1.7839533489049542
20170609,1090.050048828125,1090.050048828125,1149.8599853515625,1068.56005859375,1145.1800537109375,0,-4.234566323028776
20170612,1084.43994140625,1084.43994140625,1087.8599853515625,1053.3299560546875,1074.93994140625,0,-0.5146651227534216
20170613,1091.3499755859375,1091.3499755859375,1101.969970703125,1078.3499755859375,1095.8499755859375,0,0.6371984206637427
20170614,1079.8199462890625,1079.8199462890625,1094.989990234375,1068.27001953125,1094.550048828125,0,-1.056492376855056
20170615,1070.760009765625,1070.760009765625,1074.43994140625,1060.6600341796875,1061.5699462890625,0,-0.8390228903043639
20170616,1067.22998046875,1067.22998046875,1079.5,1063.56005859375,1072.3599853515625,0,-0.3296751153087696
20170619,1087.9200439453125,1087.9200439453125,1088.780029296875,1079.9300537109375,1079.93994140625,0,1.9386696265293324
20170620,1074.8800048828125,1074.8800048828125,1094.1800537109375,1074.6199951171875,1089.4200439453125,0,-1.198621087558116
20170621,1087.4200439453125,1087.4200439453125,1088.1600341796875,1075.5999755859375,1080.510009765625,0,1.1666454865226772
20170622,1084.9599609375,1084.9599609375,1089.949951171875,1080.010009765625,1089.0799560546875,0,-0.2262311626045621
20170623,1088.47998046875,1088.47998046875,1094.3699951171875,1081.8800048828125,1084.8299560546875,0,0.32443773576753543
20170626,1077.9200439453125,1077.9200439453125,1099.4100341796875,1072.510009765625,1095.6199951171875,0,-0.9701544091688219
20170627,1048.6600341796875,1048.6600341796875,1072.6099853515625,1048.52001953125,1072.6099853515625,0,-2.714487955760614
20170628,1067.1800537109375,1067.1800537109375,1068.199951171875,1044.8299560546875,1057.2099609375,0,1.7660651619795242
20170629,1040.4200439453125,1040.4200439453125,1061.199951171875,1026.050048828125,1060.02001953125,0,-2.5075440336962407
20170630,1034.9100341796875,1034.9100341796875,1048.68994140625,1030.510009765625,1044.969970703125,0,-0.52959473413553
20170703,1020.510009765625,1020.510009765625,1044.5899658203125,1020.4199829101562,1040.9200439453125,0,-1.3914276544314874
20170705,1041.780029296875,1041.780029296875,1043.1500244140625,1026.989990234375,1027.8800048828125,0,2.084253885577758
20170706,1037.050048828125,1037.050048828125,1045.8800048828125,1027.1400146484375,1032.22998046875,0,-0.45402871390637367
20170707,1054.9000244140625,1054.9000244140625,1058.5999755859375,1043.489990234375,1043.489990234375,0,1.721226049418556
20170710,1067.0999755859375,1067.0999755859375,1069.25,1052.3800048828125,1058.9599609375,0,1.1565030703882373
20170711,1075.4200439453125,1075.4200439453125,1076.06005859375,1063.5,1066.8699951171875,0,0.7796896776055551
20170712,1092.8599853515625,1092.8599853515625,1095.239990234375,1082.52001953125,1085.8800048828125,0,1.621686475385875
20170713,1090.1300048828125,1090.1300048828125,1101.2900390625,1086.47998046875,1093.8699951171875,0,-0.24980148466793306
20170714,1104.3199462890625,1104.3199462890625,1104.81005859375,1093.8199462890625,1094.6099853515625,0,1.3016742354298838
20170717,1099.550048828125,1099.550048828125,1107.1300048828125,1096.0899658203125,1106.8499755859375,0,-0.4319307531269523
20170718,1103.3499755859375,1103.3499755859375,1103.469970703125,1089.8599853515625,1092.969970703125,0,0.34558924915353284
20170719,1113.1800537109375,1113.1800537109375,1113.510009765625,1105.8299560546875,1108.5799560546875,0,0.8909301982609641
20170720,1116.6199951171875,1116.6199951171875,1117.8900146484375,1104.5799560546875,1113.5899658203125,0,0.3090193176550793
20170721,1107.5400390625,1107.5400390625,1108.0799560546875,1101.5,1108.010009765625,0,-0.8131643795017851
20170724,1103.010009765625,1103.010009765625,1108.1700439453125,1101.5,1108.1300048828125,0,-0.4090172036317119
20170725,1102.5899658203125,1102.5899658203125,1105.4100341796875,1092.1600341796875,1099.97998046875,0,-0.03808160774549929
20170726,1115.3499755859375,1115.3499755859375,1119.68994140625,1108.510009765625,1111.93994140625,0,1.157276064645818
20170727,1097.27001953125,1097.27001953125,1120.510009765625,1084.2900390625,1118.8399658203125,0,-1.6210119200647632
20170728,1092.989990234375,1092.989990234375,1097.5699462890625,1088.050048828125,1093.1199951171875,0,-0.3900616275566704
20170731,1085.1500244140625,1085.1500244140625,1099.3699951171875,1081.9100341796875,1096.9200439453125,0,-0.7172952991665871
20170801,1091.1300048828125,1091.1300048828125,1091.43994140625,1083.010009765625,1087.75,0,0.5510740758614352
20170802,1083.9599609375,1083.9599609375,1099.949951171875,1076.3599853515625,1099.489990234375,0,-0.6571209583850268
20170803,1078.800048828125,1078.800048828125,1085.6199951171875,1073.739990234375,1082.8900146484375,0,-0.4760242347800592
20170804,1079.449951171875,1079.449951171875,1087.800048828125,1076.4200439453125,1080.22998046875,0,0.060243076968347076
20170807,1098.25,1098.25,1098.5899658203125,1082.5699462890625,1082.8499755859375,0,1.741632282971084
20170808,1093.77001953125,1093.77001953125,1107.22998046875,1090.699951171875,1098.219970703125,0,-0.407919915206012
20170809,1090.489990234375,1090.489990234375,1091.8399658203125,1080.9100341796875,1083.6199951171875,0,-0.2998829039289941
20170810,1060.02001953125,1060.02001953125,1084.25,1059.6500244140625,1082.0899658203125,0,-2.794154093663548
20170811,1066.219970703125,1066.219970703125,1068.1199951171875,1052.719970703125,1053.030029296875,0,0.5848900075129393
20170814,1093.739990234375,1093.739990234375,1094.8199462890625,1078.8699951171875,1078.9200439453125,0,2.581082730339568
20170815,1096.4300537109375,1096.4300537109375,1098.3399658203125,1088.6600341796875,1095.030029296875,0,0.24595091160433125
20170816,1098.0699462890625,1098.0699462890625,1102.6199951171875,1093.1300048828125,1099.8499755859375,0,0.14956654759459287
20170817,1069.699951171875,1069.699951171875,1095.8499755859375,1069.6800537109375,1091.550048828125,0,-2.583623676530278
20170818,1071.8900146484375,1071.8900146484375,1080.0,1066.760009765625,1076.989990234375,0,0.20473624161272408
20170821,1064.52001953125,1064.52001953125,1073.6300048828125,1057.1700439453125,1073.5899658203125,0,-0.6875700880192182
20170822,1081.6400146484375,1081.6400146484375,1083.5699462890625,1071.760009765625,1071.97998046875,0,1.6082360879155821
20170823,1086.4100341796875,1086.4100341796875,1088.77001953125,1072.6199951171875,1072.8399658203125,0,0.4409988042833657
20170824,1085.9300537109375,1085.9300537109375,1091.489990234375,1079.510009765625,1090.510009765625,0,-0.04418041564872022
20170825,1080.5,1080.5,1091.8399658203125,1078.81005859375,1090.699951171875,0,-0.5000371517835278
20170828,1082.6199951171875,1082.6199951171875,1083.93994140625,1077.280029296875,1083.6700439453125,0,0.19620500853192446
20170829,1084.8599853515625,1084.8599853515625,1087.3199462890625,1070.0799560546875,1070.56005859375,0,0.20690456896028664
20170830,1103.68994140625,1103.68994140625,1104.81005859375,1086.8599853515625,1088.3499755859375,0,1.7357038059234275
20170831,1114.31005859375,1114.31005859375,1115.510009765625,1105.219970703125,1106.3499755859375,0,0.9622373810862728
20170901,1119.3399658203125,1119.3399658203125,1124.6600341796875,1117.4200439453125,1117.72998046875,0,0.4513920688206108
20170905,1103.6300048828125,1103.6300048828125,1116.72998046875,1094.1700439453125,1112.7900390625,0,-1.4035021903275768
20170906,1105.760009765625,1105.760009765625,1110.56005859375,1099.8800048828125,1108.5999755859375,0,0.19299990697867475
20170907,1107.3399658203125,1107.3399658203125,1111.469970703125,1102.5999755859375,1108.68994140625,0,0.142884173847313
20170908,1093.489990234375,1093.489990234375,1107.1099853515625,1090.18994140625,1106.3499755859375,0,-1.250742862484644
20170911,1115.4599609375,1115.4599609375,1117.5,1103.3299560546875,1103.949951171875,0,2.0091606598443557
20170912,1120.199951171875,1120.199951171875,1123.1099853515625,1113.5699462890625,1118.3599853515625,0,0.42493593677637165
20170913,1122.0400390625,1122.0400390625,1124.6700439453125,1113.81005859375,1117.2099609375,0,0.1642642359250157
20170914,1127.4200439453125,1127.4200439453125,1133.300048828125,1117.010009765625,1118.300048828125,0,0.47948421584915746
20170915,1146.6800537109375,1146.6800537109375,1147.6400146484375,1130.280029296875,1130.3599853515625,0,1.7083260022791702
20170918,1160.9000244140625,1160.9000244140625,1168.030029296875,1153.739990234375,1153.77001953125,0,1.2400992462636484
20170919,1164.97998046875,1164.97998046875,1169.010009765625,1157.3199462890625,1163.43994140625,0,0.3514476672310085
20170920,1148.5999755859375,1148.5999755859375,1165.469970703125,1133.280029296875,1165.010009765625,0,-1.4060331642971047
20170921,1143.8699951171875,1143.8699951171875,1147.72998046875,1134.1300048828125,1146.47998046875,0,-0.4118039847891386
20170922,1149.5899658203125,1149.5899658203125,1151.0799560546875,1139.25,1139.43994140625,0,0.5000542655670515
20170925,1126.93994140625,1126.93994140625,1144.72998046875,1122.1600341796875,1144.469970703125,0,-1.9702698429435395
20170926,1126.4000244140625,1126.4000244140625,1138.260009765625,1122.3699951171875,1136.1300048828125,0,-0.04791000587961447
20170927,1153.0,1153.0,1157.5400390625,1137.9000244140625,1141.0899658203125,0,2.3615034631923493
20170928,1161.68994140625,1161.68994140625,1162.0799560546875,1149.0799560546875,1150.219970703125,0,0.75368095457502
20170929,1171.739990234375,1171.739990234375,1172.8900146484375,1160.3900146484375,1165.489990234375,0,0.8651231684040583
20171002,1178.75,1178.75,1184.0699462890625,1170.739990234375,1176.6099853515625,0,0.5982564241255206
20171003,1182.4300537109375,1182.4300537109375,1185.530029296875,1177.1600341796875,1180.2900390625,0,0.31219967855249386
20171004,1185.239990234375,1185.239990234375,1185.3299560546875,1174.5999755859375,1179.6600341796875,0,0.23764082404864606
20171005,1186.0699462890625,1186.0699462890625,1189.56005859375,1179.530029296875,1188.5699462890625,0,0.0700243040671733
20171006,1191.449951171875,1191.449951171875,1191.469970703125,1181.9100341796875,1182.010009765625,0,0.4535992923221155
20171009,1199.8599853515625,1199.8599853515625,1201.0899658203125,1194.1800537109375,1194.949951171875,0,0.7058655020645732
20171010,1207.199951171875,1207.199951171875,1210.1800537109375,1194.8499755859375,1209.5,0,0.6117351949329164
20171011,1215.18994140625,1215.18994140625,1215.5699462890625,1204.030029296875,1204.9000244140625,0,0.6618613781933069
20171012,1211.0999755859375,1211.0999755859375,1219.3499755859375,1210.4000244140625,1214.1300048828125,0,-0.33657008513249265
20171013,1219.2099609375,1219.2099609375,1223.31005859375,1213.8499755859375,1218.8399658203125,0,0.6696379749854042
20171016,1224.989990234375,1224.989990234375,1225.0999755859375,1216.72998046875,1224.510009765625,0,0.47407989452699084
20171017,1224.1199951171875,1224.1199951171875,1225.010009765625,1218.3800048828125,1223.1700439453125,0,-0.07102058989241211
20171018,1228.1600341796875,1228.1600341796875,1230.0699462890625,1212.1700439453125,1226.780029296875,0,0.3300361956846576
20171019,1225.050048828125,1225.050048828125,1225.1199951171875,1206.3399658203125,1216.449951171875,0,-0.25322313583014955
20171020,1231.3399658203125,1231.3399658203125,1237.6300048828125,1229.47998046875,1235.43994140625,0,0.513441634340106
20171023,1237.1400146484375,1237.1400146484375,1243.9300537109375,1231.6400146484375,1237.3299560546875,0,0.47103553763570005
20171024,1245.3800048828125,1245.3800048828125,1247.18994140625,1236.050048828125,1239.6700439453125,0,0.6660515492837416
20171025,1229.27001953125,1229.27001953125,1242.2099609375,1216.989990234375,1236.6400146484375,0,-1.2935798943615184
20171026,1237.030029296875,1237.030029296875,1239.5699462890625,1230.550048828125,1233.97998046875,0,0.6312697489021968
20171027,1263.550048828125,1263.550048828125,1264.6600341796875,1239.97998046875,1248.3599853515625,0,2.143846058961385
20171030,1265.9100341796875,1265.9100341796875,1270.8399658203125,1258.9100341796875,1261.510009765625,0,0.18677418862445005
20171031,1275.6099853515625,1275.6099853515625,1279.3199462890625,1265.1800537109375,1265.1800537109375,0,0.7662433277227709
20171101,1271.510009765625,1271.510009765625,1284.6800537109375,1260.0699462890625,1284.1300048828125,0,-0.3214129422801193
20171102,1277.3399658203125,1277.3399658203125,1280.5999755859375,1263.760009765625,1270.4300537109375,0,0.45850650092500445
20171103,1299.969970703125,1299.969970703125,1300.02001953125,1273.1500244140625,1282.4100341796875,0,1.7716508907853257
20171106,1317.3399658203125,1317.3399658203125,1318.3199462890625,1302.239990234375,1314.1300048828125,0,1.3361843356883396
20171107,1316.550048828125,1316.550048828125,1319.219970703125,1308.010009765625,1314.68994140625,0,-0.0599630325263556
20171108,1321.1300048828125,1321.1300048828125,1321.9000244140625,1310.3599853515625,1314.3299560546875,0,0.3478755751643581
20171109,1294.6600341796875,1294.6600341796875,1306.449951171875,1278.68994140625,1306.0999755859375,0,-2.003585612717418
20171110,1303.06005859375,1303.06005859375,1303.97998046875,1295.3699951171875,1298.3499755859375,0,0.6488208635701653
20171113,1306.5799560546875,1306.5799560546875,1308.1300048828125,1296.4200439453125,1297.5,0,0.27012549711147305
20171114,1305.0,1305.0,1308.5400390625,1295.4100341796875,1301.8299560546875,0,-0.12092302865707172
20171115,1293.199951171875,1293.199951171875,1298.949951171875,1283.7099609375,1296.02001953125,0,-0.9042183010057436
20171116,1313.1099853515625,1313.1099853515625,1318.1099853515625,1301.3599853515625,1301.3900146484375,0,1.5395944116488147
20171117,1306.9300537109375,1306.9300537109375,1320.1600341796875,1304.8299560546875,1319.969970703125,0,-0.47063320739050285
20171120,1322.81005859375,1322.81005859375,1324.77001953125,1311.3499755859375,1312.8399658203125,0,1.2150615740851967
20171121,1337.9200439453125,1337.9200439453125,1338.9200439453125,1327.77001953125,1329.0699462890625,0,1.142264171140761
20171122,1329.0999755859375,1329.0999755859375,1340.469970703125,1327.0400390625,1339.68994140625,0,-0.6592373288142106
20171124,1341.68994140625,1341.68994140625,1342.050048828125,1333.030029296875,1333.56005859375,0,0.9472549884565362
20171127,1324.1500244140625,1324.1500244140625,1331.4599609375,1322.219970703125,1329.5799560546875,0,-1.3073003270639094
20171128,1323.0799560546875,1323.0799560546875,1326.4599609375,1316.1400146484375,1326.280029296875,0,-0.08081171616852734
20171129,1265.010009765625,1265.010009765625,1320.8699951171875,1252.3800048828125,1319.9200439453125,0,-4.388997507166703
20171130,1272.550048828125,1272.550048828125,1284.8399658203125,1263.5699462890625,1274.949951171875,0,0.5960458023487769
20171201,1258.6500244140625,1258.6500244140625,1265.489990234375,1227.3199462890625,1262.6800537109375,0,-1.0922968748351303
20171204,1227.8499755859375,1227.8499755859375,1268.6600341796875,1220.68994140625,1268.1800537109375,0,-2.447070133134377
20171205,1228.510009765625,1228.510009765625,1251.3499755859375,1213.530029296875,1221.239990234375,0,0.05375527896822607
20171206,1232.260009765625,1232.260009765625,1234.300048828125,1211.489990234375,1217.280029296875,0,0.30524781810410406
20171207,1244.52001953125,1244.52001953125,1248.43994140625,1236.6300048828125,1243.75,0,0.9949206878795636
20171208,1238.239990234375,1238.239990234375,1259.6300048828125,1237.239990234375,1255.4200439453125,0,-0.5046145661232848
20171211,1245.5799560546875,1245.5799560546875,1248.81005859375,1236.7099609375,1238.5699462890625,0,0.5927740888842736
20171212,1233.1800537109375,1233.1800537109375,1241.6199951171875,1232.199951171875,1240.68994140625,0,-0.9955123541828703
20171213,1233.0400390625,1233.0400390625,1244.56005859375,1232.6700439453125,1238.5899658203125,0,-0.011353950140224889
20171214,1232.4300537109375,1232.4300537109375,1240.3699951171875,1229.300048828125,1235.4200439453125,0,-0.04947003602788769
20171215,1250.8900146484375,1250.8900146484375,1254.6099853515625,1231.989990234375,1234.5899658203125,0,1.4978505986539048
20171218,1277.9100341796875,1277.9100341796875,1278.31005859375,1259.780029296875,1262.8399658203125,0,2.160063571923554
20171219,1276.52001953125,1276.52001953125,1281.06005859375,1269.8199462890625,1277.0400390625,0,-0.10877249659674293
20171220,1285.43994140625,1285.43994140625,1291.3299560546875,1274.68994140625,1289.3699951171875,0,0.6987686631248824
20171221,1271.81005859375,1271.81005859375,1287.2099609375,1270.530029296875,1286.4200439453125,0,-1.060328248209652
20171222,1271.1700439453125,1271.1700439453125,1272.1099853515625,1263.0799560546875,1268.949951171875,0,-0.050323131517382436
20171226,1258.8800048828125,1258.8800048828125,1259.7099609375,1248.4599609375,1256.0899658203125,0,-0.9668288771465638
20171227,1263.3599853515625,1263.3599853515625,1269.219970703125,1258.6300048828125,1259.8399658203125,0,0.35587033326238693
20171228,1266.300048828125,1266.300048828125,1269.239990234375,1264.1500244140625,1268.739990234375,0,0.23271779307971752
20171229,1253.050048828125,1253.050048828125,1268.6199951171875,1253.0400390625,1267.449951171875,0,-1.0463554836203315
20180102,1287.699951171875,1287.699951171875,1287.739990234375,1258.77001953125,1261.030029296875,0,2.7652448819706077
20180103,1309.8599853515625,1309.8599853515625,1310.3699951171875,1291.2900390625,1291.6600341796875,0,1.7209004442005904
20180104,1317.239990234375,1317.239990234375,1321.1099853515625,1306.3699951171875,1315.27001953125,0,0.5634193704170398
20180105,1325.7099609375,1325.7099609375,1330.31005859375,1316.1300048828125,1321.1700439453125,0,0.6430089251707294
20180108,1335.5400390625,1335.5400390625,1339.3699951171875,1321.969970703125,1323.449951171875,0,0.7414953809390168
20180109,1322.5699462890625,1322.5699462890625,1337.1099853515625,1320.8199462890625,1335.0699462890625,0,-0.9711496768409877
20180110,1306.219970703125,1306.219970703125,1312.010009765625,1296.0999755859375,1306.8299560546875,0,-1.2362276665830119
20180111,1314.3399658203125,1314.3399658203125,1314.8399658203125,1305.199951171875,1309.3499755859375,0,0.6216407113126987
20180112,1322.0999755859375,1322.0999755859375,1324.239990234375,1310.780029296875,1315.030029296875,0,0.5904111544520863
20180116,1325.969970703125,1325.969970703125,1340.9599609375,1318.5400390625,1334.530029296875,0,0.2927157695069349
20180117,1364.2900390625,1364.2900390625,1366.0999755859375,1336.969970703125,1338.0699462890625,0,2.8899650222889317
20180118,1370.56005859375,1370.56005859375,1377.1700439453125,1362.5,1363.469970703125,0,0.4595811265732497
20180119,1372.030029296875,1372.030029296875,1378.1600341796875,1363.8800048828125,1375.93994140625,0,0.10725328626848274
20180122,1382.4100341796875,1382.4100341796875,1382.4100341796875,1367.6400146484375,1372.5799560546875,0,0.7565435640014329
20180123,1392.8599853515625,1392.8599853515625,1393.4000244140625,1383.1800537109375,1386.5899658203125,0,0.755922693954969
20180124,1360.6800537109375,1360.6800537109375,1383.719970703125,1351.72998046875,1373.7900390625,0,-2.3103493516257956
20180125,1337.6199951171875,1337.6199951171875,1379.27001953125,1337.6199951171875,1376.239990234375,0,-1.6947451041748662
20180126,1381.27001953125,1381.27001953125,1381.280029296875,1355.4100341796875,1357.3900146484375,0,3.2632604606241955
20180129,1378.4200439453125,1378.4200439453125,1388.2900390625,1362.219970703125,1372.719970703125,0,-0.206330083592543
20180130,1350.43994140625,1350.43994140625,1366.280029296875,1348.93994140625,1354.8199462890625,0,-2.029867648977146
20180131,1361.5,1361.5,1370.9000244140625,1354.1300048828125,1367.6400146484375,0,0.8189967028250811
20180201,1355.0699462890625,1355.0699462890625,1374.8699951171875,1349.9000244140625,1352.530029296875,0,-0.47227717303984784
20180202,1317.97998046875,1317.97998046875,1344.469970703125,1317.7900390625,1341.27001953125,0,-2.737125557384368
20180205,1255.81005859375,1255.81005859375,1328.0699462890625,1253.0899658203125,1303.050048828125,0,-4.71706116908458
20180206,1301.6600341796875,1301.6600341796875,1302.3900146484375,1238.6400146484375,1241.5699462890625,0,3.651027898062864
20180207,1272.5,1272.5,1303.8299560546875,1272.5,1287.8900146484375,0,-2.2402189061650257
20180208,1218.6600341796875,1218.6600341796875,1280.1700439453125,1218.6600341796875,1277.8399658203125,0,-4.231038571340862
20180209,1255.81005859375,1255.81005859375,1263.4100341796875,1203.6600341796875,1246.8599853515625,0,3.0484321609077103
20180212,1279.1400146484375,1279.1400146484375,1287.1500244140625,1259.6400146484375,1268.2900390625,0,1.8577615217393761
20180213,1278.510009765625,1278.510009765625,1279.8800048828125,1266.6099853515625,1270.77001953125,0,-0.04925222224290149
20180214,1307.050048828125,1307.050048828125,1309.050048828125,1269.9100341796875,1270.699951171875,0,2.2322890587092026
20180215,1322.949951171875,1322.949951171875,1322.989990234375,1291.780029296875,1316.4300537109375,0,1.216472342279884
20180216,1318.3199462890625,1318.3199462890625,1334.31005859375,1317.72998046875,1318.1600341796875,0,-0.3499758156921384
20180220,1341.530029296875,1341.530029296875,1353.3599853515625,1313.969970703125,1314.010009765625,0,1.7605804321740415
20180221,1325.3499755859375,1325.3499755859375,1349.4100341796875,1324.7900390625,1345.969970703125,0,-1.2060895662110438
20180222,1322.0899658203125,1322.0899658203125,1336.3399658203125,1318.510009765625,1330.2099609375,0,-0.24597350327665302
20180223,1351.0899658203125,1351.0899658203125,1351.1300048828125,1332.3399658203125,1336.719970703125,0,2.193496717298382
20180226,1380.27001953125,1380.27001953125,1380.27001953125,1359.18994140625,1360.0899658203125,0,2.159741723284947
20180227,1374.719970703125,1374.719970703125,1397.989990234375,1374.719970703125,1379.010009765625,0,-0.40209877412318296
20180228,1362.02001953125,1362.02001953125,1385.9300537109375,1361.1300048828125,1383.9100341796875,0,-0.9238209557237642
20180301,1340.1400146484375,1340.1400146484375,1367.43994140625,1324.969970703125,1362.449951171875,0,-1.6064378327084072
20180302,1363.780029296875,1363.780029296875,1365.6600341796875,1322.5999755859375,1324.550048828125,0,1.7639958802841305
20180305,1375.8599853515625,1375.8599853515625,1382.4599609375,1349.9100341796875,1354.3299560546875,0,0.8857701238604854
20180306,1396.469970703125,1396.469970703125,1399.989990234375,1381.510009765625,1386.2900390625,0,1.4979711286752906
20180307,1400.469970703125,1400.469970703125,1402.3399658203125,1382.8199462890625,1382.8199462890625,0,0.2864365209361397
20180308,1402.050048828125,1402.050048828125,1409.25,1393.8599853515625,1408.1500244140625,0,0.11282484866181886
20180309,1431.1600341796875,1431.1600341796875,1431.3900146484375,1410.6700439453125,1411.3599853515625,0,2.0762443805692588
20180312,1445.9000244140625,1445.9000244140625,1453.5,1437.0799560546875,1441.4100341796875,0,1.0299330530721296
20180313,1423.4599609375,1423.4599609375,1464.6099853515625,1417.4599609375,1454.75,0,-1.5519789126261396
20180314,1423.5,1423.5,1430.27001953125,1410.5999755859375,1429.9100341796875,0,0.0028127986454684617
20180315,1422.0699462890625,1422.0699462890625,1431.9599609375,1415.5699462890625,1428.510009765625,0,-0.10046039416491404
20180316,1422.5400390625,1422.5400390625,1430.5699462890625,1419.9300537109375,1427.199951171875,0,0.03305693750608185
20180319,1394.8199462890625,1394.8199462890625,1414.5,1375.3800048828125,1409.4300537109375,0,-1.9486335717978087
20180320,1405.5,1405.5,1409.699951171875,1396.050048828125,1397.6300048828125,0,0.7656940768127063
20180321,1407.97998046875,1407.97998046875,1425.0699462890625,1401.469970703125,1403.4200439453125,0,0.17644827241194427
20180322,1368.97998046875,1368.97998046875,1399.6300048828125,1368.5,1386.0699462890625,0,-2.769925747595925
20180323,1323.9200439453125,1323.9200439453125,1370.2900390625,1323.9200439453125,1365.8199462890625,0,-3.291497112178998
20180326,1380.0999755859375,1380.0999755859375,1380.1400146484375,1338.75,1354.300048828125,0,4.243453515002882
20180327,1327.93994140625,1327.93994140625,1391.010009765625,1317.9599609375,1390.1099853515625,0,-3.7794388162018744
20180328,1299.8199462890625,1299.8199462890625,1331.800048828125,1294.31005859375,1319.7900390625,0,-2.1175652783972487
20180329,1328.9000244140625,1328.9000244140625,1340.6600341796875,1300.0799560546875,1312.31005859375,0,2.23723895051946
20180402,1277.010009765625,1277.010009765625,1326.0899658203125,1265.25,1316.760009765625,0,-3.904734268578014
20180403,1302.0899658203125,1302.0899658203125,1305.1400146484375,1279.43994140625,1292.75,0,1.9639592378207338
20180404,1319.010009765625,1319.010009765625,1321.9599609375,1266.06005859375,1266.06005859375,0,1.2994527559125224
20180405,1305.239990234375,1305.239990234375,1329.3399658203125,1296.56005859375,1325.6300048828125,0,-1.0439662647970915
20180406,1265.25,1265.25,1301.6800537109375,1260.469970703125,1285.18994140625,0,-3.0638036325560503
20180409,1273.800048828125,1273.800048828125,1310.3299560546875,1272.9100341796875,1276.4599609375,0,0.6757596386583575
20180410,1314.5400390625,1314.5400390625,1321.989990234375,1295.3199462890625,1305.9100341796875,0,3.1983033971348274
20180411,1315.06005859375,1315.06005859375,1326.22998046875,1304.4100341796875,1306.2900390625,0,0.03955904847301461
20180412,1339.6600341796875,1339.6600341796875,1343.199951171875,1324.0899658203125,1325.8599853515625,0,1.870635141351884
20180413,1329.4000244140625,1329.4000244140625,1355.0,1325.0699462890625,1355.0,0,-0.7658666754142174
20180416,1332.52001953125,1332.52001953125,1339.6300048828125,1321.1600341796875,1336.6199951171875,0,0.23469197080561166
20180417,1357.719970703125,1357.719970703125,1360.6199951171875,1340.6600341796875,1342.6099853515625,0,1.8911499116343267
20180418,1343.780029296875,1343.780029296875,1351.5799560546875,1331.949951171875,1346.25,0,-1.0267169745636795
20180419,1285.8800048828125,1285.8800048828125,1319.239990234375,1281.4000244140625,1313.8299560546875,0,-4.308742737035487
20180420,1270.8299560546875,1270.8299560546875,1291.8299560546875,1265.4200439453125,1285.260009765625,0,-1.1704084962030792
20180423,1253.97998046875,1253.97998046875,1278.449951171875,1251.219970703125,1275.9300537109375,0,-1.325903241866322
20180424,1243.6700439453125,1243.6700439453125,1276.31005859375,1232.9000244140625,1266.719970703125,0,-0.8221771227626462
20180425,1242.18994140625,1242.18994140625,1253.68994140625,1223.0899658203125,1249.989990234375,0,-0.11901086998663546
20180426,1268.2099609375,1268.2099609375,1268.9599609375,1254.4599609375,1263.8699951171875,0,2.0946892793056726
20180427,1258.1099853515625,1258.1099853515625,1285.010009765625,1252.280029296875,1284.3599853515625,0,-0.7963961723239654
20180430,1244.4000244140625,1244.4000244140625,1265.739990234375,1239.780029296875,1260.02001953125,0,-1.089726740676722
20180501,1265.93994140625,1265.93994140625,1266.8699951171875,1240.8900146484375,1242.6700439453125,0,1.7309479724841426
20180502,1259.4200439453125,1259.4200439453125,1270.4100341796875,1254.6099853515625,1266.800048828125,0,-0.5150242320101639
20180503,1267.43994140625,1267.43994140625,1272.550048828125,1240.300048828125,1248.949951171875,0,0.6367929031694697
20180504,1296.72998046875,1296.72998046875,1297.81005859375,1253.5799560546875,1257.06005859375,0,2.310960709507248
20180507,1308.47998046875,1308.47998046875,1314.5,1301.8699951171875,1303.300048828125,0,0.9061254214044245
20180508,1318.02001953125,1318.02001953125,1318.260009765625,1302.3199462890625,1308.3599853515625,0,0.7290932383300586
20180509,1336.6800537109375,1336.6800537109375,1336.97998046875,1317.739990234375,1320.5400390625,0,1.4157625759223302
20180510,1360.719970703125,1360.719970703125,1361.0999755859375,1344.530029296875,1346.1500244140625,0,1.7984795183744184
20180511,1350.4599609375,1350.4599609375,1363.0400390625,1348.1600341796875,1353.760009765625,0,-0.7540133154893991
20180514,1367.5,1367.5,1382.68994140625,1364.3499755859375,1367.8299560546875,0,1.2617952072174532
20180515,1351.0999755859375,1351.0999755859375,1361.4000244140625,1342.260009765625,1359.1300048828125,0,-1.1992705238802581
20180516,1370.0999755859375,1370.0999755859375,1372.030029296875,1355.6500244140625,1355.6700439453125,0,1.4062615900618525
20180517,1364.8699951171875,1364.8699951171875,1376.239990234375,1355.27001953125,1365.8199462890625,0,-0.3817225430219673
20180518,1345.199951171875,1345.199951171875,1354.22998046875,1341.0400390625,1349.5899658203125,0,-1.4411661195338654
20180521,1359.3399658203125,1359.3399658203125,1372.6500244140625,1347.0999755859375,1365.4200439453125,0,1.0511459382762656
20180522,1366.969970703125,1366.969970703125,1376.8499755859375,1362.449951171875,1369.68994140625,0,0.561302181548684
20180523,1373.949951171875,1373.949951171875,1374.1199951171875,1350.3800048828125,1352.760009765625,0,0.5106169570908481
20180524,1378.719970703125,1378.719970703125,1382.030029296875,1362.1099853515625,1373.6300048828125,0,0.34717563963531095
20180525,1390.8399658203125,1390.8399658203125,1392.0799560546875,1377.510009765625,1379.0,0,0.87907590915699
20180529,1380.9200439453125,1380.9200439453125,1392.719970703125,1371.3800048828125,1383.1300048828125,0,-0.7132324436154192
20180530,1389.9100341796875,1389.9100341796875,1399.780029296875,1383.030029296875,1388.3900146484375,0,0.6510145372856213
20180531,1379.0,1379.0,1393.6099853515625,1377.3199462890625,1383.760009765625,0,-0.7849453497993153
20180601,1411.31005859375,1411.31005859375,1411.4300537109375,1387.6700439453125,1391.530029296875,0,2.3430064244923887
20180604,1422.6700439453125,1422.6700439453125,1423.8800048828125,1409.4300537109375,1412.989990234375,0,0.8049248485397786
20180605,1428.510009765625,1428.510009765625,1432.260009765625,1420.0899658203125,1427.5799560546875,0,0.41049334279348315
20180606,1437.93994140625,1437.93994140625,1438.1300048828125,1423.0799560546875,1430.1300048828125,0,0.6601235956458007
20180607,1424.3399658203125,1424.3399658203125,1440.550048828125,1414.550048828125,1438.6600341796875,0,-0.9457958009454259
20180608,1412.2900390625,1412.2900390625,1414.9200439453125,1400.6099853515625,1407.2900390625,0,-0.8460007475022069
20180611,1408.989990234375,1408.989990234375,1416.47998046875,1404.739990234375,1409.9000244140625,0,-0.23366650877999495
20180612,1416.3699951171875,1416.3699951171875,1417.4599609375,1404.1800537109375,1412.4200439453125,0,0.5237797950278456
20180613,1414.47998046875,1414.47998046875,1429.5400390625,1413.3299560546875,1416.7099609375,0,-0.1334407432346918
20180614,1423.1199951171875,1423.1199951171875,1429.989990234375,1414.8599853515625,1420.6400146484375,0,0.6108262236114603
20180615,1422.0400390625,1422.0400390625,1423.3599853515625,1409.31005859375,1414.8699951171875,0,-0.07588650699821287
20180618,1407.9100341796875,1407.9100341796875,1409.9300537109375,1395.1700439453125,1407.3499755859375,0,-0.9936432515731397
20180619,1391.5799560546875,1391.5799560546875,1392.4300537109375,1370.8599853515625,1381.530029296875,0,-1.1598807969654623
20180620,1398.5999755859375,1398.5999755859375,1405.3699951171875,1392.510009765625,1400.56005859375,0,0.5044639728178257
20180621,1381.010009765625,1381.010009765625,1408.8499755859375,1379.3699951171875,1408.3499755859375,0,-1.2576838357903797
20180622,1371.0,1371.0,1389.1300048828125,1367.7900390625,1388.719970703125,0,-0.7248325279933243
20180625,1328.0400390625,1328.0400390625,1348.2900390625,1311.280029296875,1347.52001953125,0,-3.1334763630561646
20180626,1333.4000244140625,1333.4000244140625,1339.9100341796875,1326.5,1334.2099609375,0,0.40360118625235586
20180627,1300.510009765625,1300.510009765625,1343.469970703125,1300.1099853515625,1338.199951171875,0,-2.466627722081405
20180628,1311.6400146484375,1311.6400146484375,1313.949951171875,1295.719970703125,1298.52001953125,0,0.8558184711564332
20180629,1313.699951171875,1313.699951171875,1329.6199951171875,1313.699951171875,1321.8900146484375,0,0.1570504483266788
20180702,1321.81005859375,1321.81005859375,1322.3499755859375,1293.780029296875,1297.8900146484375,0,0.6173485364477926
20180703,1297.7099609375,1297.7099609375,1327.31005859375,1296.5,1326.5799560546875,0,-1.8232648102171067
20180705,1332.9599609375,1332.9599609375,1333.1400146484375,1311.9200439453125,1312.199951171875,0,2.716323451392366
20180706,1349.18994140625,1349.18994140625,1351.31005859375,1325.8499755859375,1330.969970703125,0,1.2175894958866618
20180709,1358.030029296875,1358.030029296875,1360.5699462890625,1342.0999755859375,1359.8299560546875,0,0.6552144823590345
20180710,1372.25,1372.25,1375.3299560546875,1359.800048828125,1360.3199462890625,0,1.047102817784329
20180711,1336.7099609375,1336.7099609375,1358.0699462890625,1336.06005859375,1351.469970703125,0,-2.589909933503365
20180712,1346.199951171875,1346.199951171875,1347.5699462890625,1324.969970703125,1331.260009765625,0,0.709951336617487
20180713,1340.8299560546875,1340.8299560546875,1349.2099609375,1339.18994140625,1348.4000244140625,0,-0.39890026087974206
20180716,1339.239990234375,1339.239990234375,1348.3499755859375,1338.4000244140625,1341.0,0,-0.11858072033167355
20180717,1358.989990234375,1358.989990234375,1359.280029296875,1328.8399658203125,1329.0799560546875,0,1.4747170144272292
20180718,1369.4599609375,1369.4599609375,1371.56005859375,1360.1099853515625,1367.6800537109375,0,0.7704229448606492
20180719,1365.8199462890625,1365.8199462890625,1371.6400146484375,1357.3900146484375,1365.949951171875,0,-0.2657992750620952
20180720,1359.18994140625,1359.18994140625,1366.969970703125,1352.4300537109375,1364.9300537109375,0,-0.4854230530771053
20180723,1361.3800048828125,1361.3800048828125,1363.6600341796875,1335.0999755859375,1352.0999755859375,0,0.16113005326514607
20180724,1346.5799560546875,1346.5799560546875,1377.02001953125,1345.050048828125,1368.3900146484375,0,-1.0871357574697926
20180725,1353.1500244140625,1353.1500244140625,1353.300048828125,1328.5999755859375,1345.050048828125,0,0.48790777924725415
20180726,1378.4200439453125,1378.4200439453125,1379.3199462890625,1363.6800537109375,1368.27001953125,0,1.8674957746974474
20180727,1372.239990234375,1372.239990234375,1391.5699462890625,1362.5999755859375,1384.3900146484375,0,-0.44834328534928414
20180730,1358.56005859375,1358.56005859375,1375.02001953125,1351.9000244140625,1374.2900390625,0,-0.9969051869920031
20180731,1367.469970703125,1367.469970703125,1386.0699462890625,1364.8299560546875,1370.030029296875,0,0.6558349815316777
20180801,1365.1099853515625,1365.1099853515625,1379.52001953125,1359.6300048828125,1367.81005859375,0,-0.17258041508210198
20180802,1378.8299560546875,1378.8299560546875,1380.6800537109375,1348.1300048828125,1348.72998046875,0,1.0050450769790276
20180803,1381.6400146484375,1381.6400146484375,1382.8599853515625,1372.8900146484375,1379.6300048828125,0,0.20380022796941955
20180806,1389.219970703125,1389.219970703125,1389.3199462890625,1371.0899658203125,1376.1800537109375,0,0.5486201886398145
20180807,1400.0,1400.0,1400.8800048828125,1390.1300048828125,1392.4300537109375,0,0.7759771327948028
20180808,1403.77001953125,1403.77001953125,1406.0400390625,1395.010009765625,1399.4100341796875,0,0.2692871093749938
20180809,1389.06005859375,1389.06005859375,1397.9200439453125,1388.949951171875,1397.550048828125,0,-1.0478896637507562
20180810,1354.800048828125,1354.800048828125,1366.47998046875,1348.6199951171875,1360.3399658203125,0,-2.4664167365311074
20180813,1356.75,1356.75,1368.77001953125,1355.5,1357.530029296875,0,0.14392907452001058
20180814,1354.18994140625,1354.18994140625,1366.6300048828125,1352.9300537109375,1364.050048828125,0,-0.18869051732079978
20180815,1334.8599853515625,1334.8599853515625,1347.8499755859375,1321.6800537109375,1341.6800537109375,0,-1.4274183749005243
20180816,1333.0899658203125,1333.0899658203125,1344.4200439453125,1329.8199462890625,1343.8699951171875,0,-0.1325996397130602
20180817,1323.4100341796875,1323.4100341796875,1327.02001953125,1304.219970703125,1317.1500244140625,0,-0.7261274099132908
20180820,1322.0999755859375,1322.0999755859375,1330.010009765625,1307.4599609375,1325.3199462890625,0,-0.09899113350474442
20180821,1348.280029296875,1348.280029296875,1351.3900146484375,1326.06005859375,1326.8199462890625,0,1.9801871412435945
20180822,1354.530029296875,1354.530029296875,1355.75,1336.8900146484375,1340.4599609375,0,0.46355355446889845
20180823,1356.1300048828125,1356.1300048828125,1365.800048828125,1353.1400146484375,1354.8599853515625,0,0.11812034811573557
20180824,1375.8800048828125,1375.8800048828125,1376.239990234375,1361.47998046875,1364.52001953125,0,1.4563500496920678
20180827,1397.4599609375,1397.4599609375,1407.719970703125,1383.6400146484375,1386.6300048828125,0,1.568447537438078
20180828,1402.949951171875,1402.949951171875,1408.27001953125,1389.3199462890625,1403.6300048828125,0,0.3928549216316801
20180829,1406.3800048828125,1406.3800048828125,1410.1300048828125,1397.3599853515625,1399.31005859375,0,0.24448867246278372
20180830,1393.1700439453125,1393.1700439453125,1407.6500244140625,1391.3699951171875,1402.719970703125,0,-0.9392881647660167
20180831,1401.199951171875,1401.199951171875,1402.8399658203125,1392.0400390625,1392.1199951171875,0,0.5763766786014646
20180904,1410.9300537109375,1410.9300537109375,1411.6500244140625,1391.199951171875,1395.75,0,0.6944121380338952
20180905,1403.8199462890625,1403.8199462890625,1413.550048828125,1392.2099609375,1411.489990234375,0,-0.5039305388083837
20180906,1366.3499755859375,1366.3499755859375,1399.5899658203125,1365.3199462890625,1398.1099853515625,0,-2.669143632142801
20180907,1360.77001953125,1360.77001953125,1380.8900146484375,1357.81005859375,1361.56005859375,0,-0.40838410029572225
20180910,1375.739990234375,1375.739990234375,1376.0,1362.56005859375,1371.239990234375,0,1.1001102675881835
20180911,1361.8900146484375,1361.8900146484375,1371.6099853515625,1354.72998046875,1366.1099853515625,0,-1.006729155527275
20180912,1346.02001953125,1346.02001953125,1346.510009765625,1316.760009765625,1341.550048828125,0,-1.1652919800050232
20180913,1362.199951171875,1362.199951171875,1378.800048828125,1356.489990234375,1364.6800537109375,0,1.2020572804154694
20180914,1377.31005859375,1377.31005859375,1382.3499755859375,1365.9000244140625,1369.5999755859375,0,1.1092429866023767
20180917,1357.47998046875,1357.47998046875,1375.72998046875,1356.0999755859375,1370.1700439453125,0,-1.439768627352267
20180918,1368.8699951171875,1368.8699951171875,1377.0400390625,1363.52001953125,1363.6600341796875,0,0.8390558102009393
20180919,1371.6800537109375,1371.6800537109375,1377.239990234375,1365.3299560546875,1371.510009765625,0,0.2052830877858014
20180920,1387.6700439453125,1387.6700439453125,1392.800048828125,1381.010009765625,1381.050048828125,0,1.1657230263803608
20180921,1383.0899658203125,1383.0899658203125,1394.0999755859375,1380.260009765625,1386.3800048828125,0,-0.3300552710627347
20180924,1388.4599609375,1388.4599609375,1389.06005859375,1369.739990234375,1375.300048828125,0,0.38826072416791035
20180925,1364.8199462890625,1364.8199462890625,1383.8399658203125,1362.81005859375,1383.75,0,-1.7026068675740302
20180926,1351.8499755859375,1351.8499755859375,1367.8199462890625,1350.56005859375,1360.0400390625,0,-0.9503063564091585
20180927,1357.8699951171875,1357.8699951171875,1362.550048828125,1352.8399658203125,1356.6300048828125,0,0.4453171313363091
20180928,1366.739990234375,1366.739990234375,1370.5799560546875,1351.9000244140625,1355.3699951171875,0,0.6532285969263141
20181001,1370.43994140625,1370.43994140625,1382.050048828125,1367.31005859375,1370.9300537109375,0,0.2707136103656804
20181002,1370.8699951171875,1370.8699951171875,1389.4599609375,1368.0999755859375,1368.1500244140625,0,0.031380704687888894
20181003,1372.4000244140625,1372.4000244140625,1381.1700439453125,1359.719970703125,1378.77001953125,0,0.11161009448923398
20181004,1347.1600341796875,1347.1600341796875,1363.739990234375,1336.0699462890625,1362.8199462890625,0,-1.839113216654964
20181005,1315.8399658203125,1315.8399658203125,1348.9200439453125,1303.8900146484375,1346.6300048828125,0,-2.3248958969040667
20181008,1301.0,1301.0,1317.0899658203125,1289.9200439453125,1306.31005859375,0,-1.1277941243455936
20181009,1300.1500244140625,1300.1500244140625,1305.8800048828125,1291.760009765625,1299.0799560546875,0,-0.06533248162471361
20181010,1242.0999755859375,1242.0999755859375,1282.760009765625,1241.449951171875,1278.800048828125,0,-4.464873109877177
20181011,1229.3599853515625,1229.3599853515625,1266.5400390625,1220.489990234375,1244.8399658203125,0,-1.0256815461545443
20181012,1253.5799560546875,1253.5799560546875,1269.52001953125,1234.3599853515625,1264.3800048828125,0,1.9701284401410613
20181015,1241.8199462890625,1241.8199462890625,1255.969970703125,1237.489990234375,1245.8800048828125,0,-0.9381140555754008
20181016,1282.949951171875,1282.949951171875,1284.27001953125,1255.0,1255.5899658203125,0,3.312074750105398
20181017,1277.31005859375,1277.31005859375,1295.050048828125,1268.800048828125,1292.5,0,-0.4396034757999212
20181018,1245.300048828125,1245.300048828125,1271.6600341796875,1241.02001953125,1271.6600341796875,0,-2.506048515805659
20181019,1225.93994140625,1225.93994140625,1260.219970703125,1221.75,1253.8900146484375,0,-1.5546540321823343
20181022,1234.199951171875,1234.199951171875,1241.489990234375,1223.3900146484375,1236.3699951171875,0,0.6737695287217793
20181023,1227.6099853515625,1227.6099853515625,1234.3699951171875,1189.1300048828125,1197.969970703125,0,-0.5339463685811507
20181024,1146.4100341796875,1146.4100341796875,1207.3299560546875,1144.72998046875,1204.739990234375,0,-6.6144746410335635
20181025,1173.2099609375,1173.2099609375,1182.1099853515625,1151.219970703125,1151.239990234375,0,2.33772611533265
20181026,1153.0,1153.0,1172.6400146484375,1134.1800537109375,1145.0899658203125,0,-1.7226209809325543
20181029,1140.1500244140625,1140.1500244140625,1181.2900390625,1119.3699951171875,1175.9300537109375,0,-1.1144818374620558
20181030,1187.5699462890625,1187.5699462890625,1188.739990234375,1140.3599853515625,1141.719970703125,0,4.15909493133324
20181031,1202.300048828125,1202.300048828125,1211.7099609375,1191.8900146484375,1205.5799560546875,0,1.2403566278425426
20181101,1258.0799560546875,1258.0799560546875,1261.530029296875,1210.3699951171875,1210.5999755859375,0,4.639433166531992
20181102,1239.1600341796875,1239.1600341796875,1260.699951171875,1224.780029296875,1257.0999755859375,0,-1.503872769289838
20181105,1228.5999755859375,1228.5999755859375,1235.280029296875,1208.3699951171875,1233.9599609375,0,-0.8521948983563399
20181106,1242.6300048828125,1242.6300048828125,1246.81005859375,1226.31005859375,1226.3499755859375,0,1.1419525944710962
20181107,1257.469970703125,1257.469970703125,1260.68994140625,1242.550048828125,1255.1400146484375,0,1.1942384911035608
20181108,1252.22998046875,1252.22998046875,1260.9100341796875,1240.489990234375,1241.3199462890625,0,-0.4167089756779596
20181109,1229.050048828125,1229.050048828125,1239.050048828125,1218.2099609375,1235.6500244140625,0,-1.8510922116677042
20181112,1174.489990234375,1174.489990234375,1208.239990234375,1170.4599609375,1207.0799560546875,0,-4.43920559994867
20181113,1190.3699951171875,1190.3699951171875,1213.9200439453125,1184.7099609375,1186.530029296875,0,1.3520766472980839
20181114,1194.7099609375,1194.7099609375,1212.77001953125,1183.9200439453125,1205.300048828125,0,0.3645896517985747
20181115,1234.6199951171875,1234.6199951171875,1239.7099609375,1189.3199462890625,1189.6400146484375,0,3.3405626038615965
20181116,1220.1400146484375,1220.1400146484375,1225.8199462890625,1193.56005859375,1194.949951171875,0,-1.172828929226566
20181119,1173.010009765625,1173.010009765625,1217.5400390625,1172.3599853515625,1213.4300537109375,0,-3.862671850524646
20181120,1174.8199462890625,1174.8199462890625,1190.3900146484375,1143.93994140625,1143.949951171875,0,0.1542984721672802
20181121,1179.72998046875,1179.72998046875,1196.510009765625,1179.449951171875,1191.5999755859375,0,0.417939293182501
20181123,1179.239990234375,1179.239990234375,1189.8399658203125,1168.8599853515625,1168.8599853515625,0,-0.0415341003862868
20181126,1201.719970703125,1201.719970703125,1201.8199462890625,1184.760009765625,1199.780029296875,0,1.9063108998094602
20181127,1204.0799560546875,1204.0799560546875,1213.550048828125,1189.4599609375,1193.1199951171875,0,0.19638396707193362
20181128,1231.449951171875,1231.449951171875,1231.739990234375,1192.969970703125,1214.4100341796875,0,2.2731044545304613
20181129,1221.4300537109375,1221.4300537109375,1233.8599853515625,1219.1400146484375,1226.4200439453125,0,-0.813666641620503
20181130,1239.5999755859375,1239.5999755859375,1239.6300048828125,1210.1600341796875,1220.52001953125,0,1.4875941376909951
20181203,1272.739990234375,1272.739990234375,1281.3499755859375,1259.4200439453125,1278.739990234375,0,2.673444280504511
20181204,1209.3499755859375,1209.3499755859375,1263.6600341796875,1208.5400390625,1263.239990234375,0,-4.980594240365166
20181206,1202.8299560546875,1202.8299560546875,1202.8800048828125,1170.530029296875,1178.010009765625,0,-0.5391342177925806
20181207,1157.8599853515625,1157.8599853515625,1202.9599609375,1152.3399658203125,1200.050048828125,0,-3.7386806403315376
20181210,1174.18994140625,1174.18994140625,1178.72998046875,1152.1800537109375,1157.5899658203125,0,1.4103567150849594
20181211,1181.47998046875,1181.47998046875,1208.989990234375,1174.5799560546875,1200.27001953125,0,0.6208568823004246
20181212,1198.9000244140625,1198.9000244140625,1216.010009765625,1190.4000244140625,1203.6400146484375,0,1.4744256553886892
20181213,1194.5899658203125,1194.5899658203125,1211.9300537109375,1190.1300048828125,1208.0,0,-0.3595010848261859
20181214,1177.5699462890625,1177.5699462890625,1201.75,1177.27001953125,1179.8699951171875,0,-1.4247582867952913
20181217,1162.4599609375,1162.4599609375,1193.9599609375,1155.780029296875,1175.550048828125,0,-1.2831497100600608
20181218,1177.3599853515625,1177.3599853515625,1195.5899658203125,1171.6800537109375,1173.6099853515625,0,1.2817666771116842
20181219,1127.43994140625,1127.43994140625,1183.3199462890625,1122.1800537109375,1167.5899658203125,0,-4.239998349392371
20181220,1117.739990234375,1117.739990234375,1144.8299560546875,1104.3699951171875,1131.5400390625,0,-0.8603519190367059
20181221,1101.2900390625,1101.2900390625,1138.56005859375,1097.2099609375,1135.510009765625,0,-1.4717153645389058
20181224,1069.3900146484375,1069.3900146484375,1103.18994140625,1068.9200439453125,1091.6199951171875,0,-2.896605188694723
20181226,1131.0999755859375,1131.0999755859375,1131.300048828125,1066.3900146484375,1082.1500244140625,0,5.770575757413177
20181227,1139.489990234375,1139.489990234375,1140.0,1101.0799560546875,1112.0799560546875,0,0.7417571239970444
20181228,1147.3699951171875,1147.3699951171875,1168.31005859375,1137.8399658203125,1144.780029296875,0,0.6915378766242375
20181231,1155.1700439453125,1155.1700439453125,1164.3699951171875,1143.5999755859375,1160.1700439453125,0,0.679819836784934
20190102,1165.300048828125,1165.300048828125,1173.52001953125,1131.43994140625,1131.469970703125,0,0.8769275948513178
20190103,1096.030029296875,1096.030029296875,1142.9200439453125,1094.5899658203125,1136.9599609375,0,-5.944393429049533
20190104,1143.9599609375,1143.9599609375,1148.449951171875,1111.7900390625,1114.47998046875,0,4.373049128167872
20190107,1166.239990234375,1166.239990234375,1176.75,1143.239990234375,1147.219970703125,0,1.9476231736831107
20190108,1160.550048828125,1160.550048828125,1177.8199462890625,1145.3800048828125,1177.760009765625,0,-0.48788769497661866
20190109,1189.8399658203125,1189.8399658203125,1195.6300048828125,1174.6700439453125,1175.030029296875,0,2.523796110453258
20190110,1201.4000244140625,1201.4000244140625,1202.9599609375,1178.72998046875,1181.260009765625,0,0.971564153653226
20190111,1213.0400390625,1213.0400390625,1224.02001953125,1192.050048828125,1194.6500244140625,0,0.9688708516644606
20190114,1194.280029296875,1194.280029296875,1202.1700439453125,1187.97998046875,1196.0400390625,0,-1.5465284872314466
20190115,1197.030029296875,1197.030029296875,1210.8399658203125,1191.969970703125,1202.219970703125,0,0.23026425398899875
20190116,1187.18994140625,1187.18994140625,1206.760009765625,1186.3699951171875,1197.6099853515625,0,-0.822041857747291
20190117,1200.760009765625,1200.760009765625,1206.8299560546875,1172.31005859375,1177.68994140625,0,1.1430410489581044
20190118,1228.3299560546875,1228.3299560546875,1236.1300048828125,1206.5699462890625,1210.699951171875,0,2.296041345884259
20190122,1193.3599853515625,1193.3599853515625,1217.68994140625,1185.050048828125,1217.0699462890625,0,-2.84695252531707
20190123,1185.949951171875,1185.949951171875,1205.3499755859375,1174.9599609375,1200.3199462890625,0,-0.6209387167866676
20190124,1253.9100341796875,1253.9100341796875,1258.719970703125,1218.02001953125,1218.4599609375,0,5.730434318974331
20190125,1281.1600341796875,1281.1600341796875,1285.3800048828125,1250.3699951171875,1260.52001953125,0,2.1732021642068666
20190128,1254.4000244140625,1254.4000244140625,1264.8299560546875,1230.68994140625,1234.43994140625,0,-2.088732793070547
20190129,1236.25,1236.25,1258.8199462890625,1234.9100341796875,1255.949951171875,0,-1.4469088058684076
20190130,1271.760009765625,1271.760009765625,1276.4599609375,1244.199951171875,1254.949951171875,0,2.8723971498988865
20190131,1272.0899658203125,1272.0899658203125,1282.68994140625,1260.3399658203125,1266.72998046875,0,0.025944836459212972
20190201,1287.4000244140625,1287.4000244140625,1292.7099609375,1274.68994140625,1275.8800048828125,0,1.2035358351307535
20190204,1293.8800048828125,1293.8800048828125,1293.9100341796875,1276.8199462890625,1285.3499755859375,0,0.5033385385944333
20190205,1300.1300048828125,1300.1300048828125,1305.0,1291.1400146484375,1291.699951171875,0,0.4830432479375091
20190206,1333.760009765625,1333.760009765625,1343.7099609375,1321.2900390625,1321.2900390625,0,2.5866647763308714
20190207,1303.9200439453125,1303.9200439453125,1322.5400390625,1293.0999755859375,1314.489990234375,0,-2.2372814900602833
20190208,1302.4200439453125,1302.4200439453125,1304.530029296875,1279.6700439453125,1284.3499755859375,0,-0.11503772849916771
20190211,1308.8800048828125,1308.8800048828125,1311.6600341796875,1297.52001953125,1307.2900390625,0,0.4959967383434405
20190212,1336.719970703125,1336.719970703125,1339.25,1322.9000244140625,1324.9100341796875,0,2.1270067322026964
20190213,1340.7099609375,1340.7099609375,1350.6800537109375,1336.3399658203125,1342.300048828125,0,0.2984911067256846
20190214,1344.1099853515625,1344.1099853515625,1353.489990234375,1334.449951171875,1336.010009765625,0,0.2535988031061587
20190215,1351.1800537109375,1351.1800537109375,1358.0699462890625,1343.030029296875,1355.4100341796875,0,0.5260037077639668
20190219,1348.489990234375,1348.489990234375,1357.75,1345.780029296875,1345.989990234375,0,-0.199089933956198
20190220,1360.280029296875,1360.280029296875,1368.3399658203125,1353.300048828125,1353.5,0,0.8743141697663548
20190221,1350.25,1350.25,1363.2900390625,1346.239990234375,1359.469970703125,0,-0.7373503308770513
20190222,1364.780029296875,1364.780029296875,1366.1199951171875,1355.3599853515625,1361.0999755859375,0,1.0760991888076221
20190225,1375.949951171875,1375.949951171875,1391.43994140625,1374.6800537109375,1384.7099609375,0,0.8184411872405928
20190226,1366.5799560546875,1366.5799560546875,1377.18994140625,1362.8900146484375,1371.8800048828125,0,-0.680983716682948
20190227,1349.8699951171875,1349.8699951171875,1359.1500244140625,1336.0899658203125,1358.9000244140625,0,-1.2227576486444014
20190228,1350.199951171875,1350.199951171875,1354.260009765625,1339.9300537109375,1342.4300537109375,0,0.024443543147190105
20190301,1363.1300048828125,1363.1300048828125,1368.8399658203125,1348.72998046875,1365.6199951171875,0,0.957639918422104
20190304,1363.25,1363.25,1376.22998046875,1346.449951171875,1372.7099609375,0,0.008802910709748701
20190305,1356.9000244140625,1356.9000244140625,1365.3399658203125,1351.77001953125,1361.18994140625,0,-0.4657968520768385
20190306,1333.8199462890625,1333.8199462890625,1355.18994140625,1333.3299560546875,1354.81005859375,0,-1.7009416839657288
20190307,1319.0899658203125,1319.0899658203125,1328.5999755859375,1311.4000244140625,1326.9200439453125,0,-1.104345493537684
20190308,1318.2099609375,1318.2099609375,1319.3299560546875,1292.760009765625,1297.239990234375,0,-0.06671302986261951
20190311,1349.8800048828125,1349.8800048828125,1355.81005859375,1324.47998046875,1325.949951171875,0,2.402503765241537
20190312,1355.1199951171875,1355.1199951171875,1362.1300048828125,1342.6300048828125,1354.22998046875,0,0.38818192842480226
20190313,1360.77001953125,1360.77001953125,1371.3299560546875,1358.8299560546875,1362.75,0,0.4169390485285973
20190314,1353.06005859375,1353.06005859375,1367.0799560546875,1352.5699462890625,1362.219970703125,0,-0.566588095478171
20190315,1392.3599853515625,1392.3599853515625,1402.449951171875,1371.219970703125,1373.760009765625,0,2.9045219765527097
20190318,1388.77001953125,1388.77001953125,1401.719970703125,1380.8800048828125,1392.6600341796875,0,-0.2578331651355237
20190319,1407.3499755859375,1407.3499755859375,1411.6800537109375,1398.550048828125,1398.550048828125,0,1.3378713389103014
20190320,1393.010009765625,1393.010009765625,1413.8199462890625,1384.8699951171875,1410.1199951171875,0,-1.0189338877376386
20190321,1441.8299560546875,1441.8299560546875,1450.760009765625,1399.52001953125,1399.52001953125,0,3.5046371488225425
20190322,1400.3699951171875,1400.3699951171875,1437.6300048828125,1399.72998046875,1433.2099609375,0,-2.875509748108429
20190325,1382.75,1382.75,1403.030029296875,1371.9100341796875,1388.3900146484375,0,-1.2582385497136417
20190326,1396.75,1396.75,1408.739990234375,1386.3199462890625,1399.8499755859375,0,1.0124751401193288
20190327,1376.47998046875,1376.47998046875,1402.0799560546875,1366.68994140625,1398.52001953125,0,-1.4512274588330043
20190328,1373.800048828125,1373.800048828125,1391.1400146484375,1365.1600341796875,1380.1700439453125,0,-0.19469455993921247
20190329,1395.510009765625,1395.510009765625,1398.050048828125,1386.8900146484375,1392.0799560546875,0,1.5802853520072935
20190401,1430.239990234375,1430.239990234375,1431.550048828125,1410.52001953125,1417.6600341796875,0,2.4886944719646253
20190402,1431.6300048828125,1431.6300048828125,1434.8499755859375,1423.219970703125,1431.550048828125,0,0.097187511042085
20190403,1464.18994140625,1464.18994140625,1476.6099853515625,1450.5999755859375,1451.6500244140625,0,2.274326216437661
20190404,1465.8900146484375,1465.8900146484375,1475.27001953125,1458.9000244140625,1460.02001953125,0,0.1161101571668155
20190405,1477.6500244140625,1477.6500244140625,1478.0999755859375,1467.02001953125,1475.1400146484375,0,0.8022436641295538
20190408,1481.3800048828125,1481.3800048828125,1482.47998046875,1468.1199951171875,1472.3299560546875,0,0.2524265155566141
20190409,1464.52001953125,1464.52001953125,1472.239990234375,1458.260009765625,1472.239990234375,0,-1.1381269691767115
20190410,1477.1600341796875,1477.1600341796875,1481.300048828125,1463.6400146484375,1465.22998046875,0,0.8630824078788013
20190411,1476.0699462890625,1476.0699462890625,1486.02001953125,1471.6099853515625,1478.3299560546875,0,-0.0737961944137222
20190412,1497.1199951171875,1497.1199951171875,1497.1300048828125,1484.9599609375,1490.4300537109375,0,1.4260874886753205
20190415,1485.8199462890625,1485.8199462890625,1498.0999755859375,1477.449951171875,1496.949951171875,0,-0.7547857796956658
20190416,1533.219970703125,1533.219970703125,1533.6099853515625,1495.22998046875,1495.5999755859375,0,3.190159381858293
20190417,1557.0799560546875,1557.0799560546875,1576.7900390625,1545.8599853515625,1566.77001953125,0,1.5562010544788674
20190418,1558.1300048828125,1558.1300048828125,1562.6400146484375,1550.8800048828125,1557.4200439453125,0,0.06743705254452781
20190422,1558.2900390625,1558.2900390625,1561.8399658203125,1547.4200439453125,1553.18994140625,0,0.010270913157817141
20190423,1574.050048828125,1574.050048828125,1579.030029296875,1561.3699951171875,1562.280029296875,0,1.011365623251148
20190424,1589.02001953125,1589.02001953125,1604.5699462890625,1575.3800048828125,1575.550048828125,0,0.9510479488419099
20190425,1560.3199462890625,1560.3199462890625,1583.72998046875,1547.260009765625,1582.3499755859375,0,-1.8061492548504088
20190426,1547.4000244140625,1547.4000244140625,1547.6300048828125,1515.489990234375,1530.02001953125,0,-0.8280302963329822
20190429,1544.43994140625,1544.43994140625,1551.1400146484375,1538.199951171875,1546.43994140625,0,-0.19129397448041097
20190430,1556.1800537109375,1556.1800537109375,1559.530029296875,1541.8199462890625,1547.2900390625,0,0.7601533727493281
20190501,1543.47998046875,1543.47998046875,1579.18994140625,1543.300048828125,1570.3599853515625,0,-0.8161056435534109
20190502,1560.6099853515625,1560.6099853515625,1576.6700439453125,1540.68994140625,1542.4300537109375,0,1.1098300657978122
20190503,1570.699951171875,1570.699951171875,1571.4300537109375,1552.9599609375,1564.5,0,0.6465398731919203
20190506,1543.72998046875,1543.72998046875,1545.3399658203125,1513.199951171875,1514.0799560546875,0,-1.7170670109846964
20190507,1506.3199462890625,1506.3199462890625,1527.280029296875,1489.969970703125,1522.4000244140625,0,-2.4233534784579347
20190508,1494.47998046875,1494.47998046875,1517.1800537109375,1491.8199462890625,1494.8599853515625,0,-0.7860193214251132
20190509,1476.800048828125,1476.800048828125,1483.760009765625,1443.97998046875,1466.5899658203125,0,-1.1830156222688015
20190510,1478.8699951171875,1478.8699951171875,1487.3299560546875,1444.1400146484375,1469.0699462890625,0,0.1401642890454191
20190513,1408.949951171875,1408.949951171875,1438.47998046875,1403.3499755859375,1431.1400146484375,0,-4.72793715310803
20190514,1442.8299560546875,1442.8299560546875,1449.989990234375,1420.72998046875,1423.550048828125,0,2.4046279894210043
20190515,1454.5,1454.5,1464.1300048828125,1427.449951171875,1428.47998046875,0,0.8088301671545173
20190516,1430.1099853515625,1430.1099853515625,1446.1800537109375,1421.6700439453125,1431.9599609375,0,-1.6768659091397353
20190517,1402.010009765625,1402.010009765625,1436.1500244140625,1396.800048828125,1408.06005859375,0,-1.964882133105983
20190520,1345.5799560546875,1345.5799560546875,1367.7099609375,1337.1500244140625,1355.9100341796875,0,-4.024939431093721
20190521,1374.2099609375,1374.2099609375,1380.5699462890625,1362.9599609375,1375.489990234375,0,2.1277074434697507
20190522,1345.0400390625,1345.0400390625,1359.1600341796875,1341.1099853515625,1345.06005859375,0,-2.122668493473878
20190523,1322.8399658203125,1322.8399658203125,1324.4599609375,1302.1300048828125,1316.3499755859375,0,-1.6505139324819673
20190524,1311.969970703125,1311.969970703125,1339.4300537109375,1310.9100341796875,1334.219970703125,0,-0.8217165642139368
20190528,1300.300048828125,1300.300048828125,1323.760009765625,1298.0899658203125,1317.8800048828125,0,-0.8894961116179934
20190529,1305.5699462890625,1305.5699462890625,1311.3599853515625,1286.989990234375,1288.5,0,0.4052831856529604
20190530,1315.2900390625,1315.2900390625,1325.780029296875,1305.2900390625,1309.969970703125,0,0.7445095378509459
20190531,1296.1800537109375,1296.1800537109375,1317.449951171875,1295.1700439453125,1298.1199951171875,0,-1.4529103683613043
20190603,1300.52001953125,1300.52001953125,1324.800048828125,1293.1099853515625,1313.3199462890625,0,0.33482738820793667
20190604,1355.260009765625,1355.260009765625,1356.260009765625,1312.72998046875,1323.1300048828125,0,4.209084782416883
20190605,1345.0999755859375,1345.0999755859375,1369.530029296875,1328.199951171875,1365.31005859375,0,-0.7496741663206463
20190606,1363.1300048828125,1363.1300048828125,1368.7099609375,1342.6500244140625,1348.06005859375,0,1.3404229889321773
20190607,1378.81005859375,1378.81005859375,1382.6300048828125,1365.7099609375,1369.6199951171875,0,1.1502977452459096
20190610,1413.8900146484375,1413.8900146484375,1430.4200439453125,1398.9100341796875,1399.1300048828125,0,2.5442196215529123
20190611,1418.02001953125,1418.02001953125,1440.800048828125,1408.3800048828125,1438.9599609375,0,0.2921022738702428
20190612,1384.949951171875,1384.949951171875,1405.31005859375,1383.6600341796875,1404.7099609375,0,-2.332129864450494
20190613,1392.93994140625,1392.93994140625,1398.31005859375,1382.6500244140625,1392.8499755859375,0,0.5769154493715956
20190614,1356.550048828125,1356.550048828125,1363.219970703125,1347.989990234375,1351.1700439453125,0,-2.612452374751162
20190617,1347.8599853515625,1347.8599853515625,1361.8699951171875,1346.9000244140625,1357.3299560546875,0,-0.6406002848232228
20190618,1406.1600341796875,1406.1600341796875,1415.4300537109375,1362.260009765625,1364.8199462890625,0,4.325378708599215
20190619,1407.300048828125,1407.300048828125,1416.9200439453125,1400.31005859375,1414.52001953125,0,0.08107289502810033
20190620,1421.030029296875,1421.030029296875,1441.3900146484375,1413.8199462890625,1439.8599853515625,0,0.9756256656271001
20190621,1410.5,1410.5,1424.8399658203125,1408.7900390625,1414.260009765625,0,-0.7410138476866113
20190624,1412.0799560546875,1412.0799560546875,1417.969970703125,1407.68994140625,1412.739990234375,0,0.1120138996588027
20190625,1391.1199951171875,1391.1199951171875,1420.3399658203125,1390.3299560546875,1413.75,0,-1.4843324450310558
20190626,1435.8299560546875,1435.8299560546875,1444.1500244140625,1419.9200439453125,1420.010009765625,0,3.213954302607358
20190627,1456.9000244140625,1456.9000244140625,1464.8499755859375,1446.1700439453125,1447.780029296875,0,1.4674487233342415
20190628,1458.9599609375,1458.9599609375,1471.8499755859375,1455.969970703125,1469.489990234375,0,0.1413917557085531
20190701,1497.550048828125,1497.550048828125,1531.3699951171875,1486.31005859375,1524.1400146484375,0,2.6450409143392584
20190702,1476.8299560546875,1476.8299560546875,1491.27001953125,1470.949951171875,1491.27001953125,0,-1.3835993521319367
20190703,1470.489990234375,1470.489990234375,1474.6199951171875,1460.1500244140625,1474.5,0,-0.4292955864227954
20190705,1461.699951171875,1461.699951171875,1464.0699462890625,1446.530029296875,1454.1400146484375,0,-0.5977625907605755
20190708,1450.4100341796875,1450.4100341796875,1455.18994140625,1442.5699462890625,1448.8599853515625,0,-0.7723826619229324
20190709,1461.2099609375,1461.2099609375,1462.81005859375,1440.1099853515625,1440.4300537109375,0,0.7446119720152522
20190710,1471.510009765625,1471.510009765625,1492.3399658203125,1469.81005859375,1474.550048828125,0,0.7048986185063111
20190711,1476.280029296875,1476.280029296875,1481.6500244140625,1467.3499755859375,1476.75,0,0.3241581436479457
20190712,1504.280029296875,1504.280029296875,1504.6600341796875,1482.3599853515625,1482.56005859375,0,1.8966591327077564
20190715,1515.9200439453125,1515.9200439453125,1521.6300048828125,1508.030029296875,1512.5699462890625,0,0.7737930718842545
20190716,1499.6400146484375,1499.6400146484375,1508.469970703125,1492.5799560546875,1506.6700439453125,0,-1.0739372014967774
20190717,1503.8699951171875,1503.8699951171875,1511.7099609375,1500.6500244140625,1508.239990234375,0,0.28206639109598086
20190718,1526.969970703125,1526.969970703125,1530.0,1504.510009765625,1504.780029296875,0,1.5360354060483417
20190719,1523.9100341796875,1523.9100341796875,1538.8699951171875,1523.4200439453125,1530.0699462890625,0,-0.20039271119578483
20190722,1554.0899658203125,1554.0899658203125,1556.3900146484375,1535.6800537109375,1535.6800537109375,0,1.980427385063499
20190723,1573.27001953125,1573.27001953125,1573.4100341796875,1556.1800537109375,1562.260009765625,0,1.2341662408722476
20190724,1622.02001953125,1622.02001953125,1625.1099853515625,1589.4100341796875,1589.4100341796875,0,3.0986416441422415
20190725,1594.1199951171875,1594.1199951171875,1608.75,1590.3599853515625,1606.6400146484375,0,-1.72007891876238
20190726,1593.8599853515625,1593.8599853515625,1605.739990234375,1593.5,1604.239990234375,0,-0.01631055167875539
20190729,1598.02001953125,1598.02001953125,1600.530029296875,1578.2099609375,1592.3499755859375,0,0.26100374047410835
20190730,1593.8199462890625,1593.8199462890625,1597.8900146484375,1578.1500244140625,1579.0999755859375,0,-0.2628298263384399
20190731,1542.43994140625,1542.43994140625,1583.9000244140625,1527.3800048828125,1581.949951171875,0,-3.223701962222403
20190801,1511.97998046875,1511.97998046875,1579.489990234375,1498.8900146484375,1539.06005859375,0,-1.9747907273283904
20190802,1488.4300537109375,1488.4300537109375,1508.6099853515625,1476.4100341796875,1494.52001953125,0,-1.5575554611848452
20190805,1423.52001953125,1423.52001953125,1446.010009765625,1411.72998046875,1443.239990234375,0,-4.360973094963683
20190806,1441.77001953125,1441.77001953125,1459.719970703125,1425.8699951171875,1448.7099609375,0,1.282033252051451
20190807,1452.1199951171875,1452.1199951171875,1455.530029296875,1423.6099853515625,1424.8800048828125,0,0.7178659179847946
20190808,1491.260009765625,1491.260009765625,1491.5699462890625,1455.3199462890625,1464.449951171875,0,2.695370546514564
20190809,1464.3399658203125,1464.3399658203125,1481.3299560546875,1455.199951171875,1476.530029296875,0,-1.8051878122543719
20190812,1446.97998046875,1446.97998046875,1464.219970703125,1439.989990234375,1453.2900390625,0,-1.185516052062241
20190813,1489.6600341796875,1489.6600341796875,1489.6600341796875,1489.6600341796875,1489.6600341796875,0,2.9495953148647835
20190814,1442.5400390625,1442.5400390625,1465.949951171875,1435.5,1452.280029296875,0,-3.1631374968809634
20190815,1439.2900390625,1439.2900390625,1452.6700439453125,1427.22998046875,1448.5400390625,0,-0.22529703938839463
20190816,1479.25,1479.25,1482.68994140625,1454.68994140625,1454.68994140625,0,2.776366114749762
20190819,1506.989990234375,1506.989990234375,1519.300048828125,1499.489990234375,1513.1199951171875,0,1.8752739722410094
20190820,1498.9000244140625,1498.9000244140625,1509.43994140625,1491.1400146484375,1502.5699462890625,0,-0.5368294330245882
20190821,1512.719970703125,1512.719970703125,1519.3499755859375,1505.969970703125,1512.5999755859375,0,0.9220058752394067
20190822,1512.25,1512.25,1520.199951171875,1497.0400390625,1515.780029296875,0,-0.031067924812722136
20190823,1446.3800048828125,1446.3800048828125,1505.199951171875,1441.969970703125,1494.0699462890625,0,-4.355760959972721
20190826,1458.8800048828125,1458.8800048828125,1469.4000244140625,1452.989990234375,1467.6800537109375,0,0.8642265488876699
20190827,1454.1199951171875,1454.1199951171875,1475.43994140625,1445.8499755859375,1470.72998046875,0,-0.3262783607763109
20190828,1462.8499755859375,1462.8499755859375,1464.780029296875,1437.4000244140625,1446.9200439453125,0,0.6003617650582216
20190829,1495.8199462890625,1495.8199462890625,1505.3800048828125,1487.97998046875,1487.97998046875,0,2.253817633617494
20190830,1504.9200439453125,1504.9200439453125,1517.3399658203125,1497.0899658203125,1510.97998046875,0,0.6083685191407007
20190903,1478.3199462890625,1478.3199462890625,1493.1300048828125,1470.3599853515625,1490.719970703125,0,-1.7675422533754648
20190904,1519.550048828125,1519.550048828125,1519.699951171875,1503.489990234375,1504.0,0,2.7889837137461404
20190905,1566.2099609375,1566.2099609375,1583.739990234375,1552.77001953125,1552.77001953125,0,3.07064003224895
20190906,1568.3399658203125,1568.3399658203125,1573.989990234375,1558.8800048828125,1567.7900390625,0,0.13599740366467827
20190909,1576.3900146484375,1576.3900146484375,1588.81005859375,1569.719970703125,1578.68994140625,0,0.513284683395443
20190910,1583.1500244140625,1583.1500244140625,1583.219970703125,1558.06005859375,1568.8900146484375,0,0.42882850708316766
20190911,1606.18994140625,1606.18994140625,1606.239990234375,1580.219970703125,1587.6199951171875,0,1.4553211405668787
20190912,1610.7900390625,1610.7900390625,1625.1600341796875,1599.8699951171875,1615.97998046875,0,0.2863981113107039
20190913,1605.6500244140625,1605.6500244140625,1613.77001953125,1598.2099609375,1610.6500244140625,0,-0.31909898396373926
20190916,1594.489990234375,1594.489990234375,1601.9300537109375,1580.9599609375,1586.5799560546875,0,-0.695047738299015
20190917,1599.739990234375,1599.739990234375,1600.8599853515625,1582.5,1591.0799560546875,0,0.32925888730277464
20190918,1600.949951171875,1600.949951171875,1601.449951171875,1578.8599853515625,1598.25,0,0.07563484971846446
20190919,1592.0699462890625,1592.0699462890625,1608.31005859375,1590.489990234375,1605.1300048828125,0,-0.5546709862049415
20190920,1563.0,1563.0,1592.18994140625,1556.969970703125,1591.8499755859375,0,-1.8259214274361057
20190923,1578.0899658203125,1578.0899658203125,1586.469970703125,1563.0999755859375,1563.0999755859375,0,0.9654488688619622
20190924,1551.989990234375,1551.989990234375,1590.219970703125,1544.989990234375,1586.6800537109375,0,-1.6538965554077523
20190925,1579.56005859375,1579.56005859375,1584.1600341796875,1532.4100341796875,1542.5,0,1.7764333876413296
20190926,1580.0999755859375,1580.0999755859375,1585.3800048828125,1565.5699462890625,1580.4200439453125,0,0.03418147915617009
20190927,1542.8699951171875,1542.8699951171875,1575.1800537109375,1531.7099609375,1568.1300048828125,0,-2.3561787889367136
20190930,1558.75,1558.75,1560.239990234375,1543.550048828125,1550.5899658203125,0,1.0292510019035195
20191001,1544.199951171875,1544.199951171875,1587.969970703125,1538.9599609375,1572.1500244140625,0,-0.9334433891339255
20191002,1519.77001953125,1519.77001953125,1534.6600341796875,1510.530029296875,1529.199951171875,0,-1.5820445805664884
20191003,1545.760009765625,1545.760009765625,1547.3199462890625,1502.72998046875,1522.27001953125,0,1.7101265257483567
20191004,1574.3900146484375,1574.3900146484375,1575.1199951171875,1551.72998046875,1555.8399658203125,0,1.8521636413115328
20191007,1563.1700439453125,1563.1700439453125,1579.1600341796875,1562.8299560546875,1572.68994140625,0,-0.7126550980844804
20191008,1514.449951171875,1514.449951171875,1546.800048828125,1514.219970703125,1545.27001953125,0,-3.1167493877039765
20191009,1540.8499755859375,1540.8499755859375,1550.3499755859375,1532.030029296875,1537.3299560546875,0,1.743208773167737
20191010,1555.7900390625,1555.7900390625,1571.4000244140625,1545.1099853515625,1546.0400390625,0,0.9695988391654531
20191011,1591.1300048828125,1591.1300048828125,1609.469970703125,1584.1500244140625,1587.989990234375,0,2.2715125391603586
20191014,1590.4000244140625,1590.4000244140625,1594.1400146484375,1583.1800537109375,1588.7099609375,0,-0.045878115962227906
20191015,1625.68994140625,1625.68994140625,1629.530029296875,1598.5,1600.719970703125,0,2.218933378424026
20191016,1601.7900390625,1601.7900390625,1624.9599609375,1599.0400390625,1613.719970703125,0,-1.470139030513784
20191017,1607.1600341796875,1607.1600341796875,1625.5899658203125,1598.010009765625,1620.6700439453125,0,0.33524962612019316
20191018,1590.0899658203125,1590.0899658203125,1608.25,1575.2900390625,1601.9000244140625,0,-1.0621262348704308
20191021,1620.0400390625,1620.0400390625,1620.8299560546875,1601.030029296875,1606.1300048828125,0,1.8835458298572805
20191022,1607.5999755859375,1607.5999755859375,1626.4300537109375,1607.0,1622.5899658203125,0,-0.7678861742060006
20191023,1576.5799560546875,1576.5799560546875,1590.77001953125,1566.4599609375,1576.2900390625,0,-1.9295857179858378
20191024,1615.510009765625,1615.510009765625,1616.06005859375,1594.989990234375,1600.780029296875,0,2.4692723995018984
20191025,1648.6700439453125,1648.6700439453125,1650.199951171875,1624.5899658203125,1624.6700439453125,0,2.0526046870175785
20191028,1677.5699462890625,1677.5699462890625,1679.72998046875,1662.6400146484375,1662.6400146484375,0,1.7529221477568413
20191029,1662.4599609375,1662.4599609375,1691.1600341796875,1661.1500244140625,1682.1199951171875,0,-0.9007067267142621
20191030,1661.4599609375,1661.4599609375,1670.9599609375,1649.6800537109375,1670.9300537109375,0,-0.060151824615140015
20191031,1651.219970703125,1651.219970703125,1653.2099609375,1630.8699951171875,1652.8900146484375,0,-0.616324827268
20191101,1689.9300537109375,1689.9300537109375,1690.0400390625,1661.719970703125,1667.2900390625,0,2.3443322933726973
20191104,1726.9200439453125,1726.9200439453125,1729.68994140625,1710.6800537109375,1714.8599853515625,0,2.1888474113557654
20191105,1730.1500244140625,1730.1500244140625,1742.9599609375,1723.989990234375,1729.9300537109375,0,0.1870370594211579
20191106,1715.6700439453125,1715.6700439453125,1722.199951171875,1699.489990234375,1721.4599609375,0,-0.8369205135059787
20191107,1727.6800537109375,1727.6800537109375,1745.68994140625,1719.72998046875,1740.9599609375,0,0.7000186200143199
20191108,1736.780029296875,1736.780029296875,1736.9000244140625,1710.9599609375,1717.800048828125,0,0.5267164812368774
20191111,1727.5899658203125,1727.5899658203125,1731.02001953125,1714.81005859375,1722.300048828125,0,-0.5291437788055964
20191112,1732.4200439453125,1732.4200439453125,1745.2900390625,1725.68994140625,1737.1400146484375,0,0.2795847522016892
20191113,1732.8599853515625,1732.8599853515625,1737.93994140625,1714.9000244140625,1718.25,0,0.02539461534099008
20191114,1727.5899658203125,1727.5899658203125,1729.52001953125,1715.280029296875,1724.300048828125,0,-0.30412263978620846
20191115,1742.9300537109375,1742.9300537109375,1758.260009765625,1735.4200439453125,1749.699951171875,0,0.8879472672406408
20191118,1738.780029296875,1738.780029296875,1750.43994140625,1730.3299560546875,1738.9100341796875,0,-0.23810619394774024
20191119,1730.5,1730.5,1750.25,1721.4100341796875,1749.4200439453125,0,-0.47619763037094476
20191120,1710.1400146484375,1710.1400146484375,1730.9599609375,1697.8199462890625,1721.43994140625,0,-1.176537726181015
20191121,1690.8299560546875,1690.8299560546875,1706.8299560546875,1684.43994140625,1693.1700439453125,0,-1.1291507378546228
20191122,1690.7900390625,1690.7900390625,1705.2900390625,1686.5899658203125,1698.989990234375,0,-0.00236079281920043
20191125,1731.949951171875,1731.949951171875,1732.3399658203125,1706.56005859375,1706.56005859375,0,2.43435974653583
20191126,1723.260009765625,1723.260009765625,1729.3299560546875,1716.3900146484375,1728.260009765625,0,-0.5017432172546465
20191127,1735.9100341796875,1735.9100341796875,1736.3199462890625,1729.4200439453125,1730.6199951171875,0,0.7340752029511233
20191129,1716.8399658203125,1716.8399658203125,1729.1099853515625,1715.780029296875,1725.8399658203125,0,-1.098563173430045
20191202,1691.75,1691.75,1721.010009765625,1690.1600341796875,1721.010009765625,0,-1.4614038768793747
20191203,1665.7099609375,1665.7099609375,1666.300048828125,1647.030029296875,1653.4200439453125,0,-1.5392368294665282
20191204,1691.449951171875,1691.449951171875,1697.31005859375,1685.280029296875,1687.3399658203125,0,1.5452864446994008
20191205,1697.6600341796875,1697.6600341796875,1706.18994140625,1690.9300537109375,1698.97998046875,0,0.36714553708845354
20191206,1724.2099609375,1724.2099609375,1728.2099609375,1717.260009765625,1717.8199462890625,0,1.5639130463857231
20191209,1714.97998046875,1714.97998046875,1729.06005859375,1714.75,1724.739990234375,0,-0.5353165030859364
20191210,1720.9000244140625,1720.9000244140625,1733.1500244140625,1715.9599609375,1720.0,0,0.34519609632377435
20191211,1759.199951171875,1759.199951171875,1760.3900146484375,1726.8699951171875,1726.8900146484375,0,2.225575350947717
20191212,1806.8699951171875,1806.8699951171875,1808.5,1757.6800537109375,1758.030029296875,0,2.7097570070734545
20191213,1796.0400390625,1796.0400390625,1824.239990234375,1789.3599853515625,1800.010009765625,0,-0.5993766061727746
20191216,1813.31005859375,1813.31005859375,1830.1300048828125,1813.0899658203125,1817.6400146484375,0,0.9615609427206628
20191217,1821.9200439453125,1821.9200439453125,1825.9100341796875,1813.510009765625,1821.93994140625,0,0.4748214631445702
20191218,1820.2900390625,1820.2900390625,1826.5799560546875,1815.5,1824.22998046875,0,-0.08946632363090457
20191219,1834.969970703125,1834.969970703125,1835.260009765625,1819.6500244140625,1827.77001953125,0,0.8064611312263992
20191220,1853.8699951171875,1853.8699951171875,1856.4100341796875,1837.6700439453125,1837.7900390625,0,1.0299909380435457
20191223,1857.1199951171875,1857.1199951171875,1865.1099853515625,1855.9100341796875,1862.31005859375,0,0.17530894876987002
20191224,1862.199951171875,1862.199951171875,1862.6199951171875,1851.5899658203125,1859.9599609375,0,0.2735394626111276
20191226,1864.489990234375,1864.489990234375,1867.4000244140625,1857.27001953125,1865.4200439453125,0,0.12297492871584659
20191227,1858.5899658203125,1858.5899658203125,1871.2099609375,1853.9200439453125,1870.6199951171875,0,-0.3164417317853663
20191230,1844.3900146484375,1844.3900146484375,1856.6700439453125,1832.0799560546875,1856.6300048828125,0,-0.7640174235852837
20191231,1849.6199951171875,1849.6199951171875,1851.06005859375,1835.2900390625,1836.1800537109375,0,0.2835615258818702
20200102,1887.9100341796875,1887.9100341796875,1888.1400146484375,1864.9300537109375,1875.3399658203125,0,2.0701570681319392
20200103,1853.97998046875,1853.97998046875,1869.719970703125,1848.6500244140625,1850.8199462890625,0,-1.797228315791033
20200106,1834.6800537109375,1834.6800537109375,1840.18994140625,1821.8599853515625,1825.5899658203125,0,-1.0409997390011139
20200107,1867.280029296875,1867.280029296875,1875.6099853515625,1845.5,1852.72998046875,0,1.7768752388188203
20200108,1867.5899658203125,1867.5899658203125,1878.9599609375,1858.510009765625,1866.8199462890625,0,0.016598288343194767
20200109,1878.72998046875,1878.72998046875,1891.06005859375,1860.56005859375,1887.18994140625,0,0.5964914597056392
20200110,1866.3499755859375,1866.3499755859375,1887.8699951171875,1862.1300048828125,1886.7900390625,0,-0.6589560507105796
20200113,1890.7900390625,1890.7900390625,1892.3800048828125,1873.7099609375,1879.9000244140625,0,1.3095112811780885
20200114,1894.6400146484375,1894.6400146484375,1909.1400146484375,1884.0899658203125,1891.97998046875,0,0.20361729787017335
20200115,1872.1600341796875,1872.1600341796875,1890.1400146484375,1865.8900146484375,1889.5400390625,0,-1.1865040479956956
20200116,1903.9300537109375,1903.9300537109375,1903.93994140625,1886.8199462890625,1888.6600341796875,0,1.6969713566805433
20200117,1916.6199951171875,1916.6199951171875,1917.5699462890625,1902.239990234375,1913.1400146484375,0,0.666513004588376
20200121,1915.0,1915.0,1922.800048828125,1908.4300537109375,1909.47998046875,0,-0.0845235425548374
20200122,1930.22998046875,1930.22998046875,1950.6199951171875,1924.8800048828125,1930.6400146484375,0,0.7952992411879967
20200123,1945.3699951171875,1945.3699951171875,1945.9000244140625,1918.43994140625,1934.4300537109375,0,0.7843632521323141
20200124,1924.030029296875,1924.030029296875,1974.989990234375,1910.18994140625,1973.1199951171875,0,-1.0969618054084918
20200127,1848.8599853515625,1848.8599853515625,1872.8800048828125,1846.56005859375,1863.1800537109375,0,-3.906905963041696
20200128,1893.27001953125,1893.27001953125,1899.47998046875,1859.9300537109375,1871.0799560546875,0,2.4020225723714317
20200129,1858.699951171875,1858.699951171875,1890.8800048828125,1857.31005859375,1886.780029296875,0,-1.8259449525289684
20200130,1855.800048828125,1855.800048828125,1861.81005859375,1820.3699951171875,1844.3199462890625,0,-0.15601777693713403
20200131,1789.9300537109375,1789.9300537109375,1840.52001953125,1782.18994140625,1840.2900390625,0,-3.549412295725618
20200203,1812.1800537109375,1812.1800537109375,1814.93994140625,1794.300048828125,1794.7099609375,0,1.2430653339704945
20200204,1868.6500244140625,1868.6500244140625,1870.1800537109375,1849.8299560546875,1859.8900146484375,0,3.116134657121239
20200205,1909.52001953125,1909.52001953125,1913.9599609375,1882.719970703125,1907.1800537109375,0,2.1871401591104567
20200206,1909.6400146484375,1909.6400146484375,1911.5899658203125,1887.030029296875,1909.9000244140625,0,0.006284046040905267
20200207,1864.3599853515625,1864.3599853515625,1891.239990234375,1863.5799560546875,1889.949951171875,0,-2.371129058332544
20200210,1892.800048828125,1892.800048828125,1892.969970703125,1849.989990234375,1849.989990234375,0,1.5254598736305525
20200211,1931.0799560546875,1931.0799560546875,1940.719970703125,1911.3199462890625,1911.3199462890625,0,2.022395722689385
20200212,1958.8199462890625,1958.8199462890625,1962.0400390625,1950.0999755859375,1951.6300048828125,0,1.4365013808671945
20200213,1960.3399658203125,1960.3399658203125,1974.5799560546875,1942.81005859375,1942.9599609375,0,0.07759873663373273
20200214,1956.56005859375,1956.56005859375,1983.7099609375,1945.6700439453125,1978.0799560546875,0,-0.1928189646932421
20200218,1929.1199951171875,1929.1199951171875,1932.800048828125,1916.4000244140625,1920.1800537109375,0,-1.4024646652699535
20200219,1979.5,1979.5,1982.0899658203125,1956.5899658203125,1956.5899658203125,0,2.611553714145809
20200220,1949.25,1949.25,1977.18994140625,1919.9100341796875,1970.550048828125,0,-1.5281636776963925
20200221,1891.050048828125,1891.050048828125,1938.4100341796875,1883.9200439453125,1936.8499755859375,0,-2.98576125032064
20200224,1801.22998046875,1801.22998046875,1827.8599853515625,1788.43994140625,1793.0699462890625,0,-4.749745698958952
20200225,1746.1099853515625,1746.1099853515625,1826.3299560546875,1737.280029296875,1824.6800537109375,0,-3.0601308947146855
20200226,1749.949951171875,1749.949951171875,1787.75,1739.0400390625,1761.449951171875,0,0.21991546079724866
20200227,1668.6500244140625,1668.6500244140625,1731.02001953125,1664.9100341796875,1692.5999755859375,0,-4.645842968444269
20200228,1705.5400390625,1705.5400390625,1716.1600341796875,1605.93994140625,1605.93994140625,0,2.2107700301859934
20200302,1765.3800048828125,1765.3800048828125,1766.3800048828125,1680.9300537109375,1727.6099853515625,0,3.5085641175099713
20200303,1705.260009765625,1705.260009765625,1797.010009765625,1692.0999755859375,1768.1400146484375,0,-3.405498813337826
20200304,1789.5699462890625,1789.5699462890625,1789.699951171875,1715.8399658203125,1737.27001953125,0,4.94411034332678
20200305,1734.030029296875,1734.030029296875,1780.0,1721.550048828125,1742.3800048828125,0,-3.103534293664112
20200306,1699.8900146484375,1699.8900146484375,1713.2900390625,1657.6700439453125,1685.510009765625,0,-1.9688248802865793
20200309,1558.1600341796875,1558.1600341796875,1637.9200439453125,1555.449951171875,1560.739990234375,0,-8.337597094366245
20200310,1656.5,1656.5,1656.8699951171875,1559.9100341796875,1612.6700439453125,0,6.311287907733099
20200311,1562.5400390625,1562.5400390625,1625.4000244140625,1545.7099609375,1607.3800048828125,0,-5.672198064443101
20200312,1392.1099853515625,1392.1099853515625,1513.6500244140625,1388.989990234375,1444.6099853515625,0,-10.907243939374055
20200313,1544.260009765625,1544.260009765625,1544.760009765625,1392.449951171875,1481.1600341796875,0,10.929454282711614
20200316,1298.780029296875,1298.780029296875,1446.800048828125,1297.1400146484375,1433.5699462890625,0,-15.896285529404263
20200317,1426.52001953125,1426.52001953125,1434.31005859375,1282.68994140625,1332.9000244140625,0,9.835383001964537
20200318,1286.8399658203125,1286.8399658203125,1373.9100341796875,1233.969970703125,1317.8800048828125,0,-9.791664456054106
20200319,1341.219970703125,1341.219970703125,1378.3299560546875,1253.4000244140625,1281.97998046875,0,4.225856075906642
20200320,1298.5400390625,1298.5400390625,1408.989990234375,1296.43994140625,1375.010009765625,0,-3.1821723932615176
20200323,1342.1199951171875,1342.1199951171875,1366.3199462890625,1280.75,1315.199951171875,0,3.3560733395753273
20200324,1491.8299560546875,1491.8299560546875,1492.8199462890625,1425.27001953125,1434.06005859375,0,11.154737391750725
20200325,1472.5699462890625,1472.5699462890625,1550.8299560546875,1448.8900146484375,1495.3599853515625,0,-1.2910325126169409
20200326,1572.6099853515625,1572.6099853515625,1574.6199951171875,1492.8499755859375,1499.75,0,6.7935678922828036
20200327,1488.75,1488.75,1541.489990234375,1485.3399658203125,1512.760009765625,0,-5.332535474955369
20200330,1545.31005859375,1545.31005859375,1547.0799560546875,1496.0400390625,1506.4599609375,0,3.7991643052057045
20200331,1510.5899658203125,1510.5899658203125,1568.050048828125,1499.760009765625,1542.9200439453125,0,-2.2468042953808998
20200401,1427.72998046875,1427.72998046875,1497.989990234375,1414.260009765625,1455.0400390625,0,-5.485273120198841
20200402,1474.6099853515625,1474.6099853515625,1476.6700439453125,1416.56005859375,1416.56005859375,0,3.283534388443732
20200403,1443.0400390625,1443.0400390625,1487.1700439453125,1425.0899658203125,1472.239990234375,0,-2.1409014317461006
20200406,1592.8800048828125,1592.8800048828125,1598.6700439453125,1508.739990234375,1514.0999755859375,0,10.383631899615132
20200407,1585.3800048828125,1585.3800048828125,1648.4100341796875,1582.68994140625,1647.9200439453125,0,-0.4708452599699653
20200408,1639.8900146484375,1639.8900146484375,1645.010009765625,1590.510009765625,1608.760009765625,0,3.4382930021660263
20200409,1601.72998046875,1601.72998046875,1673.6500244140625,1587.9100341796875,1660.3800048828125,0,-2.3269874100592225
20200413,1623.6800537109375,1623.6800537109375,1626.2900390625,1585.699951171875,1591.260009765625,0,1.3703978516880655
20200414,1695.760009765625,1695.760009765625,1696.9200439453125,1658.010009765625,1662.3499755859375,0,4.4392955305417425
20200415,1647.9100341796875,1647.9100341796875,1657.6300048828125,1631.0999755859375,1652.8900146484375,0,-2.8217421870062265
20200416,1690.8699951171875,1690.8699951171875,1696.25,1654.2099609375,1677.0400390625,0,2.6069360612204218
20200417,1705.6400146484375,1705.6400146484375,1724.760009765625,1684.7099609375,1723.989990234375,0,0.87351597543881
20200420,1667.5699462890625,1667.5699462890625,1704.3499755859375,1666.4000244140625,1677.6300048828125,0,-2.232010742737056
20200421,1588.699951171875,1588.699951171875,1650.2099609375,1582.2099609375,1642.02001953125,0,-4.729636396524262
20200422,1682.1199951171875,1682.1199951171875,1690.0699462890625,1630.1199951171875,1641.3800048828125,0,5.880282420629701
20200423,1664.6700439453125,1664.6700439453125,1700.2099609375,1661.449951171875,1679.1400146484375,0,-1.0373784999006208
20200424,1702.56005859375,1702.56005859375,1704.0899658203125,1651.6600341796875,1664.989990234375,0,2.2761276197796665
20200427,1725.0400390625,1725.0400390625,1740.1400146484375,1715.75,1720.1800537109375,0,1.320363434774663
20200428,1713.2099609375,1713.2099609375,1764.93994140625,1712.280029296875,1760.8800048828125,0,-0.6857857126278177
20200429,1797.760009765625,1797.760009765625,1802.989990234375,1742.550048828125,1748.3199462890625,0,4.935183121504716
20200430,1731.239990234375,1731.239990234375,1781.81005859375,1730.010009765625,1781.81005859375,0,-3.700161265680968
20200501,1644.4000244140625,1644.4000244140625,1694.030029296875,1639.1700439453125,1682.1199951171875,0,-5.016055908491124
20200504,1661.300048828125,1661.300048828125,1663.050048828125,1625.77001953125,1634.260009765625,0,1.02773194862269
20200505,1689.5,1689.5,1719.8699951171875,1679.260009765625,1690.9300537109375,0,1.6974628509622391
20200506,1707.75,1707.75,1734.1099853515625,1704.0699462890625,1710.5,0,1.0802012429713015
20200507,1724.9300537109375,1724.9300537109375,1744.5400390625,1716.22998046875,1740.0400390625,0,1.0060051946091386
20200508,1775.6099853515625,1775.6099853515625,1777.02001953125,1738.4100341796875,1745.199951171875,0,2.938086186833755
20200511,1774.31005859375,1774.31005859375,1788.8699951171875,1756.6400146484375,1757.3800048828125,0,-0.07321015135849374
20200512,1725.239990234375,1725.239990234375,1790.68994140625,1724.4000244140625,1784.1500244140625,0,-2.7655858750113893
20200513,1691.5699462890625,1691.5699462890625,1741.6099853515625,1667.52001953125,1729.6199951171875,0,-1.9516150875182547
20200514,1739.050048828125,1739.050048828125,1739.8399658203125,1650.75,1677.780029296875,0,2.8068660502761578
20200515,1700.8900146484375,1700.8900146484375,1707.030029296875,1669.3399658203125,1681.5699462890625,0,-2.1943033902561915
20200518,1782.5400390625,1782.5400390625,1789.3499755859375,1746.1300048828125,1746.719970703125,0,4.800429405245166
20200519,1775.6099853515625,1775.6099853515625,1815.3399658203125,1774.8399658203125,1777.5,0,-0.3887740841200027
20200520,1840.7900390625,1840.7900390625,1850.739990234375,1816.010009765625,1818.1500244140625,0,3.6708541993264454
20200521,1790.9599609375,1790.9599609375,1839.93994140625,1789.52001953125,1835.3399658203125,0,-2.7069941203277104
20200522,1802.31005859375,1802.31005859375,1803.5999755859375,1772.6700439453125,1790.8499755859375,0,0.6337437968355619
20200526,1820.510009765625,1820.510009765625,1856.8499755859375,1817.6500244140625,1851.56005859375,0,1.0098124396018537
20200527,1847.31005859375,1847.31005859375,1847.4599609375,1774.0999755859375,1823.780029296875,0,1.4721176310134698
20200528,1804.6600341796875,1804.6600341796875,1857.4000244140625,1797.06005859375,1843.1400146484375,0,-2.308763719206375
20200529,1852.489990234375,1852.489990234375,1857.6400146484375,1807.5899658203125,1816.4599609375,0,2.650358247470619
20200601,1843.239990234375,1843.239990234375,1851.22998046875,1828.43994140625,1841.6400146484375,0,-0.49932793422704513
20200602,1883.4100341796875,1883.4100341796875,1884.760009765625,1840.3900146484375,1849.6600341796875,0,2.179317080691412
20200603,1937.469970703125,1937.469970703125,1945.0999755859375,1915.8599853515625,1915.8599853515625,0,2.870322210372156
20200604,1953.469970703125,1953.469970703125,1968.25,1923.3199462890625,1928.0,0,0.8258192509788209
20200605,2003.760009765625,2003.760009765625,2030.469970703125,1997.3399658203125,1998.5999755859375,0,2.5743952974305984
20200608,1998.6199951171875,1998.6199951171875,2010.510009765625,1977.9100341796875,2007.7900390625,0,-0.25651847643365366
20200609,1998.0899658203125,1998.0899658203125,2006.280029296875,1968.77001953125,1974.8800048828125,0,-0.02651976354534069
20200610,2004.6600341796875,2004.6600341796875,2025.0999755859375,1999.449951171875,2006.6600341796875,0,0.3288174442474423
20200611,1876.6600341796875,1876.6600341796875,1961.56005859375,1876.1800537109375,1948.239990234375,0,-6.38512255532534
20200612,1903.8499755859375,1903.8499755859375,1941.239990234375,1862.699951171875,1930.6700439453125,0,1.448847468962855
20200615,1931.010009765625,1931.010009765625,1933.260009765625,1857.1500244140625,1865.4300537109375,0,1.42658479018698
20200616,1965.68994140625,1965.68994140625,1999.030029296875,1933.18994140625,1988.5,0,1.7959477923594092
20200617,1984.0799560546875,1984.0799560546875,2000.68994140625,1971.93994140625,1978.260009765625,0,0.9355501221764984
20200618,1980.1400146484375,1980.1400146484375,1989.18994140625,1969.97998046875,1979.1400146484375,0,-0.19857775359438667
20200619,1966.7900390625,1966.7900390625,2008.510009765625,1963.199951171875,1999.8900146484375,0,-0.6741935159725432
20200622,1983.3599853515625,1983.3599853515625,1986.5799560546875,1948.06005859375,1960.719970703125,0,0.8424867911656087
20200623,1987.72998046875,1987.72998046875,2009.8199462890625,1986.06005859375,2002.0699462890625,0,0.2203329274293564
20200624,1944.300048828125,1944.300048828125,1988.22998046875,1930.68994140625,1976.6300048828125,0,-2.1849009708241773
20200625,1961.050048828125,1961.050048828125,1963.719970703125,1914.300048828125,1941.5899658203125,0,0.8614925463842793
20200626,1921.9200439453125,1921.9200439453125,1964.010009765625,1917.8299560546875,1959.5,0,-1.995359828077592
20200629,1943.9000244140625,1943.9000244140625,1944.6400146484375,1899.800048828125,1924.800048828125,0,1.1436469762617918
20200630,1996.43994140625,1996.43994140625,2002.0799560546875,1953.219970703125,1954.5400390625,0,2.702809626643443
20200701,1966.97998046875,1966.97998046875,1995.8900146484375,1966.0400390625,1993.8199462890625,0,-1.475624702075884
20200702,1993.6099853515625,1993.6099853515625,2011.1199951171875,1986.3599853515625,1994.219970703125,0,1.353852359822505
20200706,2046.81005859375,2046.81005859375,2053.0400390625,2030.1700439453125,2030.6800537109375,0,2.668529633834371
20200707,2019.77001953125,2019.77001953125,2053.25,2016.5799560546875,2042.4100341796875,0,-1.321081990435291
20200708,2049.760009765625,2049.760009765625,2051.139892578125,2020.8399658203125,2038.5,0,1.4848220314377825
20200709,2076.719970703125,2076.719970703125,2088.510009765625,2028.0,2057.989990234375,0,1.315274022766344
20200710,2069.7900390625,2069.7900390625,2083.280029296875,2049.64990234375,2079.64990234375,0,-0.33369600805055466
20200713,2034.1400146484375,2034.1400146484375,2121.889892578125,2031.300048828125,2099.280029296875,0,-1.722398105182199
20200714,2069.7900390625,2069.7900390625,2073.43994140625,1994.300048828125,2020.8599853515625,0,1.7525845889337033
20200715,2064.169921875,2064.169921875,2077.510009765625,2033.22998046875,2077.510009765625,0,-0.27153078725055124
20200716,2055.919921875,2055.919921875,2063.409912109375,2032.5999755859375,2038.8699951171875,0,-0.39967639837064084
20200717,2068.989990234375,2068.989990234375,2076.10009765625,2056.610107421875,2067.47998046875,0,0.6357284746506542
20200720,2110.469970703125,2110.469970703125,2114.260009765625,2057.89990234375,2070.22998046875,0,2.0048420081554497
20200721,2096.590087890625,2096.590087890625,2126.639892578125,2089.570068359375,2125.7099609375,0,-0.6576678656970314
20200722,2105.429931640625,2105.429931640625,2120.860107421875,2088.320068359375,2101.81005859375,0,0.42162956893943004
20200723,2070.969970703125,2070.969970703125,2122.530029296875,2054.5,2106.929931640625,0,-1.6367184877364993
20200724,2038.7099609375,2038.7099609375,2068.669921875,2010.6500244140625,2024.1800537109375,0,-1.5577246518293175
20200727,2104.6201171875,2104.6201171875,2105.580078125,2056.5,2056.97998046875,0,3.232934429755341
20200728,2060.39990234375,2060.39990234375,2084.780029296875,2058.89990234375,2082.85009765625,0,-2.1011019747755433
20200729,2106.300048828125,2106.300048828125,2114.199951171875,2079.489990234375,2084.6201171875,0,2.2277299873758816
20200730,2147.550048828125,2147.550048828125,2148.60009765625,2098.7900390625,2105.389892578125,0,1.9584104374374522
20200731,2136.409912109375,2136.409912109375,2145.419921875,2104.919921875,2144.739990234375,0,-0.5187370010225845
20200803,2177.27001953125,2177.27001953125,2181.469970703125,2151.239990234375,2156.6298828125,0,1.9125593450150191
20200804,2209.81005859375,2209.81005859375,2209.909912109375,2174.929931640625,2177.419921875,0,1.494533924161856
20200805,2207.56005859375,2207.56005859375,2215.510009765625,2191.2900390625,2202.510009765625,0,-0.1018187056959885
20200806,2204.93994140625,2204.93994140625,2207.699951171875,2181.760009765625,2198.9599609375,0,-0.11868837621428208
20200807,2178.860107421875,2178.860107421875,2210.010009765625,2153.530029296875,2199.409912109375,0,-1.1827911270790414
20200810,2179.60009765625,2179.60009765625,2187.97998046875,2148.110107421875,2181.3701171875,0,0.033962264573772494
20200811,2154.7900390625,2154.7900390625,2199.139892578125,2149.52001953125,2177.1201171875,0,-1.1382848909040066
20200812,2227.219970703125,2227.219970703125,2232.010009765625,2168.89990234375,2173.93994140625,0,3.3613452042936753
20200813,2202.409912109375,2202.409912109375,2226.68994140625,2193.489990234375,2221.610107421875,0,-1.113947383738556
20200814,2200.81005859375,2200.81005859375,2227.929931640625,2194.3798828125,2203.110107421875,0,-0.07264104228865698
20200817,2227.610107421875,2227.610107421875,2237.81005859375,2215.330078125,2215.340087890625,0,1.2177356570811648
20200818,2214.659912109375,2214.659912109375,2240.989990234375,2209.179931640625,2237.31005859375,0,-0.5813492796317044
20200819,2200.77001953125,2200.77001953125,2221.929931640625,2195.81005859375,2219.39990234375,0,-0.6271794826003485
20200820,2181.0400390625,2181.0400390625,2192.449951171875,2166.7900390625,2169.080078125,0,-0.8965035098466245
20200821,2198.330078125,2198.330078125,2199.27001953125,2170.639892578125,2178.02001953125,0,0.792742854456363
20200824,2219.3701171875,2219.3701171875,2227.510009765625,2202.77001953125,2224.909912109375,0,0.9570918977028997
20200825,2243.06005859375,2243.06005859375,2243.43994140625,2221.9599609375,2226.340087890625,0,1.0674173371438833
20200826,2250.22998046875,2250.22998046875,2256.449951171875,2237.449951171875,2245.169921875,0,0.3196491260913925
20200827,2220.14990234375,2220.14990234375,2258.10009765625,2208.0400390625,2258.10009765625,0,-1.3367557265739571
20200828,2264.139892578125,2264.139892578125,2264.590087890625,2222.199951171875,2225.760009765625,0,1.9813973006028052
20200831,2260.429931640625,2260.429931640625,2277.77001953125,2243.679931640625,2259.139892578125,0,-0.1638574078245525
20200901,2304.679931640625,2304.679931640625,2305.510009765625,2264.889892578125,2275.6201171875,0,1.9575921987496914
20200902,2370.179931640625,2370.179931640625,2382.320068359375,2317.010009765625,2340.580078125,0,2.842043231286029
20200903,2234.22998046875,2234.22998046875,2326.6298828125,2221.5400390625,2324.590087890625,0,-5.735849390884484
20200904,2212.72998046875,2212.72998046875,2251.989990234375,2137.010009765625,2218.340087890625,0,-0.9623002192231445
20200908,2108.610107421875,2108.610107421875,2174.909912109375,2106.72998046875,2124.8798828125,0,-4.705493845427
20200909,2169.610107421875,2169.610107421875,2186.25,2135.330078125,2157.280029296875,0,2.8929008632412767
20200910,2137.780029296875,2137.780029296875,2202.840087890625,2126.669921875,2192.02001953125,0,-1.4670874742016782
20200911,2136.3701171875,2136.3701171875,2176.590087890625,2115.1298828125,2158.8798828125,0,-0.06595216018734362
20200914,2181.75,2181.75,2194.5400390625,2164.570068359375,2184.010009765625,0,2.124158283595623
20200915,2219.18994140625,2219.18994140625,2233.68994140625,2206.969970703125,2208.93994140625,0,1.716050941045033
20200916,2195.5400390625,2195.5400390625,2235.7900390625,2194.72998046875,2232.31005859375,0,-1.0656997809193158
20200917,2194.14990234375,2194.14990234375,2199.530029296875,2135.7099609375,2135.7099609375,0,-0.06331639113917875
20200918,2160.969970703125,2160.969970703125,2211.31005859375,2133.6298828125,2209.340087890625,0,-1.5121998549498694
20200921,2154.280029296875,2154.280029296875,2154.89990234375,2102.159912109375,2123.419921875,0,-0.3095804891760423
20200922,2180.260009765625,2180.260009765625,2181.800048828125,2132.89990234375,2167.050048828125,0,1.2059704455984477
20200923,2126.68994140625,2126.68994140625,2190.550048828125,2120.780029296875,2181.02001953125,0,-2.4570495316810215
20200924,2147.419921875,2147.419921875,2175.919921875,2109.929931640625,2109.929931640625,0,0.9747533039556444
20200925,2177.840087890625,2177.840087890625,2183.110107421875,2119.5,2141.2099609375,0,1.416591403746681
20200928,2237.639892578125,2237.639892578125,2238.320068359375,2193.510009765625,2206.8798828125,0,2.7458308357901418
20200929,2242.52001953125,2242.52001953125,2261.56005859375,2234.97998046875,2236.280029296875,0,0.2180925969952341
20200930,2244.1201171875,2244.1201171875,2266.77001953125,2233.199951171875,2233.300048828125,0,0.07135265871938135
20201001,2291.77001953125,2291.77001953125,2297.409912109375,2265.89990234375,2279.639892578125,0,2.1233222757910397
20201002,2221.1201171875,2221.1201171875,2270.300048828125,2220.679931640625,2236.3798828125,0,-3.082765798559506
20201005,2295.56005859375,2295.56005859375,2296.139892578125,2245.030029296875,2245.169921875,0,3.3514595104613187
20201006,2281.090087890625,2281.090087890625,2337.469970703125,2273.659912109375,2296.919921875,0,-0.6303459867649575
20201007,2328.840087890625,2328.840087890625,2333.72998046875,2314.739990234375,2317.25,0,2.0932974218548006
20201008,2356.159912109375,2356.159912109375,2359.9599609375,2340.969970703125,2348.030029296875,0,1.1731086372484878
20201009,2398.0400390625,2398.0400390625,2403.81005859375,2381.070068359375,2398.8798828125,0,1.7774738776380916
20201012,2433.47998046875,2433.47998046875,2444.8798828125,2416.820068359375,2423.06005859375,0,1.4778711292954494
20201013,2430.1298828125,2430.1298828125,2449.169921875,2418.06005859375,2438.030029296875,0,-0.13766694951831138
20201014,2417.199951171875,2417.199951171875,2445.1201171875,2405.090087890625,2437.679931640625,0,-0.5320675134310338
20201015,2411.1298828125,2411.1298828125,2416.419921875,2369.169921875,2371.18994140625,0,-0.25111982798246
20201016,2399.760009765625,2399.760009765625,2425.949951171875,2398.510009765625,2424.14990234375,0,-0.4715578836264278
20201019,2385.85009765625,2385.85009765625,2432.889892578125,2379.260009765625,2418.929931640625,0,-0.5796376326286712
20201020,2385.820068359375,2385.820068359375,2404.93994140625,2379.43994140625,2397.909912109375,0,-0.0012586413917881067
20201021,2367.260009765625,2367.260009765625,2394.159912109375,2366.340087890625,2384.1201171875,0,-0.7779320343513141
20201022,2370.449951171875,2370.449951171875,2381.6201171875,2342.340087890625,2369.590087890625,0,0.13475247303171844
20201023,2360.22998046875,2360.22998046875,2361.219970703125,2338.25,2355.60009765625,0,-0.43114053929181884
20201026,2308.449951171875,2308.449951171875,2349.110107421875,2280.280029296875,2337.02001953125,0,-2.19385524823269
20201027,2300.909912109375,2300.909912109375,2331.719970703125,2293.02001953125,2328.050048828125,0,-0.3266277901616377
20201028,2222.97998046875,2222.97998046875,2264.080078125,2221.43994140625,2261.31005859375,0,-3.386917985380067
20201029,2283.64990234375,2283.64990234375,2304.419921875,2219.449951171875,2220.530029296875,0,2.729215845758848
20201030,2246.14990234375,2246.14990234375,2270.5400390625,2221.330078125,2257.080078125,0,-1.6421080990353665
20201102,2260.070068359375,2260.070068359375,2281.449951171875,2238.7099609375,2269.39990234375,0,0.6197345066373261
20201103,2302.72998046875,2302.72998046875,2319.909912109375,2279.320068359375,2281.510009765625,0,1.887548209527079
20201104,2384.219970703125,2384.219970703125,2393.7900390625,2322.389892578125,2345.10009765625,0,3.538842631379069
20201105,2489.159912109375,2489.159912109375,2493.280029296875,2451.929931640625,2452.43994140625,0,4.401437060998292
20201106,2529.27001953125,2529.27001953125,2537.510009765625,2474.60009765625,2486.919921875,0,1.6113913464034901
20201109,2497.590087890625,2497.590087890625,2604.5,2495.610107421875,2587.300048828125,0,-1.2525326041106566
20201110,2422.330078125,2422.330078125,2485.580078125,2417.389892578125,2474.93994140625,0,-3.013305110815323
20201111,2511.239990234375,2511.239990234375,2514.419921875,2464.530029296875,2465.610107421875,0,3.670429266113695
20201112,2478.429931640625,2478.429931640625,2521.43994140625,2467.159912109375,2511.219970703125,0,-1.3065281980750854
20201113,2508.820068359375,2508.820068359375,2530.27001953125,2492.5,2513.18994140625,0,1.2261850266887642
20201116,2570.97998046875,2570.97998046875,2571.989990234375,2524.409912109375,2529.2099609375,0,2.4776552489084613
20201117,2548.9599609375,2548.9599609375,2563.639892578125,2532.02001953125,2556.6298828125,0,-0.8564835081771083
20201118,2530.590087890625,2530.590087890625,2572.419921875,2530.25,2554.639892578125,0,-0.7206811141952429
20201119,2570.219970703125,2570.219970703125,2571.97998046875,2511.5,2513.679931640625,0,1.566033274299805
20201120,2555.5,2555.5,2591.929931640625,2553.68994140625,2577.81005859375,0,-0.5727124865152367
20201123,2595.25,2595.25,2602.949951171875,2561.35009765625,2568.5400390625,0,1.5554685971434168
20201124,2609.010009765625,2609.010009765625,2612.199951171875,2569.530029296875,2607.3798828125,0,0.5301997790434498
20201125,2600.239990234375,2600.239990234375,2622.52001953125,2590.6201171875,2612.93994140625,0,-0.33614357547205875
20201127,2631.56005859375,2631.56005859375,2647.639892578125,2625.4599609375,2625.719970703125,0,1.2045068331001163
20201130,2663.489990234375,2663.489990234375,2666.1201171875,2604.5,2638.110107421875,0,1.213346111419833
20201201,2709.72998046875,2709.72998046875,2724.6201171875,2679.409912109375,2692.139892578125,0,1.7360677308310812
20201202,2716.35009765625,2716.35009765625,2728.030029296875,2697.27001953125,2702.889892578125,0,0.24430910958717078
20201203,2716.14990234375,2716.14990234375,2745.909912109375,2713.610107421875,2730.260009765625,0,-0.007370011423513123
20201204,2793.030029296875,2793.030029296875,2793.739990234375,2724.60009765625,2728.570068359375,0,2.83048173765319
20201207,2806.610107421875,2806.610107421875,2809.0400390625,2780.110107421875,2796.300048828125,0,0.48621310843617316
20201208,2816.27001953125,2816.27001953125,2825.93994140625,2790.330078125,2804.989990234375,0,0.34418432698686274
20201209,2734.77001953125,2734.77001953125,2822.030029296875,2718.909912109375,2799.659912109375,0,-2.893898647316684
20201210,2733.669921875,2733.669921875,2754.56005859375,2704.570068359375,2712.02001953125,0,-0.04022633158888844
20201211,2704.080078125,2704.080078125,2724.610107421875,2675.3701171875,2703.780029296875,0,-1.0824219673787328
20201214,2736.25,2736.25,2751.760009765625,2723.889892578125,2723.889892578125,0,1.1896808136431458
20201215,2774.7900390625,2774.7900390625,2779.81005859375,2753.2099609375,2774.610107421875,0,1.4084984582000803
20201216,2773.419921875,2773.419921875,2780.52001953125,2753.929931640625,2779.9599609375,0,-0.049377328309963
20201217,2778.139892578125,2778.139892578125,2792.070068359375,2768.06005859375,2791.39990234375,0,0.17018593779820623
20201218,2764.739990234375,2764.739990234375,2786.090087890625,2746.3701171875,2783.090087890625,0,-0.4823336067254269
20201221,2747.2900390625,2747.2900390625,2751.14990234375,2703.77001953125,2718.719970703125,0,-0.6311606600805764
20201222,2743.969970703125,2743.969970703125,2750.9599609375,2722.679931640625,2747.159912109375,0,-0.12084884785255046
20201223,2723.530029296875,2723.530029296875,2754.89990234375,2721.93994140625,2754.89990234375,0,-0.7449039757899567
20201224,2750.239990234375,2750.239990234375,2751.699951171875,2730.830078125,2733.72998046875,0,0.9807110863541801
20201228,2744.300048828125,2744.300048828125,2782.659912109375,2741.89990234375,2780.97998046875,0,-0.2159790210069512
20201229,2738.050048828125,2738.050048828125,2757.719970703125,2709.02001953125,2757.590087890625,0,-0.22774477603747512
20201230,2783.77001953125,2783.77001953125,2788.919921875,2754.739990234375,2754.739990234375,0,1.6698004012999368
20201231,2795.5,2795.5,2798.139892578125,2768.429931640625,2787.679931640625,0,0.42137031387115
20210104,2783.2099609375,2783.2099609375,2872.199951171875,2763.090087890625,2821.989990234375,0,-0.43963652521910035
20210105,2837.169921875,2837.169921875,2838.18994140625,2782.6201171875,2783.179931640625,0,1.9387671679402807
20210106,2827.9599609375,2827.9599609375,2884.610107421875,2803.52001953125,2820.860107421875,0,-0.32461788299987804
20210107,2937.0,2937.0,2943.8798828125,2873.169921875,2873.659912109375,0,3.8557844017831133
20210108,2936.469970703125,2936.469970703125,2994.070068359375,2904.5400390625,2982.330078125,0,-0.01804662229740739
20210111,2969.919921875,2969.919921875,2991.60009765625,2914.080078125,2915.139892578125,0,1.139121172891322
20210112,2988.02001953125,2988.02001953125,3014.360107421875,2959.919921875,2989.10009765625,0,0.6094473296378577
20210113,2991.949951171875,2991.949951171875,3020.72998046875,2980.14990234375,3019.739990234375,0,0.13152293542000315
20210114,3055.639892578125,3055.639892578125,3089.7099609375,3029.72998046875,3037.419921875,0,2.128710120344901
20210115,2992.77001953125,2992.77001953125,3043.449951171875,2975.9599609375,3043.449951171875,0,-2.057502691975588
20210119,3093.320068359375,3093.320068359375,3097.530029296875,3034.989990234375,3041.8798828125,0,3.3597653067867217
20210120,3085.0400390625,3085.0400390625,3138.56005859375,3077.260009765625,3124.030029296875,0,-0.2676745087444643
20210121,3132.169921875,3132.169921875,3141.02001953125,3081.89990234375,3110.780029296875,0,1.5276911228297108
20210122,3074.39990234375,3074.39990234375,3116.239990234375,3073.93994140625,3098.360107421875,0,-1.8444088594231633
20210125,3079.2099609375,3079.2099609375,3107.820068359375,3023.6201171875,3102.929931640625,0,0.15645520252856038
20210126,3031.77001953125,3031.77001953125,3079.39990234375,3030.0,3078.080078125,0,-1.5406530249014394
20210127,2875.1298828125,2875.1298828125,2961.56005859375,2862.239990234375,2941.590087890625,0,-5.16662331607094
20210128,2935.1201171875,2935.1201171875,2977.530029296875,2909.1201171875,2933.1201171875,0,2.086522585766337
20210129,2887.080078125,2887.080078125,2954.7099609375,2875.1201171875,2940.780029296875,0,-1.6367316206647442
20210201,2999.989990234375,2999.989990234375,3006.699951171875,2924.669921875,2938.699951171875,0,3.910868734292383
20210202,3047.330078125,3047.330078125,3049.300048828125,3005.1201171875,3047.3798828125,0,1.5780081948515656
20210203,2982.8701171875,2982.8701171875,3063.280029296875,2982.47998046875,3057.6298828125,0,-2.1152930363605993
20210204,3008.419921875,3008.419921875,3010.530029296875,2951.949951171875,2966.530029296875,0,0.8565510291675293
20210205,2985.010009765625,2985.010009765625,3029.47998046875,2982.699951171875,3028.02001953125,0,-0.7781464262736515
20210208,3078.47998046875,3078.47998046875,3079.280029296875,3010.7099609375,3013.090087890625,0,3.1313118012111563
20210209,3064.949951171875,3064.949951171875,3089.389892578125,3053.570068359375,3070.7900390625,0,-0.43950356613379205
20210210,3074.860107421875,3074.860107421875,3108.919921875,3035.0400390625,3096.010009765625,0,0.3233382733121237
20210211,3180.840087890625,3180.840087890625,3182.6201171875,3106.14990234375,3107.169921875,0,3.446660230588816
20210212,3219.8701171875,3219.8701171875,3226.080078125,3155.590087890625,3172.22998046875,0,1.22703525541763
20210216,3238.919921875,3238.919921875,3269.02001953125,3222.43994140625,3250.56005859375,0,0.5916327054874992
20210217,3178.239990234375,3178.239990234375,3216.389892578125,3138.050048828125,3197.27001953125,0,-1.8734619287993248
20210218,3146.7900390625,3146.7900390625,3160.02001953125,3108.469970703125,3142.239990234375,0,-0.9895398481080675
20210219,3223.4599609375,3223.4599609375,3241.7099609375,3188.1201171875,3195.06005859375,0,2.436448600741148
20210222,3102.010009765625,3102.010009765625,3202.550048828125,3093.580078125,3181.320068359375,0,-3.7676891490394993
20210223,3083.8798828125,3083.8798828125,3105.0400390625,2960.360107421875,3041.8701171875,0,-0.5844638442831784
20210224,3183.739990234375,3183.739990234375,3186.1201171875,3037.070068359375,3063.169921875,0,3.238132197639376
20210225,2999.159912109375,2999.159912109375,3163.530029296875,2988.429931640625,3142.89990234375,0,-5.797586445223879
20210226,3067.6201171875,3067.6201171875,3096.949951171875,2991.080078125,3041.800048828125,0,2.2826460437041396
20210301,3169.110107421875,3169.110107421875,3172.419921875,3093.590087890625,3118.429931640625,0,3.3084275874232016
20210302,3070.93994140625,3070.93994140625,3166.570068359375,3068.25,3165.389892578125,0,-3.097720264932291
20210303,2975.580078125,2975.580078125,3079.93994140625,2972.85009765625,3068.199951171875,0,-3.1052337427863397
20210304,2831.6298828125,2831.6298828125,2980.080078125,2793.820068359375,2947.909912109375,0,-4.837718748379549
20210305,2920.75,2920.75,2928.1201171875,2764.820068359375,2897.97998046875,0,3.1473081184954177
20210308,2762.75,2762.75,2923.639892578125,2759.199951171875,2905.780029296875,0,-5.409569459899
20210309,2932.2099609375,2932.2099609375,2952.1201171875,2853.64990234375,2861.050048828125,0,6.133742138720488
20210310,2879.320068359375,2879.320068359375,2976.06005859375,2876.179931640625,2969.93994140625,0,-1.8037553000200157
20210311,2997.1298828125,2997.1298828125,3015.0400390625,2948.3798828125,2965.2099609375,0,4.091584528852077
20210312,2965.090087890625,2965.090087890625,2970.110107421875,2924.340087890625,2933.800048828125,0,-1.0690158976964015
20210315,3032.050048828125,3032.050048828125,3034.050048828125,2963.68994140625,2983.52001953125,0,2.258277453726043
20210316,3070.320068359375,3070.320068359375,3116.110107421875,3051.64990234375,3058.330078125,0,1.2621829757078373
20210317,3107.919921875,3107.919921875,3130.02001953125,3004.070068359375,3024.820068359375,0,1.2246232535527257
20210318,2976.219970703125,2976.219970703125,3069.31005859375,2974.72998046875,3058.610107421875,0,-4.237559347810372
20210319,3011.3701171875,3011.3701171875,3039.389892578125,2945.4599609375,2976.639892578125,0,1.1810332176512839
20210322,3077.550048828125,3077.550048828125,3112.43994140625,3040.669921875,3055.409912109375,0,2.1976684719988704
20210323,2994.2099609375,2994.2099609375,3082.22998046875,2982.2099609375,3082.02001953125,0,-2.7080010582560488
20210324,2953.969970703125,2953.969970703125,3057.39990234375,2952.260009765625,3049.7900390625,0,-1.3439268040433494
20210325,2959.8798828125,2959.8798828125,2971.760009765625,2881.010009765625,2902.429931640625,0,0.20006676330457385
20210326,3106.280029296875,3106.280029296875,3110.7099609375,2958.800048828125,2961.22998046875,0,4.946151610222249
20210329,3054.6298828125,3054.6298828125,3085.6298828125,3021.97998046875,3077.14990234375,0,-1.6627653011717092
20210330,3044.550048828125,3044.550048828125,3055.75,3013.27001953125,3034.800048828125,0,-0.3299854440988459
20210331,3124.93994140625,3124.93994140625,3147.050048828125,3072.5400390625,3073.469970703125,0,2.6404523259214496
20210401,3240.169921875,3240.169921875,3242.330078125,3180.47998046875,3187.2900390625,0,3.6874302427999828
20210405,3305.429931640625,3305.429931640625,3314.159912109375,3255.280029296875,3282.909912109375,0,2.014092203160156
20210406,3266.10009765625,3266.10009765625,3304.47998046875,3236.860107421875,3283.4599609375,0,-1.1898553228400721
20210407,3266.4599609375,3266.4599609375,3281.39990234375,3241.06005859375,3259.260009765625,0,0.011018133874962643
20210408,3301.260009765625,3301.260009765625,3304.5400390625,3274.0400390625,3301.419921875,0,1.0653750312046517
20210409,3294.530029296875,3294.530029296875,3295.760009765625,3262.929931640625,3272.389892578125,0,-0.203860963657565
20210412,3258.330078125,3258.330078125,3274.610107421875,3231.1298828125,3273.60009765625,0,-1.0987895344696796
20210413,3252.699951171875,3252.699951171875,3284.85009765625,3223.4599609375,3275.52001953125,0,-0.17279179267082334
20210414,3213.8798828125,3213.8798828125,3268.8701171875,3200.4599609375,3244.56005859375,0,-1.19347215980955
20210415,3271.330078125,3271.330078125,3276.56005859375,3226.10009765625,3250.31005859375,0,1.7875651053338215
20210416,3253.080078125,3253.080078125,3275.590087890625,3248.4599609375,3274.14990234375,0,-0.5578770580821457
20210419,3171.0,3171.0,3240.949951171875,3141.199951171875,3228.010009765625,0,-2.523149635231514
20210420,3121.429931640625,3121.429931640625,3171.169921875,3106.18994140625,3158.860107421875,0,-1.5632314209831244
20210421,3207.25,3207.25,3209.280029296875,3113.739990234375,3128.22998046875,0,2.749383142945261
20210422,3133.169921875,3133.169921875,3206.889892578125,3119.010009765625,3203.85009765625,0,-2.3097693701769395
20210423,3196.97998046875,3196.97998046875,3207.330078125,3145.75,3147.10009765625,0,2.03659744555329
20210426,3250.260009765625,3250.260009765625,3256.169921875,3195.3701171875,3199.510009765625,0,1.6665737546802895
20210427,3225.610107421875,3225.610107421875,3266.25,3220.340087890625,3266.25,0,-0.7583978595462448
20210428,3178.489990234375,3178.489990234375,3208.60009765625,3175.610107421875,3208.60009765625,0,-1.4608125476504474
20210429,3202.5,3202.5,3222.2900390625,3153.97998046875,3218.360107421875,0,0.7553904476463202
20210430,3108.989990234375,3108.989990234375,3169.3798828125,3101.3798828125,3145.510009765625,0,-2.9199066281225594
20210503,3073.3798828125,3073.3798828125,3134.06005859375,3060.0,3130.06005859375,0,-1.1453915108678214
20210504,3024.31005859375,3024.31005859375,3036.10009765625,2969.1201171875,3029.300048828125,0,-1.5966078418475638
20210505,3042.8798828125,3042.8798828125,3080.68994140625,3022.699951171875,3063.239990234375,0,0.6140185317964564
20210506,3066.219970703125,3066.219970703125,3068.530029296875,3002.739990234375,3032.550048828125,0,0.7670394096875199
20210507,3112.030029296875,3112.030029296875,3129.8701171875,3085.739990234375,3103.949951171875,0,1.4940238805908335
20210510,2967.110107421875,2967.110107421875,3078.389892578125,2965.419921875,3077.280029296875,0,-4.656764893356213
20210511,2976.010009765625,2976.010009765625,2982.840087890625,2872.31005859375,2876.27001953125,0,0.2999518730864681
20210512,2851.14990234375,2851.14990234375,2926.860107421875,2842.330078125,2906.43994140625,0,-4.1955540140037435
20210513,2893.93994140625,2893.93994140625,2934.449951171875,2862.8798828125,2899.800048828125,0,1.5007993451107149
20210514,2981.419921875,2981.419921875,3006.139892578125,2907.39990234375,2932.0400390625,0,3.0228678631886607
20210517,2954.6298828125,2954.6298828125,2955.610107421875,2904.25,2946.81005859375,0,-0.8985664470119947
20210518,2929.14990234375,2929.14990234375,2985.929931640625,2927.340087890625,2977.860107421875,0,-0.8623746959634637
20210519,2987.280029296875,2987.280029296875,2989.820068359375,2862.679931640625,2864.35009765625,0,1.984539162936394
20210520,3066.110107421875,3066.110107421875,3078.300048828125,3009.97998046875,3010.7900390625,0,2.6388580029959474
20210521,3052.10009765625,3052.10009765625,3086.830078125,3044.89990234375,3085.669921875,0,-0.4569310714482189
20210524,3122.97998046875,3122.97998046875,3141.81005859375,3079.669921875,3082.43994140625,0,2.3223315272959066
20210525,3134.669921875,3134.669921875,3157.7900390625,3117.27001953125,3145.669921875,0,0.37432008784428206
20210526,3140.97998046875,3140.97998046875,3156.77001953125,3115.219970703125,3135.89990234375,0,0.20129898046732375
20210527,3159.27001953125,3159.27001953125,3170.860107421875,3130.639892578125,3134.2099609375,0,0.582303586021915
20210528,3186.56005859375,3186.56005859375,3200.35009765625,3163.77001953125,3172.52001953125,0,0.8638083764219928
20210601,3174.320068359375,3174.320068359375,3233.889892578125,3160.35009765625,3210.10009765625,0,-0.38411296223227476
20210602,3196.97998046875,3196.97998046875,3206.820068359375,3163.7900390625,3167.7099609375,0,0.7138508915733421
20210603,3139.18994140625,3139.18994140625,3171.780029296875,3126.9599609375,3161.1298828125,0,-1.8076446964183535
20210604,3214.139892578125,3214.139892578125,3221.780029296875,3170.110107421875,3170.110107421875,0,2.387557063154322
20210607,3191.659912109375,3191.659912109375,3205.300048828125,3172.52001953125,3199.10009765625,0,-0.6994089000500359
20210608,3171.219970703125,3171.219970703125,3221.449951171875,3150.260009765625,3221.449951171875,0,-0.6404172740554048
20210609,3158.47998046875,3158.47998046875,3190.659912109375,3157.820068359375,3183.409912109375,0,-0.4017378280936512
20210610,3196.2099609375,3196.2099609375,3205.77001953125,3156.800048828125,3165.199951171875,0,1.1945613301987956
20210611,3210.06005859375,3210.06005859375,3210.27001953125,3186.260009765625,3198.889892578125,0,0.4333287808222508
20210614,3255.340087890625,3255.340087890625,3255.590087890625,3199.969970703125,3213.56005859375,0,1.4105664215114722
20210615,3225.97998046875,3225.97998046875,3265.56005859375,3218.22998046875,3248.1298828125,0,-0.9019059953548347
20210616,3201.010009765625,3201.010009765625,3246.320068359375,3173.5400390625,3237.010009765625,0,-0.7740274538063585
20210617,3231.7099609375,3231.7099609375,3255.31005859375,3189.1298828125,3189.25,0,0.9590707644842045
20210618,3152.81005859375,3152.81005859375,3210.969970703125,3137.590087890625,3205.7900390625,0,-2.4414289431116454
20210621,3171.989990234375,3171.989990234375,3174.8701171875,3132.919921875,3153.199951171875,0,0.6083440259379236
20210622,3185.429931640625,3185.429931640625,3192.550048828125,3155.080078125,3166.6201171875,0,0.4237069299596774
20210623,3197.219970703125,3197.219970703125,3214.7099609375,3191.530029296875,3191.570068359375,0,0.3701239492160946
20210624,3253.800048828125,3253.800048828125,3258.43994140625,3226.030029296875,3228.7099609375,0,1.7696648539498927
20210625,3241.47998046875,3241.47998046875,3270.2099609375,3233.64990234375,3263.449951171875,0,-0.37863630753254274
20210628,3323.139892578125,3323.139892578125,3333.679931640625,3274.06005859375,3274.389892578125,0,2.519216919475342
20210629,3348.8701171875,3348.8701171875,3349.989990234375,3304.989990234375,3321.550048828125,0,0.7742744946380498
20210630,3345.31005859375,3345.31005859375,3350.969970703125,3326.080078125,3346.570068359375,0,-0.1063062605945353
20210701,3295.06005859375,3295.06005859375,3340.159912109375,3288.909912109375,3336.1298828125,0,-1.5021029178121426
20210702,3315.830078125,3315.830078125,3323.60009765625,3289.419921875,3323.159912109375,0,0.6303381171180789
20210706,3307.919921875,3307.919921875,3335.929931640625,3268.139892578125,3327.010009765625,0,-0.2385573465354729
20210707,3261.72998046875,3261.72998046875,3331.330078125,3250.52001953125,3331.330078125,0,-1.3963440015823725
20210708,3222.81005859375,3222.81005859375,3239.3701171875,3172.409912109375,3185.5400390625,0,-1.1932294245094677
20210709,3278.389892578125,3278.389892578125,3282.320068359375,3212.7099609375,3229.469970703125,0,1.7245767815627033
20210712,3319.0,3319.0,3319.93994140625,3281.639892578125,3292.639892578125,0,1.238721102508622
20210713,3300.81005859375,3300.81005859375,3319.10009765625,3289.68994140625,3309.590087890625,0,-0.5480548781636063
20210714,3289.179931640625,3289.179931640625,3357.97998046875,3283.68994140625,3338.050048828125,0,-0.35234159938545284
20210715,3217.739990234375,3217.739990234375,3272.340087890625,3196.1201171875,3271.409912109375,0,-2.1719681772050747
20210716,3145.449951171875,3145.449951171875,3243.820068359375,3141.409912109375,3231.10009765625,0,-2.2466090884252776
20210719,3147.510009765625,3147.510009765625,3150.0,3088.330078125,3094.840087890625,0,0.06549328794700493
20210720,3190.949951171875,3190.949951171875,3212.239990234375,3122.1201171875,3155.639892578125,0,1.3801367198665204
20210721,3288.75,3288.75,3289.199951171875,3204.60009765625,3205.93994140625,0,3.064919548243239
20210722,3259.419921875,3259.419921875,3282.610107421875,3240.659912109375,3268.43994140625,0,-0.8918305777271041
20210723,3280.06005859375,3280.06005859375,3281.31005859375,3239.320068359375,3273.340087890625,0,0.633245706704666
20210726,3276.919921875,3276.919921875,3286.860107421875,3256.929931640625,3268.669921875,0,-0.09573412262751102
20210727,3215.969970703125,3215.969970703125,3261.659912109375,3152.580078125,3258.989990234375,0,-1.859976826562193
20210728,3272.449951171875,3272.449951171875,3283.159912109375,3216.97998046875,3230.139892578125,0,1.7562346969428155
20210729,3333.239990234375,3333.239990234375,3339.8701171875,3280.409912109375,3286.360107421875,0,1.857630826125578
20210730,3356.530029296875,3356.530029296875,3361.169921875,3304.510009765625,3304.510009765625,0,0.6987207381027094
20210802,3377.489990234375,3377.489990234375,3420.31005859375,3370.830078125,3388.5,0,0.6244532524528168
20210803,3396.659912109375,3396.659912109375,3397.7900390625,3340.39990234375,3382.1201171875,0,0.5675789396986319
20210804,3436.89990234375,3436.89990234375,3450.3701171875,3405.7099609375,3415.139892578125,0,1.1846929417607122
20210805,3424.4599609375,3424.4599609375,3451.409912109375,3408.409912109375,3447.2099609375,0,-0.361952391972975
20210806,3412.050048828125,3412.050048828125,3427.570068359375,3403.469970703125,3404.39990234375,0,-0.3623903404020967
20210809,3399.760009765625,3399.760009765625,3428.110107421875,3387.570068359375,3424.419921875,0,-0.3601951579438545
20210810,3358.8701171875,3358.8701171875,3409.449951171875,3337.639892578125,3406.47998046875,0,-1.2027287944052278
20210811,3350.929931640625,3350.929931640625,3373.389892578125,3310.010009765625,3370.389892578125,0,-0.23639453952818412
20210812,3312.9599609375,3312.9599609375,3328.550048828125,3287.0400390625,3328.550048828125,0,-1.1331174174846081
20210813,3335.0400390625,3335.0400390625,3337.610107421875,3305.81005859375,3308.77001953125,0,0.6664758519674852
20210816,3322.639892578125,3322.639892578125,3331.739990234375,3298.199951171875,3323.77001953125,0,-0.37181402139510045
20210817,3256.820068359375,3256.820068359375,3288.02001953125,3228.889892578125,3288.02001953125,0,-1.9809496769654045
20210818,3208.830078125,3208.830078125,3269.14990234375,3205.97998046875,3245.659912109375,0,-1.4735229219632662
20210819,3235.8701171875,3235.8701171875,3252.6298828125,3166.830078125,3192.22998046875,0,0.8426759412047291
20210820,3256.5,3256.5,3263.469970703125,3218.550048828125,3245.219970703125,0,0.6375374185423333
20210823,3342.010009765625,3342.010009765625,3346.159912109375,3287.360107421875,3287.679931640625,0,2.6258255724128654
20210824,3345.389892578125,3345.389892578125,3363.419921875,3338.919921875,3347.830078125,0,0.10113323426990117
20210825,3372.550048828125,3372.550048828125,3393.89990234375,3363.25,3365.199951171875,0,0.8118681864333954
20210826,3370.389892578125,3370.389892578125,3385.469970703125,3346.830078125,3368.360107421875,0,-0.06405112507523736
20210827,3436.449951171875,3436.449951171875,3441.780029296875,3373.5,3373.5,0,1.9600123635315825
20210830,3446.43994140625,3446.43994140625,3477.929931640625,3433.8798828125,3460.800048828125,0,0.2907066995393892
20210831,3417.719970703125,3417.719970703125,3446.580078125,3391.1201171875,3446.469970703125,0,-0.8333228256229619
20210901,3399.949951171875,3399.949951171875,3433.010009765625,3398.6298828125,3431.0,0,-0.5199378440473579
20210902,3411.320068359375,3411.320068359375,3420.010009765625,3396.949951171875,3413.35009765625,0,0.3344201341428876
20210903,3430.889892578125,3430.889892578125,3445.39990234375,3401.760009765625,3405.030029296875,0,0.5736730598885575
20210907,3419.72998046875,3419.72998046875,3432.989990234375,3401.889892578125,3432.199951171875,0,-0.32527747782045147
20210908,3377.679931640625,3377.679931640625,3411.75,3350.260009765625,3409.510009765625,0,-1.229630674593818
20210909,3390.840087890625,3390.840087890625,3410.06005859375,3379.830078125,3381.570068359375,0,0.3896211753731116
20210910,3416.659912109375,3416.659912109375,3468.679931640625,3415.159912109375,3425.3701171875,0,0.7614580325081555
20210913,3449.679931640625,3449.679931640625,3458.070068359375,3405.340087890625,3450.580078125,0,0.9664415066369392
20210914,3449.389892578125,3449.389892578125,3475.780029296875,3433.510009765625,3464.7099609375,0,-0.00840770935992552
20210915,3465.760009765625,3465.760009765625,3466.52001953125,3421.56005859375,3451.239990234375,0,0.4745800763990893
20210916,3473.60009765625,3473.60009765625,3484.18994140625,3427.85009765625,3437.280029296875,0,0.2262155448886638
20210917,3421.159912109375,3421.159912109375,3457.77001953125,3403.139892578125,3457.77001953125,0,-1.5096782609563486
20210920,3338.22998046875,3338.22998046875,3360.030029296875,3289.409912109375,3341.280029296875,0,-2.4240296791474214
20210921,3345.030029296875,3345.030029296875,3368.3798828125,3313.85009765625,3363.35009765625,0,0.20370222746517452
20210922,3412.02001953125,3412.02001953125,3420.739990234375,3357.6201171875,3374.22998046875,0,2.002672312285836
20210923,3457.449951171875,3457.449951171875,3468.739990234375,3418.0,3426.280029296875,0,1.3314673237722063
20210924,3453.919921875,3453.919921875,3461.280029296875,3426.080078125,3431.139892578125,0,-0.10209921609071193
20210927,3445.43994140625,3445.43994140625,3458.22998046875,3399.080078125,3418.1201171875,0,-0.24551757598788582
20210928,3314.389892578125,3314.389892578125,3398.10009765625,3313.75,3378.110107421875,0,-3.8035795444641307
20210929,3263.840087890625,3263.840087890625,3329.889892578125,3257.2099609375,3318.330078125,0,-1.5251616836237547
20210930,3258.090087890625,3258.090087890625,3311.409912109375,3257.739990234375,3293.72998046875,0,-0.17617284686628487
20211001,3261.179931640625,3261.179931640625,3277.580078125,3208.550048828125,3275.280029296875,0,0.09483604402111823
20211004,3180.06005859375,3180.06005859375,3246.419921875,3170.469970703125,3240.89990234375,0,-2.487439354689802
20211005,3227.25,3227.25,3249.010009765625,3191.14990234375,3204.72998046875,0,1.4839323955132322
20211006,3238.7900390625,3238.7900390625,3242.3798828125,3182.6201171875,3191.510009765625,0,0.3575811933534734
20211007,3274.47998046875,3274.47998046875,3319.3798828125,3271.18994140625,3281.02001953125,0,1.1019529199423062
20211008,3246.27001953125,3246.27001953125,3289.5,3241.8701171875,3288.580078125,0,-0.8615096475093287
20211011,3221.22998046875,3221.22998046875,3274.39990234375,3219.949951171875,3232.820068359375,0,-0.7713480059220568
20211012,3178.14990234375,3178.14990234375,3242.889892578125,3165.35009765625,3240.780029296875,0,-1.3373797706530466
20211013,3192.75,3192.75,3211.969970703125,3183.5,3203.659912109375,0,0.4593898370081062
20211014,3291.239990234375,3291.239990234375,3292.090087890625,3243.14990234375,3245.8701171875,0,3.084801197537379
20211015,3314.409912109375,3314.409912109375,3325.31005859375,3299.550048828125,3316.5400390625,0,0.7039876139008028
20211018,3338.780029296875,3338.780029296875,3340.840087890625,3276.699951171875,3287.419921875,0,0.7352777065523064
20211019,3381.449951171875,3381.449951171875,3381.699951171875,3331.989990234375,3343.1298828125,0,1.2780093776943335
20211020,3374.219970703125,3374.219970703125,3387.97998046875,3363.340087890625,3380.3798828125,0,-0.2138130261618798
20211021,3412.050048828125,3412.050048828125,3414.97998046875,3353.8701171875,3353.949951171875,0,1.1211503237329445
20211022,3370.280029296875,3370.280029296875,3427.1298828125,3366.6298828125,3393.139892578125,0,-1.2241912906757024
20211025,3392.389892578125,3392.389892578125,3412.39990234375,3377.969970703125,3384.93994140625,0,0.656024516926057
20211026,3392.9599609375,3392.9599609375,3427.89990234375,3381.14990234375,3420.330078125,0,0.01680432902544382
20211027,3360.2900390625,3360.2900390625,3399.1298828125,3353.780029296875,3365.110107421875,0,-0.9628737813331845
20211028,3438.830078125,3438.830078125,3440.580078125,3402.969970703125,3406.300048828125,0,2.337299404202975
20211029,3451.27001953125,3451.27001953125,3452.830078125,3404.14990234375,3407.47998046875,0,0.3617492322572913
20211101,3506.280029296875,3506.280029296875,3507.56005859375,3451.679931640625,3459.570068359375,0,1.5939062853475683
20211102,3548.860107421875,3548.860107421875,3549.760009765625,3510.25,3510.25,0,1.2143946795241778
20211103,3590.169921875,3590.169921875,3592.760009765625,3540.0,3552.7099609375,0,1.1640305112825322
20211104,3715.760009765625,3715.760009765625,3728.080078125,3617.090087890625,3633.110107421875,0,3.4981655638470333
20211105,3756.550048828125,3756.550048828125,3789.590087890625,3725.320068359375,3738.889892578125,0,1.0977576311520965
20211108,3803.330078125,3803.330078125,3824.320068359375,3766.47998046875,3781.1298828125,0,1.2452923211143663
20211109,3800.570068359375,3800.570068359375,3838.6201171875,3767.030029296875,3830.77001953125,0,-0.07256824174949328
20211110,3693.02001953125,3693.02001953125,3783.06005859375,3676.6201171875,3727.590087890625,0,-2.829839915951138
20211111,3764.489990234375,3764.489990234375,3772.070068359375,3723.169921875,3740.360107421875,0,1.9352716834770023
20211112,3794.5,3794.5,3812.340087890625,3754.669921875,3770.52001953125,0,0.7971866001364125
20211115,3793.75,3793.75,3823.6201171875,3760.10009765625,3817.10009765625,0,-0.01976544999341412
20211116,3859.39990234375,3859.39990234375,3866.72998046875,3774.070068359375,3781.909912109375,0,1.730475185337732
20211117,3831.43994140625,3831.43994140625,3856.5,3813.580078125,3851.31005859375,0,-0.7244639489294769
20211118,3899.9599609375,3899.9599609375,3916.919921875,3861.93994140625,3904.2900390625,0,1.7883620930803756
20211119,3912.02001953125,3912.02001953125,3936.989990234375,3879.860107421875,3895.64990234375,0,0.30923544637753153
20211122,3847.1201171875,3847.1201171875,3982.1201171875,3843.889892578125,3928.0,0,-1.6589869688735992
20211123,3834.429931640625,3834.429931640625,3869.860107421875,3773.43994140625,3836.68994140625,0,-0.3298619528457114
20211124,3870.010009765625,3870.010009765625,3871.590087890625,3765.68994140625,3800.050048828125,0,0.9279105045421066
20211126,3757.1298828125,3757.1298828125,3833.050048828125,3735.929931640625,3799.550048828125,0,-2.916791601786095
20211129,3910.5400390625,3910.5400390625,3914.699951171875,3806.360107421875,3827.409912109375,0,4.083174152477276
20211130,3833.219970703125,3833.219970703125,3924.7900390625,3804.60009765625,3893.010009765625,0,-1.9772222656467497
20211201,3810.75,3810.75,3958.719970703125,3806.330078125,3896.090087890625,0,-0.5861904841063303
20211202,3810.820068359375,3810.820068359375,3838.639892578125,3742.5400390625,3758.199951171875,0,0.0018387026011978946
20211203,3804.5400390625,3804.5400390625,3902.860107421875,3762.070068359375,3874.52001953125,0,-0.16479469469097285
20211206,3800.070068359375,3800.070068359375,3814.330078125,3687.8701171875,3797.590087890625,0,-0.11749043661599679
20211207,3988.75,3988.75,4002.159912109375,3892.320068359375,3892.320068359375,0,4.965169805989511
20211208,3964.43994140625,3964.43994140625,3973.419921875,3928.159912109375,3954.260009765625,0,-0.6094655868066456
20211209,3879.52001953125,3879.52001953125,3981.93994140625,3877.080078125,3936.340087890625,0,-2.142040821152602
20211210,3914.669921875,3914.669921875,3967.97998046875,3871.889892578125,3952.39990234375,0,0.9060374006781613
20211213,3814.429931640625,3814.429931640625,3936.7099609375,3811.050048828125,3931.030029296875,0,-2.560624324269034
20211214,3794.409912109375,3794.409912109375,3814.6201171875,3746.43994140625,3768.06005859375,0,-0.524849581458664
20211215,3934.4599609375,3934.4599609375,3939.860107421875,3757.280029296875,3805.409912109375,0,3.690957278526308
20211216,3766.320068359375,3766.320068359375,3961.989990234375,3748.1298828125,3961.550048828125,0,-4.2735189644187095
20211217,3761.0400390625,3761.0400390625,3814.830078125,3721.169921875,3733.659912109375,0,-0.14019066890337273
20211220,3732.389892578125,3732.389892578125,3755.3701171875,3689.3798828125,3707.39990234375,0,-0.7617612731269041
20211221,3857.300048828125,3857.300048828125,3861.77001953125,3760.06005859375,3818.570068359375,0,3.346653480612627
20211222,3891.919921875,3891.919921875,3892.77001953125,3817.219970703125,3836.5400390625,0,0.8975156873625378
20211223,3932.389892578125,3932.389892578125,3955.5400390625,3906.820068359375,3906.820068359375,0,1.0398459247750402
20211227,4039.510009765625,4039.510009765625,4040.6298828125,3945.989990234375,3945.989990234375,0,2.7240461936308913
20211228,3992.18994140625,3992.18994140625,4054.989990234375,3977.719970703125,4052.830078125,0,-1.1714308974350218
20211229,3999.35009765625,3999.35009765625,4023.989990234375,3979.18994140625,3995.4599609375,0,0.17935409775311495
20211230,3952.0400390625,3952.0400390625,4008.68994140625,3945.760009765625,3996.43994140625,0,-1.1829436643087443
20211231,3946.169921875,3946.169921875,3987.550048828125,3944.820068359375,3960.4599609375,0,-0.14853384908752876
20220103,4027.219970703125,4027.219970703125,4027.89990234375,3961.2900390625,3974.31005859375,0,2.053891505756922
20220104,4009.0,4009.0,4068.14990234375,3918.409912109375,4045.3701171875,0,-0.4524205490554323
20220105,3879.8701171875,3879.8701171875,4020.5,3876.840087890625,3988.60009765625,0,-3.2209998207158863
20220106,3909.0400390625,3909.0400390625,3926.989990234375,3839.080078125,3872.39990234375,0,0.7518272775622004
20220107,3796.320068359375,3796.320068359375,3917.820068359375,3786.429931640625,3912.18994140625,0,-2.8835716589425964
20220110,3805.389892578125,3805.389892578125,3810.300048828125,3676.77001953125,3738.18994140625,0,0.23891094679668878
20220111,3875.43994140625,3875.43994140625,3879.0,3767.820068359375,3785.580078125,0,1.8408113440556484
20220112,3901.2099609375,3901.2099609375,3937.9599609375,3866.14990234375,3915.610107421875,0,0.6649572673263826
20220113,3811.840087890625,3811.840087890625,3992.22998046875,3801.429931640625,3971.169921875,0,-2.2908244862934413
20220114,3900.610107421875,3900.610107421875,3903.050048828125,3783.10009765625,3783.10009765625,0,2.328797050360354
20220118,3727.239990234375,3727.239990234375,3840.949951171875,3720.159912109375,3840.780029296875,0,-4.44469230230472
20220119,3612.18994140625,3612.18994140625,3777.89990234375,3610.47998046875,3763.25,0,-3.0867357382289295
20220120,3494.75,3494.75,3666.6201171875,3493.10009765625,3638.14990234375,0,-3.251211683528743
20220121,3434.7900390625,3434.7900390625,3567.10009765625,3429.8798828125,3466.18994140625,0,-1.7157153140424874
20220124,3479.949951171875,3479.949951171875,3483.489990234375,3257.4599609375,3363.39990234375,0,1.314779407060973
20220125,3350.85009765625,3350.85009765625,3432.2099609375,3335.699951171875,3387.93994140625,0,-3.7098192596749957
20220126,3407.0,3407.0,3540.52001953125,3357.110107421875,3447.31005859375,0,1.6756912636296084
20220127,3244.0,3244.0,3422.909912109375,3236.199951171875,3422.909912109375,0,-4.784267684179633
20220128,3303.39990234375,3303.39990234375,3304.169921875,3147.47998046875,3237.489990234375,0,1.831069739326452
20220131,3483.2099609375,3483.2099609375,3484.7099609375,3304.8798828125,3332.1298828125,0,5.443181688846566
20220201,3510.860107421875,3510.860107421875,3515.47998046875,3422.360107421875,3504.659912109375,0,0.7938122247713508
20220202,3597.169921875,3597.169921875,3601.219970703125,3526.9599609375,3578.419921875,0,2.458366662649647
20220203,3432.550048828125,3432.550048828125,3559.199951171875,3425.18994140625,3510.25,0,-4.576371887404973
20220204,3453.070068359375,3453.070068359375,3481.659912109375,3374.5,3420.429931640625,0,0.5978068561084848
20220207,3452.330078125,3452.330078125,3507.530029296875,3440.25,3470.489990234375,0,-0.021429922351001718
20220208,3535.1298828125,3535.1298828125,3545.1298828125,3433.85009765625,3443.199951171875,0,2.3983745126847644
20220209,3653.719970703125,3653.719970703125,3655.280029296875,3543.719970703125,3590.699951171875,0,3.354617562064699
20220210,3536.10009765625,3536.10009765625,3674.3701171875,3520.52001953125,3569.14990234375,0,-3.219181381988623
20220211,3365.25,3365.25,3568.830078125,3341.780029296875,3552.72998046875,0,-4.831596757385082
20220214,3370.199951171875,3370.199951171875,3433.080078125,3324.550048828125,3376.1201171875,0,0.14709014699874068
20220215,3554.449951171875,3554.449951171875,3559.77001953125,3433.0,3439.10009765625,0,5.467034676560756
20220216,3555.68994140625,3555.68994140625,3567.0,3480.8701171875,3511.2099609375,0,0.034885573053755614
20220217,3422.60009765625,3422.60009765625,3512.0400390625,3420.85009765625,3509.090087890625,0,-3.743010384571499
20220218,3384.300048828125,3384.300048828125,3432.3798828125,3336.0,3429.419921875,0,-1.119033709323869
20220222,3356.070068359375,3356.070068359375,3436.280029296875,3307.31005859375,3347.219970703125,0,-0.8341453199022686
20220223,3277.800048828125,3277.800048828125,3430.090087890625,3273.06005859375,3402.830078125,0,-2.3321926520298297
20220224,3399.159912109375,3399.159912109375,3404.2099609375,3152.679931640625,3156.840087890625,0,3.702479146787452
20220225,3452.669921875,3452.669921875,3454.919921875,3351.929931640625,3390.9599609375,0,1.5742127804872608
20220228,3429.530029296875,3429.530029296875,3460.800048828125,3364.080078125,3415.39990234375,0,-0.6702028604448462
20220301,3304.85009765625,3304.85009765625,3435.080078125,3274.31005859375,3419.52001953125,0,-3.6354815550685537
20220302,3416.159912109375,3416.159912109375,3436.070068359375,3330.6201171875,3335.580078125,0,3.368074531793863
20220303,3339.760009765625,3339.760009765625,3425.590087890625,3322.699951171875,3424.02001953125,0,-2.236426405945835
20220304,3258.919921875,3258.919921875,3337.739990234375,3220.409912109375,3314.93994140625,0,-2.4205358365344987
20220307,3098.929931640625,3098.929931640625,3285.679931640625,3097.760009765625,3273.070068359375,0,-4.909294921930019
20220308,3156.8701171875,3156.8701171875,3268.47998046875,3067.52001953125,3110.169921875,0,1.8696836270899686
20220309,3282.179931640625,3282.179931640625,3303.6298828125,3223.39990234375,3261.219970703125,0,3.9694320577485565
20220310,3211.070068359375,3211.070068359375,3223.330078125,3151.6201171875,3222.330078125,0,-2.1665437228392648
20220311,3144.14990234375,3144.14990234375,3266.340087890625,3139.610107421875,3259.72998046875,0,-2.084045648054522
20220314,3047.5,3047.5,3150.030029296875,3030.070068359375,3140.22998046875,0,-3.073959745739352
20220315,3180.239990234375,3180.239990234375,3186.60009765625,3057.77001953125,3073.77001953125,0,4.355701074138629
20220316,3340.070068359375,3340.070068359375,3340.85009765625,3202.3701171875,3232.97998046875,0,5.025723801216042
20220317,3364.550048828125,3364.550048828125,3365.1298828125,3280.659912109375,3298.469970703125,0,0.7329181714075261
20220318,3432.300048828125,3432.300048828125,3443.679931640625,3324.719970703125,3338.0,0,2.0136422111954433
20220321,3423.239990234375,3423.239990234375,3450.4599609375,3365.25,3413.659912109375,0,-0.2639646436751186
20220322,3445.85009765625,3445.85009765625,3485.22998046875,3417.110107421875,3421.93994140625,0,0.6604885280136807
20220323,3360.320068359375,3360.320068359375,3457.25,3359.3798828125,3411.679931640625,0,-2.4821169485883754
20220324,3532.719970703125,3532.719970703125,3533.580078125,3384.300048828125,3398.010009765625,0,5.130460754826904
20220325,3525.340087890625,3525.340087890625,3535.409912109375,3466.989990234375,3525.9599609375,0,-0.20890087167115823
20220328,3547.169921875,3547.169921875,3548.5400390625,3450.93994140625,3501.7900390625,0,0.6192263282444488
20220329,3625.580078125,3625.580078125,3633.139892578125,3557.659912109375,3601.3701171875,0,2.21049901687691
20220330,3508.6201171875,3508.6201171875,3611.199951171875,3493.68994140625,3605.260009765625,0,-3.2259654570362395
20220331,3429.0,3429.0,3523.699951171875,3427.469970703125,3503.739990234375,0,-2.2692715235105965
20220401,3366.639892578125,3366.639892578125,3455.800048828125,3317.8798828125,3454.070068359375,0,-1.8186091403288085
20220404,3424.949951171875,3424.949951171875,3428.659912109375,3368.35009765625,3380.610107421875,0,1.7319957124697805
20220405,3269.820068359375,3269.820068359375,3400.590087890625,3264.3798828125,3396.449951171875,0,-4.529405831446409
20220406,3193.9599609375,3193.9599609375,3246.8798828125,3164.989990234375,3197.989990234375,0,-2.3200086193102876
20220407,3197.43994140625,3197.43994140625,3226.7900390625,3134.3701171875,3188.89990234375,0,0.10895504362329334
20220408,3120.159912109375,3120.159912109375,3173.530029296875,3116.669921875,3164.93994140625,0,-2.416934507388646
20220411,3055.090087890625,3055.090087890625,3099.419921875,3052.139892578125,3067.97998046875,0,-2.0854644009178247
20220412,3047.469970703125,3047.469970703125,3145.75,3035.93994140625,3124.320068359375,0,-0.2494236493288282
20220413,3119.320068359375,3119.320068359375,3136.639892578125,3053.639892578125,3065.25,0,2.357696658112518
20220414,3028.219970703125,3028.219970703125,3132.610107421875,3026.77001953125,3131.419921875,0,-2.9205113826028306
20220418,3085.18994140625,3085.18994140625,3110.030029296875,3017.9599609375,3017.9599609375,0,1.8813022585640438
20220419,3153.22998046875,3153.22998046875,3157.52001953125,3057.429931640625,3073.320068359375,0,2.2053760175130943
20220420,3142.199951171875,3142.199951171875,3227.179931640625,3135.449951171875,3205.679931640625,0,-0.349800977575232
20220421,3058.739990234375,3058.739990234375,3216.7900390625,3046.68994140625,3185.820068359375,0,-2.656099619197494
20220422,2989.830078125,2989.830078125,3069.52001953125,2988.419921875,3054.6201171875,0,-2.2528855780283186
20220425,3042.389892578125,3042.389892578125,3045.679931640625,2964.570068359375,2964.60009765625,0,1.7579532307764767
20220426,2909.1201171875,2909.1201171875,3006.909912109375,2908.1298828125,3006.909912109375,0,-4.380430519958511
20220427,2894.909912109375,2894.909912109375,2964.469970703125,2875.3701171875,2879.760009765625,0,-0.4884708951744199
20220428,3056.360107421875,3056.360107421875,3087.0400390625,2919.5,2968.449951171875,0,5.577036944643976
20220429,2919.739990234375,2919.739990234375,3065.719970703125,2916.1201171875,3006.489990234375,0,-4.470026841920238
20220502,3022.239990234375,3022.239990234375,3024.7900390625,2905.43994140625,2935.9599609375,0,3.5105865708189965
20220503,3044.889892578125,3044.889892578125,3067.409912109375,2994.949951171875,3012.219970703125,0,0.7494408920845963
20220504,3163.7900390625,3163.7900390625,3166.699951171875,2974.7099609375,3071.169921875,0,3.9049079171694423
20220505,3005.530029296875,3005.530029296875,3105.5,2965.72998046875,3103.590087890625,0,-5.002228586967828
20220506,2982.06005859375,2982.06005859375,3044.820068359375,2926.090087890625,2990.4599609375,0,-0.7808929032266487
20220509,2829.10009765625,2829.10009765625,2949.919921875,2817.2099609375,2918.419921875,0,-5.1293387098860554
20220510,2900.1298828125,2900.1298828125,2948.639892578125,2834.860107421875,2918.60009765625,0,2.5106847656289677
20220511,2811.93994140625,2811.93994140625,2937.389892578125,2806.989990234375,2872.909912109375,0,-3.040896269125881
20220512,2827.2099609375,2827.2099609375,2851.75,2754.699951171875,2781.840087890625,0,0.5430421648199735
20220513,2970.3701171875,2970.3701171875,2988.330078125,2863.409912109375,2880.0,0,5.063654918735794
20220516,2920.06005859375,2920.06005859375,2967.77001953125,2912.239990234375,2929.860107421875,0,-1.693730296525675
20220517,3066.5,3066.5,3071.56005859375,2990.31005859375,3007.47998046875,0,5.014963338691492
20220518,2907.9599609375,2907.9599609375,3054.81005859375,2897.93994140625,3012.02001953125,0,-5.1700648642589275
20220519,2890.330078125,2890.330078125,2960.1298828125,2867.1298828125,2901.050048828125,0,-0.6062629145284437
20220520,2882.64990234375,2882.64990234375,2939.469970703125,2758.75,2937.699951171875,0,-0.2657196781563509
20220523,2898.429931640625,2898.429931640625,2904.169921875,2844.090087890625,2861.340087890625,0,0.5474140055663712
20220524,2827.050048828125,2827.050048828125,2863.510009765625,2797.89990234375,2853.7099609375,0,-2.462708586924378
20220525,2882.929931640625,2882.929931640625,2905.93994140625,2809.739990234375,2812.06005859375,0,1.9766145574841687
20220526,2994.610107421875,2994.610107421875,3006.22998046875,2848.489990234375,2849.969970703125,0,3.87384287614978
20220527,3115.35009765625,3115.35009765625,3120.889892578125,3046.699951171875,3048.110107421875,0,4.03191019542517
20220531,3098.68994140625,3098.68994140625,3126.860107421875,3052.659912109375,3110.090087890625,0,-0.5347763727272192
20220601,3049.030029296875,3049.030029296875,3130.10009765625,3011.179931640625,3117.300048828125,0,-1.6026099109108793
20220602,3157.97998046875,3157.97998046875,3158.6201171875,3036.97998046875,3041.97998046875,0,3.5732659280170997
20220603,3062.590087890625,3062.590087890625,3103.360107421875,3047.89990234375,3080.5400390625,0,-3.020598394166074
20220606,3062.739990234375,3062.739990234375,3132.419921875,3047.179931640625,3121.93994140625,0,0.004894626425611115
20220607,3092.969970703125,3092.969970703125,3098.75,3007.969970703125,3025.919921875,0,0.9870240557520171
20220608,3019.10009765625,3019.10009765625,3082.3798828125,3000.4599609375,3069.760009765625,0,-2.388315235730598
20220609,2937.7900390625,2937.7900390625,3047.719970703125,2937.39990234375,2995.780029296875,0,-2.6931885649260745
20220610,2831.97998046875,2831.97998046875,2911.760009765625,2828.4599609375,2894.7099609375,0,-3.6016889289854026
20220613,2673.0,2673.0,2765.429931640625,2665.639892578125,2742.14990234375,0,-5.6137395590782235
20220614,2689.889892578125,2689.889892578125,2713.5,2658.409912109375,2707.27001953125,0,0.6318702797652342
20220615,2737.550048828125,2737.550048828125,2780.639892578125,2674.02001953125,2726.070068359375,0,1.7718255450345
20220616,2566.860107421875,2566.860107421875,2655.090087890625,2537.68994140625,2648.22998046875,0,-6.235135006182557
20220617,2578.5400390625,2578.5400390625,2598.56005859375,2523.199951171875,2581.719970703125,0,0.45502797783383286
20220621,2649.3701171875,2649.3701171875,2685.010009765625,2633.56005859375,2638.469970703125,0,2.7469062745580697
20220622,2619.7099609375,2619.7099609375,2658.760009765625,2602.89990234375,2603.60009765625,0,-1.1195172791292118
20220623,2602.739990234375,2602.739990234375,2636.820068359375,2563.679931640625,2633.010009765625,0,-0.647780516017582
20220624,2718.469970703125,2718.469970703125,2719.530029296875,2639.43994140625,2639.77001953125,0,4.446467219275663
20220627,2713.47998046875,2713.47998046875,2749.659912109375,2692.780029296875,2745.760009765625,0,-0.18355877711182522
20220628,2642.070068359375,2642.070068359375,2758.52001953125,2640.800048828125,2724.47998046875,0,-2.631672708970534
20220629,2583.97998046875,2583.97998046875,2610.679931640625,2553.530029296875,2604.97998046875,0,-2.1986581122996784
20220630,2556.25,2556.25,2602.550048828125,2514.419921875,2548.639892578125,0,-1.073149973233134
20220701,2458.4599609375,2458.4599609375,2524.030029296875,2429.89990234375,2512.10009765625,0,-3.8255272004889984
20220705,2477.639892578125,2477.639892578125,2478.260009765625,2386.669921875,2391.81005859375,0,0.7801604234104031
20220706,2494.110107421875,2494.110107421875,2520.830078125,2456.22998046875,2477.320068359375,0,0.664754183732974
20220707,2605.889892578125,2605.889892578125,2616.43994140625,2555.3798828125,2560.199951171875,0,4.4817502171864865
20220708,2618.02001953125,2618.02001953125,2632.340087890625,2561.280029296875,2567.179931640625,0,0.46548885229851233
20220711,2553.68994140625,2553.68994140625,2588.02001953125,2538.97998046875,2575.739990234375,0,-2.4572034455457747
20220712,2558.169921875,2558.169921875,2588.3798828125,2542.5400390625,2583.219970703125,0,0.17543165268854022
20220713,2577.360107421875,2577.360107421875,2594.969970703125,2504.989990234375,2507.85009765625,0,0.7501528879211294
20220714,2626.919921875,2626.919921875,2636.6298828125,2529.550048828125,2566.739990234375,0,1.9228905697116438
20220715,2693.77001953125,2693.77001953125,2694.969970703125,2626.0,2658.219970703125,0,2.544809116546465
20220718,2679.570068359375,2679.570068359375,2754.9599609375,2665.179931640625,2731.56005859375,0,-0.527140441422913
20220719,2803.139892578125,2803.139892578125,2813.77001953125,2717.81005859375,2724.340087890625,0,4.61155413242873
20220720,2872.9599609375,2872.9599609375,2883.52001953125,2777.340087890625,2792.780029296875,0,2.4907807328573783
20220721,2916.81005859375,2916.81005859375,2918.22998046875,2845.639892578125,2884.18994140625,0,1.5263038208837676
20220722,2842.409912109375,2842.409912109375,2906.52001953125,2820.22998046875,2904.949951171875,0,-2.5507367634437172
20220725,2825.030029296875,2825.030029296875,2827.949951171875,2781.669921875,2822.22998046875,0,-0.6114488532585449
20220726,2778.9599609375,2778.9599609375,2822.760009765625,2771.739990234375,2808.0,0,-1.6307815450316232
20220727,2911.0,2911.0,2930.6298828125,2822.97998046875,2835.139892578125,0,4.751419269025936
20220728,2944.5,2944.5,2950.25,2853.39990234375,2912.760009765625,0,1.1508072827207227
20220729,2967.139892578125,2967.139892578125,2975.330078125,2892.510009765625,2895.320068359375,0,0.7688875047758614
20220801,2978.320068359375,2978.320068359375,3006.739990234375,2929.39990234375,2942.760009765625,0,0.37679975282647327
20220802,2974.75,2974.75,3021.570068359375,2936.429931640625,2951.080078125,0,-0.11986852579419782
20220803,3053.4599609375,3053.4599609375,3060.47998046875,2970.510009765625,2972.590087890625,0,2.64593532019497
20220804,3081.409912109375,3081.409912109375,3087.449951171875,3037.9599609375,3041.010009765625,0,0.9153534524583673
20220805,3053.389892578125,3053.389892578125,3077.449951171875,3010.06005859375,3027.8701171875,0,-0.909324638086495
20220808,3004.340087890625,3004.340087890625,3041.159912109375,2961.320068359375,3002.52001953125,0,-1.6064048946623388
20220809,2866.89990234375,2866.89990234375,2937.6201171875,2832.610107421875,2928.179931640625,0,-4.574721287408345
20220810,2988.7099609375,2988.7099609375,2990.64990234375,2905.43994140625,2942.820068359375,0,4.248842399212038
20220811,2978.699951171875,2978.699951171875,3067.030029296875,2975.080078125,3008.489990234375,0,-0.33492744014829157
20220812,3067.840087890625,3067.840087890625,3072.320068359375,2992.5,2998.760009765625,0,2.992585294926431
20220815,3077.330078125,3077.330078125,3084.860107421875,3032.530029296875,3052.860107421875,0,0.3093378390820911
20220816,3045.639892578125,3045.639892578125,3074.610107421875,3013.2900390625,3059.27001953125,0,-1.029794813762186
20220817,2970.1201171875,2970.1201171875,3000.409912109375,2931.860107421875,2999.8701171875,0,-2.47960290954482
20220818,3037.840087890625,3037.840087890625,3058.56005859375,2967.14990234375,2974.199951171875,0,2.280041480856032
20220819,2953.340087890625,2953.340087890625,3008.64990234375,2941.6298828125,2991.8701171875,0,-2.7815815696432544
20220822,2843.3701171875,2843.3701171875,2903.0400390625,2833.6201171875,2891.659912109375,0,-3.7235796566073565
20220823,2864.31005859375,2864.31005859375,2901.889892578125,2849.919921875,2852.2099609375,0,0.7364479664350831
20220824,2866.179931640625,2866.179931640625,2875.300048828125,2833.60009765625,2855.3701171875,0,0.06528179591678285
20220825,2971.070068359375,2971.070068359375,2973.1298828125,2873.010009765625,2873.429931640625,0,3.6595796223690025
20220826,2798.43994140625,2798.43994140625,2966.52001953125,2797.590087890625,2958.47998046875,0,-5.810368755404394
20220829,2744.5,2744.5,2801.590087890625,2741.199951171875,2776.5400390625,0,-1.9275004122169759
20220830,2708.6298828125,2708.6298828125,2770.0400390625,2678.77001953125,2770.0400390625,0,-1.3069818614501738
20220831,2677.389892578125,2677.389892578125,2718.1298828125,2656.969970703125,2711.840087890625,0,-1.153350276189713
20220901,2625.949951171875,2625.949951171875,2629.22998046875,2548.169921875,2608.22998046875,0,-1.9212719652391463
20220902,2599.260009765625,2599.260009765625,2686.02001953125,2587.89990234375,2670.330078125,0,-1.0163918544730532
20220906,2571.469970703125,2571.469970703125,2612.27001953125,2550.989990234375,2596.1201171875,0,-1.0691519493275292
20220907,2611.5,2611.5,2631.409912109375,2560.449951171875,2578.75,0,1.55669829914169
20220908,2658.179931640625,2658.179931640625,2664.2099609375,2571.1298828125,2579.780029296875,0,1.7874758430260318
20220909,2721.77001953125,2721.77001953125,2732.52001953125,2693.070068359375,2693.280029296875,0,2.392241666326078
20220912,2731.090087890625,2731.090087890625,2745.489990234375,2701.530029296875,2725.449951171875,0,0.34242674041138343
20220913,2562.27001953125,2562.27001953125,2647.97998046875,2555.969970703125,2626.2900390625,0,-6.181417050572813
20220914,2591.510009765625,2591.510009765625,2607.389892578125,2554.0,2583.090087890625,0,1.1411752083694937
20220915,2549.5400390625,2549.5400390625,2601.1201171875,2530.530029296875,2570.3798828125,0,-1.619517985459018
20220916,2563.139892578125,2563.139892578125,2565.419921875,2504.8701171875,2524.7099609375,0,0.533423806147626
20220919,2577.93994140625,2577.93994140625,2586.89990234375,2533.3701171875,2533.60009765625,0,0.5774186914643265
20220920,2539.5,2539.5,2563.489990234375,2522.989990234375,2557.010009765625,0,-1.4911108202653178
20220921,2514.9599609375,2514.9599609375,2625.4599609375,2514.4599609375,2545.010009765625,0,-0.966333493305771
20220922,2444.25,2444.25,2507.97998046875,2431.7900390625,2500.1201171875,0,-2.811574022480323
20220923,2408.89990234375,2408.89990234375,2423.1201171875,2369.4599609375,2417.719970703125,0,-1.4462554017080853
20220926,2373.469970703125,2373.469970703125,2439.929931640625,2372.18994140625,2407.7099609375,0,-1.4707930207541353
20220927,2398.0400390625,2398.0400390625,2435.31005859375,2362.580078125,2422.77001953125,0,1.035196091067303
20220928,2427.260009765625,2427.260009765625,2437.360107421875,2369.22998046875,2376.199951171875,0,1.2184938627858966
20220929,2347.360107421875,2347.360107421875,2386.1201171875,2313.080078125,2385.5400390625,0,-3.2917735233262135
20220930,2306.699951171875,2306.699951171875,2380.68994140625,2306.64990234375,2324.610107421875,0,-1.7321652575350899
20221003,2393.320068359375,2393.320068359375,2415.639892578125,2321.18994140625,2343.080078125,0,3.7551532067919835
20221004,2500.110107421875,2500.110107421875,2503.68994140625,2460.489990234375,2472.2099609375,0,4.462004078531168
20221005,2523.610107421875,2523.610107421875,2543.89990234375,2435.159912109375,2458.010009765625,0,0.9399586014326999
20221006,2508.840087890625,2508.840087890625,2563.280029296875,2502.89990234375,2520.199951171875,0,-0.5852734337927878
20221007,2356.75,2356.75,2440.090087890625,2344.919921875,2428.2099609375,0,-6.062167478298663
20221010,2275.340087890625,2275.340087890625,2347.219970703125,2247.56005859375,2346.7900390625,0,-3.4543295686591757
20221011,2218.489990234375,2218.489990234375,2262.260009765625,2188.93994140625,2233.0400390625,0,-2.498531887993649
20221012,2198.60009765625,2198.60009765625,2224.7900390625,2190.110107421875,2218.43994140625,0,-0.896550927237838
20221013,2263.239990234375,2263.239990234375,2299.669921875,2089.820068359375,2103.699951171875,0,2.9400477443366047
20221014,2162.320068359375,2162.320068359375,2286.949951171875,2158.800048828125,2281.679931640625,0,-4.459090609500449
20221017,2211.659912109375,2211.659912109375,2241.590087890625,2194.39990234375,2232.550048828125,0,2.2818011298131102
20221018,2220.9599609375,2220.9599609375,2296.469970703125,2183.169921875,2288.77001953125,0,0.4205008544579947
20221019,2237.739990234375,2237.739990234375,2258.75,2200.89990234375,2209.6298828125,0,0.7555304729488288
20221020,2253.219970703125,2253.219970703125,2320.909912109375,2240.909912109375,2251.1298828125,0,0.6917685046656574
20221021,2336.68994140625,2336.68994140625,2339.89990234375,2238.1201171875,2253.3701171875,0,3.704475008584174
20221024,2351.550048828125,2351.550048828125,2360.4599609375,2294.31005859375,2343.5,0,0.6359469075701174
20221025,2404.68994140625,2404.68994140625,2420.47998046875,2359.43994140625,2359.43994140625,0,2.259781483477541
20221026,2376.330078125,2376.330078125,2433.64990234375,2343.68994140625,2351.14990234375,0,-1.1793563399972173
20221027,2340.60009765625,2340.60009765625,2430.780029296875,2338.3798828125,2419.080078125,0,-1.5035781770242118
20221028,2433.659912109375,2433.659912109375,2436.64990234375,2338.030029296875,2347.3701171875,0,3.975895521251571
20221031,2384.449951171875,2384.449951171875,2415.969970703125,2371.580078125,2409.43994140625,0,-2.0220557807868578
20221101,2402.75,2402.75,2439.43994140625,2390.27001953125,2436.659912109375,0,0.7674746462651205
20221102,2328.469970703125,2328.469970703125,2462.139892578125,2327.739990234375,2420.580078125,0,-3.0914589240193524
20221103,2292.85009765625,2292.85009765625,2330.949951171875,2259.8701171875,2283.330078125,0,-1.5297544522817619
20221104,2398.239990234375,2398.239990234375,2401.22998046875,2339.889892578125,2383.7099609375,0,4.596458036478457
20221107,2450.6201171875,2450.6201171875,2457.77001953125,2386.64990234375,2413.169921875,0,2.1841069770505372
20221108,2503.389892578125,2503.389892578125,2535.550048828125,2454.239990234375,2501.2099609375,0,2.1533233576482402
20221109,2424.820068359375,2424.820068359375,2472.610107421875,2423.9599609375,2466.0,0,-3.138537247101947
20221110,2672.5,2672.5,2675.830078125,2539.72998046875,2568.219970703125,0,10.21436332008767
20221111,2754.89990234375,2754.89990234375,2769.43994140625,2655.18994140625,2677.590087890625,0,3.0832517247427527
20221114,2728.050048828125,2728.050048828125,2779.489990234375,2725.77001953125,2742.159912109375,0,-0.9746217455226747
20221115,2810.610107421875,2810.610107421875,2848.679931640625,2771.7099609375,2833.47998046875,0,3.0263395874725596
20221116,2690.820068359375,2690.820068359375,2747.840087890625,2677.320068359375,2735.4599609375,0,-4.2620653340061265
20221117,2719.10009765625,2719.10009765625,2728.0,2633.85009765625,2633.85009765625,0,1.0509818040014052
20221118,2724.030029296875,2724.030029296875,2760.0,2693.3701171875,2759.840087890625,0,0.18130747172104833
20221121,2675.830078125,2675.830078125,2696.699951171875,2669.35009765625,2684.280029296875,0,-1.7694353826310905
20221122,2756.820068359375,2756.820068359375,2757.7099609375,2677.31005859375,2702.030029296875,0,3.0267239648911426
20221123,2786.419921875,2786.419921875,2814.8701171875,2756.360107421875,2756.64990234375,0,1.073695518084361
20221125,2751.27001953125,2751.27001953125,2780.5,2751.27001953125,2766.60009765625,0,-1.2614718287004445
20221128,2678.780029296875,2678.780029296875,2744.639892578125,2664.570068359375,2714.360107421875,0,-2.6347828355548164
20221129,2670.64990234375,2670.64990234375,2704.699951171875,2656.6298828125,2685.030029296875,0,-0.3035011036445212
20221130,2826.85009765625,2826.85009765625,2827.699951171875,2655.06005859375,2678.56005859375,0,5.848770936820258
20221201,2804.699951171875,2804.699951171875,2841.860107421875,2770.97998046875,2833.449951171875,0,-0.7835628250235094
20221202,2771.239990234375,2771.239990234375,2777.489990234375,2723.35009765625,2729.75,0,-1.1929960965528452
20221205,2738.050048828125,2738.050048828125,2777.239990234375,2713.10009765625,2756.409912109375,0,-1.1976566996437898
20221206,2673.530029296875,2673.530029296875,2736.56005859375,2650.60009765625,2732.860107421875,0,-2.356422212182141
20221207,2673.25,2673.25,2689.0,2645.469970703125,2645.469970703125,0,-0.010474140698113477
20221208,2744.72998046875,2744.72998046875,2749.1201171875,2668.27001953125,2684.93994140625,0,2.6738980816889635
20221209,2721.02001953125,2721.02001953125,2771.8798828125,2715.919921875,2735.090087890625,0,-0.8638358274299485
20221212,2779.2099609375,2779.2099609375,2779.47998046875,2699.47998046875,2710.10009765625,0,2.1385341154628534
20221213,2821.530029296875,2821.530029296875,2913.1201171875,2788.93994140625,2899.0,0,1.5227373589687065
20221214,2777.27001953125,2777.27001953125,2849.43994140625,2751.239990234375,2818.6298828125,0,-1.568652798519199
20221215,2661.409912109375,2661.409912109375,2731.909912109375,2657.780029296875,2728.68994140625,0,-4.171726429446354
20221216,2636.10009765625,2636.10009765625,2670.110107421875,2612.43994140625,2646.280029296875,0,-0.9509927177307698
20221219,2599.860107421875,2599.860107421875,2638.3701171875,2576.3701171875,2634.510009765625,0,-1.3747577440855085
20221220,2583.639892578125,2583.639892578125,2607.8701171875,2565.510009765625,2568.2900390625,0,-0.6238879852591195
20221221,2644.5,2644.5,2652.18994140625,2600.239990234375,2601.7900390625,0,2.355595591967141
20221222,2533.330078125,2533.330078125,2589.10009765625,2482.449951171875,2589.10009765625,0,-4.20381629325014
20221223,2535.489990234375,2535.489990234375,2536.820068359375,2490.760009765625,2513.389892578125,0,0.0852597980826042
20221227,2490.169921875,2490.169921875,2518.840087890625,2482.239990234375,2515.820068359375,0,-1.7874284076816904
20221228,2453.489990234375,2453.489990234375,2504.43994140625,2445.199951171875,2474.639892578125,0,-1.472989104816047
20221229,2534.949951171875,2534.949951171875,2543.22998046875,2485.02001953125,2493.510009765625,0,3.320166834253868
20221230,2532.110107421875,2532.110107421875,2533.97998046875,2479.02001953125,2492.72998046875,0,-0.11202760625262931
20230103,2500.989990234375,2500.989990234375,2574.679931640625,2489.280029296875,2574.679931640625,0,-1.2290191132006356
20230104,2569.4599609375,2569.4599609375,2582.27001953125,2523.389892578125,2552.35009765625,0,2.73771470379649
20230105,2518.52001953125,2518.52001953125,2556.300048828125,2517.14990234375,2538.4599609375,0,-1.9825154772080578
20230106,2636.10009765625,2636.10009765625,2649.3798828125,2519.179931640625,2553.39990234375,0,4.668617966629629
20230109,2686.75,2686.75,2745.85009765625,2667.840087890625,2683.1298828125,0,1.9213952607028295
20230110,2721.2900390625,2721.2900390625,2722.10009765625,2663.39990234375,2674.530029296875,0,1.2855695194007533
20230111,2755.360107421875,2755.360107421875,2756.489990234375,2700.300048828125,2720.840087890625,0,1.251982253648798
20230112,2789.64990234375,2789.64990234375,2807.669921875,2714.75,2770.010009765625,0,1.2444759880754441
20230113,2800.659912109375,2800.659912109375,2802.830078125,2753.909912109375,2763.010009765625,0,0.3946735307672311
20230117,2807.47998046875,2807.47998046875,2830.860107421875,2780.5,2791.3701171875,0,0.24351647730902481
20230118,2789.469970703125,2789.469970703125,2854.489990234375,2788.35009765625,2837.419921875,0,-0.6415009150882001
20230119,2710.43994140625,2710.43994140625,2763.7900390625,2704.2900390625,2762.860107421875,0,-2.8331557653210493
20230120,2794.68994140625,2794.68994140625,2795.64990234375,2710.169921875,2734.219970703125,0,3.1083514787746624
20230123,2934.830078125,2934.830078125,2943.7099609375,2818.43994140625,2822.139892578125,0,5.014514656614577
20230124,2913.739990234375,2913.739990234375,2936.68994140625,2897.449951171875,2900.39990234375,0,-0.718613593605355
20230125,2918.989990234375,2918.989990234375,2923.1201171875,2840.06005859375,2859.56005859375,0,0.18018079916519714
20230126,2966.60009765625,2966.60009765625,2969.030029296875,2905.300048828125,2954.39990234375,0,1.631047299961863
20230127,2945.27001953125,2945.27001953125,2971.050048828125,2905.77001953125,2906.949951171875,0,-0.71900753127635
20230130,2866.68994140625,2866.68994140625,2920.110107421875,2865.02001953125,2903.60009765625,0,-2.668009303184582
20230131,2921.919921875,2921.919921875,2922.72998046875,2859.179931640625,2859.9599609375,0,1.9266115833111996
20230201,3073.469970703125,3073.469970703125,3103.510009765625,2935.929931640625,2935.929931640625,0,5.1866598976085365
20230202,3141.840087890625,3141.840087890625,3168.699951171875,3088.169921875,3103.610107421875,0,2.2245253032961543
20230203,3082.110107421875,3082.110107421875,3151.85009765625,3064.679931640625,3069.8798828125,0,-1.901114595200537
20230206,3029.739990234375,3029.739990234375,3075.800048828125,3018.780029296875,3027.5,0,-1.6991643829138425
20230207,3124.14990234375,3124.14990234375,3138.389892578125,3033.0400390625,3042.860107421875,0,3.116106082161574
20230208,3055.6298828125,3055.6298828125,3128.5400390625,3049.969970703125,3106.2099609375,0,-2.193237254071767
20230209,3059.6201171875,3059.6201171875,3140.81005859375,3039.010009765625,3112.7099609375,0,0.13058631208722193
20230210,3011.14990234375,3011.14990234375,3033.68994140625,2979.739990234375,3025.10009765625,0,-1.5841906180269594
20230213,3057.320068359375,3057.320068359375,3066.10009765625,3001.27001953125,3022.780029296875,0,1.533306793517264
20230214,3121.6298828125,3121.6298828125,3131.3701171875,3013.25,3024.159912109375,0,2.103470131200069
20230215,3133.070068359375,3133.070068359375,3134.489990234375,3063.22998046875,3092.719970703125,0,0.366481164530863
20230216,3055.239990234375,3055.239990234375,3108.550048828125,3051.25,3077.800048828125,0,-2.4841473834562366
20230217,3005.8701171875,3005.8701171875,3042.429931640625,2980.139892578125,3032.800048828125,0,-1.6159081841255807
20230221,2906.260009765625,2906.260009765625,2992.0,2901.7099609375,2961.1201171875,0,-3.3138526795388312
20230222,2892.389892578125,2892.389892578125,2935.929931640625,2875.56005859375,2910.840087890625,0,-0.4772497003328491
20230223,2988.81005859375,2988.81005859375,3002.969970703125,2931.25,3002.68994140625,0,3.333581211268899
20230224,2935.110107421875,2935.110107421875,2950.419921875,2913.14990234375,2936.89990234375,0,-1.7967000284100032
20230227,2951.2099609375,2951.2099609375,2986.760009765625,2949.7099609375,2983.389892578125,0,0.548526390029247
20230228,2958.389892578125,2958.389892578125,2998.010009765625,2937.0,2945.8798828125,0,0.24328772725963344
20230301,2955.830078125,2955.830078125,2993.169921875,2945.27001953125,2967.409912109375,0,-0.08652728497845485
20230302,2984.110107421875,2984.110107421875,2996.590087890625,2892.219970703125,2909.75,0,0.9567542297564735
20230303,3028.340087890625,3028.340087890625,3031.909912109375,2961.840087890625,2982.56005859375,0,1.482183259885228
20230306,2994.590087890625,2994.590087890625,3064.31005859375,2988.75,3036.580078125,0,-1.1144719225874122
20230307,2962.419921875,2962.419921875,3011.070068359375,2950.81005859375,2996.85009765625,0,-1.074276113639494
20230308,3041.389892578125,3041.389892578125,3044.2099609375,2979.419921875,2981.800048828125,0,2.665725075638248
20230309,2980.2099609375,2980.2099609375,3083.679931640625,2976.35009765625,3037.580078125,0,-2.011578054820329
20230310,2923.929931640625,2923.929931640625,3003.570068359375,2909.52001953125,2995.89990234375,0,-1.8884585326052195
20230313,2921.7099609375,2921.7099609375,2957.719970703125,2861.449951171875,2883.8798828125,0,-0.07592421005381267
20230314,3010.14990234375,3010.14990234375,3026.929931640625,2960.570068359375,2977.590087890625,0,3.026992500579073
20230315,2977.389892578125,2977.389892578125,2985.489990234375,2915.22998046875,2968.469970703125,0,-1.0883182176448236
20230316,3098.070068359375,3098.070068359375,3102.010009765625,2955.080078125,2963.260009765625,0,4.053220442578742
20230317,3083.52001953125,3083.52001953125,3127.419921875,3064.0,3104.760009765625,0,-0.46964879770553525
20230320,3114.7099609375,3114.7099609375,3123.1201171875,3060.340087890625,3083.93994140625,0,1.0115044237978266
20230321,3116.889892578125,3116.889892578125,3169.860107421875,3071.2099609375,3137.300048828125,0,0.06998827075279657
20230322,3091.7099609375,3091.7099609375,3201.60009765625,3089.860107421875,3118.97998046875,0,-0.8078543839672658
20230323,3174.360107421875,3174.360107421875,3216.320068359375,3119.030029296875,3146.2099609375,0,2.673282666505794
20230324,3121.260009765625,3121.260009765625,3154.360107421875,3089.969970703125,3150.93994140625,0,-1.6727811546049298
20230327,3083.580078125,3083.580078125,3141.830078125,3075.780029296875,3129.39990234375,0,-1.2072025887857496
20230328,3057.27001953125,3057.27001953125,3076.989990234375,3015.800048828125,3076.989990234375,0,-0.8532309175427022
20230329,3157.110107421875,3157.110107421875,3176.85009765625,3105.360107421875,3109.56005859375,0,3.265661431695621
20230330,3208.260009765625,3208.260009765625,3230.080078125,3186.31005859375,3198.169921875,0,1.620149459580289
20230331,3230.860107421875,3230.860107421875,3233.93994140625,3178.389892578125,3182.719970703125,0,0.7044347274677731
20230403,3200.429931640625,3200.429931640625,3222.340087890625,3162.409912109375,3209.669921875,0,-0.941859900134534
20230404,3142.5,3142.5,3209.31005859375,3126.330078125,3206.97998046875,0,-1.810067174660146
20230405,3085.97998046875,3085.97998046875,3111.800048828125,3055.39990234375,3107.080078125,0,-1.7985686406125745
20230406,3071.77001953125,3071.77001953125,3093.820068359375,3034.820068359375,3055.169921875,0,-0.4604683448186764
20230410,3126.969970703125,3126.969970703125,3127.89990234375,3042.35009765625,3047.919921875,0,1.7970079407278794
20230411,3109.419921875,3109.419921875,3146.0,3104.3798828125,3145.860107421875,0,-0.5612477571755758
20230412,3052.52001953125,3052.52001953125,3140.719970703125,3049.8701171875,3133.860107421875,0,-1.829920170751298
20230413,3074.93994140625,3074.93994140625,3092.14990234375,3036.030029296875,3055.550048828125,0,0.7344725581338807
20230414,3070.449951171875,3070.449951171875,3107.25,3036.9599609375,3070.8798828125,0,-0.14601879451088262
20230417,3066.679931640625,3066.679931640625,3067.889892578125,3025.830078125,3033.3701171875,0,-0.1227839434351008
20230418,3077.719970703125,3077.719970703125,3116.360107421875,3054.280029296875,3097.89990234375,0,0.35999971658580154
20230419,3046.3798828125,3046.3798828125,3053.27001953125,3026.840087890625,3036.030029296875,0,-1.0182891292564555
20230420,3046.280029296875,3046.280029296875,3090.8798828125,3015.77001953125,3015.77001953125,0,-0.0032777762283831002
20230421,3021.43994140625,3021.43994140625,3031.9599609375,2995.909912109375,3026.7900390625,0,-0.8154236528398973
20230424,3007.510009765625,3007.510009765625,3031.860107421875,2987.919921875,3017.919921875,0,-0.4610361917086969
20230425,2906.2900390625,2906.2900390625,2987.570068359375,2905.93994140625,2987.219970703125,0,-3.3655738592541895
20230426,2922.989990234375,2922.989990234375,2952.080078125,2908.409912109375,2922.989990234375,0,0.5746140594165228
20230427,2941.590087890625,2941.590087890625,2944.9599609375,2867.510009765625,2921.89990234375,0,0.6363380551555942
20230428,2994.969970703125,2994.969970703125,2995.330078125,2945.3798828125,2958.169921875,0,1.8146608200865222
20230501,3019.090087890625,3019.090087890625,3026.949951171875,2997.169921875,3007.22998046875,0,0.805354224698207
20230502,2996.860107421875,2996.860107421875,3034.18994140625,2969.080078125,3020.18994140625,0,-0.7363139164979882
20230503,2957.3701171875,2957.3701171875,3009.070068359375,2956.739990234375,2980.64990234375,0,-1.317712166029239
20230504,2941.6298828125,2941.6298828125,2971.89990234375,2913.110107421875,2932.550048828125,0,-0.5322375540187441
20230505,3007.68994140625,3007.68994140625,3019.3701171875,2930.639892578125,2942.280029296875,0,2.245695795372793
20230508,3024.409912109375,3024.409912109375,3025.989990234375,2979.85009765625,3009.840087890625,0,0.5559073916810542
20230509,2967.840087890625,2967.840087890625,2983.679931640625,2960.010009765625,2983.199951171875,0,-1.8704417014456687
20230510,2997.510009765625,2997.510009765625,3019.4599609375,2968.409912109375,3003.6201171875,0,0.9997143038824374
20230511,2978.719970703125,2978.719970703125,3005.0,2950.860107421875,3000.3701171875,0,-0.6268549229621834
20230512,2972.85009765625,2972.85009765625,2999.550048828125,2944.070068359375,2988.580078125,0,-0.19706025086639878
20230515,3052.639892578125,3052.639892578125,3052.909912109375,2971.760009765625,2979.510009765625,0,2.6839494862112234
20230516,3048.7099609375,3048.7099609375,3083.280029296875,3044.030029296875,3044.43994140625,0,-0.12873878934033245
20230517,3124.679931640625,3124.679931640625,3135.300048828125,3055.969970703125,3077.550048828125,0,2.4918726830860605
20230518,3223.489990234375,3223.489990234375,3229.6298828125,3136.760009765625,3139.72998046875,0,3.16224575813977
20230519,3203.489990234375,3203.489990234375,3217.929931640625,3186.35009765625,3214.97998046875,0,-0.6204455438233225
20230522,3215.0400390625,3215.0400390625,3223.530029296875,3173.8701171875,3180.570068359375,0,0.36054580670876746
20230523,3177.43994140625,3177.43994140625,3216.989990234375,3171.93994140625,3196.75,0,-1.1695063576008913
20230524,3124.090087890625,3124.090087890625,3135.0400390625,3091.2900390625,3111.550048828125,0,-1.6790200444202208
20230525,3336.719970703125,3336.719970703125,3347.3701171875,3238.219970703125,3281.389892578125,0,6.806138005964701
20230526,3545.669921875,3545.669921875,3563.330078125,3386.340087890625,3387.429931640625,0,6.262136259754647
20230530,3549.389892578125,3549.389892578125,3643.93994140625,3537.64990234375,3628.469970703125,0,0.10491587725565132
20230531,3453.179931640625,3453.179931640625,3531.389892578125,3451.8701171875,3484.330078125,0,-2.7106055927718087
20230601,3506.739990234375,3506.739990234375,3537.820068359375,3437.889892578125,3469.699951171875,0,1.5510358467855312
20230602,3501.39990234375,3501.39990234375,3546.419921875,3478.030029296875,3537.72998046875,0,-0.1522806910548291
20230605,3444.1201171875,3444.1201171875,3489.090087890625,3430.280029296875,3488.590087890625,0,-1.6359109714348397
20230606,3488.340087890625,3488.340087890625,3504.419921875,3417.510009765625,3426.889892578125,0,1.2839264949689122
20230607,3477.179931640625,3477.179931640625,3557.0,3469.719970703125,3512.64990234375,0,-0.3199274144382036
20230608,3514.320068359375,3514.320068359375,3521.360107421875,3469.449951171875,3484.10009765625,0,1.068110867107941
20230609,3524.969970703125,3524.969970703125,3580.429931640625,3508.719970703125,3559.3798828125,0,0.3030430392392258
20230612,3641.659912109375,3641.659912109375,3644.860107421875,3565.97998046875,3567.820068359375,0,3.310381148664754
20230613,3683.659912109375,3683.659912109375,3711.81005859375,3646.360107421875,3694.81005859375,0,1.1533202169796253
20230614,3739.75,3739.75,3740.699951171875,3653.75,3670.330078125,0,1.5226728098931996
20230615,3708.06005859375,3708.06005859375,3736.5,3684.3701171875,3698.56005859375,0,-0.8473812796644165
20230616,3673.139892578125,3673.139892578125,3743.72998046875,3671.27001953125,3738.68994140625,0,-0.9417367967030188
20230620,3647.56005859375,3647.56005859375,3693.409912109375,3616.050048828125,3666.2099609375,0,-0.6964023895757676
20230621,3549.72998046875,3549.72998046875,3636.909912109375,3548.389892578125,3624.1201171875,0,-2.682069014724231
20230622,3569.8701171875,3569.8701171875,3580.659912109375,3523.780029296875,3525.52001953125,0,0.5673709501726742
20230623,3506.7099609375,3506.7099609375,3526.969970703125,3489.1298828125,3508.010009765625,0,-1.769256420448162
20230626,3515.77001953125,3515.77001953125,3582.260009765625,3515.510009765625,3527.64990234375,0,0.25836350010901565
20230627,3642.409912109375,3642.409912109375,3647.010009765625,3517.52001953125,3527.25,0,3.602052804210709
20230628,3609.47998046875,3609.47998046875,3644.9599609375,3580.830078125,3588.909912109375,0,-0.9040698997426877
20230629,3614.179931640625,3614.179931640625,3627.25,3583.489990234375,3626.989990234375,0,0.13021131014181453
20230630,3673.06005859375,3673.06005859375,3685.760009765625,3644.030029296875,3654.739990234375,0,1.6291421032377018
20230703,3703.6201171875,3703.6201171875,3713.909912109375,3663.449951171875,3691.280029296875,0,0.8320054152735512
20230705,3622.320068359375,3622.320068359375,3683.719970703125,3622.10009765625,3672.389892578125,0,-2.1951508593128555
20230706,3577.489990234375,3577.489990234375,3581.6298828125,3532.68994140625,3559.35009765625,0,-1.2376067624886744
20230707,3577.72998046875,3577.72998046875,3633.7900390625,3573.340087890625,3583.56005859375,0,0.006708341184191724
20230710,3651.60009765625,3651.60009765625,3655.909912109375,3586.409912109375,3587.050048828125,0,2.0647203000440317
20230711,3653.530029296875,3653.530029296875,3669.43994140625,3599.2099609375,3665.8701171875,0,0.05285167019970505
20230712,3721.469970703125,3721.469970703125,3727.449951171875,3684.8798828125,3704.719970703125,0,1.8595698095117408
20230713,3797.1298828125,3797.1298828125,3803.199951171875,3746.8798828125,3755.820068359375,0,2.0330652324215936
20230714,3750.409912109375,3750.409912109375,3828.159912109375,3735.4599609375,3798.530029296875,0,-1.2304022286569793
20230717,3837.31005859375,3837.31005859375,3855.47998046875,3729.06005859375,3756.360107421875,0,2.3170839593770864
20230718,3842.360107421875,3842.360107421875,3854.570068359375,3790.300048828125,3821.080078125,0,0.13160387748223368
20230719,3801.659912109375,3801.659912109375,3849.7900390625,3792.110107421875,3849.10009765625,0,-1.0592498926345728
20230720,3663.85009765625,3663.85009765625,3742.949951171875,3647.9599609375,3727.469970703125,0,-3.6249905998735232
20230721,3698.85009765625,3698.85009765625,3730.340087890625,3678.840087890625,3702.68994140625,0,0.9552792572597113
20230724,3692.320068359375,3692.320068359375,3723.090087890625,3679.7099609375,3702.409912109375,0,-0.1765421448415183
20230725,3755.27001953125,3755.27001953125,3774.300048828125,3717.97998046875,3717.97998046875,0,1.704888796377979
20230726,3699.3701171875,3699.3701171875,3730.409912109375,3662.0,3702.760009765625,0,-1.4885721147351094
20230727,3768.27001953125,3768.27001953125,3845.02001953125,3746.60009765625,3795.050048828125,0,1.8624765882071959
20230728,3851.760009765625,3851.760009765625,3862.25,3803.7900390625,3840.110107421875,0,2.215605299026868
20230731,3861.6298828125,3861.6298828125,3875.169921875,3843.050048828125,3867.639892578125,0,0.25624319848203125
20230801,3858.2099609375,3858.2099609375,3866.85009765625,3818.06005859375,3825.3798828125,0,-0.08856161721302325
20230802,3711.60009765625,3711.60009765625,3809.75,3691.3701171875,3809.31005859375,0,-3.7999451757577574
20230803,3708.080078125,3708.080078125,3731.050048828125,3658.429931640625,3665.530029296875,0,-0.09483832952458249
20230804,3699.199951171875,3699.199951171875,3751.330078125,3660.300048828125,3689.830078125,0,-0.23948045258006534
20230807,3739.409912109375,3739.409912109375,3740.409912109375,3705.02001953125,3730.93994140625,0,1.0869907403832535
20230808,3679.419921875,3679.419921875,3684.97998046875,3631.81005859375,3673.43994140625,0,-1.604263550784013
20230809,3610.47998046875,3610.47998046875,3678.75,3606.090087890625,3677.419921875,0,-1.8736633184047835
20230810,3597.02001953125,3597.02001953125,3680.260009765625,3574.9599609375,3634.64990234375,0,-0.37280253623653836
20230811,3514.550048828125,3514.550048828125,3554.81005859375,3504.639892578125,3545.669921875,0,-2.2927303783500275
20230814,3615.449951171875,3615.449951171875,3616.0,3488.550048828125,3492.1201171875,0,2.8709194901746615
20230815,3553.9599609375,3553.9599609375,3607.969970703125,3552.1201171875,3600.610107421875,0,-1.700756228542022
20230816,3480.080078125,3480.080078125,3552.389892578125,3478.570068359375,3552.3798828125,0,-2.078804590499983
20230817,3446.35009765625,3446.35009765625,3492.7900390625,3437.8701171875,3492.7900390625,0,-0.9692300094118256
20230818,3462.739990234375,3462.739990234375,3475.860107421875,3405.35009765625,3411.469970703125,0,0.4755724785265203
20230821,3560.739990234375,3560.739990234375,3565.760009765625,3475.580078125,3481.22998046875,0,2.8301287499604255
20230822,3527.68994140625,3527.68994140625,3610.14990234375,3516.75,3606.280029296875,0,-0.9281792245085962
20230823,3602.010009765625,3602.010009765625,3614.080078125,3507.0400390625,3508.070068359375,0,2.1067630544012284
20230824,3481.300048828125,3481.300048828125,3663.949951171875,3474.25,3663.949951171875,0,-3.35118338400604
20230825,3495.64990234375,3495.64990234375,3521.340087890625,3425.7900390625,3476.300048828125,0,0.41219812467629957
20230828,3537.8701171875,3537.8701171875,3546.760009765625,3503.2900390625,3528.409912109375,0,1.2077930005359727
20230829,3629.570068359375,3629.570068359375,3640.429931640625,3515.840087890625,3518.340087890625,0,2.5919535803867744
20230830,3643.919921875,3643.919921875,3658.56005859375,3593.47998046875,3615.1201171875,0,0.39535959481038496
20230831,3670.929931640625,3670.929931640625,3690.300048828125,3636.530029296875,3637.050048828125,0,0.741234998153506
20230901,3682.840087890625,3682.840087890625,3705.580078125,3658.2900390625,3694.72998046875,0,0.32444520793881715
20230905,3683.7900390625,3683.7900390625,3711.550048828125,3651.93994140625,3669.659912109375,0,0.02579398369748631
20230906,3654.4599609375,3654.4599609375,3693.919921875,3615.419921875,3673.68994140625,0,-0.7961929918368638
20230907,3582.110107421875,3582.110107421875,3591.820068359375,3536.56005859375,3569.97998046875,0,-1.9797686741398812
20230908,3565.989990234375,3565.989990234375,3601.47998046875,3552.239990234375,3575.81005859375,0,-0.45001735580657565
20230911,3569.22998046875,3569.22998046875,3607.580078125,3521.669921875,3605.6298828125,0,0.09085808550355345
20230912,3541.090087890625,3541.090087890625,3599.320068359375,3536.199951171875,3539.550048828125,0,-0.7884023369777227
20230913,3560.4599609375,3560.4599609375,3595.030029296875,3536.739990234375,3536.739990234375,0,0.5470031139030773
20230914,3584.22998046875,3584.22998046875,3598.14990234375,3549.1298828125,3594.570068359375,0,0.6676109208370695
20230915,3476.389892578125,3476.389892578125,3560.889892578125,3461.159912109375,3555.570068359375,0,-3.0087379570582606
20230918,3492.469970703125,3492.469970703125,3504.030029296875,3446.219970703125,3446.800048828125,0,0.46255105502779337
20230919,3459.02001953125,3459.02001953125,3482.530029296875,3441.909912109375,3475.530029296875,0,-0.9577734798716264
20230920,3398.81005859375,3398.81005859375,3485.719970703125,3397.969970703125,3471.739990234375,0,-1.7406652924101707
20230921,3338.85009765625,3338.85009765625,3381.550048828125,3337.860107421875,3356.159912109375,0,-1.7641456834545322
20230922,3365.2900390625,3365.2900390625,3398.43994140625,3353.9599609375,3369.35009765625,0,0.7918876449352963
20230925,3389.4599609375,3389.4599609375,3390.52001953125,3337.35009765625,3349.469970703125,0,0.7182121479708536
20230926,3329.6201171875,3329.6201171875,3370.050048828125,3314.5,3362.179931640625,0,-1.7654683766628376
20230927,3361.409912109375,3361.409912109375,3385.6201171875,3310.14990234375,3356.739990234375,0,0.9547574138495829
20230928,3420.989990234375,3420.989990234375,3457.4599609375,3343.580078125,3351.919921875,0,1.7724728516556265
20230929,3434.2900390625,3434.2900390625,3481.7900390625,3421.5400390625,3474.419921875,0,0.3887777767865863
20231002,3448.85009765625,3448.85009765625,3474.989990234375,3408.260009765625,3440.1201171875,0,0.42396123880452663
20231003,3376.580078125,3376.580078125,3464.739990234375,3355.409912109375,3424.06005859375,0,-2.095481609373595
20231004,3424.919921875,3424.919921875,3432.429931640625,3370.679931640625,3397.739990234375,0,1.4316214226094415
20231005,3406.97998046875,3406.97998046875,3432.97998046875,3376.860107421875,3425.739990234375,0,-0.5238061565079888
20231006,3475.2099609375,3475.2099609375,3491.989990234375,3365.89990234375,3392.77001953125,0,2.0026528145129507
20231009,3467.35009765625,3467.35009765625,3475.389892578125,3414.300048828125,3441.93994140625,0,-0.22616945075542016
20231010,3512.070068359375,3512.070068359375,3543.89990234375,3466.010009765625,3481.489990234375,0,1.289744890005573
20231011,3537.830078125,3537.830078125,3544.280029296875,3497.8798828125,3526.659912109375,0,0.7334708381162347
20231012,3548.6201171875,3548.6201171875,3596.780029296875,3515.5,3549.949951171875,0,0.3049903139558996
20231013,3452.969970703125,3452.969970703125,3557.22998046875,3446.760009765625,3556.429931640625,0,-2.695418030831198
20231016,3502.510009765625,3502.510009765625,3512.989990234375,3459.679931640625,3462.010009765625,0,1.434708076896829
20231017,3474.659912109375,3474.659912109375,3500.179931640625,3393.489990234375,3429.739990234375,0,-0.7951468397977113
20231018,3413.449951171875,3413.449951171875,3443.659912109375,3397.550048828125,3414.830078125,0,-1.7616101283518426
20231019,3367.77001953125,3367.77001953125,3449.030029296875,3356.360107421875,3444.679931640625,0,-1.338233526023802
20231020,3316.139892578125,3316.139892578125,3390.97998046875,3312.25,3364.320068359375,0,-1.5330656978860824
20231023,3298.5400390625,3298.5400390625,3356.949951171875,3264.760009765625,3300.3701171875,0,-0.5307331441298802
20231024,3343.93994140625,3343.93994140625,3349.1298828125,3303.469970703125,3316.3798828125,0,1.3763635367801452
20231025,3205.840087890625,3205.840087890625,3309.320068359375,3190.760009765625,3305.39990234375,0,-4.129854481104978
20231026,3188.419921875,3188.419921875,3254.320068359375,3173.550048828125,3217.6201171875,0,-0.5433884890711171
20231027,3227.090087890625,3227.090087890625,3258.419921875,3213.050048828125,3238.080078125,0,1.212831652139612
20231030,3185.179931640625,3185.179931640625,3225.090087890625,3152.52001953125,3204.85009765625,0,-1.298698056408909
20231031,3215.889892578125,3215.889892578125,3223.3701171875,3151.0,3183.6298828125,0,0.9641515266511691
20231101,3290.949951171875,3290.949951171875,3293.06005859375,3218.239990234375,3224.919921875,0,2.33403695714145
20231102,3368.5400390625,3368.5400390625,3388.8798828125,3320.570068359375,3355.800048828125,0,2.3576805798275924
20231103,3454.570068359375,3454.570068359375,3477.449951171875,3398.77001953125,3405.989990234375,0,2.553926279612173
20231106,3444.889892578125,3444.889892578125,3467.43994140625,3413.320068359375,3459.449951171875,0,-0.2802136181839665
20231107,3471.4599609375,3471.4599609375,3489.75,3439.1298828125,3445.68994140625,0,0.7712893354478112
20231108,3472.669921875,3472.669921875,3491.9599609375,3450.590087890625,3473.8701171875,0,0.034854526657812634
20231109,3452.340087890625,3452.340087890625,3534.43994140625,3448.050048828125,3499.659912109375,0,-0.585423735677082
20231110,3591.739990234375,3591.739990234375,3600.39990234375,3487.169921875,3496.739990234375,0,4.037838069102961
20231113,3556.75,3556.75,3568.64990234375,3535.1298828125,3562.5,0,-0.9741793762775064
20231114,3685.570068359375,3685.570068359375,3696.06005859375,3639.75,3653.360107421875,0,3.621847708142978
20231115,3712.090087890625,3712.090087890625,3739.340087890625,3687.360107421875,3710.139892578125,0,0.719563569254178
20231116,3724.10009765625,3724.10009765625,3733.47998046875,3689.72998046875,3691.25,0,0.32353766964878794
20231117,3748.64990234375,3748.64990234375,3754.669921875,3707.090087890625,3707.090087890625,0,0.6592144153952928
20231120,3805.81005859375,3805.81005859375,3817.830078125,3747.2900390625,3747.52001953125,0,1.5248198081731168
20231121,3732.7900390625,3732.7900390625,3774.530029296875,3714.760009765625,3772.260009765625,0,-1.918645923129203
20231122,3744.9599609375,3744.9599609375,3804.89990234375,3736.300048828125,3762.659912109375,0,0.32602749545636023
20231124,3747.929931640625,3747.929931640625,3750.3798828125,3734.18994140625,3739.590087890625,0,0.0793058065801544
20231127,3739.31005859375,3739.31005859375,3771.679931640625,3723.010009765625,3734.530029296875,0,-0.22999024005504465
20231128,3718.35009765625,3718.35009765625,3735.610107421875,3688.6201171875,3713.260009765625,0,-0.5605301675727481
20231129,3753.360107421875,3753.360107421875,3809.7099609375,3747.510009765625,3769.6201171875,0,0.9415468916628589
20231130,3724.580078125,3724.580078125,3760.679931640625,3695.0,3760.39990234375,0,-0.766780390721522
20231201,3738.27001953125,3738.27001953125,3744.72998046875,3675.2900390625,3696.489990234375,0,0.36755664045600156
20231204,3693.43994140625,3693.43994140625,3701.68994140625,3638.72998046875,3699.6298828125,0,-1.1992199036125584
20231205,3672.39990234375,3672.39990234375,3680.5,3641.929931640625,3657.530029296875,0,-0.5696597046732865
20231206,3645.820068359375,3645.820068359375,3727.429931640625,3642.070068359375,3726.18994140625,0,-0.72377286491625
20231207,3747.5400390625,3747.5400390625,3756.840087890625,3669.389892578125,3674.47998046875,0,2.7900436334176826
20231208,3774.169921875,3774.169921875,3791.60009765625,3740.550048828125,3745.02001953125,0,0.7105963521382819
20231211,3902.389892578125,3902.389892578125,3917.43994140625,3809.31005859375,3812.5400390625,0,3.3973025422084246
20231212,3930.179931640625,3930.179931640625,3931.010009765625,3880.81005859375,3882.510009765625,0,0.7121287166962365
20231213,3990.949951171875,3990.949951171875,4011.719970703125,3917.969970703125,3932.22998046875,0,1.5462401362851041
20231214,4097.47021484375,4097.47021484375,4113.9501953125,4034.43994140625,4034.43994140625,0,2.669045339458509
20231215,4117.0,4117.0,4161.919921875,4107.0,4121.22021484375,0,0.4766303141265027
20231218,4103.7900390625,4103.7900390625,4122.3701171875,4069.530029296875,4114.10986328125,0,-0.320863758501333
20231219,4125.56005859375,4125.56005859375,4130.8798828125,4101.72998046875,4101.72998046875,0,0.5304857052633949
20231220,4007.659912109375,4007.659912109375,4117.58984375,4006.68994140625,4093.89990234375,0,-2.8577973610827256
20231221,4118.58984375,4118.58984375,4124.509765625,4073.840087890625,4094.2900390625,0,2.7679477319281443
20231222,4132.85009765625,4132.85009765625,4153.25,4104.68994140625,4134.580078125,0,0.3462411759182604
20231226,4207.4501953125,4207.4501953125,4222.31982421875,4155.2001953125,4155.72998046875,0,1.8050521043227796
20231227,4214.58984375,4214.58984375,4230.93017578125,4194.9599609375,4222.240234375,0,0.1696906227304673
20231228,4208.68017578125,4208.68017578125,4233.72998046875,4205.68017578125,4228.47021484375,0,-0.1402192903186994
20231229,4175.47021484375,4175.47021484375,4215.740234375,4155.33984375,4205.10986328125,0,-0.7890825520220357
20240102,4023.0400390625,4023.0400390625,4105.759765625,3990.719970703125,4100.169921875,0,-3.6506110195532626
20240103,3941.2099609375,3941.2099609375,3976.75,3926.860107421875,3938.949951171875,0,-2.034035886554808
20240104,3908.85009765625,3908.85009765625,3947.27001953125,3875.179931640625,3876.969970703125,0,-0.8210641808474639
20240105,3933.489990234375,3933.489990234375,3965.909912109375,3908.719970703125,3914.169921875,0,0.630361665516399
20240108,4062.47998046875,4062.47998046875,4071.6201171875,3956.050048828125,3956.159912109375,0,3.279275924296665
20240109,4064.64990234375,4064.64990234375,4094.780029296875,4015.449951171875,4023.510009765625,0,0.05341372475513584
20240110,4048.840087890625,4048.840087890625,4066.659912109375,4000.39990234375,4065.77001953125,0,-0.3889588238339736
20240111,4067.89990234375,4067.89990234375,4089.070068359375,3987.590087890625,4057.159912109375,0,0.4707475237199388
20240112,4052.429931640625,4052.429931640625,4089.330078125,4031.010009765625,4073.39990234375,0,-0.3802937897811054
20240116,4105.93994140625,4105.93994140625,4132.990234375,4035.919921875,4050.0400390625,0,1.3204425657758811
20240117,4069.949951171875,4069.949951171875,4075.2099609375,4001.35009765625,4065.1298828125,0,-0.876534745952684
20240118,4206.52001953125,4206.52001953125,4213.02978515625,4139.7998046875,4194.509765625,0,3.35557119861023
20240119,4375.64990234375,4375.64990234375,4380.7900390625,4240.81005859375,4258.2998046875,0,4.020660356475547
20240122,4386.60009765625,4386.60009765625,4439.58984375,4347.2099609375,4410.06005859375,0,0.2502530037111761
20240123,4415.259765625,4415.259765625,4419.2001953125,4347.89990234375,4384.02001953125,0,0.653345810666961
20240124,4483.330078125,4483.330078125,4541.75,4435.56005859375,4475.5400390625,0,1.541705723182174
20240125,4472.259765625,4472.259765625,4566.56005859375,4450.0400390625,4562.2099609375,0,-0.2469216476835845
20240126,4342.10009765625,4342.10009765625,4405.35986328125,4330.9599609375,4366.919921875,0,-2.9103780815504576
20240129,4388.27001953125,4388.27001953125,4388.35009765625,4323.56005859375,4354.990234375,0,1.0633085566111422
20240130,4319.990234375,4319.990234375,4384.080078125,4301.85986328125,4363.56005859375,0,-1.5559613435898734
20240131,4260.919921875,4260.919921875,4334.81005859375,4220.9501953125,4239.8701171875,0,-1.367371435934417
20240201,4280.47998046875,4280.47998046875,4291.330078125,4226.580078125,4270.60986328125,0,0.4590571743282812
20240202,4336.72998046875,4336.72998046875,4346.02978515625,4270.83984375,4273.06005859375,0,1.3141049661874682
20240205,4388.10009765625,4388.10009765625,4407.0,4320.1201171875,4370.759765625,0,1.1845357543322832
20240206,4338.27001953125,4338.27001953125,4396.4501953125,4291.8798828125,4388.75,0,-1.1355729590492913
20240207,4408.72998046875,4408.72998046875,4412.60986328125,4329.9501953125,4364.31005859375,0,1.6241488109380864
20240208,4478.009765625,4478.009765625,4510.2001953125,4417.830078125,4424.990234375,0,1.571422733149186
20240209,4567.2998046875,4567.2998046875,4574.93017578125,4479.06005859375,4505.81982421875,0,1.9939670464304449
20240212,4560.0400390625,4560.0400390625,4644.0400390625,4543.0400390625,4566.18017578125,0,-0.15895093239881586
20240213,4468.18017578125,4468.18017578125,4514.990234375,4408.4599609375,4412.93994140625,0,-2.014452998095506
20240214,4565.41015625,4565.41015625,4568.06982421875,4503.330078125,4533.35009765625,0,2.1760532620363593
20240215,4558.10009765625,4558.10009765625,4599.91015625,4540.08984375,4591.64990234375,0,-0.1601183320570354
20240216,4527.68017578125,4527.68017578125,4624.490234375,4514.97998046875,4585.31005859375,0,-0.6673816112691688
20240220,4456.8701171875,4456.8701171875,4507.52978515625,4389.77978515625,4489.8798828125,0,-1.5639368472295412
20240221,4446.35986328125,4446.35986328125,4446.83984375,4383.91015625,4402.9501953125,0,-0.23582140896855064
20240222,4667.3701171875,4667.3701171875,4687.259765625,4604.2001953125,4632.6298828125,0,4.970588542132814
20240223,4615.02978515625,4615.02978515625,4709.52001953125,4592.97021484375,4688.60986328125,0,-1.1214095029341675
20240226,4663.47021484375,4663.47021484375,4683.91015625,4634.81982421875,4658.91015625,0,1.0496233381483977
20240227,4654.89013671875,4654.89013671875,4697.16015625,4651.39990234375,4680.18017578125,0,-0.18398483810810884
20240228,4602.60009765625,4602.60009765625,4627.169921875,4583.81982421875,4602.10986328125,0,-1.1233356218232737
20240229,4726.919921875,4726.919921875,4737.06982421875,4645.47021484375,4663.89013671875,0,2.7010781206487255
20240301,4929.580078125,4929.580078125,4950.259765625,4780.990234375,4780.990234375,0,4.287361740827045
20240304,4981.97021484375,4981.97021484375,5037.56982421875,4956.14990234375,4973.52001953125,0,1.0627707814552245
20240305,4879.830078125,4879.830078125,4953.9599609375,4829.35986328125,4921.66015625,0,-2.0501956518010456
20240306,4997.93017578125,4997.93017578125,5051.990234375,4947.0498046875,4976.6201171875,0,2.420168238760234
20240307,5165.830078125,5165.830078125,5187.60009765625,5062.72998046875,5063.5,0,3.359388715699785
20240308,4957.77978515625,4957.77978515625,5217.830078125,4957.16015625,5185.330078125,0,-4.027431987160224
20240311,4890.2001953125,4890.2001953125,4926.3701171875,4835.8701171875,4888.3701171875,0,-1.3631018877862555
20240312,4992.509765625,4992.509765625,4993.0,4868.419921875,4946.77978515625,0,2.092134600349671
20240313,4868.9501953125,4868.9501953125,4932.1201171875,4841.7001953125,4926.740234375,0,-2.474898920844315
20240314,4783.64990234375,4783.64990234375,4880.0400390625,4741.58984375,4859.740234375,0,-1.751923711416714
20240315,4757.7099609375,4757.7099609375,4808.68017578125,4719.72021484375,4745.72021484375,0,-0.5422625387685787
20240318,4757.60009765625,4757.60009765625,4856.39990234375,4751.39013671875,4834.080078125,0,-0.002309163066938069
20240319,4712.81005859375,4712.81005859375,4734.490234375,4620.52001953125,4683.72998046875,0,-0.9414418644510536
20240320,4788.18017578125,4788.18017578125,4798.33984375,4682.490234375,4718.22998046875,0,1.5992606587244884
20240321,4897.8798828125,4897.8798828125,4983.4599609375,4890.47998046875,4949.14990234375,0,2.2910521952810736
20240322,4908.259765625,4908.259765625,4945.64013671875,4868.9501953125,4876.009765625,0,0.21192603863000592
20240325,4891.490234375,4891.490234375,4937.35009765625,4836.43994140625,4838.31005859375,0,-0.3416594078301527
20240326,4851.8798828125,4851.8798828125,4943.25,4849.81005859375,4920.2099609375,0,-0.8097808574601184
20240327,4899.9501953125,4899.9501953125,4903.18017578125,4815.06005859375,4902.27978515625,0,0.9907564420604587
20240328,4905.2099609375,4905.2099609375,4926.759765625,4887.08984375,4892.4501953125,0,0.1073432466728308
20240401,4962.10009765625,4962.10009765625,5030.52001953125,4919.97021484375,4921.52978515625,0,1.1597900430724284
20240402,4886.93994140625,4886.93994140625,4898.1201171875,4834.22021484375,4883.56005859375,0,-1.5146844031925233
20240403,4903.5,4903.5,4938.330078125,4831.52978515625,4838.080078125,0,0.33886355863388395
20240404,4756.06982421875,4756.06982421875,4984.91015625,4750.990234375,4973.33984375,0,-3.0066315036453517
20240405,4819.1298828125,4819.1298828125,4847.509765625,4751.009765625,4784.18994140625,0,1.325885887390399
20240408,4825.39013671875,4825.39013671875,4868.85986328125,4808.77001953125,4848.669921875,0,0.1299042370403347
20240409,4870.81005859375,4870.81005859375,4890.919921875,4785.6201171875,4869.39013671875,0,0.9412694225359619
20240410,4790.35009765625,4790.35009765625,4847.52001953125,4761.10986328125,4789.93017578125,0,-1.6518804874261384
20240411,4906.3701171875,4906.3701171875,4911.5400390625,4784.39013671875,4816.10986328125,0,2.421952825285456
20240412,4745.0498046875,4745.0498046875,4819.7900390625,4735.490234375,4810.66015625,0,-3.2879768270004495
20240415,4679.10009765625,4679.10009765625,4827.89013671875,4658.93994140625,4804.240234375,0,-1.3898633259044058
20240416,4720.52978515625,4720.52978515625,4744.22998046875,4670.3798828125,4682.81982421875,0,0.8854199875046875
20240417,4567.31005859375,4567.31005859375,4733.419921875,4561.56005859375,4725.759765625,0,-3.245816328588813
20240418,4491.7099609375,4491.7099609375,4567.6298828125,4474.8701171875,4541.47998046875,0,-1.6552433858525228
20240419,4306.8701171875,4306.8701171875,4480.06982421875,4288.0,4444.91015625,0,-4.115133108715252
20240422,4381.919921875,4381.919921875,4411.58984375,4299.72021484375,4351.22998046875,0,1.7425602037079546
20240423,4478.7998046875,4478.7998046875,4500.33984375,4407.18017578125,4415.6201171875,0,2.210900348243827
20240424,4526.2001953125,4526.2001953125,4616.89013671875,4490.52978515625,4608.0498046875,0,1.0583279604368778
20240425,4615.0400390625,4615.0400390625,4645.56005859375,4492.93994140625,4515.85986328125,0,1.9627908602453337
20240426,4735.2900390625,4735.2900390625,4756.91015625,4616.419921875,4619.81982421875,0,2.6056111969166684
20240429,4765.7900390625,4765.7900390625,4772.080078125,4690.81982421875,4735.3701171875,0,0.644099933655573
20240430,4673.2998046875,4673.2998046875,4803.0498046875,4671.77978515625,4756.75,0,-1.940711479459012
20240501,4507.68017578125,4507.68017578125,4659.97998046875,4482.1201171875,4588.43017578125,0,-3.5439547178233055
20240502,4605.35009765625,4605.35009765625,4620.68017578125,4498.490234375,4586.580078125,0,2.1667447127184936
20240503,4716.18994140625,4716.18994140625,4740.4599609375,4675.68994140625,4695.97998046875,0,2.406762600011847
20240506,4820.4501953125,4820.4501953125,4820.4599609375,4739.35009765625,4749.89013671875,0,2.2106881868960926
20240507,4784.8798828125,4784.8798828125,4840.60009765625,4783.85009765625,4825.68994140625,0,-0.7379043669943797
20240508,4790.3798828125,4790.3798828125,4794.33984375,4737.27978515625,4741.72021484375,0,0.11494541419432291
20240509,4759.77001953125,4759.77001953125,4789.43994140625,4737.490234375,4786.5,0,-0.6389861353392035
20240510,4808.02978515625,4808.02978515625,4857.83984375,4787.759765625,4814.8701171875,0,1.0139096096443811
20240513,4823.08984375,4823.08984375,4846.81005859375,4811.0,4828.58984375,0,0.3132272316665796
20240514,4903.93017578125,4903.93017578125,4908.52001953125,4811.81982421875,4817.39013671875,0,1.6761108469917296
20240515,5045.080078125,5045.080078125,5046.27001953125,4930.68994140625,4946.22021484375,0,2.878301633266278
20240516,5017.5400390625,5017.5400390625,5084.56982421875,5017.2998046875,5045.02001953125,0,-0.545879126515969
20240517,4983.02001953125,4983.02001953125,5056.0400390625,4947.169921875,5048.93017578125,0,-0.687986927109796
20240520,5090.35009765625,5090.35009765625,5119.16015625,4999.41015625,5002.0498046875,0,2.153916253683774
20240521,5074.39990234375,5074.39990234375,5080.91015625,5020.58984375,5031.0,0,-0.31334181355903157
20240522,5126.81005859375,5126.81005859375,5140.830078125,5074.3701171875,5114.97998046875,0,1.032834566818286
20240523,5125.97998046875,5125.97998046875,5255.64013671875,5081.990234375,5243.7001953125,0,-0.016190927994463866
20240524,5220.919921875,5220.919921875,5232.31982421875,5149.31005859375,5167.0,0,1.8521325047697212
20240528,5317.8701171875,5317.8701171875,5343.68017578125,5235.89013671875,5286.02001953125,0,1.856956183263625
20240529,5219.31982421875,5219.31982421875,5249.68994140625,5206.93017578125,5234.39013671875,0,-1.8531910482400216
20240530,5173.259765625,5173.259765625,5228.18017578125,5145.8701171875,5208.7998046875,0,-0.8824915917208465
20240531,5123.35986328125,5123.35986328125,5204.4599609375,4988.0498046875,5180.5498046875,0,-0.9645736847649133
20240603,5152.509765625,5152.509765625,5215.08984375,5059.91015625,5215.08984375,0,0.5689606649079026
20240604,5116.27001953125,5116.27001953125,5148.9501953125,5074.3798828125,5144.5400390625,0,-0.7033416284918825
20240605,5347.43994140625,5347.43994140625,5348.91015625,5193.72998046875,5208.080078125,0,4.518329192800885
20240606,5301.68017578125,5301.68017578125,5353.47998046875,5260.56005859375,5343.97998046875,0,-0.8557322031926606
20240607,5287.240234375,5287.240234375,5322.1201171875,5254.89990234375,5288.14990234375,0,-0.2723653809260984
20240610,5362.39990234375,5362.39990234375,5379.490234375,5238.83984375,5243.72021484375,0,1.421529278736
20240611,5365.3798828125,5365.3798828125,5374.2099609375,5287.0498046875,5343.2998046875,0,0.0555717686673729
20240612,5520.8701171875,5520.8701171875,5543.580078125,5452.85009765625,5456.16015625,0,2.8980284298805836
20240613,5602.419921875,5602.419921875,5624.009765625,5527.22998046875,5590.580078125,0,1.4771186960841565
20240614,5598.31005859375,5598.31005859375,5613.31982421875,5540.9501953125,5558.64013671875,0,-0.07335871531519711
20240617,5688.10009765625,5688.10009765625,5699.2099609375,5571.419921875,5639.9599609375,0,1.6038775652425175
20240618,5765.1201171875,5765.1201171875,5792.85986328125,5695.97998046875,5705.490234375,0,1.3540552769629732
20240620,5610.009765625,5610.009765625,5789.6298828125,5577.56005859375,5787.9501953125,0,-2.690496440829926
20240621,5538.5400390625,5538.5400390625,5613.47021484375,5482.4501953125,5538.14990234375,0,-1.2739679527908554
20240624,5371.52001953125,5371.52001953125,5519.39990234375,5369.56005859375,5485.18017578125,0,-3.015596499317197
20240625,5467.66015625,5467.66015625,5470.27001953125,5361.81005859375,5413.0498046875,0,1.78981249942618
20240626,5452.31982421875,5452.31982421875,5499.41015625,5389.47998046875,5469.64990234375,0,-0.2805648411361994
20240627,5421.08984375,5421.08984375,5477.509765625,5389.27001953125,5435.330078125,0,-0.5727833559951656
20240628,5472.259765625,5472.259765625,5583.1298828125,5431.27001953125,5454.3701171875,0,0.9439047008968915
20240701,5477.14990234375,5477.14990234375,5481.64013671875,5371.10986328125,5472.0,0,0.0893622914151182
20240702,5544.990234375,5544.990234375,5546.0400390625,5442.0498046875,5443.2900390625,0,1.2386064511803907
20240703,5651.72021484375,5651.72021484375,5673.6298828125,5537.0,5555.5400390625,0,1.9248001521643854
20240705,5656.31005859375,5656.31005859375,5703.52978515625,5625.47021484375,5684.0400390625,0,0.08121144670156788
20240708,5765.2099609375,5765.2099609375,5772.5,5700.91015625,5701.2998046875,0,1.9252816980620757
20240709,5765.2001953125,5765.2001953125,5826.16015625,5713.93994140625,5798.6201171875,0,-0.00016938888723894152
20240710,5904.5400390625,5904.5400390625,5913.9501953125,5799.43017578125,5818.35009765625,0,2.4169124927056806
20240711,5699.66015625,5699.66015625,5931.830078125,5682.10986328125,5929.990234375,0,-3.469870327867741
20240712,5775.18994140625,5775.18994140625,5871.0,5705.8798828125,5727.009765625,0,1.3251629585919744
20240715,5777.7099609375,5777.7099609375,5854.1201171875,5743.759765625,5802.58984375,0,0.043635266663399896
20240716,5804.02978515625,5804.02978515625,5812.7001953125,5714.72998046875,5797.56982421875,0,0.4555407660941091
20240717,5408.7099609375,5408.7099609375,5636.10009765625,5402.93017578125,5596.02978515625,0,-6.811126731805828
20240718,5436.419921875,5436.419921875,5511.47998046875,5341.31982421875,5499.7998046875,0,0.5123210735577421
20240719,5267.16015625,5267.16015625,5429.2099609375,5261.64990234375,5424.52001953125,0,-3.1134417145359694
20240722,5477.830078125,5477.830078125,5481.97021484375,5344.27001953125,5382.490234375,0,3.9996870348629754
20240723,5397.89990234375,5397.89990234375,5453.60009765625,5385.9501953125,5407.60986328125,0,-1.459157634342123
20240724,5105.64990234375,5105.64990234375,5330.91015625,5098.43017578125,5320.10009765625,0,-5.414142634862607
20240725,5005.35986328125,5005.35986328125,5168.08984375,4906.72998046875,5052.2998046875,0,-1.9642952607553776
20240726,5103.1298828125,5103.1298828125,5147.93994140625,5056.2099609375,5110.6298828125,0,1.9533064994682992
20240729,5087.6201171875,5087.6201171875,5226.3798828125,5074.2998046875,5156.0,0,-0.3039265309949801
20240730,4890.14990234375,4890.14990234375,5119.35009765625,4874.60986328125,5108.009765625,0,-3.881386783903862
20240731,5233.18017578125,5233.18017578125,5240.580078125,5088.43994140625,5127.6201171875,0,7.014718981786072
20240801,4859.58984375,4859.58984375,5201.2900390625,4801.0498046875,5143.83984375,0,-7.138877689711453
20240802,4607.759765625,4607.759765625,4698.8798828125,4540.68017578125,4644.4599609375,0,-5.182126192169956
20240805,4519.4501953125,4519.4501953125,4635.1298828125,4290.35009765625,4330.259765625,0,-1.916540245246956
20240806,4567.56982421875,4567.56982421875,4683.06005859375,4493.669921875,4558.7001953125,0,1.0647230708761724
20240807,4426.27001953125,4426.27001953125,4738.93994140625,4418.56982421875,4709.6201171875,0,-3.0935444913897547
20240808,4730.009765625,4730.009765625,4736.72021484375,4472.35009765625,4552.16015625,0,6.862205530920518
20240809,4709.4501953125,4709.4501953125,4746.27001953125,4643.85009765625,4702.97021484375,0,-0.43466232272743044
20240812,4743.81982421875,4743.81982421875,4800.169921875,4690.2099609375,4729.27001953125,0,0.7298013033550932
20240813,4942.31005859375,4942.31005859375,4945.7900390625,4788.27978515625,4807.68017578125,0,4.184185777074467
20240814,4933.35009765625,4933.35009765625,5000.10986328125,4852.35986328125,4981.77978515625,0,-0.1812909516253458
20240815,5173.3798828125,5173.3798828125,5190.169921875,5022.02978515625,5035.580078125,0,4.86545208438145
20240816,5170.25,5170.25,5186.1201171875,5100.14013671875,5108.72021484375,0,-0.060499767722421716
20240819,5266.56982421875,5266.56982421875,5266.97998046875,5096.35009765625,5159.5400390625,0,1.8629626075866712
20240820,5196.2998046875,5196.2998046875,5273.27001953125,5159.10009765625,5237.2900390625,0,-1.3342654113899233
20240821,5267.93017578125,5267.93017578125,5288.5400390625,5205.08984375,5232.2998046875,0,1.378488035450398
20240822,5086.89990234375,5086.89990234375,5315.72021484375,5072.43017578125,5303.830078125,0,-3.436459242944556
20240823,5228.64990234375,5228.64990234375,5259.27978515625,5149.009765625,5163.06005859375,0,2.7865694769163785
20240826,5097.35009765625,5097.35009765625,5229.10009765625,5079.97021484375,5199.02001953125,0,-2.5111607611870257
20240827,5153.6298828125,5153.6298828125,5171.10009765625,5018.830078125,5063.47021484375,0,1.1040988764363435
20240828,5059.56005859375,5059.56005859375,5163.7099609375,5005.5,5138.60009765625,0,-1.8253119909226623
20240829,5029.25,5029.25,5157.68994140625,5010.0498046875,5068.7099609375,0,-0.5990651013672244
20240830,5158.81982421875,5158.81982421875,5176.830078125,5075.3798828125,5154.56982421875,0,2.576324983223155
20240903,4759.0,4759.0,5058.7099609375,4735.89990234375,5058.7099609375,0,-7.750218806668608
20240904,4770.85009765625,4770.85009765625,4844.259765625,4695.169921875,4707.02001953125,0,0.24900394318658758
20240905,4742.419921875,4742.419921875,4821.64013671875,4698.0498046875,4708.58984375,0,-0.5959142542587226
20240906,4528.22021484375,4528.22021484375,4701.08984375,4507.68017578125,4698.77978515625,0,-4.516675253560476
20240909,4625.77978515625,4625.77978515625,4636.6201171875,4547.18017578125,4598.27978515625,0,2.154479369017759
20240910,4680.669921875,4680.669921875,4684.58984375,4561.93017578125,4624.990234375,0,1.1866137012161326
20240911,4910.169921875,4910.169921875,4918.919921875,4616.58984375,4712.1298828125,0,4.903144289825634
20240912,4898.43994140625,4898.43994140625,4944.3798828125,4824.2900390625,4878.18017578125,0,-0.2388915384881618
20240913,4980.490234375,4980.490234375,4991.33984375,4929.5498046875,4940.22021484375,0,1.6750290694631742
20240916,4910.43994140625,4910.43994140625,4935.77978515625,4850.35986328125,4905.68994140625,0,-1.4064939327712689
20240917,4912.10009765625,4912.10009765625,4980.85986328125,4874.33984375,4971.39013671875,0,0.03380870695517402
20240918,4859.2900390625,4859.2900390625,5006.43017578125,4854.8701171875,4935.4501953125,0,-1.0751014340881992
20240919,5066.64990234375,5066.64990234375,5135.89013671875,5005.02001953125,5049.77978515625,0,4.2672872294993835
20240920,5000.06005859375,5000.06005859375,5034.580078125,4928.85009765625,5016.39990234375,0,-1.3142775805211393
20240923,5025.81005859375,5025.81005859375,5043.97021484375,4984.68017578125,5027.3798828125,0,0.5149938140391441
20240924,5091.77978515625,5091.77978515625,5119.7900390625,5009.7001953125,5071.47998046875,0,1.3126187777370735
20240925,5132.52001953125,5132.52001953125,5167.83984375,5078.25,5078.25,0,0.8001177602724896
20240926,5310.5,5310.5,5355.97021484375,5182.509765625,5352.35009765625,0,3.4676918899773757
20240927,5217.22998046875,5217.22998046875,5318.06005859375,5190.72021484375,5318.0400390625,0,-1.7563321632850015
20240930,5173.06005859375,5173.06005859375,5201.830078125,5101.85986328125,5154.47021484375,0,-0.8466163469955323
20241001,5024.93994140625,5024.93994140625,5188.39990234375,4987.669921875,5178.47998046875,0,-2.863297845178414
20241002,5099.2001953125,5099.2001953125,5151.02978515625,5008.10986328125,5031.93994140625,0,1.477833661141581
20241003,5125.2099609375,5125.2099609375,5188.97998046875,5070.58984375,5071.5400390625,0,0.5100753967045568
20241004,5206.83984375,5206.83984375,5237.0400390625,5141.1201171875,5237.0400390625,0,1.5927129509747617
20241007,5196.7998046875,5196.7998046875,5243.3701171875,5162.72021484375,5169.5,0,-0.1928240422941263
20241008,5266.10009765625,5266.10009765625,5282.56005859375,5177.27001953125,5208.830078125,0,1.3335186186360648
20241009,5321.89990234375,5321.89990234375,5327.2001953125,5219.52001953125,5267.64990234375,0,1.0596039507933863
20241010,5293.93994140625,5293.93994140625,5322.06005859375,5224.52978515625,5252.669921875,0,-0.5253755510355673
20241011,5335.93994140625,5335.93994140625,5351.7099609375,5261.22998046875,5261.419921875,0,0.7933599637483413
20241014,5432.2099609375,5432.2099609375,5445.080078125,5376.16015625,5377.8798828125,0,1.8041810925232937
20241015,5145.2099609375,5145.2099609375,5441.9599609375,5112.27978515625,5421.7099609375,0,-5.283300941307301
20241016,5155.85986328125,5155.85986328125,5206.740234375,5125.9501953125,5193.06005859375,0,0.20698673960060088
20241017,5204.81005859375,5204.81005859375,5302.18017578125,5204.2998046875,5292.72021484375,0,0.9494089562269048
20241018,5208.6201171875,5208.6201171875,5244.1298828125,5190.22021484375,5238.259765625,0,0.07320264430128454
20241021,5215.2099609375,5215.2099609375,5222.93017578125,5145.1298828125,5195.18017578125,0,0.1265180336007754
20241022,5190.7099609375,5190.7099609375,5207.72021484375,5152.02001953125,5182.2998046875,0,-0.46977974393184185
20241023,5131.3701171875,5131.3701171875,5190.64990234375,5061.39990234375,5174.83984375,0,-1.143193208569926
20241024,5157.60986328125,5157.60986328125,5175.0,5116.41015625,5170.27001953125,0,0.5113594516571673
20241025,5212.830078125,5212.830078125,5287.77001953125,5210.7998046875,5212.3798828125,0,1.0706551349856985
20241028,5211.669921875,5211.669921875,5246.8798828125,5190.02001953125,5199.58984375,0,-0.022255784911706655
20241029,5332.169921875,5332.169921875,5358.0400390625,5187.81005859375,5211.1201171875,0,2.312118798894458
20241030,5153.490234375,5153.490234375,5228.52978515625,5151.85009765625,5192.64013671875,0,-3.3509751211598493
20241031,4946.75,4946.75,5085.56005859375,4911.60986328125,5085.56005859375,0,-4.011654722773972
20241101,5001.43017578125,5001.43017578125,5054.06005859375,4975.72998046875,4984.990234375,0,1.1053757675494102
20241104,4974.0,4974.0,5051.77001953125,4960.64013671875,4996.9599609375,0,-0.5484466406044608
20241105,5057.830078125,5057.830078125,5059.259765625,4999.16015625,4999.3798828125,0,1.685365462907118
20241106,5215.56982421875,5215.56982421875,5233.75,5118.72998046875,5163.580078125,0,3.1187237146611757
20241107,5333.990234375,5333.990234375,5337.91015625,5280.31005859375,5294.64990234375,0,2.2705172042057464
20241108,5290.52001953125,5290.52001953125,5333.2900390625,5262.02978515625,5311.85986328125,0,-0.8149661497991789
20241111,5156.39013671875,5156.39013671875,5242.6298828125,5097.7900390625,5240.6298828125,0,-2.5352873123497655
20241112,5108.64013671875,5108.64013671875,5153.33984375,5043.77001953125,5145.68017578125,0,-0.9260354382414016
20241113,5006.2900390625,5006.2900390625,5086.419921875,4999.64990234375,5077.27978515625,0,-2.003470491503223
20241114,5004.58984375,5004.58984375,5075.81982421875,4992.5400390625,5062.7998046875,0,-0.033961182816699687
20241115,4833.58984375,4833.58984375,4936.18994140625,4816.52978515625,4914.080078125,0,-3.4168634261517727
20241118,4888.77001953125,4888.77001953125,4896.77001953125,4806.0,4833.4599609375,0,1.1415982233701438
20241119,4919.16015625,4919.16015625,4925.06005859375,4860.72998046875,4874.18017578125,0,0.6216315473490885
20241120,4884.25,4884.25,4902.83984375,4813.2998046875,4902.41015625,0,-0.7096771631971643
20241121,4963.0498046875,4963.0498046875,4989.91015625,4842.16015625,4949.39013671875,0,1.6133450312228126
20241122,4955.7998046875,4955.7998046875,4973.6298828125,4921.56005859375,4956.2998046875,0,-0.14607953345848745
20241125,4987.919921875,4987.919921875,5031.240234375,4955.10986328125,5001.14990234375,0,0.6481318546628811
20241126,4927.56005859375,4927.56005859375,5036.27978515625,4892.0498046875,5027.72021484375,0,-1.2101209367162413
20241127,4853.009765625,4853.009765625,4899.47998046875,4770.2998046875,4897.35009765625,0,-1.512925100501472
20241129,4926.56005859375,4926.56005859375,4975.60986328125,4887.85986328125,4894.97021484375,0,1.515560374300584
20241202,5055.31982421875,5055.31982421875,5084.31005859375,4956.41015625,4957.02001953125,0,2.6135835977558974
20241203,5035.85986328125,5035.85986328125,5059.83984375,5014.81982421875,5027.740234375,0,-0.38494025332032056
20241204,5121.77978515625,5121.77978515625,5143.8798828125,5076.259765625,5140.77001953125,0,1.7061618910701126
20241205,5026.3701171875,5026.3701171875,5114.16015625,5015.169921875,5104.2001953125,0,-1.86282253378528
20241206,5061.2998046875,5061.2998046875,5073.10009765625,5018.97021484375,5029.60986328125,0,0.6949286798550558
20241209,5018.83984375,5018.83984375,5085.47998046875,4998.56982421875,5023.7099609375,0,-0.8389141638710296
20241210,4894.7001953125,4894.7001953125,5032.669921875,4863.39990234375,5032.64990234375,0,-2.473472999782844
20241211,5027.7998046875,5027.7998046875,5055.25,4940.06005859375,4968.83984375,0,2.7192596903578448
20241212,4982.18994140625,4982.18994140625,5005.81005859375,4946.64990234375,4979.080078125,0,-0.907153527448068
20241213,5149.77978515625,5149.77978515625,5184.83984375,5070.759765625,5126.60009765625,0,3.3637786941277614
20241216,5256.06005859375,5256.06005859375,5280.7900390625,5135.18994140625,5175.85009765625,0,2.063782877548337
20241217,5169.7900390625,5169.7900390625,5213.22998046875,5135.669921875,5193.02978515625,0,-1.6413438691629256
20241218,4970.97998046875,4970.97998046875,5247.7001953125,4935.5400390625,5207.2001953125,0,-3.845611854476838
20241219,4893.47021484375,4893.47021484375,4996.919921875,4881.580078125,4984.009765625,0,-1.559245177601598
20241220,4964.91015625,4964.91015625,5032.97998046875,4853.2001953125,4862.4599609375,0,1.4599034686988643
20241223,5118.75,5118.75,5124.18994140625,5013.75,5013.75,0,3.0985423483714136
20241224,5173.56005859375,5173.56005859375,5173.7998046875,5123.31982421875,5151.02001953125,0,1.0707703754578857
20241226,5175.31005859375,5175.31005859375,5207.3701171875,5128.759765625,5140.6201171875,0,0.033825837144640936
20241227,5122.97021484375,5122.97021484375,5153.7900390625,5058.81005859375,5149.5498046875,0,-1.0113373528816583
20241230,5026.509765625,5026.509765625,5075.60986328125,4988.5498046875,5032.4501953125,0,-1.882900840205104
20241231,4979.93017578125,4979.93017578125,5059.5,4962.419921875,5041.080078125,0,-0.9266785904266217
20250102,5021.5,5021.5,5094.14013671875,4976.2900390625,5024.580078125,0,0.8347471300082843
20250103,5163.64990234375,5163.64990234375,5173.39013671875,5059.81005859375,5061.52001953125,0,2.8308254972368774
20250106,5310.14013671875,5310.14013671875,5381.0400390625,5283.39990234375,5284.509765625,0,2.8369513260089407
20250107,5212.25,5212.25,5370.830078125,5186.1298828125,5368.43017578125,0,-1.8434567487561337
20250108,5162.35009765625,5162.35009765625,5207.0400390625,5104.64013671875,5204.18994140625,0,-0.9573581916398899
20250110,5037.47021484375,5037.47021484375,5091.4599609375,5001.27001953125,5089.9501953125,0,-2.4190510223085493
20250113,5020.0400390625,5020.0400390625,5026.47021484375,4929.93017578125,4945.97021484375,0,-0.3460104980847145
20250114,5045.9501953125,5045.9501953125,5097.4501953125,4987.43994140625,5064.93994140625,0,0.5161344540757673
20250115,5153.669921875,5153.669921875,5179.330078125,5107.2001953125,5128.22021484375,0,2.1347758577277887
20250116,5162.9599609375,5162.9599609375,5262.009765625,5161.919921875,5246.7998046875,0,0.18026065315257522
20250117,5309.740234375,5309.740234375,5319.68017578125,5252.35986328125,5289.60986328125,0,2.8429481256493583
20250121,5378.5,5378.5,5425.330078125,5307.52001953125,5356.91015625,0,1.294974190636533
20250122,5469.2900390625,5469.2900390625,5525.14990234375,5433.7998046875,5436.77001953125,0,1.688017831412103
20250123,5444.68994140625,5444.68994140625,5444.740234375,5350.85009765625,5367.52001953125,0,-0.44978594078119993
20250124,5341.93994140625,5341.93994140625,5449.81005859375,5320.60986328125,5447.2900390625,0,-1.8871598035105297
20250127,4853.240234375,4853.240234375,5045.43017578125,4785.43017578125,5007.83984375,0,-9.148356447126238
20250128,4907.02978515625,4907.02978515625,4928.18994140625,4776.81982421875,4896.25,0,1.1083224440501471
20250129,4918.10009765625,4918.10009765625,4964.669921875,4862.31982421875,4949.43017578125,0,0.22560108629232634
20250130,5030.52978515625,5030.52978515625,5054.43017578125,4959.7001953125,4996.5498046875,0,2.2860390245733164
20250131,5015.85009765625,5015.85009765625,5161.93017578125,5000.18994140625,5058.47021484375,0,-0.29181195871885723
20250203,4924.81005859375,4924.81005859375,4983.18994140625,4848.72021484375,4866.4501953125,0,-1.815047046661944
20250204,4976.58984375,4976.58984375,4999.68994140625,4907.4501953125,4917.6298828125,0,1.0514067454417741
20250205,5091.5,5091.5,5102.39990234375,4945.66015625,4988.06005859375,0,2.3090140007079984
20250206,5092.58984375,5092.58984375,5106.490234375,5041.85986328125,5062.2900390625,0,0.021405160561727143
20250207,5009.33984375,5009.33984375,5129.64013671875,4978.56982421875,5115.4501953125,0,-1.6347281551089443
20250210,5082.669921875,5082.669921875,5097.3701171875,5056.0400390625,5058.0,0,1.4638671044946427
20250211,5079.97021484375,5079.97021484375,5110.4501953125,5042.5400390625,5043.1201171875,0,-0.053115922787572156
20250212,5090.7900390625,5090.7900390625,5093.10009765625,4992.52001953125,5003.2001953125,0,0.21298991453009286
20250213,5156.39013671875,5156.39013671875,5158.490234375,5086.33984375,5087.68017578125,0,1.2886034810488889
20250214,5160.93994140625,5160.93994140625,5176.330078125,5132.93017578125,5149.169921875,0,0.08823623827647342
20250218,5247.85986328125,5247.85986328125,5259.18017578125,5168.490234375,5209.97998046875,0,1.6841878196961924
20250219,5309.68994140625,5309.68994140625,5331.9599609375,5223.1201171875,5246.4501953125,0,1.1781960596474628
20250220,5310.6298828125,5310.6298828125,5366.31982421875,5254.64013671875,5336.9501953125,0,0.01770237841800526
20250221,5136.58984375,5136.58984375,5321.2001953125,5120.02978515625,5318.47998046875,0,-3.277201441316202
20250224,5003.5400390625,5003.5400390625,5167.43994140625,4999.580078125,5155.3701171875,0,-2.5902361047843825
20250225,4888.8798828125,4888.8798828125,5009.18994140625,4876.41015625,4993.5498046875,0,-2.2915806679840944
20250226,4990.81982421875,4990.81982421875,5032.64013671875,4935.330078125,4959.97021484375,0,2.0851390062708086
20250227,4686.75,4686.75,5041.14990234375,4684.77978515625,5032.8798828125,0,-6.092582680368519
20250228,4766.75,4766.75,4795.89013671875,4634.9501953125,4684.22021484375,0,1.7069397770310024
20250303,4575.3701171875,4575.3701171875,4827.56982421875,4533.759765625,4817.669921875,0,-4.014892386059687
20250304,4604.509765625,4604.509765625,4726.83984375,4469.68994140625,4564.75,0,0.6368806826804185
20250305,4700.7900390625,4700.7900390625,4714.52978515625,4565.89013671875,4646.81982421875,0,2.090999440511143
20250306,4487.85009765625,4487.85009765625,4623.0,4474.85986328125,4519.10986328125,0,-4.529875608924616
20250307,4629.58984375,4629.58984375,4642.56982421875,4455.759765625,4533.35986328125,0,3.158299475460935
20250310,4405.08984375,4405.08984375,4548.72998046875,4343.25,4508.64013671875,0,-4.849241673170623
20250311,4374.06982421875,4374.06982421875,4470.330078125,4300.490234375,4418.1298828125,0,-0.704185853899475
20250312,4481.02001953125,4481.02001953125,4537.14013671875,4436.72021484375,4488.06005859375,0,2.445095748593862
20250313,4453.240234375,4453.240234375,4548.5400390625,4413.68017578125,4485.830078125,0,-0.6199433395782106
20250314,4598.7900390625,4598.7900390625,4608.68994140625,4534.7099609375,4542.7099609375,0,3.2684022650291134
20250317,4663.97021484375,4663.97021484375,4703.77001953125,4587.0498046875,4587.10986328125,0,1.417333151276834
20250318,4589.02978515625,4589.02978515625,4628.64990234375,4562.0400390625,4618.0400390625,0,-1.6067947743103383
20250319,4634.52978515625,4634.52978515625,4709.3798828125,4558.58984375,4598.919921875,0,0.9914949810780227
20250320,4601.3701171875,4601.3701171875,4648.4599609375,4575.4501953125,4579.06005859375,0,-0.7154915278558716
20250321,4557.9501953125,4557.9501953125,4570.41015625,4484.47998046875,4514.39990234375,0,-0.9436302833543797
20250324,4694.22021484375,4694.22021484375,4722.47998046875,4657.330078125,4662.89990234375,0,2.989721556663638
20250325,4661.33984375,4661.33984375,4693.2001953125,4648.7998046875,4679.8798828125,0,-0.7004437284339082
20250326,4508.740234375,4508.740234375,4649.5400390625,4467.7099609375,4639.919921875,0,-3.273728466282244
20250327,4415.25,4415.25,4476.3701171875,4394.7998046875,4452.52001953125,0,-2.073533393257454
20250328,4284.91015625,4284.91015625,4411.66015625,4259.93017578125,4387.83984375,0,-2.9520376818979677
20250331,4270.43017578125,4270.43017578125,4277.18994140625,4129.60986328125,4193.5,0,-0.33792961674189437
20250401,4282.4599609375,4282.4599609375,4285.9599609375,4179.4501953125,4253.5498046875,0,0.28169961013468914
20250402,4320.75,4320.75,4374.509765625,4206.66015625,4216.240234375,0,0.8941131828846816
20250403,3893.68994140625,3893.68994140625,4131.81982421875,3889.6201171875,4115.1298828125,0,-9.88393354380026
20250404,3597.659912109375,3597.659912109375,3778.780029296875,3529.60009765625,3760.14990234375,0,-7.602814650155743
20250407,3694.949951171875,3694.949951171875,3896.070068359375,3388.6201171875,3460.449951171875,0,2.704258919388991
20250408,3562.93994140625,3562.93994140625,3902.530029296875,3484.27001953125,3863.699951171875,0,-3.5727144213078543
20250409,4230.4501953125,4230.4501953125,4265.02001953125,3572.47998046875,3609.169921875,0,18.73481632819192
20250410,3893.300048828125,3893.300048828125,4036.8701171875,3757.52001953125,4020.1298828125,0,-7.969604437323252
20250411,3990.89990234375,3990.89990234375,4000.3798828125,3822.280029296875,3881.22998046875,0,2.5068669840898172
20250414,4003.219970703125,4003.219970703125,4098.43994140625,3944.89990234375,4094.639892578125,0,0.308704018162409
20250415,4021.889892578125,4021.889892578125,4074.93994140625,4000.929931640625,4019.780029296875,0,0.46637262033144555
20250416,3857.169921875,3857.169921875,3905.860107421875,3733.989990234375,3836.89990234375,0,-4.09558628164074
20250417,3832.469970703125,3832.469970703125,3887.989990234375,3796.530029296875,3886.840087890625,0,-0.640364611156885
20250421,3751.909912109375,3751.909912109375,3765.080078125,3681.14990234375,3761.860107421875,0,-2.102040177994402
20250422,3832.050048828125,3832.050048828125,3858.35009765625,3776.969970703125,3787.52001953125,0,2.135982435508277
20250423,3983.919921875,3983.919921875,4070.8701171875,3963.820068359375,4035.010009765625,0,3.9631495181885246
20250424,4208.18994140625,4208.18994140625,4212.39013671875,4054.669921875,4071.3798828125,0,5.629380708678977
20250425,4251.60986328125,4251.60986328125,4279.56005859375,4152.740234375,4167.10986328125,0,1.0317956765157454
20250428,4235.6201171875,4235.6201171875,4264.60009765625,4144.60009765625,4227.330078125,0,-0.3760868613991275
20250429,4196.75,4196.75,4241.3798828125,4172.7998046875,4184.47021484375,0,-0.9176960188136518
20250430,4230.08984375,4230.08984375,4238.02978515625,4066.800048828125,4085.239990234375,0,0.7944205337463428
20250501,4247.66015625,4247.66015625,4332.06005859375,4243.080078125,4288.02001953125,0,0.415364995756784
20250502,4397.0498046875,4397.0498046875,4430.9501953125,4352.58984375,4363.4501953125,0,3.5169868337439514
20250505,4356.18017578125,4356.18017578125,4399.56005859375,4348.72998046875,4351.35986328125,0,-0.9294784167029557
20250506,4311.2001953125,4311.2001953125,4346.31005859375,4252.669921875,4281.06982421875,0,-1.0325555567885392
20250507,4386.35986328125,4386.35986328125,4400.240234375,4268.93017578125,4304.35009765625,0,1.7433583355852988
20250508,4430.43994140625,4430.43994140625,4494.8701171875,4392.9599609375,4444.169921875,0,1.0049352880049822
20250509,4466.5,4466.5,4515.759765625,4433.259765625,4509.31982421875,0,0.813915978337465
20250512,4780.93017578125,4780.93017578125,4807.0,4708.14990234375,4769.75,0,7.039744224364708
20250513,4931.35009765625,4931.35009765625,4952.89990234375,4798.0400390625,4799.56005859375,0,3.146248038446209
20250514,4960.72998046875,4960.72998046875,4996.10009765625,4918.8701171875,4968.9501953125,0,0.5957776720509678
20250515,4932.4501953125,4932.4501953125,4968.7001953125,4873.5400390625,4909.68994140625,0,-0.5700730591584824
20250516,4922.18994140625,4922.18994140625,4927.81982421875,4868.75,4927.68017578125,0,-0.20801535747894118
20250519,4897.7099609375,4897.7099609375,4907.47021484375,4810.4599609375,4812.77978515625,0,-0.4973392079574257
20250520,4890.77978515625,4890.77978515625,4892.64990234375,4841.830078125,4854.7998046875,0,-0.14149828872110914
20250521,4802.7099609375,4802.7099609375,4949.27001953125,4775.14990234375,4857.06982421875,0,-1.8007317460100314
20250522,4775.47021484375,4775.47021484375,4846.81982421875,4772.5400390625,4798.68017578125,0,-0.5671744976336823
20250523,4702.3798828125,4702.3798828125,4728.3798828125,4647.31982421875,4659.72021484375,0,-1.530536863240417
20250527,4861.08984375,4861.08984375,4878.77001953125,4767.77978515625,4795.0400390625,0,3.375098671155752
20250528,4834.419921875,4834.419921875,4889.169921875,4825.68994140625,4868.56005859375,0,-0.5486407931606152
20250529,4860.47998046875,4860.47998046875,4956.240234375,4832.35009765625,4956.240234375,0,0.5390524409315756
20250530,4758.06005859375,4758.06005859375,4828.25,4673.41015625,4828.25,0,-2.107197690075091
20250602,4832.7900390625,4832.7900390625,4848.2900390625,4759.02001953125,4762.64990234375,0,1.570597671077656
20250603,4964.41015625,4964.41015625,4970.39990234375,4815.27978515625,4836.259765625,0,2.7234809731778276
20250604,5033.35009765625,5033.35009765625,5049.56005859375,4959.5498046875,5004.330078125,0,1.3886834334076337
20250605,5010.919921875,5010.919921875,5112.16015625,4980.18994140625,5079.39990234375,0,-0.445631147169645
20250606,5038.06005859375,5038.06005859375,5101.5498046875,5034.77978515625,5066.18017578125,0,0.5416198450961307
20250609,5136.66015625,5136.66015625,5185.89990234375,5083.27978515625,5083.75,0,1.957104451108349
20250610,5242.5,5242.5,5253.009765625,5149.830078125,5169.2001953125,0,2.060479777335855
20250611,5232.52978515625,5232.52978515625,5302.64013671875,5186.85009765625,5270.02001953125,0,-0.19018054065331746
20250612,5249.14990234375,5249.14990234375,5269.5,5200.91015625,5201.2099609375,0,0.31763062743852544
20250613,5112.240234375,5112.240234375,5193.85986328125,5101.02978515625,5140.89990234375,0,-2.60822553205462
20250616,5267.2998046875,5267.2998046875,5293.169921875,5178.35009765625,5178.41015625,0,3.0331041422871907
20250617,5223.64990234375,5223.64990234375,5311.759765625,5222.3798828125,5243.39013671875,0,-0.8286959915382974
20250618,5251.02001953125,5251.02001953125,5305.240234375,5219.6298828125,5248.27001953125,0,0.5239653824277157
20250620,5211.47998046875,5211.47998046875,5304.580078125,5143.64990234375,5296.14013671875,0,-0.7529973017705194
20250623,5244.2998046875,5244.2998046875,5267.419921875,5140.3798828125,5209.27001953125,0,0.6297601514684947
20250624,5441.8701171875,5441.8701171875,5444.39013671875,5335.27001953125,5335.27001953125,0,3.76733443658972
20250625,5493.2998046875,5493.2998046875,5494.77978515625,5443.39990234375,5461.14990234375,0,0.9450737778096796
20250626,5541.4599609375,5541.4599609375,5553.2900390625,5495.22021484375,5530.4599609375,0,0.8767072244792562
20250627,5544.990234375,5544.990234375,5588.52001953125,5488.68017578125,5549.4599609375,0,0.06370655860341579
20250630,5546.5400390625,5546.5400390625,5571.39013671875,5520.27978515625,5564.169921875,0,0.027949637817070716
